,country,year,CDA,CHA,FGA,NDA,BCA
0,Albania,2021,40.369045229563326,81.342513700823,90.06800930282951,90.06800930282951,94.49345696476402
1,Albania,2022,39.10745688174219,84.2649350487021,91.17307547953125,91.17307547953125,86.99928079969678
2,Albania,2023,37.75221105234138,87.0668005412098,92.38717903419159,92.38717903419159,79.6452521047388
3,Albania,2024,36.57541892321271,89.3402341812099,93.45193702180686,93.45193702180686,73.42390719235505
4,Albania,2025,35.735076689883584,90.96921300509672,94.30096669869017,94.30096669869017,68.6409796625222
5,Albania,2026,35.280962890462455,92.00327878600638,94.98646025142777,94.98646025142777,65.23258504298605
6,Albania,2027,35.178317133772445,92.5666254188802,95.58403477288955,95.58403477288955,62.969138688512366
7,Algeria,2021,37.51937280129889,98.74889863771389,89.96069091473768,89.96069091473768,59.829178382798844
8,Algeria,2022,38.7354599976731,97.46651818860572,88.94585860110689,88.94585860110689,57.75837026451987
9,Algeria,2023,40.0716314139152,96.43322789516,87.87699998666861,87.87699998666861,55.022046222714266
10,Algeria,2024,41.31319665573644,95.91136990973325,86.97891698260526,86.97891698260526,51.93534461649247
11,Algeria,2025,42.34399477182272,95.8639818319389,86.39017913767555,86.39017913767555,48.822514827630314
12,Algeria,2026,43.10257259298327,96.13840329941118,86.15722954199856,86.15722954199856,45.9850169301952
13,Algeria,2027,43.58043345509332,96.53423308037472,86.2457487806656,86.2457487806656,43.674302778462675
14,Angola,2021,27.87761656519489,98.21267033533343,89.05300726454682,89.05300726454682,7.41958919340614
15,Angola,2022,25.324586167382932,96.30566363133644,88.45465667521925,88.45465667521925,7.854429855076002
16,Angola,2023,23.375266113519743,94.65861549039298,87.54905585566034,87.54905585566034,8.393717448629047
17,Angola,2024,21.945291095960783,93.55528987737051,86.39587014814053,86.39587014814053,8.984224241087512
18,Angola,2025,20.87483915510157,92.99180889225535,85.0646529737388,85.0646529737388,9.588101054292506
19,Angola,2026,20.062779507016835,92.85142808878493,83.62299347884719,83.62299347884719,10.174673688162851
20,Angola,2027,19.445372396557588,92.97225996005446,82.13126242980876,82.13126242980876,10.721626036091175
21,Antigua and Barbuda,2021,47.63100765101913,98.32690609215395,90.1711018305319,90.1711018305319,-0.18022122331033108
22,Antigua and Barbuda,2022,46.54181521427614,96.03413149900267,90.81473441152691,90.81473441152691,-0.375484195958301
23,Antigua and Barbuda,2023,45.179371919430224,93.4317469431425,91.61599927105787,91.61599927105787,-0.6059355712184354
24,Antigua and Barbuda,2024,43.70620410294586,90.88663510641798,92.4005086225386,92.4005086225386,-0.8333983285846193
25,Antigua and Barbuda,2025,42.24255466392371,88.62419802876123,93.06037953163185,93.06037953163185,-1.057748487179499
26,Antigua and Barbuda,2026,40.89454556911296,86.78279170608106,93.5671076581766,93.5671076581766,-1.270077587573788
27,Antigua and Barbuda,2027,39.74021422932732,85.41754918793588,93.94631607872273,93.94631607872273,-1.4697639909356608
28,Argentina,2021,47.07437174492552,88.16350618791782,90.47369033810571,90.47369033810571,88.19437999506384
29,Argentina,2022,45.20350045731394,88.30333713521834,90.20199472314752,90.20199472314752,85.33883383900324
30,Argentina,2023,43.15539462000175,88.44916398683077,89.96089599832234,89.96089599832234,82.27276014147591
31,Argentina,2024,41.42166761739687,88.56667386612085,89.76414637007298,89.76414637007298,79.58099833522604
32,Argentina,2025,40.346067390287715,88.63783833382111,89.60485562914522,89.60485562914522,77.59936919312082
33,Argentina,2026,40.069656333526595,88.65680615816916,89.47492674272314,89.47492674272314,76.4750995809583
34,Argentina,2027,40.53045467630372,88.63006668095292,89.3684140155421,89.3684140155421,76.17663069458726
35,Armenia,2021,38.68492487114344,55.99677815396727,89.6944740740439,89.6944740740439,57.83651851825134
36,Armenia,2022,38.11322149610724,57.78447161578214,90.11538531477449,90.11538531477449,58.23334308222611
37,Armenia,2023,37.65783334302762,59.733491450071625,90.60234355201708,90.60234355201708,58.76276871551232
38,Armenia,2024,37.282824636373604,61.550859349447684,91.09101056066388,91.09101056066388,59.3607570127548
39,Armenia,2025,36.9683467648761,63.058537443413535,91.55056983372677,91.55056983372677,59.974232193133716
40,Armenia,2026,36.7046563368058,64.17318753564561,91.96972262836499,91.96972262836499,60.563755683046956
41,Armenia,2027,36.483854022588844,64.88634296408372,92.34664516477905,92.34664516477905,61.10262888726088
42,Australia,2021,65.95512647019152,83.55284013606791,90.7698655906557,90.7698655906557,57.69473256133477
43,Australia,2022,64.695975146987,81.84469469667793,90.55128375369098,90.55128375369098,58.826219998879104
44,Australia,2023,63.028297425506324,80.29100164432103,90.2747953501941,90.2747953501941,60.09185420239179
45,Australia,2024,61.082006526423555,79.85166776911679,89.98436464383545,89.98436464383545,61.34798378417959
46,Australia,2025,58.98205235408114,80.03310338156624,89.71551031698824,89.71551031698824,62.5099601359726
47,Australia,2026,56.844731859958614,80.75047064226564,89.49261697081043,89.49261697081043,63.53388893894581
48,Australia,2027,54.773264031526,81.48921095072771,89.32883708842114,89.32883708842114,64.40331331057291
49,Austria,2021,62.3256824640009,100.0,87.00534407688073,87.00534407688073,98.03204543887293
50,Austria,2022,61.62090176568953,100.0,85.62461207516085,85.62461207516085,94.47200395208426
51,Austria,2023,60.763200233172306,100.0,84.0488116291816,84.0488116291816,90.25757856590064
52,Austria,2024,59.86766831987219,100.0,82.56232853190417,82.56232853190417,86.30589990793337
53,Austria,2025,59.01411316062692,100.0,81.35638846973458,81.35638846973458,83.28317002405075
54,Austria,2026,58.268096675393785,100.0,80.52720852520454,80.52720852520454,81.52601421534402
55,Austria,2027,57.67194334825323,100.0,80.0888625064068,80.0888625064068,81.0549444126371
56,Azerbaijan,2021,44.63784710386217,41.5271463468792,87.93790256914195,87.93790256914195,38.20532634095221
57,Azerbaijan,2022,47.68406715456562,38.81059180862633,86.46810552970214,86.46810552970214,39.28312647190678
58,Azerbaijan,2023,50.41751584765954,36.197069656145636,84.85197925688558,84.85197925688558,40.431441681055105
59,Azerbaijan,2024,52.34020620031021,33.91730517051124,83.38515087093205,83.38515087093205,41.52355689468281
60,Azerbaijan,2025,53.40913318450928,32.02444562476325,82.24219242786808,82.24219242786808,42.49797737348584
61,Azerbaijan,2026,53.81197397147293,30.497315863894492,81.48989353568214,81.48989353568214,43.33204679226537
62,Azerbaijan,2027,53.80050246882106,29.28681597496859,81.11298042536075,81.11298042536075,44.025267749676885
63,Bahrain,2021,68.11500217597217,25.886767032461925,95.69604843085246,95.69604843085246,98.0765006818525
64,Bahrain,2022,59.71689420576137,24.032693103763044,95.6665713879696,95.6665713879696,94.80470032303025
65,Bahrain,2023,49.74541941485799,22.179734573970947,95.62909829351781,95.62909829351781,91.27307759059765
66,Bahrain,2024,40.09346547549433,20.65154794851523,95.59064937858363,95.59064937858363,88.14468141805192
67,Bahrain,2025,32.28833844417519,19.557451187187993,95.55678051768027,95.55678051768027,85.57008708027527
68,Bahrain,2026,27.301736601150026,18.876315396878887,95.53086018890097,95.53086018890097,83.43279953980122
69,Bahrain,2027,25.482754466375837,18.524429391496096,95.51411587029877,95.51411587029877,81.57550486613957
70,Belarus,2021,57.66886084857181,55.09832979141534,89.83552490311781,89.83552490311781,16.576776564579845
71,Belarus,2022,57.63647084919302,55.5865741005087,90.34119219015427,90.34119219015427,18.03814193145506
72,Belarus,2023,57.59932463096568,56.197051983489004,91.0443038249034,91.0443038249034,19.908465402526765
73,Belarus,2024,57.56544096946395,56.87085736611854,91.84334426580783,91.84334426580783,22.020750816407194
74,Belarus,2025,57.539659592834596,57.56040937198988,92.65097151998732,92.65097151998732,24.230642663406172
75,Belarus,2026,57.52364612280665,58.22727422316075,93.41104092909859,93.41104092909859,26.414052015056285
76,Belarus,2027,57.51667891919496,58.842511232568924,94.09825926897989,94.09825926897989,28.470395408992644
77,Belgium,2021,58.520853465436126,98.86354420690564,93.69578744986183,93.69578744986183,99.19305488393545
78,Belgium,2022,59.08735207100208,97.31273230035397,93.81300124042752,93.81300124042752,98.75342008576182
79,Belgium,2023,59.70741872422079,95.7380852876802,93.97407971767349,93.97407971767349,98.37716690198639
80,Belgium,2024,60.21602982608104,94.42105896787984,94.16047323182815,94.16047323182815,98.40183499249932
81,Belgium,2025,60.64568650208805,93.50073255848491,94.3568214925306,94.3568214925306,98.51722512822019
82,Belgium,2026,60.97178959787684,93.00091470339669,94.55223557459148,94.55223557459148,98.72608707325261
83,Belgium,2027,61.217403370869846,92.86486156106699,94.73982212347926,94.73982212347926,98.85013259792764
84,Bolivia,2021,30.247217848676097,48.75012893619641,91.38045714073276,91.38045714073276,2.535760778377841
85,Bolivia,2022,31.025552909723952,48.990386338597425,91.53437571611228,91.53437571611228,2.303315190226856
86,Bolivia,2023,31.853407831861052,49.26686898316981,91.68538524102259,91.68538524102259,2.0450817596095945
87,Bolivia,2024,32.53325131252298,49.5402077986346,91.80143804501834,91.80143804501834,1.7908523573448583
88,Bolivia,2025,33.00642358127186,49.79268922109083,91.88327206458743,91.88327206458743,1.5533716944670677
89,Bolivia,2026,33.24221781652588,50.0111982105189,91.94501868657369,91.94501868657369,1.3369088951595356
90,Bolivia,2027,33.26832960464796,50.19039518276594,91.9982736237819,91.9982736237819,1.1419197764832378
91,Bosnia and Herzegovina,2021,54.16634805721213,69.8830550807896,91.04901843899776,91.04901843899776,73.25865149379062
92,Bosnia and Herzegovina,2022,56.0027827811885,70.50960093957696,92.02740029152056,92.02740029152056,68.80550962344391
93,Bosnia and Herzegovina,2023,57.93205894373235,71.21382920406634,93.13494130065087,93.13494130065087,63.57272448606952
94,Bosnia and Herzegovina,2024,59.833476246912866,71.92802260367162,93.98694653269749,93.98694653269749,58.61587292754899
95,Bosnia and Herzegovina,2025,61.69955415415578,72.6240285559584,94.47832448495966,94.47832448495966,54.514501941557455
96,Bosnia and Herzegovina,2026,63.53913204422385,73.29136305323635,94.80414307607225,94.80414307607225,51.42450847315156
97,Bosnia and Herzegovina,2027,65.35692459945915,73.92689112782301,95.24644897853545,95.24644897853545,49.242933983494865
98,Brazil,2021,41.134279662611966,65.42072298431125,96.32823335585343,96.32823335585343,53.83001128392166
99,Brazil,2022,40.68162728787883,63.888232931866696,95.99587033693447,95.99587033693447,53.76482168352927
100,Brazil,2023,40.16642620912275,61.88048437362548,95.58027913171783,95.58027913171783,53.68482039891724
101,Brazil,2024,39.68620860553694,59.77405878454597,95.15119101587493,95.15119101587493,53.60034658398624
102,Brazil,2025,39.30361081643411,57.9114477780267,94.76707711249857,94.76707711249857,53.51924415336267
103,Brazil,2026,39.04700907430983,56.538306936363014,94.46917871082975,94.46917871082975,53.44692552907884
104,Brazil,2027,38.91669969958307,55.777655058172705,94.27941970136315,94.27941970136315,53.3866195901754
105,Brunei Darussalam,2021,43.21405969547739,74.30478618517726,89.30198133701049,89.30198133701049,35.41167882358186
106,Brunei Darussalam,2022,42.140948699737564,73.0911190405051,89.11507002165374,89.11507002165374,35.93727577625227
107,Brunei Darussalam,2023,40.99208668768396,71.99890718037722,88.88880809077989,88.88880809077989,36.4515536049269
108,Brunei Darussalam,2024,39.91605778706602,71.08473215762525,88.64437965643232,88.64437965643232,36.835333165331114
109,Brunei Darussalam,2025,38.99052266083301,70.32157552684961,88.39669680600437,88.39669680600437,37.05980954570362
110,Brunei Darussalam,2026,38.244764959094326,69.68838629531139,88.1563794791922,88.1563794791922,37.15264556199733
111,Brunei Darussalam,2027,37.677387775133056,69.1633573905738,87.93053581460478,87.93053581460478,37.16185901976023
112,Bulgaria,2021,62.342316001734744,100.0,82.36855971522145,82.36855971522145,96.53169509160922
113,Bulgaria,2022,64.70562830700356,100.0,82.71049254398012,82.71049254398012,92.09252548630693
114,Bulgaria,2023,67.16300041447128,100.0,83.1511546508264,83.1511546508264,87.07167251551917
115,Bulgaria,2024,69.01077225205063,100.0,83.61403119238724,83.61403119238724,82.41612331557518
116,Bulgaria,2025,70.08202210707853,100.0,84.04828814977071,84.04828814977071,78.59786016591124
117,Bulgaria,2026,70.30737886801144,100.0,84.43256387588016,84.43256387588016,75.93674639590631
118,Bulgaria,2027,69.85531634241318,100.0,84.76624535876913,84.76624535876913,74.49973072162778
119,Cameroon,2021,49.28756986389517,100.18257608536234,99.83156823687591,99.83156823687591,76.98865902933318
120,Cameroon,2022,47.84377994194705,100.43660168985346,99.6273079781262,99.6273079781262,76.469898407709
121,Cameroon,2023,46.321901528917365,100.6419469062223,99.49278036527147,99.49278036527147,75.87861765183087
122,Cameroon,2024,45.094920873422495,100.77182216822338,99.45045728366367,99.45045728366367,75.30312225613383
123,Cameroon,2025,44.26606778782762,100.8558298587745,99.4695969243549,99.4695969243549,74.79302824913343
124,Cameroon,2026,43.884961201706204,100.9238463653005,99.50811937443302,99.50811937443302,74.37009729434807
125,Cameroon,2027,43.889703640647156,100.98606073894419,99.53784445469924,99.53784445469924,74.03803919451306
126,Canada,2021,59.98487123238829,85.44527232628803,91.53104593180869,91.53104593180869,75.60512341069642
127,Canada,2022,60.12848896192201,86.69988462014052,91.41278894248555,91.41278894248555,71.27717427499975
128,Canada,2023,60.28004150214917,87.64397302407646,91.2811241451886,91.2811241451886,66.28000838087462
129,Canada,2024,60.42803788569606,88.24199713860972,91.15579183550403,91.15579183550403,61.579746413999814
130,Canada,2025,60.5680367306719,88.60026312952063,91.0477290129139,91.0477290129139,57.869000675607154
131,Canada,2026,60.69861465445842,88.81646666225873,90.96316602386302,90.96316602386302,55.51734509944706
132,Canada,2027,60.819620113991725,88.95065196401906,90.90376610451754,90.90376610451754,54.58710196368514
133,Chile,2021,43.054540707496,78.85453226241243,77.50517610983728,77.50517610983728,21.351421384924343
134,Chile,2022,42.31158580244225,77.52584301976337,76.83945020472042,76.83945020472042,23.72175976244815
135,Chile,2023,41.42271970440432,76.07594092405559,75.97901537756161,75.97901537756161,26.739970362803035
136,Chile,2024,40.540379444685975,74.70351825445624,75.03833840485953,75.03833840485953,30.009014905338034
137,Chile,2025,39.76629438749884,73.52317134979545,74.11891483723187,74.11891483723187,33.180827421727315
138,Chile,2026,39.153645230819855,72.58964517634368,73.30169375006838,73.30169375006838,35.97998610358663
139,Chile,2027,38.71726118917736,71.91236167722556,72.64330856950505,72.64330856950505,38.21591526886317
140,China,2021,37.35924360113601,39.35778150735156,88.44588272898247,88.44588272898247,37.754201466549496
141,China,2022,34.77178860859983,39.42564807636151,87.79796323880383,87.79796323880383,37.29146598748611
142,China,2023,31.367235632019653,39.51660445283757,86.9926118249012,86.9926118249012,36.70021154710679
143,China,2024,27.64271102451188,39.61264589252697,86.13889523908718,86.13889523908718,36.0840927934405
144,China,2025,24.068433943665024,39.69871694352673,85.28646589943398,85.28646589943398,35.52807801049235
145,China,2026,21.032220596370124,39.76648635882559,84.4874649836606,84.4874649836606,35.08839243737331
146,China,2027,18.805717987509667,39.814451029902784,83.77358586540034,83.77358586540034,34.791526381113876
147,Colombia,2021,39.590127467200816,87.66795664662686,80.17284193267322,80.17284193267322,26.309733288919332
148,Colombia,2022,40.3180304215322,83.99394845628154,78.87025561931269,78.87025561931269,27.049140861203966
149,Colombia,2023,41.206751785646865,79.60983433557683,77.35106534665756,77.35106534665756,27.97983217290516
150,Colombia,2024,42.16177223290059,75.35321753940806,75.84057917426729,75.84057917426729,29.02069114563416
151,Colombia,2025,43.10986880329436,71.7948067774606,74.51082546677667,74.51082546677667,30.113931101192165
152,Colombia,2026,43.99561998768063,69.39610439775633,73.4742387023637,73.4742387023637,31.211919393404095
153,Colombia,2027,44.78086469255263,68.37843725689567,72.78401152184728,72.78401152184728,32.278525438919885
154,Comoros,2021,34.98069756875875,25.119833512260843,88.83173546747867,88.83173546747867,53.20255509589957
155,Comoros,2022,34.632894481699424,25.303984183041727,87.91931961446687,87.91931961446687,52.81070522994685
156,Comoros,2023,34.318291883660734,25.525886040355708,86.98974338260848,86.98974338260848,52.383401907867785
157,Comoros,2024,34.08791449410741,25.74874504533636,86.15197683901889,86.15197683901889,52.016348829392335
158,Comoros,2025,33.94938033557399,25.968315911614724,85.43412258004392,85.43412258004392,51.777754576353864
159,Comoros,2026,33.889167901553805,26.173761329030793,84.83195176908714,84.83195176908714,51.69991653802654
160,Comoros,2027,33.883984721455384,26.36246924291468,84.33123923098707,84.33123923098707,51.77703022398369
161,Costa Rica,2021,43.10550797338749,63.870809077032774,89.90284669110251,89.90284669110251,81.49525593844956
162,Costa Rica,2022,42.81760647111787,64.7507173654026,90.5103295053341,90.5103295053341,74.88638929070987
163,Costa Rica,2023,42.539802436319384,65.84606442354644,91.24027829215815,91.24027829215815,67.11091622250102
164,Costa Rica,2024,42.30450053962532,67.03340711148431,91.96285551901087,91.96285551901087,59.5033467103363
165,Costa Rica,2025,42.119246207246945,68.2175011086859,92.61013336088892,92.61013336088892,52.763479330278216
166,Costa Rica,2026,41.98024832713209,69.32927751047072,93.1642884516183,93.1642884516183,47.46039703066208
167,Costa Rica,2027,41.87955400052931,70.32278386863248,93.63414312052102,93.63414312052102,43.840636080961985
168,Croatia,2021,59.40610602568289,91.3724787988355,93.53783084551532,93.53783084551532,78.50277896206664
169,Croatia,2022,59.454137792237105,88.10907067790048,93.72213632741034,93.72213632741034,74.53675418593774
170,Croatia,2023,59.51089451783005,83.96564329202776,93.93067460472868,93.93067460472868,69.67229809696481
171,Croatia,2024,59.56633687361101,79.51747721946153,94.13261476880925,94.13261476880925,64.72765815918372
172,Croatia,2025,59.615938059159035,75.24660705264324,94.31076872857942,94.31076872857942,60.317501431266535
173,Croatia,2026,59.65915418220899,71.51374287693812,94.45768745336255,94.45768745336255,56.8228110810038
174,Croatia,2027,59.697162202822696,68.55056789077264,94.57223874801093,94.57223874801093,54.40778635129904
175,Cuba,2021,49.01794173582957,90.70756633417001,89.93183652007502,89.93183652007502,99.4636324254902
176,Cuba,2022,49.035032589263565,87.93877690152496,90.61291583123642,90.61291583123642,99.345574655686
177,Cuba,2023,49.05669531157167,84.88729115271062,91.39333783680667,91.39333783680667,99.37732649700989
178,Cuba,2024,49.07905560078835,82.45305152224071,92.15342913444422,92.15342913444422,99.41474500564328
179,Cuba,2025,49.101425808728294,80.94525510950139,92.8447974529274,92.8447974529274,99.42346373262195
180,Cuba,2026,49.122199435782534,80.58462410232606,93.4603808899598,93.4603808899598,99.42030580391895
181,Cuba,2027,49.14077519994429,81.25210170275874,94.00877336456742,94.00877336456742,99.41743590231825
182,Cyprus,2021,59.55945209884035,56.63583642352839,95.01549961658615,95.01549961658615,100.08363552508052
183,Cyprus,2022,59.940967791747255,56.82488412280486,95.85892615421348,95.85892615421348,100.23529581991488
184,Cyprus,2023,60.35017162069107,57.05500989569734,96.96762447877664,96.96762447877664,100.42287485736506
185,Cyprus,2024,60.724238261707185,57.301256163651416,98.0973213013149,98.0973213013149,100.62034614867602
186,Cyprus,2025,61.0538175147869,57.5445735381998,99.06204728447226,99.06204728447226,100.81111597114244
187,Cyprus,2026,61.3506945636399,57.77054463467297,99.78575070776414,99.78575070776414,100.98620920950216
188,Cyprus,2027,61.6265369928431,57.96934463465317,100.29101646643865,100.29101646643865,101.14175861513337
189,Czech Republic,2021,73.1775747480587,84.61716255376605,83.54785868488207,83.54785868488207,94.46273069991423
190,Czech Republic,2022,72.2657514807639,84.52049521725424,83.59811395063753,83.59811395063753,90.10595562938684
191,Czech Republic,2023,71.3637905597805,84.43046366252005,83.66541312574509,83.66541312574509,84.70554230216575
192,Czech Republic,2024,70.61101428400238,84.34779688593484,83.73732291192218,83.73732291192218,79.05516424143586
193,Czech Republic,2025,70.06361186250285,84.26980973185587,83.8037976824738,83.8037976824738,73.88066121723045
194,Czech Republic,2026,69.72173110114102,84.19549023927078,83.85935534665137,83.85935534665137,69.75958637945041
195,Czech Republic,2027,69.55293983266827,84.12468437229005,83.90282632359543,83.90282632359543,67.06849184418186
196,Denmark,2021,99.88781124185947,100.18457762578456,99.67014035982749,99.67014035982749,97.94793818392378
197,Denmark,2022,99.78810411015762,100.29706962608535,99.14622188041915,99.14622188041915,95.10591339729669
198,Denmark,2023,99.7034027620971,100.39077790270282,98.41095667945703,98.41095667945703,92.23321601602112
199,Denmark,2024,99.62692018472788,100.48558861744135,97.5031660553731,97.5031660553731,89.9190016713712
200,Denmark,2025,99.55773955954233,100.56977455233043,96.44588064512486,96.44588064512486,88.46791687368261
201,Denmark,2026,99.49538812596555,100.64535862954631,95.26984255914373,95.26984255914373,87.92568593920305
202,Denmark,2027,99.4391944396054,100.71438621244704,94.00462125314681,94.00462125314681,88.14275631443039
203,Ecuador,2021,44.42239353005435,95.55847342034959,90.01076787354855,90.01076787354855,35.577123916628544
204,Ecuador,2022,43.21540152490686,93.09459136294045,90.61673085620579,90.61673085620579,36.89382499341498
205,Ecuador,2023,42.413119931073666,90.13911723557287,91.38328410836739,91.38328410836739,38.51020104770869
206,Ecuador,2024,41.7705051189696,87.22926427162399,92.1370096382813,92.1370096382813,40.26535123455471
207,Ecuador,2025,41.19806584086336,84.65612891811885,92.76275922096927,92.76275922096927,42.034794144203666
208,Ecuador,2026,40.70970753919806,82.67938384842749,93.22646657962905,93.22646657962905,43.72580737874331
209,Ecuador,2027,40.304363697501536,81.42230364935652,93.5551197811331,93.5551197811331,45.273920314892685
210,Egypt,2021,52.20888526549538,54.98619944864894,93.09539289259263,93.09539289259263,18.696971394091015
211,Egypt,2022,51.2794146453181,55.05388448922894,93.08938218737,93.08938218737,19.58212980961875
212,Egypt,2023,50.15965059414565,55.13142878226131,93.08217802810603,93.08217802810603,20.632763865228036
213,Egypt,2024,48.97580352413055,55.202600816298975,93.07508697334916,93.07508697334916,21.61139000479806
214,Egypt,2025,47.794617131945344,55.255093047667714,93.06885797210717,93.06885797210717,22.413276860056165
215,Egypt,2026,46.66999793830632,55.28217667727264,93.06414143787208,93.06414143787208,22.936569757160342
216,Egypt,2027,45.6348955598725,55.283029280447714,93.06125236582795,93.06125236582795,23.151985627841064
217,El Salvador,2021,40.903033131355144,98.82826952899623,89.4378474143195,89.4378474143195,100.85897934643505
218,El Salvador,2022,41.56401939673451,97.08336168719114,89.65081112234226,89.65081112234226,102.11464373030365
219,El Salvador,2023,42.267830889157864,95.33929870962467,89.87902366736483,89.87902366736483,103.21914493729734
220,El Salvador,2024,42.92772129681913,93.86354764585099,90.10121992091817,90.10121992091817,104.05072571408246
221,El Salvador,2025,43.499186252721444,92.71292865217148,90.30819824253756,90.30819824253756,104.74391487348149
222,El Salvador,2026,43.96524322714353,91.85094780604004,90.49668772412642,90.49668772412642,105.41680365609047
223,El Salvador,2027,44.32634477551381,91.21627185879372,90.66626255622226,90.66626255622226,106.0870368273779
224,Estonia,2021,47.19802311453291,98.57291943735086,90.32309695641378,90.32309695641378,49.79663266490517
225,Estonia,2022,46.831029301044886,96.6239150226452,90.20171702994456,90.20171702994456,48.17924247958688
226,Estonia,2023,46.49143146263463,94.48100044829283,90.03418394215417,90.03418394215417,46.55954093178297
227,Estonia,2024,46.20108873828824,92.57995519328443,89.83095847970876,89.83095847970876,45.20833861117765
228,Estonia,2025,45.947245112823886,91.1956524660788,89.60147265319985,89.60147265319985,44.19675924450002
229,Estonia,2026,45.71875438887529,90.4721975079127,89.3541051569531,89.3541051569531,43.493763721224305
230,Estonia,2027,45.51114928075878,90.40967624573736,89.09619968092368,89.09619968092368,43.032270913312026
231,Ethiopia,2021,2.386877635974824,31.67357636497131,89.55312992124885,89.55312992124885,35.58313558721085
232,Ethiopia,2022,3.9386131247677167,30.34191142729037,89.95764326155972,89.95764326155972,35.81021510721143
233,Ethiopia,2023,5.651653047608271,28.7759754445669,90.49743821476633,90.49743821476633,36.06554361182978
234,Ethiopia,2024,7.183617937933299,27.17168332220688,91.09339916749902,91.09339916749902,36.29766369361988
235,Ethiopia,2025,8.38378523367676,25.662081814169948,91.68470792826795,91.68470792826795,36.481213808513886
236,Ethiopia,2026,9.239606036618397,24.33980783153452,92.23486558057576,92.23486558057576,36.61139386071268
237,Ethiopia,2027,9.80826764970583,23.257221864076747,92.72769186140499,92.72769186140499,36.69515484176127
238,Finland,2021,74.42816991985472,95.60210946931393,93.35308438233693,93.35308438233693,75.31299768902241
239,Finland,2022,74.52015317123158,89.97227865994789,93.36151912529488,93.36151912529488,75.56170103072071
240,Finland,2023,74.61310047320357,83.51299493433866,93.37260606128629,93.37260606128629,75.83912674413662
241,Finland,2024,74.69952717529833,77.79499740068162,93.38530572001083,93.38530572001083,76.09290617800491
242,Finland,2025,74.78030474357315,73.613351979866,93.39881982514446,93.39881982514446,76.31493954831677
243,Finland,2026,74.85527071125463,71.57298527813651,93.41255669299933,93.41255669299933,76.49450437474823
244,Finland,2027,74.92486867971512,71.74393408667916,93.42608941516679,93.42608941516679,76.63261930172584
245,France,2021,79.21381296727961,99.67244873816034,93.61774452536923,93.61774452536923,99.06171199176856
246,France,2022,78.79917490214461,99.1802334038394,93.1059005308133,93.1059005308133,97.90874673993446
247,France,2023,78.26933833944497,98.760310550681,92.56301891246409,92.56301891246409,97.2680327795294
248,France,2024,77.66549662835997,98.53493104460962,92.13185675842921,92.13185675842921,97.21107076940953
249,France,2025,77.0201898604603,98.49371068615541,91.86370065076909,91.86370065076909,97.39666417146469
250,France,2026,76.36021566917036,98.55584201656015,91.73731726677525,91.73731726677525,97.51938090840638
251,France,2027,75.70683018792404,98.63795825349204,91.69973903519535,91.69973903519535,97.50311928979272
252,Gabon,2021,50.370131394169924,100.0,90.0928440271258,90.0928440271258,53.03256106914759
253,Gabon,2022,51.62446431706693,100.0,90.8133083200704,90.8133083200704,53.14248552307296
254,Gabon,2023,52.97247482189399,100.0,91.75688698714475,91.75688698714475,53.26444746598993
255,Gabon,2024,54.10938482559949,100.0,92.71350409526545,92.71350409526545,53.37451384564689
256,Gabon,2025,54.889696459894616,100.0,93.5241320470694,93.5241320470694,53.45873965282546
257,Gabon,2026,55.30097260323266,100.0,94.12451811997113,94.12451811997113,53.50919258086098
258,Gabon,2027,55.41316742251444,100.0,94.53507401550888,94.53507401550888,53.525167269466706
259,Georgia,2021,34.69399844712782,82.76852238129752,83.91049571096059,83.91049571096059,26.69353901396088
260,Georgia,2022,33.465150231497894,83.3271855150711,83.9354452611452,83.9354452611452,27.005278846739678
261,Georgia,2023,32.50922211844312,83.79028916688026,83.96521596721477,83.96521596721477,27.402084220476397
262,Georgia,2024,31.696986490961,84.0509250321695,83.99429000763267,83.99429000763267,27.830576614567324
263,Georgia,2025,30.949173901566226,84.10288931505676,84.02251882477672,84.02251882477672,28.256344944639913
264,Georgia,2026,30.265250031457803,84.00586036237002,84.04843128563968,84.04843128563968,28.661170605376117
265,Georgia,2027,29.6496954216068,83.84336757546923,84.07190519768797,84.07190519768797,29.03740243652217
266,Germany,2021,61.38988640450167,100.0,94.37299827579396,94.37299827579396,92.04386902439622
267,Germany,2022,62.1951864623358,100.0,93.97508470351598,93.97508470351598,91.99547202819367
268,Germany,2023,62.84542702649904,100.0,93.5170818336522,93.5170818336522,91.95208970523828
269,Germany,2024,63.31360085511234,100.0,93.07061875645171,93.07061875645171,91.92105667149843
270,Germany,2025,63.63061202349864,100.0,92.67962060446614,92.67962060446614,91.90279996860184
271,Germany,2026,63.8373199375368,100.0,92.36549039546591,92.36549039546591,91.89520497448714
272,Germany,2027,63.968758609738444,100.0,92.13322445197944,92.13322445197944,91.89488912161164
273,Ghana,2021,11.097672805170903,33.63776776510365,89.01481372928922,89.01481372928922,45.184395374337115
274,Ghana,2022,11.859421856444198,33.75535797085677,88.42241003732568,88.42241003732568,50.662903624221585
275,Ghana,2023,12.574868863026966,33.81633913782874,88.05480434341285,88.05480434341285,56.93736097230033
276,Ghana,2024,13.145739933362409,33.87144007795556,87.68571869550169,87.68571869550169,62.91970053595066
277,Ghana,2025,13.61780557931389,33.93361677711574,87.23411354639757,87.23411354639757,67.88688777541894
278,Ghana,2026,14.052722699813202,33.987907542474716,86.78503168594494,86.78503168594494,71.47102908318728
279,Ghana,2027,14.473630997987248,34.0315639769409,86.36830821340558,86.36830821340558,73.60251222756465
280,Greece,2021,58.4190784885554,88.60509181355243,91.3001805944806,91.3001805944806,81.40579182780152
281,Greece,2022,58.28982594208169,88.65652457317569,92.39800286951912,92.39800286951912,82.27275417265446
282,Greece,2023,58.122107172292075,88.71785914011403,93.45540478770099,93.45540478770099,82.85691461354084
283,Greece,2024,57.94177107449943,88.78220194778254,94.31019322007296,94.31019322007296,83.21978197851507
284,Greece,2025,57.76718905377173,88.84544443355668,94.93083078932167,94.93083078932167,83.54662841749567
285,Greece,2026,57.608373709155174,88.90529512719013,95.33032455596343,95.33032455596343,83.88690855147013
286,Greece,2027,57.468988078113654,88.96060143151449,95.55124795947172,95.55124795947172,84.1984026574464
287,Grenada,2021,58.34152938688979,53.893415212624575,94.23261255097435,94.23261255097435,34.433822178671385
288,Grenada,2022,59.08273261527155,52.81682441257959,94.23841077312781,94.23841077312781,36.98188412609131
289,Grenada,2023,59.82557073867411,51.681062229809754,94.24547333936998,94.24547333936998,40.26678735390627
290,Grenada,2024,60.52295492007514,50.68724224073672,94.25324496940301,94.25324496940301,43.51609417709983
291,Grenada,2025,61.178027298630944,49.944312229061865,94.26139525167457,94.26139525167457,46.61018033041113
292,Grenada,2026,61.79840012628685,49.49213747144505,94.26969316171424,94.26969316171424,49.17972869695083
293,Grenada,2027,62.388031961864904,49.31335132070181,94.27798679784577,94.27798679784577,51.11969636777556
294,Guatemala,2021,27.22049807790416,43.381472098716614,89.9867901587836,89.9867901587836,0.5096426689059318
295,Guatemala,2022,28.259306636242947,43.00253930671073,90.68623424576072,90.68623424576072,1.482501972581851
296,Guatemala,2023,29.529902229079212,42.55335453319019,91.51916363409887,91.51916363409887,2.616653731663376
297,Guatemala,2024,30.834865959846717,42.10803115755524,92.31781879982304,92.31781879982304,3.6300853292862505
298,Guatemala,2025,32.05610320352594,41.72097478381123,92.99916829028632,92.99916829028632,4.3919373815019975
299,Guatemala,2026,33.0863513816544,41.425129647297304,93.55299947770794,93.55299947770794,4.917101485651341
300,Guatemala,2027,33.86147729274888,41.23347621600271,94.00599240449458,94.00599240449458,5.29320485994641
301,Hong Kong,2021,50.19804885043519,77.9323817217466,99.88178572122331,99.88178572122331,70.60364397862493
302,Hong Kong,2022,50.1517292375247,77.62852016331314,99.72781959746578,99.72781959746578,71.8296863739328
303,Hong Kong,2023,50.10817880416931,77.233312274947,99.5968799418283,99.5968799418283,73.10261033887134
304,Hong Kong,2024,50.072076096054296,76.80228320481672,99.49941522894952,99.49941522894952,74.2458353561288
305,Hong Kong,2025,50.04278960610103,76.37918059953199,99.42668273756033,99.42668273756033,75.17952452708879
306,Hong Kong,2026,50.01869079791059,75.99379600653236,99.36987697005029,99.36987697005029,75.87985291795906
307,Hong Kong,2027,49.998558819102826,75.6634044268929,99.324228292519,99.324228292519,76.36067308590466
308,Hungary,2021,66.67250903889754,98.95058425701004,89.43298419411784,89.43298419411784,91.9303492022356
309,Hungary,2022,66.94666463176546,97.41270018219382,89.03654325359057,89.03654325359057,87.69193948437247
310,Hungary,2023,67.22265920779972,95.7661633393577,88.61409018197035,88.61409018197035,82.24717559565546
311,Hungary,2024,67.38485038478396,94.29151133029227,88.22140790835715,88.22140790835715,76.47846203736322
312,Hungary,2025,67.4555155788303,93.15418628827162,87.88125640223264,87.88125640223264,71.18279500721077
313,Hungary,2026,67.43219369727103,92.41677230079745,87.60346873951062,87.60346873951062,66.9731938616753
314,Hungary,2027,67.35764856547002,92.062298682008,87.38744951629957,87.38744951629957,64.22636168647901
315,Iceland,2021,44.44720421180803,99.50742651492207,91.89177474893032,91.89177474893032,100.50876776960985
316,Iceland,2022,43.97195064355292,98.70115520185247,91.344527041195,91.344527041195,101.1977093000844
317,Iceland,2023,43.55538734539788,97.73513513811717,90.86512474494668,90.86512474494668,101.74685461145185
318,Iceland,2024,43.25784393748989,96.71903664591504,90.49980072640233,90.49980072640233,102.13267265491564
319,Iceland,2025,43.06541622569277,95.72685525879159,90.24410719392054,90.24410719392054,102.46010467770569
320,Iceland,2026,42.95698876746485,94.805287979457,90.07598052853635,90.07598052853635,102.78719386791863
321,Iceland,2027,42.90566625162351,93.98072047457669,89.97106354609954,89.97106354609954,103.10589149235105
322,India,2021,28.047231755554648,67.64265618658081,90.67185071644305,90.67185071644305,32.37372696464098
323,India,2022,28.034930256403563,66.50750847595224,90.22035448405902,90.22035448405902,32.749216857325095
324,India,2023,28.020004954446044,65.09159110490933,89.88785458938099,89.88785458938099,33.22486757767872
325,India,2024,28.00481430528827,63.65729061059534,89.71040609433128,89.71040609433128,33.748299111565586
326,India,2025,27.991467718829917,62.45414918014037,89.61958126206468,89.61958126206468,34.27948155749425
327,India,2026,27.981606892522755,61.67638707419529,89.5537113651595,89.5537113651595,34.78942637095923
328,India,2027,27.976221835393446,61.43265133953387,89.49270173222865,89.49270173222865,35.25850964191103
329,Indonesia,2021,49.32612260250471,30.09575169945996,99.7865192546434,99.7865192546434,57.19310206912157
330,Indonesia,2022,45.37093812836733,29.95840763761747,99.66260248146207,99.66260248146207,57.25941588681956
331,Indonesia,2023,41.36074442311461,29.792880697596743,99.67176244687496,99.67176244687496,57.33873009424433
332,Indonesia,2024,37.995075620746384,29.625468216883434,99.69884780873956,99.69884780873956,57.41732377618765
333,Indonesia,2025,35.58373197025726,29.469302152318754,99.69640471224741,99.69640471224741,57.494537052053005
334,Indonesia,2026,34.15091586773751,29.327977239570252,99.68578406145325,99.68578406145325,57.566698492935636
335,Indonesia,2027,33.54580778179491,29.200474420357132,99.68375715661382,99.68375715661382,57.633301592614906
336,Iran,2021,42.79978415365808,51.87773893643194,99.99163514096142,99.99163514096142,70.53006450370079
337,Iran,2022,43.578640772170345,52.55919055973584,99.99205338391334,99.99205338391334,66.98277070842538
338,Iran,2023,44.36409685590216,53.382108610778204,99.99245071471769,99.99245071471769,62.50195120401228
339,Iran,2024,45.10089292949134,54.18863717482982,99.9928281789818,99.9928281789818,57.59181171822588
340,Iran,2025,45.81311932878398,54.87792437187703,99.99276852708078,99.99276852708078,52.673849605115365
341,Iran,2026,46.523508364283764,55.406668325071635,99.99273276992241,99.99273276992241,48.12016812642417
342,Iran,2027,47.237747283042914,55.773810180660774,99.99271866716217,99.99271866716217,44.219612975994295
343,Iraq,2021,10.418919592657526,53.18809191744477,100.0,100.0,38.02746721356129
344,Iraq,2022,14.153209380608976,49.53143404138199,100.0,100.0,41.56704262457503
345,Iraq,2023,17.888271825174407,46.2883632871538,100.0,100.0,45.4220433680048
346,Iraq,2024,20.876087586873865,44.352351555636886,100.0,100.0,48.424522298799914
347,Iraq,2025,22.935858310401727,43.98755758182628,100.0,100.0,50.60476839084371
348,Iraq,2026,24.201190320770056,44.91988981926551,100.0,100.0,51.78292545735503
349,Iraq,2027,24.905641388066673,46.54912022231315,100.0,100.0,52.16685605787112
350,Ireland,2021,65.17586877603159,48.813186783291265,92.85317538994452,92.85317538994452,98.95356235403572
351,Ireland,2022,65.27363930694386,56.912348254132986,92.77238631011592,92.77238631011592,97.32508798789861
352,Ireland,2023,65.3959736242349,66.74939874038276,92.6698208514879,92.6698208514879,95.99192771949832
353,Ireland,2024,65.52343448081382,76.66119327697385,92.5559060876444,92.5559060876444,95.42375206626873
354,Ireland,2025,65.64431705453286,85.11608701395738,92.43869171593938,92.43869171593938,95.50539272861766
355,Ireland,2026,65.7537833025215,90.92329334889175,92.3241466120727,92.3241466120727,95.82258528015232
356,Ireland,2027,65.85120828175036,93.3923489322199,92.2164753407458,92.2164753407458,96.02559850496179
357,Israel,2021,57.27151494355419,37.00345463790585,91.051776515762,91.051776515762,47.7475255307352
358,Israel,2022,56.955806157246634,34.32289386134788,90.48859831090367,90.48859831090367,47.7841856022722
359,Israel,2023,56.602319088575,31.515123220051848,89.79466443709977,89.79466443709977,47.82128468697219
360,Israel,2024,56.25999137805473,29.297673193038467,89.11421097185679,89.11421097185679,47.85564712781294
361,Israel,2025,55.95104960955704,27.914441885958144,88.55045599478986,88.55045599478986,47.88622460356753
362,Israel,2026,55.68241945723629,27.460977265306717,88.15369666356094,88.15369666356094,47.91289690666291
363,Israel,2027,55.45354636842732,27.798771312608558,87.92826465569668,87.92826465569668,47.935922596432896
364,Italy,2021,59.67181943500499,91.49200756753106,91.20707918235425,91.20707918235425,78.97291693376026
365,Italy,2022,59.19157238649403,91.9273924934471,90.88608780777241,90.88608780777241,79.15705618395722
366,Italy,2023,58.640245874321145,92.32313034810917,90.51562078754647,90.51562078754647,79.29660210272307
367,Italy,2024,58.09547512357269,92.60943423713135,90.15301324541358,90.15301324541358,79.39550030944218
368,Italy,2025,57.60967352448853,92.77599455362217,89.83423420830344,89.83423420830344,79.48116414961139
369,Italy,2026,57.21277188306404,92.8447827209387,89.57750799817347,89.57750799817347,79.5638251927796
370,Italy,2027,56.91633862726605,92.84897676217179,89.38777975869786,89.38777975869786,79.64023421937614
371,Jamaica,2021,60.143569121892924,70.62900016870539,90.10075876679389,90.10075876679389,80.6777616984217
372,Jamaica,2022,60.16748542683462,71.59667964958304,90.89185429894289,90.89185429894289,76.77964205778474
373,Jamaica,2023,60.19381643817286,72.73482056306835,91.90054776878557,91.90054776878557,73.08175763923643
374,Jamaica,2024,60.21841983968974,73.82603843646528,92.891753828171,92.891753828171,70.37375335845874
375,Jamaica,2025,60.23956405164338,74.7021087922133,93.70475471671743,93.70475471671743,68.83733711948672
376,Jamaica,2026,60.25693324040854,75.2620030468251,94.29203304078247,94.29203304078247,68.28170599635826
377,Jamaica,2027,60.270859681383506,75.4754199556744,94.69512226586478,94.69512226586478,68.36802973160715
378,Japan,2021,57.535657370914706,100.0,88.1237475426721,88.1237475426721,100.0
379,Japan,2022,57.43676850128723,100.0,88.87139925289185,88.87139925289185,100.0
380,Japan,2023,57.33969760456624,100.0,89.80671825534458,89.80671825534458,100.0
381,Japan,2024,57.2582185160992,100.0,90.75198258803917,90.75198258803917,100.0
382,Japan,2025,57.19370352447564,100.0,91.61706802366166,91.61706802366166,100.0
383,Japan,2026,57.143182780911374,100.0,92.30071054958945,92.30071054958945,100.0
384,Japan,2027,57.103327232726045,100.0,92.74739786121353,92.74739786121353,100.0
385,Jordan,2021,58.2360438465743,38.636155966841486,89.9509380824235,89.9509380824235,65.29408258557096
386,Jordan,2022,56.99310773046175,36.52250423693252,90.77991577743862,90.77991577743862,61.82816674696559
387,Jordan,2023,55.53033322205421,34.31305049007006,91.71043775465323,91.71043775465323,57.49461530896488
388,Jordan,2024,54.01101031356848,32.48381115648251,92.6490082581269,92.6490082581269,52.79843332964092
389,Jordan,2025,52.5387413323678,31.322894289127394,93.56626549194446,93.56626549194446,48.10653266254181
390,Jordan,2026,51.184912081047976,30.91766804309159,94.44219351245448,94.44219351245448,43.741473300553515
391,Jordan,2027,49.99121668298997,31.181434400911268,95.26924127859591,95.26924127859591,39.94028182096069
392,Kazakhstan,2021,46.428553037402864,0.365262529226023,92.42943179564445,92.42943179564445,37.65189127320945
393,Kazakhstan,2022,45.315902086625954,0.8194644840938811,93.6035379469313,93.6035379469313,37.675854795270425
394,Kazakhstan,2023,43.96023125504446,1.3212297306177183,94.95534164388992,94.95534164388992,37.70041980638724
395,Kazakhstan,2024,42.65292060255486,1.8179756987090645,96.24641801840704,96.24641801840704,37.72273174777402
396,Kazakhstan,2025,41.58688687005535,2.2883859379531453,97.39421352565421,97.39421352565421,37.74163423080445
397,Kazakhstan,2026,40.8387009609106,2.72055735591206,98.41274032964078,98.41274032964078,37.75685735098455
398,Kazakhstan,2027,40.39423233875502,3.11039450388335,99.34388796976205,99.34388796976205,37.76863568328068
399,Kenya,2021,34.06922574545535,61.32873652582363,90.26367991952696,90.26367991952696,30.95034276909385
400,Kenya,2022,34.46427839287944,57.565099589373105,90.34619137072917,90.34619137072917,31.084099096632713
401,Kenya,2023,34.9050834419519,53.28389070442815,90.45102568625889,90.45102568625889,31.237494706545053
402,Kenya,2024,35.306605179317025,49.11974484338973,90.57028071796486,90.57028071796486,31.389399343685305
403,Kenya,2025,35.60696170324562,45.498117605364094,90.69799757192644,90.69799757192644,31.52773675447775
404,Kenya,2026,35.77326760500633,42.652800445881184,90.82971350928139,90.82971350928139,31.64675821607077
405,Kenya,2027,35.80193496593428,40.65925052874791,90.96212597498571,90.96212597498571,31.744815964635205
406,Kuwait,2021,45.90682219047801,63.50862913539656,91.41089143378798,91.41089143378798,7.445942682067249
407,Kuwait,2022,43.162650249554375,68.55534456396495,91.18952021186809,91.18952021186809,7.608575854329619
408,Kuwait,2023,40.42292960608029,74.07902408577682,90.82964891034018,90.82964891034018,7.785914093345188
409,Kuwait,2024,38.077032982278226,78.3459509190299,90.35876666395794,90.35876666395794,7.953123716623622
410,Kuwait,2025,36.27996567954586,80.49990778097909,89.82665058448382,89.82665058448382,8.098897994753436
411,Kuwait,2026,35.04375471368135,80.66405894600135,89.2935156733684,89.2935156733684,8.219905079944084
412,Kuwait,2027,34.29649937347528,79.59561889249883,88.81846380602266,88.81846380602266,8.317017470065812
413,Kyrgyzstan,2021,33.786670685019594,45.72536280119712,89.74585691712738,89.74585691712738,-0.035583523008098084
414,Kyrgyzstan,2022,33.37396692177526,44.81250023386269,89.93948956492969,89.93948956492969,-0.10013048399630033
415,Kyrgyzstan,2023,33.01868569432863,43.77482693372828,90.14697075072127,90.14697075072127,-0.18126187152378853
416,Kyrgyzstan,2024,32.76862401373895,42.87210726141679,90.34744983545104,90.34744983545104,-0.26914510873348546
417,Kyrgyzstan,2025,32.57282573960292,42.18968244716905,90.53125601283313,90.53125601283313,-0.35734834929435977
418,Kyrgyzstan,2026,32.382053010717534,41.67030532304635,90.69479102322754,90.69479102322754,-0.44207530124256766
419,Kyrgyzstan,2027,32.18754391435702,41.2128361438876,90.83764714322871,90.83764714322871,-0.521298924669789
420,Latvia,2021,65.98060075797879,69.68980144531629,89.88412306852524,89.88412306852524,94.60765897728749
421,Latvia,2022,66.1982699594075,68.05896962416074,89.41939184801666,89.41939184801666,90.69136689370049
422,Latvia,2023,66.46157624845294,66.77472545277404,88.78976594381967,88.78976594381967,85.39694290790115
423,Latvia,2024,66.73811727492668,65.74186108843246,88.03691383631039,88.03691383631039,79.22857134286295
424,Latvia,2025,67.00233899508036,64.66522550770213,87.1879747940894,87.1879747940894,72.66701024349356
425,Latvia,2026,67.235898809383,63.48871500854001,86.27262786515229,86.27262786515229,66.14382388144074
426,Latvia,2027,67.42739426038312,62.30303652433258,85.31720352497706,85.31720352497706,60.02399534280597
427,Liberia,2021,4.321249906571017,29.849068120552314,89.24288966352711,89.24288966352711,38.43720966848908
428,Liberia,2022,-0.10946950970843083,30.06180723598015,89.10190094448163,89.10190094448163,38.260121935866195
429,Liberia,2023,-4.643869046624408,30.32780008720184,88.92759755933614,88.92759755933614,38.126426896795955
430,Liberia,2024,-8.45553145019516,30.614268703656414,88.73656001210443,88.73656001210443,38.07104625215574
431,Liberia,2025,-11.932217511825502,30.902312049389668,88.54006449399667,88.54006449399667,38.0762351172554
432,Liberia,2026,-15.77988471933486,31.1828668226684,88.3456028522486,88.3456028522486,38.105307701086765
433,Liberia,2027,-20.283219947423877,31.45238396323862,88.15799129558178,88.15799129558178,38.12996859619312
434,Libya,2021,58.19811054745486,86.45875750243157,91.88123099808568,91.88123099808568,70.49976472222413
435,Libya,2022,58.398607958563616,86.33066025706374,91.79805666106596,91.79805666106596,70.84714418713531
436,Libya,2023,58.55368480022612,86.21065448179316,91.68735613885309,91.68735613885309,70.57042644549699
437,Libya,2024,58.71029977019165,86.09990959706136,91.55725298897237,91.55725298897237,70.39473622863528
438,Libya,2025,58.86606916484334,85.99793080665881,91.4149436464568,91.4149436464568,70.40791391452518
439,Libya,2026,59.013606676861656,85.90405788166657,91.26666258388613,91.26666258388613,70.45566233993682
440,Libya,2027,59.154397765435554,85.8176514016522,91.11768093234252,91.11768093234252,70.46752449824693
441,Lithuania,2021,55.50749173878144,99.5493902044659,80.28068729742215,80.28068729742215,69.94226675470463
442,Lithuania,2022,56.014752817523345,99.11943380787326,80.06155489869256,80.06155489869256,65.90245414875042
443,Lithuania,2023,56.567058139173604,98.91247589296809,79.77083946815772,79.77083946815772,60.820646737529856
444,Lithuania,2024,57.08097824113851,98.91397672913226,79.42811953120281,79.42811953120281,55.55054299469676
445,Lithuania,2025,57.519794038055885,99.01354729944401,79.05099828990838,79.05099828990838,50.73921697665337
446,Lithuania,2026,57.87473140280849,99.11017297924529,78.65509861652022,78.65509861652022,46.78507387808686
447,Lithuania,2027,58.15126003420417,99.15743216977542,78.25396410109609,78.25396410109609,43.8618326050182
448,Luxembourg,2021,77.25958316899741,81.69228072374851,91.8322488430814,91.8322488430814,97.24994883814284
449,Luxembourg,2022,74.72718136263916,81.70575885362283,92.24751453032039,92.24751453032039,92.76624015447285
450,Luxembourg,2023,71.52826389029138,81.7188476435715,92.86943536731138,92.86943536731138,88.02177965356015
451,Luxembourg,2024,68.0885901799686,81.73041751880479,93.61417262844711,93.61417262844711,84.14854959554563
452,Luxembourg,2025,64.79704663142138,81.74071837477915,94.3839184269952,94.3839184269952,81.73660704326724
453,Luxembourg,2026,61.97096054350912,81.75011694025606,95.096102385493,95.096102385493,80.8638453855132
454,Luxembourg,2027,59.8338018305088,81.75879350244945,95.69922362172127,95.69922362172127,81.2389287658516
455,Madagascar,2021,14.571463014661763,83.07424483925712,89.9641608481424,89.9641608481424,49.66046010224151
456,Madagascar,2022,17.476268950847015,79.18849639485029,90.48735075349833,90.48735075349833,49.17419908296109
457,Madagascar,2023,20.845637408437756,74.30586313803835,91.1591965103344,91.1591965103344,48.60885360480217
458,Madagascar,2024,24.203452693320703,69.62101955400237,91.84304532170987,91.84304532170987,48.083316527947794
459,Madagascar,2025,27.210528453555554,65.61943104486446,92.44322418947252,92.44322418947252,47.684830002500185
460,Madagascar,2026,29.642964522337916,62.96069436853393,92.921144789095,92.921144789095,47.459291742796545
461,Madagascar,2027,31.391528888824713,61.905213030491275,93.28322540190862,93.28322540190862,47.41150813045459
462,Malaysia,2021,38.580792032191994,62.67708544818052,89.18539906400277,89.18539906400277,52.360597550780874
463,Malaysia,2022,36.854257448132216,60.996251371766675,89.05383836425246,89.05383836425246,51.917626396094455
464,Malaysia,2023,35.04834418906648,59.247898372508104,88.90635678547012,88.90635678547012,51.54507736206864
465,Malaysia,2024,33.479301775068635,57.85733078067939,88.76846035348036,88.76846035348036,51.26343066513518
466,Malaysia,2025,32.25033706637703,56.993201381683505,88.65796449187718,88.65796449187718,51.03308938661885
467,Malaysia,2026,31.400734677346023,56.62306546557903,88.58430877107327,88.58430877107327,50.82759391545528
468,Malaysia,2027,30.89846208865344,56.607770722181165,88.5492286339912,88.5492286339912,50.64185978098603
469,Malta,2021,53.217739789690214,96.54040670534079,86.19733744956612,86.19733744956612,22.059389864193083
470,Malta,2022,53.57318218601854,90.95417943192265,86.77450891643458,86.77450891643458,23.56887794840357
471,Malta,2023,53.884498596359734,85.27993852244691,87.33858508827939,87.33858508827939,24.965952058055098
472,Malta,2024,54.051369687782156,80.72385232108772,87.79990138370377,87.79990138370377,26.18937745175521
473,Malta,2025,54.09456092609619,77.5687890940861,88.1601165589121,88.1601165589121,27.24200253843517
474,Malta,2026,54.041958012681434,75.57430351731173,88.44936234371376,88.44936234371376,28.142342505858256
475,Malta,2027,53.94580014411436,74.35625817757406,88.69209853867252,88.69209853867252,28.91088541415641
476,Mauritania,2021,21.75075171017867,33.37606449533883,88.58367672114251,88.58367672114251,43.101370266721226
477,Mauritania,2022,22.03556904489421,34.71555405605966,88.44073024627225,88.44073024627225,45.37778911543019
478,Mauritania,2023,22.392004040078575,36.28810568421148,88.25924526297663,88.25924526297663,48.090478920192986
479,Mauritania,2024,22.77672237877659,37.826693665720384,88.05379723001342,88.05379723001342,50.878572155604246
480,Mauritania,2025,23.167053530148145,39.130293693495844,87.83420648422857,87.83420648422857,53.48035019019226
481,Mauritania,2026,23.540656244783655,40.07602020062575,87.6086682941371,87.6086682941371,55.70237344726773
482,Mauritania,2027,23.882572511258736,40.61783211217356,87.38342852708453,87.38342852708453,57.42947852380025
483,Mauritius,2021,42.82595011406998,46.828234940190384,89.06828547108995,89.06828547108995,95.86588895364086
484,Mauritius,2022,42.24363874859057,46.11113114427563,89.7922027204593,89.7922027204593,93.75276524542603
485,Mauritius,2023,41.5917462113019,45.38681302306375,90.59637657348242,90.59637657348242,91.5150205264062
486,Mauritius,2024,40.94200032314116,44.72363974320752,91.34797433850964,91.34797433850964,89.36899360039135
487,Mauritius,2025,40.33652216699311,44.145885098290556,92.00335043389504,92.00335043389504,87.3938556146282
488,Mauritius,2026,39.797667132515976,43.656873672945785,92.56712510343036,92.56712510343036,85.60954249694541
489,Mauritius,2027,39.334393414018,43.25026529295625,93.05791637912763,93.05791637912763,84.01171532995176
490,Mexico,2021,59.69058811962225,69.36237286446944,98.6030208959028,98.6030208959028,79.08933394923363
491,Mexico,2022,59.95975802107121,69.82207780691687,96.29183574445273,96.29183574445273,75.74713117406878
492,Mexico,2023,60.274124895871154,70.28459630879937,93.67671777864464,93.67671777864464,71.84016764481785
493,Mexico,2024,60.58134127714378,70.62856758803701,91.22314531674415,91.22314531674415,67.97299351657244
494,Mexico,2025,60.862186622416516,70.79508940198546,89.21697941143906,89.21697941143906,64.61934147304412
495,Mexico,2026,61.11800684203942,70.77537801706904,87.78373010520897,87.78373010520897,62.09537263808995
496,Mexico,2027,61.35649204918884,70.60825986148726,86.92589626315905,86.92589626315905,60.55077037601173
497,Moldova,2021,44.146000270849704,82.24562047737908,86.9129091338486,86.9129091338486,54.60439239441969
498,Moldova,2022,45.86434085324891,82.15019250701457,86.99408273883962,86.99408273883962,54.9986159355491
499,Moldova,2023,47.761773233336946,82.05958034631877,87.12163573392287,87.12163573392287,55.383544580730415
500,Moldova,2024,49.589276400672674,81.97375100672213,87.28653196302784,87.28653196302784,55.69319644391554
501,Moldova,2025,51.21711027863947,81.89184104132248,87.47628258147583,87.47628258147583,55.90909913992046
502,Moldova,2026,52.59232575363848,81.81354717206787,87.67826465613531,87.67826465613531,56.03971402329839
503,Moldova,2027,53.708463785923044,81.73871249970692,87.88171176031207,87.88171176031207,56.10497806019927
504,Mongolia,2021,6.781847767052861,1.005774536787478,69.40084526281444,69.40084526281444,12.222036275306461
505,Mongolia,2022,5.610936203715392,2.9390651154168346,69.40084526281439,69.40084526281439,12.513217293879578
506,Mongolia,2023,4.443226944565499,5.258243136343346,69.40084526281433,69.40084526281433,12.91061417218238
507,Mongolia,2024,3.354173194729277,7.449392672638922,69.40084526281429,69.40084526281429,13.30338111984765
508,Mongolia,2025,2.3512255154727617,9.244403745544375,69.40084526281424,69.40084526281424,13.713557568304719
509,Mongolia,2026,1.4283275671086098,10.616353608084054,69.4008452628142,69.4008452628142,14.091411892029154
510,Mongolia,2027,0.5785971740521221,11.672045211077258,69.40084526281416,69.40084526281416,14.4418436207115
511,Montenegro,2021,53.70946281416748,91.5424597870402,89.84185868486887,89.84185868486887,94.65710922438997
512,Montenegro,2022,52.93024289025169,92.50786774739427,90.01024029262953,90.01024029262953,85.50775672743534
513,Montenegro,2023,52.35716941634388,93.16377677130615,90.25479745644196,90.25479745644196,74.93268053803254
514,Montenegro,2024,51.89629118658843,93.54530998754437,90.54877893359046,90.54877893359046,65.10249158391302
515,Montenegro,2025,51.50416006793963,93.79799295645395,90.86632737370462,90.86632737370462,57.59205630945421
516,Montenegro,2026,51.17329790140105,93.99621453830213,91.18775172743298,91.18775172743298,53.22616548781827
517,Montenegro,2027,50.89684218860087,94.1537908068502,91.50061396640493,91.50061396640493,52.095614901735445
518,Mozambique,2021,1.6042881531560407,59.8497672874149,87.9275230063861,87.9275230063861,45.2254583121226
519,Mozambique,2022,3.599101807645586,57.51242945186518,87.7973392616676,87.7973392616676,43.89040658393222
520,Mozambique,2023,5.4873627849901325,54.85288275718885,87.60038475473455,87.60038475473455,42.44045154006257
521,Mozambique,2024,7.003811094507764,52.27302125822971,87.35376778906742,87.35376778906742,41.09534106143789
522,Mozambique,2025,8.074097255614083,50.01962079647392,87.07763099675505,87.07763099675505,39.96172982552311
523,Mozambique,2026,8.733171298647422,48.24832762198598,86.7907871247398,86.7907871247398,39.072059269397755
524,Mozambique,2027,9.06767075680328,47.01873023215458,86.50858727343838,86.50858727343838,38.4153113753859
525,Netherlands,2021,57.80613678357786,100.0,99.48298488347069,99.48298488347069,84.91484611272921
526,Netherlands,2022,57.82804234285371,100.0,98.67163046887126,98.67163046887126,84.62982685875643
527,Netherlands,2023,57.85082869842609,100.0,97.88287266807147,97.88287266807147,84.37082491366779
528,Netherlands,2024,57.8716382429949,100.0,97.3255239171773,97.3255239171773,84.1778845021861
529,Netherlands,2025,57.889451570915845,100.0,97.06467308694863,97.06467308694863,84.05653644527658
530,Netherlands,2026,57.903936094633025,100.0,97.05575144048791,97.05575144048791,83.99461338764978
531,Netherlands,2027,57.91525274063432,100.0,97.20008417849735,97.20008417849735,83.97398462179272
532,New Zealand,2021,51.39095670220693,85.16067329693962,89.47255750697659,89.47255750697659,76.36854356494202
533,New Zealand,2022,51.39791721079401,84.57209871210873,89.48819369733528,89.48819369733528,73.37521382088907
534,New Zealand,2023,51.4065820590152,83.99232989743065,89.50750537433983,89.50750537433983,70.16125715496422
535,New Zealand,2024,51.41601859030203,83.49104511596003,89.52827838145748,89.52827838145748,67.6198455451422
536,New Zealand,2025,51.42546363930978,83.0855710563722,89.54940109737898,89.54940109737898,66.2445164339371
537,New Zealand,2026,51.43433093973685,82.77450323986115,89.56984672969936,89.56984672969936,66.08866928303716
538,New Zealand,2027,51.44220627850803,82.54565976831057,89.58895315079849,89.58895315079849,66.86567489482505
539,Nigeria,2021,36.0600504548094,84.86432253162613,88.59340853427243,88.59340853427243,37.09859556091902
540,Nigeria,2022,35.963515790284106,85.52470150835094,86.56152676090012,86.56152676090012,37.06567687672393
541,Nigeria,2023,35.85901447320934,86.34057600902332,84.21333624663691,84.21333624663691,37.034342895171044
542,Nigeria,2024,35.76846904523869,87.23243601533487,81.97836408226358,81.97836408226358,37.00693118022236
543,Nigeria,2025,35.70533474002978,88.14285264867735,80.1788564293099,80.1788564293099,36.982492296229026
544,Nigeria,2026,35.674295249954,89.02640291107534,79.00232231187161,79.00232231187161,36.96005960306796
545,Nigeria,2027,35.67270566170684,89.85033536513113,78.50066923607503,78.50066923607503,36.93925066224196
546,North Macedonia,2021,80.84411940159626,56.56367095144812,95.86859396946092,95.86859396946092,60.544999139291754
547,North Macedonia,2022,80.6396188998431,57.20996415558902,96.79645222489243,96.79645222489243,62.62485423392294
548,North Macedonia,2023,80.42147129024136,58.01206033966196,97.96388313925745,97.96388313925745,64.64546535248209
549,North Macedonia,2024,80.21340947480078,58.87256491398869,99.09746989443904,99.09746989443904,66.20384178686521
550,North Macedonia,2025,80.02367765870443,59.74193827973151,100.02106163777934,100.02106163777934,67.14386005613653
551,North Macedonia,2026,79.85600323919505,60.572659805837866,100.69237117541323,100.69237117541323,67.48056043952653
552,North Macedonia,2027,79.7106235587855,61.33390328757782,101.16669266365862,101.16669266365862,67.34605744821206
553,Norway,2021,72.0235595937973,100.49552547727406,99.7520977880526,99.7520977880526,98.23498355492558
554,Norway,2022,71.34703275299665,101.35241608943157,99.43067139932472,99.43067139932472,95.95304779896857
555,Norway,2023,70.62257987492664,102.3808223597221,99.17878592559128,99.17878592559128,93.5393190233841
556,Norway,2024,69.9129014301444,103.45364461659258,99.01203724907256,99.01203724907256,91.4826634791839
557,Norway,2025,69.24474342561696,104.50355652512995,98.89343234859959,98.89343234859959,90.03617827796296
558,Norway,2026,68.62777597179785,105.50036621545273,98.79575595918722,98.79575595918722,89.29767603795538
559,Norway,2027,68.06370871419217,106.4333419797588,98.7117166066804,98.7117166066804,89.21410741130865
560,Oman,2021,24.959647685344738,49.89598819266101,88.87830271249379,88.87830271249379,3.8074466451422735
561,Oman,2022,23.35540786760662,54.13472510202234,87.89876009209408,87.89876009209408,9.853754182344137
562,Oman,2023,21.798591560448312,58.70274493032802,86.91212196336747,86.91212196336747,17.405969285435784
563,Oman,2024,20.450768539060736,62.61397864224172,86.01982990754667,86.01982990754667,25.54747974891034
564,Oman,2025,19.346573440638224,65.45147199165507,85.25110792436774,85.25110792436774,33.46316537460966
565,Oman,2026,18.468873423323657,67.00444061152076,84.60476046454716,84.60476046454716,40.46691168184534
566,Oman,2027,17.78340227225614,67.35235159254275,84.06824880093296,84.06824880093296,46.05163465463959
567,Pakistan,2021,42.11838120231201,39.575115830693306,95.91178995837062,95.91178995837062,57.49463553711729
568,Pakistan,2022,41.17607203805888,38.81092604213411,95.88680847197456,95.88680847197456,57.71635249073486
569,Pakistan,2023,40.06234571225232,38.182513441232636,95.86669178640287,95.86669178640287,57.979744622690205
570,Pakistan,2024,38.94541540308091,37.81458301486171,95.85637513851063,95.85637513851063,58.26035001327277
571,Pakistan,2025,37.94234521042087,37.683599632366196,95.853726396595,95.853726396595,58.543290233260976
572,Pakistan,2026,37.122270659267286,37.72100988438664,95.8561864605322,95.8561864605322,58.819742257255
573,Pakistan,2027,36.513966849988094,37.842048868233555,95.86064055909003,95.86064055909003,59.08469274369858
574,Papua New Guinea,2021,27.39107766662843,72.00242363023575,85.96495430684718,85.96495430684718,49.7456672728742
575,Papua New Guinea,2022,27.03571450175622,68.76975169179414,81.4098473269925,81.4098473269925,49.71947525513671
576,Papua New Guinea,2023,26.673336113520143,65.35021978980649,77.22466796547548,77.22466796547548,49.68956867315972
577,Papua New Guinea,2024,26.37129402509004,62.191072270062946,74.18073102671305,74.18073102671305,49.66035693737609
578,Papua New Guinea,2025,26.162373718037774,59.49329816501083,72.37696802459703,72.37696802459703,49.63377383697596
579,Papua New Guinea,2026,26.051124422587016,57.311260845153456,71.65238848412696,71.65238848412696,49.61121766172078
580,Papua New Guinea,2027,26.02300568045069,55.61897467841901,71.68932822946473,71.68932822946473,49.593191871064796
581,Peru,2021,28.09599559085084,57.56073212330721,90.06781179099436,90.06781179099436,16.89985345535273
582,Peru,2022,28.365702176774533,56.69328906199683,90.71457038611136,90.71457038611136,17.39935352330146
583,Peru,2023,28.648307082043015,55.77913797636448,91.49018702531158,91.49018702531158,17.99134208501154
584,Peru,2024,28.894661301121186,54.996054948766265,92.22011646879376,92.22011646879376,18.60909591350244
585,Peru,2025,29.078220062581106,54.443601171158704,92.81363189957573,92.81363189957573,19.214355890790586
586,Peru,2026,29.190125828197434,54.149434593051424,93.26323010175243,93.26323010175243,19.78673749624205
587,Peru,2027,29.235434051663876,54.08652700391007,93.60748263745784,93.60748263745784,20.316562770486073
588,Philippines,2021,23.239921285864234,65.38211406939499,94.85595078566564,94.85595078566564,67.69326985516956
589,Philippines,2022,25.605013952705725,64.86682592181226,94.601905877001,94.601905877001,69.93833405379551
590,Philippines,2023,28.808719390853398,64.4457868605395,94.33218662154164,94.33218662154164,72.37627190859035
591,Philippines,2024,32.32425912233114,64.07773421065846,94.11254448635597,94.11254448635597,74.52005982922545
592,Philippines,2025,35.966196712477576,63.74297392977883,93.98086325496969,93.98086325496969,76.21614494322326
593,Philippines,2026,39.38216763022987,63.43969429886314,93.95227490011575,93.95227490011575,77.5141354503416
594,Philippines,2027,42.34369873919616,63.16643270034521,94.01674604877829,94.01674604877829,78.52612537216544
595,Poland,2021,61.08335982191515,72.41561040098102,85.82368196405358,85.82368196405358,66.03698255397882
596,Poland,2022,61.21219052332849,72.44362628880106,85.4249334984195,85.4249334984195,65.83505909669235
597,Poland,2023,61.34612993787569,72.47683532017703,84.93098345276343,84.93098345276343,65.6010188016642
598,Poland,2024,61.45827437112162,72.5115265042889,84.40071910103273,84.40071910103273,65.37157350910944
599,Poland,2025,61.543389533653226,72.54658859722521,83.87667186957711,83.87667186957711,65.17229980367817
600,Poland,2026,61.607406785596226,72.58095267584287,83.38746891805243,83.38746891805243,65.01784971720143
601,Poland,2027,61.65796075320836,72.6141231671084,82.95056641346875,82.95056641346875,64.91338765154765
602,Portugal,2021,57.90340417992216,91.20449873526744,66.97602558195923,66.97602558195923,94.23899507893658
603,Portugal,2022,57.884326383602726,91.43364732174305,66.2492129304997,66.2492129304997,94.23899507893552
604,Portugal,2023,57.861958394735055,91.70346099564712,65.4272338012886,65.4272338012886,94.23899507893452
605,Portugal,2024,57.83901687194212,91.9769874629009,64.68525913376835,64.68525913376835,94.23899507893358
606,Portugal,2025,57.81739071371851,92.23697456650658,64.1501142663322,64.1501142663322,94.2389950789327
607,Portugal,2026,57.7983562705542,92.4779480551947,63.88512505478282,63.88512505478282,94.23899507893186
608,Portugal,2027,57.78262928507847,92.69970616850948,63.889989160512364,63.889989160512364,94.23899507893108
609,Republic of Congo,2021,9.565324446561265,96.45147972882017,90.08809798429223,90.08809798429223,-0.11325912783940772
610,Republic of Congo,2022,11.456267389495336,91.39951938424122,91.34830777961011,91.34830777961011,-0.3408615752350742
611,Republic of Congo,2023,13.547445946008295,86.77307468121754,92.92062555596732,92.92062555596732,-0.6340635388247386
612,Republic of Congo,2024,15.603766959622657,83.50716986305497,94.46271609503802,94.46271609503802,-0.9383685256993992
613,Republic of Congo,2025,17.49693047034699,81.72971955688863,95.77302618359124,95.77302618359124,-1.2153524848033814
614,Republic of Congo,2026,19.16698209774242,81.12740601072093,96.81378236744462,96.81378236744462,-1.4474187351634256
615,Republic of Congo,2027,20.596174037464177,81.24925499162336,97.65105508956856,97.65105508956856,-1.6332387738048653
616,Romania,2021,82.07605210980945,99.15595034021445,89.37384177163182,89.37384177163182,62.448273706379254
617,Romania,2022,80.46728312958982,97.65079959752052,89.60434105671132,89.60434105671132,62.48954999618485
618,Romania,2023,78.90133672638255,95.93879551236004,89.85246027966821,89.85246027966821,62.53707179753509
619,Romania,2024,77.70410371437251,94.44031630358045,90.08914072473686,90.08914072473686,62.57941440480863
620,Romania,2025,77.00421460159993,93.42065487417327,90.30269166247359,90.30269166247359,62.61059053530586
621,Romania,2026,76.77577328665116,92.96507830184142,90.48998283761603,90.48998283761603,62.629912871680126
622,Romania,2027,76.89943513448793,93.00924626329535,90.6517518096866,90.6517518096866,62.639925231420705
623,Russia,2021,56.5425404138605,60.39687057867225,86.16766918207664,86.16766918207664,98.53417611425327
624,Russia,2022,55.99470848761583,61.48841046850619,86.34721544613437,86.34721544613437,95.74823430084665
625,Russia,2023,55.47006143790127,62.710148161057035,86.53065201960771,86.53065201960771,92.33058421664465
626,Russia,2024,55.07326246456684,63.791107256042835,86.69931443987304,86.69931443987304,88.95750049420735
627,Russia,2025,54.83265738108547,64.59238679347995,86.85002725628246,86.85002725628246,86.07693590905173
628,Russia,2026,54.728802728819986,65.0902506517616,86.984211555386,86.984211555386,83.88338044003935
629,Russia,2027,54.72096880859225,65.33247855856955,87.10390273657968,87.10390273657968,82.37832062253798
630,Rwanda,2021,15.08707908409859,48.89219062533341,89.02042963701523,89.02042963701523,51.69572242165284
631,Rwanda,2022,16.72901741452497,45.861631535674235,88.49279726978592,88.49279726978592,51.406543359754075
632,Rwanda,2023,18.960036282848773,42.2015362280054,87.85419381089243,87.85419381089243,51.09933046833225
633,Rwanda,2024,21.63228288089512,38.45987727394193,87.1642475015023,87.1642475015023,50.877999095304816
634,Rwanda,2025,24.59706499466285,34.988085346942796,86.46413371817964,86.46413371817964,50.7885263301532
635,Rwanda,2026,27.710312498587527,31.97399989259432,85.7814350389941,85.7814350389941,50.814029377805866
636,Rwanda,2027,30.837597156169696,29.488806420580268,85.13379229311855,85.13379229311855,50.899844963300474
637,Saint Kitts and Nevis,2021,49.896058151202084,99.03151458209258,89.93142054730507,89.93142054730507,15.439948229201287
638,Saint Kitts and Nevis,2022,49.335304137166176,97.85586061384605,90.78745236439778,90.78745236439778,14.309829311199683
639,Saint Kitts and Nevis,2023,48.56929977995432,96.53702122501188,91.80195980239391,91.80195980239391,13.161276102047378
640,Saint Kitts and Nevis,2024,47.69969922610517,95.23424638999485,92.80539544195143,92.80539544195143,12.180355417860412
641,Saint Kitts and Nevis,2025,46.74488923679291,94.00264530433901,93.7177061976551,93.7177061976551,11.420267189967964
642,Saint Kitts and Nevis,2026,45.75909646864848,92.88029392852741,94.52217205009305,94.52217205009305,10.891483702629056
643,Saint Kitts and Nevis,2027,44.772755422463334,91.87983770687538,95.23111745256601,95.23111745256601,10.566380187998684
644,Saint Lucia,2021,50.41851621378549,68.77417752880666,95.28972416751088,95.28972416751088,32.37807315220778
645,Saint Lucia,2022,50.04786784249574,69.59184056559303,95.32716805343227,95.32716805343227,35.675153758762825
646,Saint Lucia,2023,49.64071643458502,70.60334511889056,95.38644472790023,95.38644472790023,39.69124819873939
647,Saint Lucia,2024,49.25421692117795,71.66796772605693,95.46218634095916,95.46218634095916,43.87476539148076
648,Saint Lucia,2025,48.918574849977645,72.68422103127315,95.54625723988579,95.54625723988579,47.7877875232592
649,Saint Lucia,2026,48.645659978148196,73.58721329145371,95.62989318170708,95.62989318170708,51.078856740517104
650,Saint Lucia,2027,48.4357969643695,74.3422323514951,95.70539916675204,95.70539916675204,53.517613352211484
651,Saint Vincent and the Grenadines,2021,69.44279221022637,87.3657009736178,89.480396061153,89.480396061153,37.61416063554543
652,Saint Vincent and the Grenadines,2022,71.98619572528446,85.78526718052044,89.71527401710934,89.71527401710934,39.050022380934934
653,Saint Vincent and the Grenadines,2023,74.07858895117133,84.02737211158431,90.0472369665613,90.0472369665613,40.61908222143155
654,Saint Vincent and the Grenadines,2024,75.98069030224062,82.4477315079003,90.43466436692484,90.43466436692484,41.92417948833675
655,Saint Vincent and the Grenadines,2025,77.90764837360624,81.24079326542042,90.83900718623477,90.83900718623477,42.94177952420441
656,Saint Vincent and the Grenadines,2026,79.84181091331578,80.46228605318827,91.23154060448638,91.23154060448638,43.60638623543484
657,Saint Vincent and the Grenadines,2027,81.73486572576029,80.07307286312279,91.59444432945399,91.59444432945399,43.96580784087632
658,Saudi Arabia,2021,32.760365910639244,45.330166262174245,91.01879665087984,91.01879665087984,6.548383767404112
659,Saudi Arabia,2022,32.67075859239538,46.021741479028535,91.15326414790289,91.15326414790289,6.97746944088206
660,Saudi Arabia,2023,32.57036530571012,46.68048651910527,91.28072559196981,91.28072559196981,7.497107346578242
661,Saudi Arabia,2024,32.47775165886981,47.21399565835989,91.38134177919306,91.38134177919306,8.054380463692905
662,Saudi Arabia,2025,32.40052374132308,47.61855989542509,91.45669466629676,91.45669466629676,8.612795140013699
663,Saudi Arabia,2026,32.34395756600805,47.91999056166688,91.51450499732299,91.51450499732299,9.145199596725696
664,Saudi Arabia,2027,32.308725002204774,48.14543941080805,91.5609043046127,91.5609043046127,9.633396983739392
665,Serbia,2021,56.97214833520586,99.43754747773244,89.85681099808976,89.85681099808976,89.95726684805969
666,Serbia,2022,56.58858978288784,99.10619349316903,89.96670926467154,89.96670926467154,90.66342528682908
667,Serbia,2023,56.221062171096406,98.97342636792746,90.10220099827077,90.10220099827077,91.40623758374949
668,Serbia,2024,55.947790164185065,98.98801488550168,90.25173927202144,90.25173927202144,92.05448069668047
669,Serbia,2025,55.785885291060524,99.02793870830263,90.40839622644452,90.40839622644452,92.60615872080079
670,Serbia,2026,55.716501097790484,99.03640351842759,90.56685318609735,90.56685318609735,93.10883103719193
671,Serbia,2027,55.707832021212425,99.02272865863083,90.7234483411244,90.7234483411244,93.59817762714461
672,Sierra Leone,2021,9.463679312076074,26.624565276455673,86.52609734902498,86.52609734902498,52.80264759169614
673,Sierra Leone,2022,11.507053436114486,26.978085023950566,81.72201561514501,81.72201561514501,52.78217572648188
674,Sierra Leone,2023,13.651116997723717,27.360119201181725,76.04462640746479,76.04462640746479,52.75379298801191
675,Sierra Leone,2024,15.628981337967172,27.71636421216512,70.39401742422314,70.39401742422314,52.721548255838854
676,Sierra Leone,2025,17.3186932121331,28.016600298101075,65.41642292512046,65.41642292512046,52.68938423102935
677,Sierra Leone,2026,18.67836870017336,28.24871233153889,61.49918393744058,61.49918393744058,52.66047303847128
678,Sierra Leone,2027,19.717676229442908,28.413005813883952,58.798375719742936,58.798375719742936,52.63695001094469
679,Singapore,2021,31.58070406858425,40.00944131205916,91.24727874277012,91.24727874277012,31.158897684450594
680,Singapore,2022,35.586436612613724,39.56875936650248,91.0463877435076,91.0463877435076,30.873073265388257
681,Singapore,2023,40.38429098124659,39.051712160684524,90.77249502213702,90.77249502213702,30.598039691723343
682,Singapore,2024,45.22219842739605,38.578283553198304,90.45199707227293,90.45199707227293,30.351933748053355
683,Singapore,2025,49.63752762028897,38.242190054568184,90.10770418518337,90.10770418518337,30.133096619910397
684,Singapore,2026,53.250806734584955,38.09440470458221,89.75805531957366,89.75805531957366,29.93982034553663
685,Singapore,2027,55.854345097917886,38.138571787293294,89.41729743392963,89.41729743392963,29.769324774815743
686,Slovakia,2021,68.86904216297191,80.71885874274608,86.72832044069796,86.72832044069796,61.55998491756295
687,Slovakia,2022,68.7328471171003,82.23444568445277,85.4458344616641,85.4458344616641,61.45721174651599
688,Slovakia,2023,68.59083948281523,83.75066622582268,84.08655538756065,84.08655538756065,61.33278182052063
689,Slovakia,2024,68.46932566432466,84.95708576171552,82.88129389142318,82.88129389142318,61.21098912598882
690,Slovakia,2025,68.38271950013245,85.71216899221412,81.91502811868588,81.91502811868588,61.10818315131528
691,Slovakia,2026,68.33551601463589,86.00040908905294,81.18820661937171,81.18820661937171,61.03205831944703
692,Slovakia,2027,68.32423303288384,85.9030031979875,80.66448931611393,80.66448931611393,60.98339505391511
693,Slovenia,2021,70.01845223399818,98.7512076284027,91.41504792442647,91.41504792442647,61.173080835722615
694,Slovenia,2022,68.73975957257159,96.76029113070443,91.466750046987,91.466750046987,52.58646366062
695,Slovenia,2023,67.4143607221696,94.50562832341102,91.53175836811381,91.53175836811381,43.35310561800704
696,Slovenia,2024,66.2339762474656,92.36382029375879,91.60147167689098,91.60147167689098,35.63472277936401
697,Slovenia,2025,65.25325924326582,90.58836433535912,91.66924642030337,91.66924642030337,30.676294644364305
698,Slovenia,2026,64.46353750309517,89.3111326820614,91.73043736369966,91.73043736369966,28.78284923503984
699,Slovenia,2027,63.83558434152212,88.55966447840993,91.78220536073056,91.78220536073056,29.513166995567445
700,South Africa,2021,57.08682854430719,73.44138195948062,86.69051964418611,86.69051964418611,48.22654177512745
701,South Africa,2022,55.14680408167661,73.63394428763945,87.22557650817993,87.22557650817993,46.76622621457306
702,South Africa,2023,52.92545454560254,73.82336671153837,87.53948959403833,87.53948959403833,44.96521113189591
703,South Africa,2024,50.810910674590545,73.99765901725814,87.63948484930293,87.63948484930293,43.07853520241835
704,South Africa,2025,49.06472738097628,74.15724350893737,87.68055334773086,87.68055334773086,41.329282414821954
705,South Africa,2026,47.82186993116397,74.30404845029824,87.74893573455337,87.74893573455337,39.889067146784
706,South Africa,2027,47.10863487088976,74.4394548402036,87.83126272137969,87.83126272137969,38.867366841879665
707,South Korea,2021,45.39620625237838,100.01556381221067,99.89189556195915,99.89189556195915,99.18684426284244
708,South Korea,2022,45.29008183525521,100.0379878395635,99.72618903654838,99.72618903654838,99.22750204970032
709,South Korea,2023,45.18925432471567,100.0563037875001,99.51703458710938,99.51703458710938,99.2661269472153
710,South Korea,2024,45.11005082994543,100.06909087233382,99.28355278858405,99.28355278858405,99.30282059985453
711,South Korea,2025,45.05073802022745,100.08049570016342,99.04059634370218,99.04059634370218,99.29702178300393
712,South Korea,2026,45.00448559879629,100.09314870658886,98.80059405399152,98.80059405399152,99.29354579633875
713,South Korea,2027,44.96622952984326,100.10651328672787,98.5731856100164,98.5731856100164,99.29217485388259
714,Spain,2021,63.88196741484181,85.78134713347157,99.38592710155847,99.38592710155847,98.31691945076535
715,Spain,2022,63.03969052572245,85.23689394200548,98.35036037010109,98.35036037010109,95.62922396670272
716,Spain,2023,62.00483195640838,84.55485789045002,97.05163321497128,97.05163321497128,92.99315918605707
717,Spain,2024,60.92564159253554,83.79773410187309,95.65726746591287,95.65726746591287,91.14995839014733
718,Spain,2025,59.90295779848891,83.01568968647726,94.32152449400839,94.32152449400839,90.35616017865165
719,Spain,2026,58.99610874710952,82.24782988693633,93.17188587239318,93.17188587239318,90.46661469677588
720,Spain,2027,58.2329680143887,81.52318425444471,92.29972658416118,92.29972658416118,91.11955807937431
721,Suriname,2021,46.72511281008942,56.76238800999444,100.0,100.0,69.05760301601269
722,Suriname,2022,49.63462436841949,57.7071437121904,100.0,100.0,69.52143975031619
723,Suriname,2023,53.21827712948479,58.73410448268498,100.0,100.0,70.02007823602098
724,Suriname,2024,56.75654256101558,59.733079939690754,100.0,100.0,70.49414252203003
725,Suriname,2025,59.67469974959925,60.65481025368529,100.0,100.0,70.91415195718797
726,Suriname,2026,61.62161628921649,61.47549629553848,100.0,100.0,71.2673318352589
727,Suriname,2027,62.48345428836363,62.18902949468899,100.0,100.0,71.55211931211154
728,Sweden,2021,68.2295961344419,100.01834793644781,97.78921206796902,97.78921206796902,98.87614015620049
729,Sweden,2022,67.86535181283693,100.0406680194015,97.37849860958453,97.37849860958453,97.55277458123193
730,Sweden,2023,67.47661180309855,100.05508109308758,96.9603360018086,96.9603360018086,96.54539497105739
731,Sweden,2024,67.12628723856737,100.06379330178885,96.5764161902942,96.5764161902942,96.04187826440328
732,Sweden,2025,66.81562283840225,100.07250559909608,96.23733188842982,96.23733188842982,95.98280882096415
733,Sweden,2026,66.55166229518106,100.08229921809371,95.9453403299036,95.9453403299036,96.1905384315726
734,Sweden,2027,66.33038674001244,100.09133395697032,95.69742067665524,95.69742067665524,96.4793264534787
735,Switzerland,2021,76.76521134014928,96.13328811738697,92.48011932875852,92.48011932875852,98.63976766781337
736,Switzerland,2022,77.53553114351317,89.41259575365765,91.35254409702881,91.35254409702881,97.16286375465893
737,Switzerland,2023,78.37344715729654,82.08685676423076,89.98054363777574,89.98054363777574,96.32264978097712
738,Switzerland,2024,79.2188214754005,75.82983816115372,88.59249172364659,88.59249172364659,96.18050320521857
739,Switzerland,2025,80.08093532362822,71.30414114927908,87.37050570885759,87.37050570885759,96.43395038260442
740,Switzerland,2026,80.95543603717057,68.4126005931289,86.4363348669913,86.4363348669913,96.75264468236257
741,Switzerland,2027,81.84334882451209,66.71369400862167,85.84856585394837,85.84856585394837,96.95030336850367
742,Taiwan,2021,52.6486900012207,74.9976980330112,90.48564409933658,90.48564409933658,78.64804002067247
743,Taiwan,2022,52.893915265080906,76.08247682200106,90.21786755836581,90.21786755836581,78.45379305071386
744,Taiwan,2023,53.16994538831621,77.24740985077133,89.88154172986603,89.88154172986603,78.20205206378229
745,Taiwan,2024,53.45001494018264,78.26391810605043,89.5154644586392,89.5154644586392,77.91635353782497
746,Taiwan,2025,53.720606695743115,79.06230357867551,89.1486409223088,89.1486409223088,77.61438200101261
747,Taiwan,2026,53.97537138557358,79.6662757800577,88.80143451645772,88.80143451645772,77.30905788725855
748,Taiwan,2027,54.21179356513825,80.12800177017257,88.48702015319802,88.48702015319802,77.00957701385445
749,Tajikistan,2021,21.830769638815358,29.72190797239071,99.85395290979321,99.85395290979321,34.260992409298964
750,Tajikistan,2022,22.633487971893356,29.595167426996426,99.86125526430355,99.86125526430355,34.046546910813284
751,Tajikistan,2023,23.42616140970031,29.425548701741015,99.86819250108837,99.86819250108837,33.80197278499376
752,Tajikistan,2024,24.144032318236995,29.234842593766345,99.87478287603396,99.87478287603396,33.56111644350297
753,Tajikistan,2025,24.779299699167684,29.04161740256488,99.87374137772193,99.87374137772193,33.34017900483584
754,Tajikistan,2026,25.338831436090583,28.85979388538481,99.873117072051,99.873117072051,33.14485449791495
755,Tajikistan,2027,25.83148213203417,28.698661392338707,99.87287084350287,99.87287084350287,32.97553583144065
756,Thailand,2021,38.076934537567766,83.24790120422722,94.29387610756471,94.29387610756471,42.40098793593331
757,Thailand,2022,37.844387886405414,79.8653580300398,94.07932380037339,94.07932380037339,42.13553396016631
758,Thailand,2023,37.60573620682993,75.6093279883631,93.79424880372135,93.79424880372135,41.866577254698626
759,Thailand,2024,37.40501511430692,71.02287952858086,93.49592884052498,93.49592884052498,41.66762279772523
760,Thailand,2025,37.253168628966094,66.58279952061349,93.23615797023663,93.23615797023663,41.58153325036346
761,Thailand,2026,37.14400259665793,62.711299569900596,93.0493144976804,93.0493144976804,41.61382194002133
762,Thailand,2027,37.06654714237719,59.72762264780765,92.94861701962373,92.94861701962373,41.73704997607586
763,Turkey,2021,35.62310542200728,84.62943285506051,86.95890990062668,86.95890990062668,49.54453701427438
764,Turkey,2022,35.76724464648338,79.70295918156847,86.62206869005243,86.62206869005243,48.646188079240986
765,Turkey,2023,35.90707522249774,73.81159571477278,86.19141740917709,86.19141740917709,47.59529345944463
766,Turkey,2024,36.00700525070163,67.7798294345244,85.71151671128617,85.71151671128617,46.53657087428594
767,Turkey,2025,36.05174402221999,62.27191511586207,85.22350874621422,85.22350874621422,45.576972533313594
768,Turkey,2026,36.042452594657114,57.75765596969069,84.76309468771879,84.76309468771879,44.78878096906587
769,Turkey,2027,35.993567448377576,54.503607016842494,84.35876697128839,84.35876697128839,44.20980636071516
770,Turkmenistan,2021,28.622032354807445,18.167214513785602,89.99175182310424,89.99175182310424,21.004208030889746
771,Turkmenistan,2022,29.116051889722954,25.36321619796349,91.05204483412595,91.05204483412595,21.057127934030976
772,Turkmenistan,2023,29.624076243829485,32.67259820497876,92.19299970578896,92.19299970578896,21.10900485405325
773,Turkmenistan,2024,30.063636686590257,38.3244031717568,93.25476858499114,93.25476858499114,21.146305440784506
774,Turkmenistan,2025,30.402316192242786,41.6023400443369,94.20598808351427,94.20598808351427,21.166002524484696
775,Turkmenistan,2026,30.638645447535573,42.63872110660493,95.06511570337571,95.06511570337571,21.171996587493055
776,Turkmenistan,2027,30.787239119290213,42.057819108688264,95.85460900832204,95.85460900832204,21.170435158937842
777,Ukraine,2021,62.68811896522489,88.51983247647925,88.08162540721598,88.08162540721598,82.35237304440213
778,Ukraine,2022,63.810409842880645,89.84234000324767,88.2652129747499,88.2652129747499,83.70187628619163
779,Ukraine,2023,64.699530120788,91.34409723921387,88.43196061552446,88.43196061552446,84.98402794320873
780,Ukraine,2024,65.13606399274755,92.72405434731348,88.54190576246273,88.54190576246273,85.77551144531304
781,Ukraine,2025,65.18952332747415,93.88842854736441,88.58292660359778,88.58292660359778,86.14564075724618
782,Ukraine,2026,65.04815720763703,94.75258429095058,88.56440684326472,88.56440684326472,86.13417824172176
783,Ukraine,2027,64.87951043601224,95.30873732209089,88.50870652266212,88.50870652266212,85.90273853265185
784,United Arab Emirates,2021,25.317173168616684,54.366826010558015,92.55916400149061,92.55916400149061,72.15532412121513
785,United Arab Emirates,2022,24.15317723920824,57.1735648476558,92.39073485616751,92.39073485616751,67.93734385356416
786,United Arab Emirates,2023,23.71706501779959,60.22341648370222,92.19023677722842,92.19023677722842,62.51370071763191
787,United Arab Emirates,2024,23.649385388354908,62.857902674856845,92.00299470209538,92.00299470209538,56.71440902539815
788,United Arab Emirates,2025,23.505862575592342,64.71739179340504,91.85678629937667,91.85678629937667,51.30993104592723
789,United Arab Emirates,2026,23.276644780445153,65.71398000706913,91.76013364307127,91.76013364307127,46.92012343272917
790,United Arab Emirates,2027,23.11723401418157,65.95556540156021,91.70765599852334,91.70765599852334,43.95669433863852
791,United Kingdom,2021,91.20211074008921,100.0,96.37565455443901,96.37565455443901,100.0
792,United Kingdom,2022,89.22559746321227,100.0,95.63882027807215,95.63882027807215,100.0
793,United Kingdom,2023,86.37243569461538,100.0,94.76738799151978,94.76738799151978,100.0
794,United Kingdom,2024,82.97846037792706,100.0,93.88860257027598,93.88860257027598,100.0
795,United Kingdom,2025,79.08255787225592,100.0,93.10240224966023,93.10240224966023,100.0
796,United Kingdom,2026,74.90778092068146,100.0,92.47974574338635,92.47974574338635,100.0
797,United Kingdom,2027,70.59746158810026,100.0,92.05937885196317,92.05937885196317,100.0
798,United States of America,2021,66.98902587156066,76.79408642107981,94.0755254857761,94.0755254857761,98.03693124381125
799,United States of America,2022,67.04124094809086,76.96580504649452,93.87109434472384,93.87109434472384,95.58863090863217
800,United States of America,2023,67.10241583856393,77.21319540079625,93.60852814963465,93.60852814963465,93.11486958333938
801,United States of America,2024,67.16601543353654,77.50507572090879,93.31574632403265,93.31574632403265,91.11883850705154
802,United States of America,2025,67.22838935067635,77.81013030434156,93.01367488723137,93.01367488723137,89.8166572874607
803,United States of America,2026,67.28761946081652,78.10356913024253,92.7172368911059,92.7172368911059,89.24350369134268
804,United States of America,2027,67.34279935093441,78.3693092275068,92.43655032930045,92.43655032930045,89.2855632981315
805,Uruguay,2021,46.81301937018657,84.71898874249118,74.13455811445611,74.13455811445611,4.1755961589121755
806,Uruguay,2022,44.34981218542062,80.57243746265837,74.55771138756798,74.55771138756798,5.739364258247735
807,Uruguay,2023,41.93753341374275,75.90957280529366,75.04107151376733,75.04107151376733,7.638410472445311
808,Uruguay,2024,40.146917989481274,71.67542227494381,75.51879692606805,75.51879692606805,9.621624681917375
809,Uruguay,2025,39.238080597747924,68.56461252409679,75.95346191943666,75.95346191943666,11.533087646790712
810,Uruguay,2026,39.20799666407405,66.94033707332771,76.32733233969374,76.32733233969374,13.287785071665528
811,Uruguay,2027,39.848407679193116,66.82840493580065,76.63540135996517,76.63540135996517,14.847472851682824
812,Uzbekistan,2021,67.42727423011556,47.31512332148581,78.41525046044327,78.41525046044327,97.19025421641479
813,Uzbekistan,2022,66.82389689738736,51.17635362169034,78.03370142012002,78.03370142012002,97.16858185019322
814,Uzbekistan,2023,66.20381467381387,54.525800997432796,77.60635465854598,77.60635465854598,97.14973838187683
815,Uzbekistan,2024,65.63589647914966,56.11792404961603,77.19316163567673,77.19316163567673,97.13355706626879
816,Uzbekistan,2025,65.1477830692011,55.70831284269951,76.82491384967696,76.82491384967696,97.11964774868659
817,Uzbekistan,2026,64.74486600554545,53.720239605193,76.51365916844202,76.51365916844202,97.10768573587063
818,Uzbekistan,2027,64.4214493259197,51.09212074941267,76.26047388390563,76.26047388390563,97.09739771666563
819,Venezuela,2021,57.36964170759284,82.66241680331596,95.78086070992387,95.78086070992387,61.32314122339447
820,Venezuela,2022,56.71640738580229,81.6364417610085,95.61027509228819,95.61027509228819,61.389184773458325
821,Venezuela,2023,56.05665236242211,80.48192572019974,95.40969437008394,95.40969437008394,61.4686840203658
822,Venezuela,2024,55.47456367389597,79.39948474211894,95.21605669982529,95.21605669982529,61.54874896966569
823,Venezuela,2025,54.98568824971575,78.49789334051364,95.05424709022864,95.05424709022864,61.6231939533223
824,Venezuela,2026,54.58052586225341,77.81549323496262,94.93687675648684,94.93687675648684,61.6862502368801
825,Venezuela,2027,54.24482291102623,77.34513404838484,94.86630372187275,94.86630372187275,61.735017497931814
826,Zambia,2021,-1.1152086987115037,52.14478347555528,89.64623706563033,89.64623706563033,33.0471864023405
827,Zambia,2022,-3.8763474875111923,53.061691758243974,89.76328967107516,89.76328967107516,32.88183192976564
828,Zambia,2023,-7.173985858481096,54.057918512212595,89.88557479062912,89.88557479062912,32.704846541284546
829,Zambia,2024,-10.380205928358794,54.972049174933794,89.99734794212903,89.99734794212903,32.55237099004985
830,Zambia,2025,-13.254034898284951,55.70536896790721,90.0946457687838,90.0946457687838,32.430777342864076
831,Zambia,2026,-15.846260602109242,56.21516805990556,90.17819761314247,90.17819761314247,32.33068284864875
832,Zambia,2027,-18.306496338566312,56.50281140056874,90.24988804787763,90.24988804787763,32.24146680516398
