"code","iso","country","BCA.ind.1995","BCA.ind.1996","BCA.ind.1997","BCA.ind.1998","BCA.ind.1999","BCA.ind.2000","BCA.ind.2001","BCA.ind.2002","BCA.ind.2003","BCA.ind.2004","BCA.ind.2005","BCA.ind.2006","BCA.ind.2007","BCA.ind.2008","BCA.ind.2009","BCA.ind.2010","BCA.ind.2011","BCA.ind.2012","BCA.ind.2013","BCA.ind.2014","BCA.ind.2015","BCA.ind.2016","BCA.ind.2017","BCA.ind.2018","BCA.ind.2019","BCA.ind.2020"
4,"AFG","Afghanistan",25.484596256264,25.484596256264,25.484596256264,25.484596256264,25.484596256264,25.484596256264,25.484596256264,25.484596256264,25.484596256264,25.484596256264,25.484596256264,25.484596256264,25.484596256264,25.484596256264,25.484596256264,25.484596256264,25.484596256264,20.0578953432739,16.3694642726033,15.7136158055158,15.7136158055158,15.7136158055158,15.7136158055158,15.7136158055158,15.7136158055158,15.7136158055158
8,"ALB","Albania",100,100,100,100,100,48.0450730135061,0,0,0,0,0,0,10.8731710792654,56.7113449883173,56.3521430166964,63.5287866265416,69.8992758409937,91.8435141534895,100,100,100,100,100,100,100,100
12,"DZA","Algeria",70.9967956317439,70.9967956317439,70.9967956317439,70.9967956317439,70.9967956317439,65.5944430890014,58.4022864244769,49.7830919557041,39.918800872759,32.3689665582461,26.7007567441467,23.2961989367398,22.4499994433315,24.0849529004991,29.3202637186,34.489991295291,43.9926401826405,51.5607310906975,58.1063887341466,60.9620982770869,60.9620982770869,60.9620982770869,60.9620982770869,60.9620982770869,60.9620982770869,60.9620982770869
20,"AND","Andorra",NA,NA,NA,NA,NA,NA,NA,NA,NA,NA,NA,NA,NA,NA,NA,NA,NA,NA,NA,NA,NA,NA,NA,NA,NA,NA
24,"AGO","Angola",43.8653614384587,43.8653614384587,43.8653614384587,43.8653614384587,43.8653614384587,46.0667795036371,45.564854225911,42.702609744379,40.6444851314817,36.6668796744697,34.7208906012301,25.5554575633801,15.9340808425273,7.9484373466876,0.836144356632246,0,0,0,0,7.12523900936907,7.12523900936907,7.12523900936907,7.12523900936907,7.12523900936907,7.12523900936907,7.12523900936907
660,"AIA","Anguilla",NA,NA,NA,NA,NA,NA,NA,NA,NA,NA,NA,NA,NA,NA,NA,NA,NA,NA,NA,NA,NA,NA,NA,NA,NA,NA
28,"ATG","Antigua and Barbuda",68.6832084107767,68.6832084107767,68.6832084107767,68.6832084107767,68.6832084107767,66.6535969799462,71.1554591933039,77.556736655239,84.4729281284997,74.4523446127955,67.079918226641,58.7193292872278,30.5095843254297,31.8718361504778,21.4413453646273,2.78309220957718,7.06165428865557,2.77598662781746,4.06758029976214,0,0,0,0,0,0,0
32,"ARG","Argentina",45.9428160825476,45.9428160825476,45.9428160825476,45.9428160825476,45.9428160825476,61.1357415153328,75.1444789212791,85.6899432982144,92.8715057768177,97.840632293065,93.6699714860628,86.0003213949341,83.587705728911,71.5836857785793,66.7002811051554,65.5786613234165,65.8746115752879,72.4260847448485,79.0051188854777,90.3302914376479,90.3302914376479,90.3302914376479,90.3302914376479,90.3302914376479,90.3302914376479,90.3302914376479
51,"ARM","Armenia",100,100,100,100,100,100,100,100,100,96.4350342266695,84.7113713821674,74.3959013315957,65.2119679449029,55.1481350925648,50.9582834152499,49.6971810003641,50.8189072718254,53.1222799557177,54.4953945630309,57.6334495113036,57.6334495113036,57.6334495113036,57.6334495113036,57.6334495113036,57.6334495113036,57.6334495113036
533,"ABW","Aruba",100,100,100,100,100,100,72.8032906605216,66.5076311494517,65.1627948920537,55.7390387612288,45.5596008965632,37.632383004539,13.4848296761221,36.6612917169336,53.1504541395997,39.0159786447882,43.0261924862801,36.6362249192142,35.6695022405817,28.2845650052578,28.2845650052578,28.2845650052578,28.2845650052578,28.2845650052578,28.2845650052578,28.2845650052578
36,"AUS","Australia",82.5494054019257,82.5494054019257,82.5494054019257,82.5494054019257,82.5494054019257,97.5120667581829,100,100,100,100,88.1949752695568,78.3312685456403,68.6238517792435,60.988264860803,60.619944054599,62.9030792787879,64.8061387191549,61.8707137899895,57.6420093473859,56.9140306090858,56.9140306090858,56.9140306090858,56.9140306090858,56.9140306090858,56.9140306090858,56.9140306090858
40,"AUT","Austria",100,100,100,100,100,100,100,100,100,100,100,84.717544440057,62.1026743688547,42.4751880491438,36.4446379054735,45.2294407565764,56.1599516759431,70.9256323712662,83.2968161563761,100,100,100,100,100,100,100
31,"AZE","Azerbaijan",88.5892014690253,88.5892014690253,88.5892014690253,88.5892014690253,88.5892014690253,92.7820782587755,100,100,100,76.6057944754388,54.9431907326936,43.0542837165761,43.7976274650189,40.1174376938839,51.6069473930004,46.0133312464139,44.1159313813338,43.5062049077477,41.602623809363,37.4227322515689,37.4227322515689,37.4227322515689,37.4227322515689,37.4227322515689,37.4227322515689,37.4227322515689
44,"BHS","Bahamas",100,100,100,100,100,100,100,100,100,100,100,90.3695633141955,76.419804210697,100,90.8556643352907,33.9874327568937,24.1766734535475,6.40983746013325,0.236993332739559,0,0,0,0,0,0,0
48,"BHR","Bahrain",42.9502389302629,42.9502389302629,42.9502389302629,42.9502389302629,42.9502389302629,43.7324964369228,49.0348195567226,29.4437194562028,7.15384619709263,0,0,0,0,0,0,0,0,6.52841694600318,53.9427906307719,100,100,100,100,100,100,100
50,"BGD","Bangladesh",48.9410747029182,48.9410747029182,48.9410747029182,48.9410747029182,48.9410747029182,47.827212013391,45.9053870437414,43.4745633092871,42.6485080945937,41.3742338302273,38.097171462335,39.8056350214614,40.7470769399924,43.1346839029745,46.2536782544107,48.851484491883,47.5817997012931,47.0712376703052,49.3173389138393,50.969904237011,50.969904237011,50.969904237011,50.969904237011,50.969904237011,50.969904237011,50.969904237011
52,"BRB","Barbados",100,100,100,100,100,94.1694137257961,70.5323442269014,66.1389859637028,51.2993066663208,54.7416001218605,55.271226358703,57.9017836246104,46.620655380288,42.9155620746011,30.4450227886442,16.6181544498064,16.2071800680445,10.2095723990619,11.0348376340399,8.20747353294396,8.20747353294396,8.20747353294396,8.20747353294396,8.20747353294396,8.20747353294396,8.20747353294396
112,"BLR","Belarus",93.5667729790186,93.5667729790186,93.5667729790186,93.5667729790186,93.5667729790186,100,100,100,95.450395401,84.3203127899374,68.965892073507,43.2970293931155,28.2186813345685,7.92253546587386,0.478819888575885,0,0,0,5.83594291351001,15.6694970346592,15.6694970346592,15.6694970346592,15.6694970346592,15.6694970346592,15.6694970346592,15.6694970346592
56,"BEL","Belgium",100,100,100,100,100,100,100,100,100,100,100,100,100,100,91.9051895240857,91.8905367815603,88.1961607013178,100,100,100,100,100,100,100,100,100
84,"BLZ","Belize",34.5494637586036,34.5494637586036,34.5494637586036,34.5494637586036,34.5494637586036,21.023552987592,7.57828179155806,23.8756490317269,39.7170692422079,50.4233594535332,61.5386897337304,79.2305696256397,80.1740628633398,100,89.5030448141261,56.5075492844104,31.2182375704706,22.7847155489295,18.0051504178625,11.1102078145637,11.1102078145637,11.1102078145637,11.1102078145637,11.1102078145637,11.1102078145637,11.1102078145637
204,"BEN","Benin",34.2147232641308,34.2147232641308,34.2147232641308,34.2147232641308,34.2147232641308,61.0897738011881,83.4383589022991,100,100,100,100,92.0525731495857,58.5508679234732,29.5349537295629,1.31690301749698,0,0,0,1.4757027975151,11.9360455118548,11.9360455118548,11.9360455118548,11.9360455118548,11.9360455118548,11.9360455118548,11.9360455118548
60,"BMU","Bermuda",100,100,100,100,100,100,96.3359275829804,100,100,77.9280838417274,87.434139414801,78.6564639882631,57.658751179891,90.8287936393471,92.8088432002793,78.0035524433032,97.577321039972,94.7945203379074,97.1852199765381,97.1852199765381,97.1852199765381,97.1852199765381,97.1852199765381,97.1852199765381,97.1852199765381,97.1852199765381
64,"BTN","Bhutan",49.7675456041077,49.7675456041077,49.7675456041077,49.7675456041077,49.7675456041077,41.6343774979957,36.0258458990023,33.1310909673591,40.835093287629,54.5115652192898,70.070753382753,71.2955101631281,70.9802644783123,67.4935459367109,66.247059650897,59.9354452123912,51.7684462043157,44.1266088443468,40.4287953527985,39.8412745020868,39.8412745020868,39.8412745020868,39.8412745020868,39.8412745020868,39.8412745020868,39.8412745020868
68,"BOL","Bolivia",100,100,100,100,100,100,100,100,100,96.7588475738505,59.2537168843746,35.1033459585438,20.5583131003873,13.5226975481502,17.3108381043281,10.8338591326473,6.95943169061198,4.96085729161535,2.26030077071141,2.68528626348663,2.68528626348663,2.68528626348663,2.68528626348663,2.68528626348663,2.68528626348663,2.68528626348663
70,"BIH","Bosnia and Herzegovina",45.2509700975361,45.2509700975361,45.2509700975361,45.2509700975361,45.2509700975361,45.2509700975361,45.2509700975361,45.2509700975361,45.2509700975361,25.2806416869976,6.00121377544913,0,0,0,0,0,0,16.3656945958529,46.767357103111,75.6969025777656,75.6969025777656,75.6969025777656,75.6969025777656,75.6969025777656,75.6969025777656,75.6969025777656
72,"BWA","Botswana",36.6826703712375,36.6826703712375,36.6826703712375,36.6826703712375,36.6826703712375,40.5090583306897,41.2856901914489,40.1368163000224,43.6054908429353,51.7347936183618,62.8139644440863,72.399113398771,72.3734464842687,64.6149188476781,60.318105167826,33.6328337273941,19.1707649803204,8.88261380464535,4.74789115809068,6.64272804560795,6.64272804560795,6.64272804560795,6.64272804560795,6.64272804560795,6.64272804560795,6.64272804560795
76,"BRA","Brazil",92.0133927990298,92.0133927990298,92.0133927990298,92.0133927990298,92.0133927990298,97.9871966538145,95.1417188890589,81.992357769636,73.829443423258,63.7148585165296,55.0937291589016,46.7297714459357,38.1030523250226,30.097388711096,27.9255338633819,30.431352308648,36.0240644506734,40.6633098005954,47.7562261048957,53.8679573618337,53.8679573618337,53.8679573618337,53.8679573618337,53.8679573618337,53.8679573618337,53.8679573618337
92,"VGB","British Virgin Islands",NA,NA,NA,NA,NA,NA,NA,NA,NA,NA,NA,NA,NA,NA,NA,NA,NA,NA,NA,NA,NA,NA,NA,NA,NA,NA
96,"BRN","Brunei Darussalam",14.4906866687171,14.4906866687171,14.4906866687171,14.4906866687171,14.4906866687171,25.4451279519424,36.5463186979211,41.3160435844044,44.9626417442703,49.4536611561754,54.548376688872,50.4521748458741,40.8790250554309,37.5756409517059,36.4473417324848,34.8141652108847,31.0308290113712,28.8467655691663,31.8723317377183,35.0757266331775,35.0757266331775,35.0757266331775,35.0757266331775,35.0757266331775,35.0757266331775,35.0757266331775
100,"BGR","Bulgaria",85.5206434338318,85.5206434338318,85.5206434338318,85.5206434338318,85.5206434338318,100,100,96.5675860876217,73.5034493340031,68.187725710497,66.8167668786218,51.6834273663455,47.8369100859148,40.0150985688508,41.4396019972593,51.8365121269938,65.347310450134,74.6997752175384,92.9954756033647,100,100,100,100,100,100,100
854,"BFA","Burkina Faso",40.1995055931056,40.1995055931056,40.1995055931056,40.1995055931056,40.1995055931056,45.0945177183551,50.3860199727393,56.2162944309078,60.4643179348645,64.2447620127846,63.3590185925797,60.132419231068,53.757978300368,45.4737473483096,39.1753570832123,37.9744189374359,37.8558615968757,39.9075248901843,42.1140929679706,44.5183973561629,44.5183973561629,44.5183973561629,44.5183973561629,44.5183973561629,44.5183973561629,44.5183973561629
108,"BDI","Burundi",51.4146732143145,51.4146732143145,51.4146732143145,51.4146732143145,51.4146732143145,58.4105754210134,64.7739746923885,70.27338794272,72.9930012565269,73.941025844491,69.8764223218044,63.4587153637734,54.8486411032204,44.8120575029143,36.7868643603751,34.3572056500305,34.2377215610683,36.3517524533443,38.6930672331296,41.2508725515256,41.2508725515256,41.2508725515256,41.2508725515256,41.2508725515256,41.2508725515256,41.2508725515256
132,"CPV","Cabo Verde",26.9076088663977,26.9076088663977,26.9076088663977,26.9076088663977,26.9076088663977,31.3602578558587,36.4673886408404,41.2956132880588,46.9778956305403,53.0462818213512,53.2531862913472,53.9315289185345,49.9844650805182,50.4930522493698,51.9013622150862,59.0494810567868,57.3968345073227,55.8708434938813,55.5864927361346,56.446174061903,56.446174061903,56.446174061903,56.446174061903,56.446174061903,56.446174061903,56.446174061903
116,"KHM","Cambodia",16.5802982303783,16.5802982303783,16.5802982303783,16.5802982303783,16.5802982303783,16.5802982303783,16.5802982303783,16.5802982303783,16.3792110918243,47.8160288774715,66.5222644034569,86.5240515671381,100,100,83.2404694358607,59.0232665830068,37.7683127827036,1.49687617352298,0,0,0,0,0,0,0,0
120,"CMR","Cameroon",37.2960588400961,37.2960588400961,37.2960588400961,37.2960588400961,37.2960588400961,37.0787107593086,38.1364718191215,38.3110717515988,38.8039701947331,38.4513935469845,38.7561492437843,47.4599130172498,68.3293245549482,87.0342065100969,100,100,100,100,95.3300650127015,77.3050653226802,77.3050653226802,77.3050653226802,77.3050653226802,77.3050653226802,77.3050653226802,77.3050653226802
124,"CAN","Canada",60.4232441310617,60.4232441310617,60.4232441310617,60.4232441310617,60.4232441310617,56.7979939617653,62.3263060876446,70.1082308002962,72.9195254677607,67.7692877949238,56.5660757741623,47.5446249915408,36.1676586474147,30.2391937658694,34.1551301128347,32.6000119772528,37.9891292750908,51.4600760050215,65.8439319311746,78.166205740172,78.166205740172,78.166205740172,78.166205740172,78.166205740172,78.166205740172,78.166205740172
136,"CYM","Cayman Islands",32.7817521776514,32.7817521776514,32.7817521776514,32.7817521776514,32.7817521776514,32.7817521776514,32.7817521776514,32.7817521776514,32.7817521776514,32.7817521776514,32.7817521776514,32.7817521776514,32.7817521776514,30.296111379722,27.3756123943357,9.0161524086667,9.34054704385531,0.344894188522929,0,0,0,0,0,0,0,0
140,"CAF","Central African Republic",44.5789705363568,44.5789705363568,44.5789705363568,44.5789705363568,44.5789705363568,50.9604892832683,58.1904484905216,66.018699141057,72.3910376314874,79.2702373021451,80.6755295756487,78.4827919533385,73.386158181443,66.4416776086164,60.3218496295879,58.7095190950062,58.1621232139242,59.3250828165302,60.4324160583554,61.083131506181,61.083131506181,61.083131506181,61.083131506181,61.083131506181,61.083131506181,61.083131506181
148,"TCD","Chad",33.4560424652047,33.4560424652047,33.4560424652047,33.4560424652047,33.4560424652047,37.7730736539123,42.7080961544519,47.9562941861113,50.715354102091,52.1185261380099,49.1974931108621,45.1262656329587,39.2464819361254,32.3861188921446,27.9064674064513,28.7833573079486,31.5475956143104,36.4943665076204,40.5016878515229,43.5229842877368,43.5229842877368,43.5229842877368,43.5229842877368,43.5229842877368,43.5229842877368,43.5229842877368
152,"CHL","Chile",28.3961030980729,28.3961030980729,28.3961030980729,28.3961030980729,28.3961030980729,36.693561505782,44.9629368163351,51.5249905215365,60.5927533016204,63.5735342093406,64.7432593463452,60.0911069714183,50.6898681626374,43.0887329972007,39.4721795377239,37.5066553031898,29.9088553820666,23.6871391294257,20.1431408173817,20.0334517757456,20.0334517757456,20.0334517757456,20.0334517757456,20.0334517757456,20.0334517757456,20.0334517757456
156,"CHN","China",63.9800168756969,63.9800168756969,63.9800168756969,63.9800168756969,63.9800168756969,70.5231087014439,74.9260455714118,78.8617328081007,72.0236757155691,58.7152892229748,36.206286483634,14.9807158822534,0,0,0,0,5.13355678298586,17.8088063765293,27.8867982325139,37.9938802872123,37.9938802872123,37.9938802872123,37.9938802872123,37.9938802872123,37.9938802872123,37.9938802872123
170,"COL","Colombia",100,100,100,100,100,100,100,100,100,100,100,81.4308054210023,65.358179109264,52.2396743423892,40.899143495356,37.40723122599,30.471311348272,29.1426448831781,23.2128018085161,25.8164502099835,25.8164502099835,25.8164502099835,25.8164502099835,25.8164502099835,25.8164502099835,25.8164502099835
174,"COM","Comoros",42.5702534379029,42.5702534379029,42.5702534379029,42.5702534379029,42.5702534379029,48.2117793747509,53.6662731621261,59.0959472937253,62.6230955906381,65.3087040999137,62.8983852968898,59.7977579841581,55.2365042595312,48.9682032430908,44.6280037968202,45.1249612071131,45.7863362240438,48.4258645972818,51.1658958451977,53.4680698927135,53.4680698927135,53.4680698927135,53.4680698927135,53.4680698927135,53.4680698927135,53.4680698927135
184,"COK","Cook Islands",NA,NA,NA,NA,NA,NA,NA,NA,NA,NA,NA,NA,NA,NA,NA,NA,NA,NA,NA,NA,NA,NA,NA,NA,NA,NA
188,"CRI","Costa Rica",100,100,100,100,100,100,100,49.1449805477573,29.3203292205992,10.0593749324402,0,0,0,0,0,0,14.8874872556455,41.9546051628613,61.7007704313513,86.536345376738,86.536345376738,86.536345376738,86.536345376738,86.536345376738,86.536345376738,86.536345376738
384,"CIV","Cote d'Ivoire",33.3767406911757,33.3767406911757,33.3767406911757,33.3767406911757,33.3767406911757,33.2746033104437,34.5901583113845,37.3749050294362,41.9310728032562,26.2799219633449,12.7242077538253,3.46457727354718,0,0,2.49965332858709,5.32575320193304,4.85775264041304,8.05037554607306,19.3491744107433,15.2407169287787,15.2407169287787,15.2407169287787,15.2407169287787,15.2407169287787,15.2407169287787,15.2407169287787
191,"HRV","Croatia",49.3808789139553,49.3808789139553,49.3808789139553,49.3808789139553,49.3808789139553,49.3808789139553,49.3808789139553,49.3808789139553,49.3808789139553,49.3808789139553,41.9392099722714,34.6411949228189,22.5210808066266,16.8261467352472,19.7924579146982,30.2849521014171,49.1870823141436,72.6935931503213,76.9907398189834,80.6920404341817,80.6920404341817,80.6920404341817,80.6920404341817,80.6920404341817,80.6920404341817,80.6920404341817
192,"CUB","Cuba",100,100,100,100,100,100,97.1356320305875,89.4636016996843,100,100,100,100,100,100,100,100,100,100,100,100,100,100,100,100,100,100
531,"CUW","Curacao",49.7167917315746,49.7167917315746,49.7167917315746,49.7167917315746,49.7167917315746,49.7167917315746,49.7167917315746,49.7167917315746,49.7167917315746,49.7167917315746,49.7167917315746,49.7167917315746,49.7167917315746,49.7167917315746,49.7167917315746,51.0494827285167,52.1178683231098,85.3301853429324,100,100,100,100,100,100,100,100
196,"CYP","Cyprus",0,0,0,0,0,2.28419124689107,14.9985102472487,23.1175438106198,30.4987184623154,42.2094500606347,60.3964569791467,81.5783855504242,100,100,100,100,100,100,100,100,100,100,100,100,100,100
203,"CZE","Czech Republic",100,100,100,100,100,100,100,100,100,85.2418226635366,64.2372338652084,45.9911839653849,33.6558317908408,23.7725584417812,25.3731855755899,32.9692713100894,44.5020901288755,63.2105057979636,78.2966479061879,97.0253576613723,97.0253576613723,97.0253576613723,97.0253576613723,97.0253576613723,97.0253576613723,97.0253576613723
180,"COD","Dem. Rep. Congo",29.4165368362216,29.4165368362216,29.4165368362216,29.4165368362216,29.4165368362216,30.0743622740383,30.2901833464086,30.1304666855644,29.5237821633802,28.8163960220252,27.8314597717291,26.6783825878767,25.5688174694097,24.1827406053242,23.203163432809,25.2712439050426,25.3420288563675,30.7800429534189,35.6564404954413,42.1379309552518,42.1379309552518,42.1379309552518,42.1379309552518,42.1379309552518,42.1379309552518,42.1379309552518
208,"DNK","Denmark",100,100,100,100,100,100,100,100,100,100,100,100,73.5039927041187,61.6559498548565,57.6986529282443,59.2922230212142,66.2078087870993,78.9533564902628,94.4176201418126,100,100,100,100,100,100,100
262,"DJI","Djibouti",55.875216626326,55.875216626326,55.875216626326,55.875216626326,55.875216626326,55.875216626326,64.7423139383723,69.8380546747671,72.9154236451633,77.317244694811,74.7206431688386,73.8530843541584,70.0228070129931,61.7608142493688,55.7050509289317,55.7978285763201,59.3791579396001,61.6157251971948,63.4251938323912,64.1849005680875,64.1849005680875,64.1849005680875,64.1849005680875,64.1849005680875,64.1849005680875,64.1849005680875
212,"DMA","Dominica",45.5049980624782,45.5049980624782,45.5049980624782,45.5049980624782,45.5049980624782,42.5675958856104,41.3251086795714,48.7683453171891,55.4698077693004,55.7370003523294,54.7843881140262,60.3269131227382,42.0286466872852,53.1895539214092,58.6973264812987,47.6201238665186,49.2541745234389,47.5307619946923,46.5727068757051,42.5199293554262,42.5199293554262,42.5199293554262,42.5199293554262,42.5199293554262,42.5199293554262,42.5199293554262
214,"DOM","Dominican Republic",5.53666080345791,5.53666080345791,5.53666080345791,5.53666080345791,5.53666080345791,0,2.62121869599116,0.44731520654824,25.1656097522298,36.5668223197191,53.3423877584599,67.5850024704564,80.6681592640947,100,100,94.6323770133317,98.4063543809207,77.3043300458148,93.2217742493958,91.0264933324615,91.0264933324615,91.0264933324615,91.0264933324615,91.0264933324615,91.0264933324615,91.0264933324615
218,"ECU","Ecuador",88.3318594875785,88.3318594875785,88.3318594875785,88.3318594875785,88.3318594875785,96.0117424051289,95.3966716083666,100,100,100,89.9345624952302,70.427760016955,55.180332009281,40.1211044937295,39.3836968005218,38.2972011403584,40.6133766665085,39.5490105418678,38.5698565414176,34.7424538401003,34.7424538401003,34.7424538401003,34.7424538401003,34.7424538401003,34.7424538401003,34.7424538401003
818,"EGY","Egypt",10.4633110625422,10.4633110625422,10.4633110625422,10.4633110625422,10.4633110625422,8.4453944926409,14.1933926513581,18.3688673895105,26.2238138865678,31.7709059574109,37.5275626827192,37.8907659934943,38.3020561984153,35.6577760332456,28.6033290561481,21.4196465786483,17.2115668596031,12.9543673249168,17.5031873408831,17.9968253428732,17.9968253428732,17.9968253428732,17.9968253428732,17.9968253428732,17.9968253428732,17.9968253428732
222,"SLV","El Salvador",38.5374811555784,38.5374811555784,38.5374811555784,38.5374811555784,38.5374811555784,44.4037231045611,50.0186101433832,51.959903379145,54.0814749876706,56.4220095355567,55.4709601179964,55.6619031953591,82.3776392330365,100,100,100,100,100,100,100,100,100,100,100,100,100
226,"GNQ","Equatorial Guinea",0,0,0,0,0,0,0,0,0,0,0,0,0,0,0,0,9.62237804139281,40.2293232943677,68.3038023709411,76.3433680329009,76.3433680329009,76.3433680329009,76.3433680329009,76.3433680329009,76.3433680329009,76.3433680329009
232,"ERI","Eritrea",100,100,100,100,100,100,100,100,100,100,100,100,100,100,100,100,100,75.9679850336694,49.3741661854686,46.0561099584739,46.0561099584739,46.0561099584739,46.0561099584739,46.0561099584739,46.0561099584739,46.0561099584739
233,"EST","Estonia",65.2219932502109,65.2219932502109,65.2219932502109,65.2219932502109,65.2219932502109,65.2219932502109,65.2219932502109,65.2219932502109,49.5133737376114,37.2440137271667,33.2884983474407,25.673173560692,12.6447618291726,11.1147949995498,23.8278567968732,31.6817503090328,34.0408847483732,35.6045497659646,39.1234952435305,50.8757172214458,50.8757172214458,50.8757172214458,50.8757172214458,50.8757172214458,50.8757172214458,50.8757172214458
748,"SWZ","Eswatini",3.66850257294492,3.66850257294492,3.66850257294492,3.66850257294492,3.66850257294492,5.8972541033755,11.9475725359567,26.6248345623844,43.7058857286097,61.051228291521,83.720574264252,100,100,98.2485326093179,81.9444500201995,76.2593841612461,72.463084121688,69.8314028517341,67.0045169677713,62.6161171592116,62.6161171592116,62.6161171592116,62.6161171592116,62.6161171592116,62.6161171592116,62.6161171592116
231,"ETH","Ethiopia",27.7083710684006,27.7083710684006,27.7083710684006,27.7083710684006,27.7083710684006,30.5758385405732,32.3280352593134,32.4159475592622,32.1024224108443,32.426240256805,33.9310062260297,36.9548275484841,40.5932928001166,42.2116761666837,43.0874761944665,43.0972078370964,42.4122136441059,40.560296191222,36.6858351785138,35.4521491407185,35.4521491407185,35.4521491407185,35.4521491407185,35.4521491407185,35.4521491407185,35.4521491407185
234,"FRO","Faeroe Islands",NA,NA,NA,NA,NA,NA,NA,NA,NA,NA,NA,NA,NA,NA,NA,NA,NA,NA,NA,NA,NA,NA,NA,NA,NA,NA
238,"FLK","Falkland Islands",NA,NA,NA,NA,NA,NA,NA,NA,NA,NA,NA,NA,NA,NA,NA,NA,NA,NA,NA,NA,NA,NA,NA,NA,NA,NA
242,"FJI","Fiji",59.1258840350792,59.1258840350792,59.1258840350792,59.1258840350792,59.1258840350792,57.2423271258671,56.3669159979562,67.6475871470006,88.060136103899,86.1635946589451,90.5181459949446,78.5493401334483,87.2297615862048,98.6089844015281,100,99.0448554863625,80.5459539560035,76.4368869627152,75.5340516774458,67.668177583997,67.668177583997,67.668177583997,67.668177583997,67.668177583997,67.668177583997,67.668177583997
246,"FIN","Finland",100,100,100,100,100,100,100,100,100,82.51308509286,77.6816189254615,69.901113252474,62.9890124904978,60.8808214503174,70.2149444414035,70.1022918002515,73.1100418483013,72.9613121200215,73.628222023451,75.0881200287016,75.0881200287016,75.0881200287016,75.0881200287016,75.0881200287016,75.0881200287016,75.0881200287016
250,"FRA","France",100,100,100,100,100,100,100,100,100,100,100,100,100,91.6086262463685,74.7736731831717,81.1462457110427,92.583340632304,100,100,100,100,100,100,100,100,100
258,"PYF","French Polynesia",NA,NA,NA,NA,NA,NA,NA,NA,NA,NA,NA,NA,NA,NA,NA,NA,NA,NA,NA,NA,NA,NA,NA,NA,NA,NA
266,"GAB","Gabon",18.3944438106773,18.3944438106773,18.3944438106773,18.3944438106773,18.3944438106773,36.5648361505684,50.2377274481036,65.685541933481,74.0979396833692,75.879644567368,74.7714329143355,73.3369764312496,66.0608154560536,58.7488899903817,48.3464916869123,46.489510189296,45.7878755613111,49.170575376446,50.6790059521276,52.9497674917045,52.9497674917045,52.9497674917045,52.9497674917045,52.9497674917045,52.9497674917045,52.9497674917045
270,"GMB","Gambia",37.6278581296414,37.6278581296414,37.6278581296414,37.6278581296414,37.6278581296414,42.8419103164539,47.7609375510128,52.4909321767797,55.8841983704998,58.9861439639496,57.28818924787,54.7259987269883,49.0725995131562,41.3114784675584,35.0206522589036,33.7260082417369,34.5269399224344,36.7128075547654,39.242238507167,42.6127034180015,42.6127034180015,42.6127034180015,42.6127034180015,42.6127034180015,42.6127034180015,42.6127034180015
268,"GEO","Georgia",81.4764715682885,81.4764715682885,81.4764715682885,81.4764715682885,81.4764715682885,89.5751559805932,100,100,100,100,100,100,94.6121325267369,80.6888414618558,63.22192879113,46.0977151322696,40.7163662781716,40.465179444315,31.1479302344752,26.5282071431601,26.5282071431601,26.5282071431601,26.5282071431601,26.5282071431601,26.5282071431601,26.5282071431601
276,"DEU","Germany",100,100,100,100,100,100,100,100,100,100,100,100,100,99.1805218700864,76.8913151321591,72.7896503041325,72.7800352743146,76.0219565634281,80.0702356862571,92.0889255266523,92.0889255266523,92.0889255266523,92.0889255266523,92.0889255266523,92.0889255266523,92.0889255266523
288,"GHA","Ghana",24.3690153018152,24.3690153018152,24.3690153018152,24.3690153018152,24.3690153018152,46.8336061287972,72.5802042154525,100,100,100,100,100,100,100,100,100,82.0754107675963,64.0601808046428,50.0157211660096,41.8696345308057,41.8696345308057,41.8696345308057,41.8696345308057,41.8696345308057,41.8696345308057,41.8696345308057
300,"GRC","Greece",100,100,100,100,100,100,100,100,100,100,100,100,92.2976370800174,83.3494681609949,85.6946492374741,100,100,96.939685990093,81.1816612545266,80.6913213531909,80.6913213531909,80.6913213531909,80.6913213531909,80.6913213531909,80.6913213531909,80.6913213531909
304,"GRL","Greenland",NA,NA,NA,NA,NA,NA,NA,NA,NA,NA,NA,NA,NA,NA,NA,NA,NA,NA,NA,NA,NA,NA,NA,NA,NA,NA
308,"GRD","Grenada",32.4600750226006,32.4600750226006,32.4600750226006,32.4600750226006,32.4600750226006,37.1625378470362,45.3105384660881,53.7599461070238,64.620188580679,69.1203314026439,72.9340519557135,73.9600948789106,64.0912059950903,65.8321371262795,60.6282784463179,48.7731218331145,49.3054893037073,41.8619694366792,37.3173581865675,32.3088663103089,32.3088663103089,32.3088663103089,32.3088663103089,32.3088663103089,32.3088663103089,32.3088663103089
320,"GTM","Guatemala",42.0167759271292,42.0167759271292,42.0167759271292,42.0167759271292,42.0167759271292,34.3026605179196,28.8585062589466,24.5969716666331,24.7147944750557,30.0680166133036,35.1438538728933,42.0136963462231,45.3562982811319,52.6662032567457,45.5658806118769,23.8444855607539,5.54163464127735,0,0,0,0,0,0,0,0,0
831,"GGY","Guernsey",NA,NA,NA,NA,NA,NA,NA,NA,NA,NA,NA,NA,NA,NA,NA,NA,NA,NA,NA,NA,NA,NA,NA,NA,NA,NA
324,"GIN","Guinea",37.3757128163651,37.3757128163651,37.3757128163651,37.3757128163651,37.3757128163651,55.5607579639671,71.754412134609,89.7514731616987,100,100,100,89.442116692128,73.6412553827225,59.1257727772134,47.7051429490941,42.8915645850973,39.5386258827836,38.941133923865,39.5756445676544,41.9991055398855,41.9991055398855,41.9991055398855,41.9991055398855,41.9991055398855,41.9991055398855,41.9991055398855
624,"GNB","Guinea-Bissau",47.9795879000876,47.9795879000876,47.9795879000876,47.9795879000876,47.9795879000876,55.4393533427261,62.9536068133256,70.0724679324478,73.9777661981292,76.3682456644333,74.0984480758873,69.832003395672,62.6274549839085,55.3552459420637,48.8628193559539,48.6760683930521,49.5893323217247,52.3951009910226,54.3800119915775,56.4394771650545,56.4394771650545,56.4394771650545,56.4394771650545,56.4394771650545,56.4394771650545,56.4394771650545
328,"GUY","Guyana",67.2604899305481,67.2604899305481,67.2604899305481,67.2604899305481,67.2604899305481,70.374595972416,74.6668241878589,82.2190211365842,100,100,100,100,96.8301945586523,95.1229179350343,88.2662909910096,73.9019056788118,68.4076541989841,59.9624449347708,53.8072632244698,45.6769160658179,45.6769160658179,45.6769160658179,45.6769160658179,45.6769160658179,45.6769160658179,45.6769160658179
332,"HTI","Haiti",14.5029984929438,14.5029984929438,14.5029984929438,14.5029984929438,14.5029984929438,21.9278322289161,31.2824018301335,25.3408123190718,30.085836993755,43.1431092678431,37.7755399337249,23.6205346258285,7.4326911783298,0,0,0,6.28497898636181,12.2674080139998,25.0916496034196,45.7400451158084,45.7400451158084,45.7400451158084,45.7400451158084,45.7400451158084,45.7400451158084,45.7400451158084
336,"VAT","Holy See",NA,NA,NA,NA,NA,NA,NA,NA,NA,NA,NA,NA,NA,NA,NA,NA,NA,NA,NA,NA,NA,NA,NA,NA,NA,NA
340,"HND","Honduras",55.8366851208862,55.8366851208862,55.8366851208862,55.8366851208862,55.8366851208862,63.7311849404579,68.1042072336609,70.3148537382836,67.341996278031,62.8784842743799,57.4375869141427,52.2203826910514,35.3957992509753,17.8122403025821,22.4531698459124,28.522429443546,28.4816151542898,29.9039093748783,30.001029142544,33.4764432594107,33.4764432594107,33.4764432594107,33.4764432594107,33.4764432594107,33.4764432594107,33.4764432594107
344,"HKG","Hong Kong",0,0,0,0,0,0,16.2282567449713,51.6514318577019,80.6599601649482,100,100,100,100,100,100,100,100,97.2691929348855,62.6148770415937,69.6413681407668,69.6413681407668,69.6413681407668,69.6413681407668,69.6413681407668,69.6413681407668,69.6413681407668
348,"HUN","Hungary",100,100,100,100,100,100,100,100,94.9672017441314,82.4865221656583,68.4125799745505,50.5933100855499,36.8539475665913,21.7854972083575,10.6571786248516,13.2346043759094,26.6493789742995,49.0623175403335,71.7016335871707,94.171051969724,94.171051969724,94.171051969724,94.171051969724,94.171051969724,94.171051969724,94.171051969724
352,"ISL","Iceland",57.4504601887512,57.4504601887512,57.4504601887512,57.4504601887512,57.4504601887512,58.4004072450167,72.9219010203907,76.4255023166075,74.3777531427897,70.441339769579,74.744059444778,85.3280532377395,100,100,100,100,100,100,100,100,100,100,100,100,100,100
356,"IND","India",58.5088167583439,58.5088167583439,58.5088167583439,58.5088167583439,58.5088167583439,59.9257702463032,60.3376159545329,59.3861905888463,59.6504549710439,57.9635224673952,55.5186562957718,52.1048455179368,46.8275978986958,41.8755670481258,32.7924445237116,26.9722094826972,25.8621314344449,25.1280506362543,28.0471565127564,32.1616588227279,32.1616588227279,32.1616588227279,32.1616588227279,32.1616588227279,32.1616588227279,32.1616588227279
360,"IDN","Indonesia",43.1150909503456,43.1150909503456,43.1150909503456,43.1150909503456,43.1150909503456,44.1909771021717,45.1212696389626,47.0632033965777,48.3001429098146,48.9329295309507,51.0535887030537,53.8258912571439,53.7452213453294,56.2839125922171,57.1593410266354,56.739237124595,57.0204846401788,56.9178743079328,56.8510022994787,57.1335093575597,57.1335093575597,57.1335093575597,57.1335093575597,57.1335093575597,57.1335093575597,57.1335093575597
364,"IRN","Iran",37.2499229759895,37.2499229759895,37.2499229759895,37.2499229759895,37.2499229759895,41.3495005891905,41.3941788146613,40.8400528338761,41.8095253522346,36.9081500711982,34.3113719470333,29.5138030272636,22.7351750982738,20.697196157641,22.5882389846123,26.0511263520258,35.3524799699517,46.2809919836756,57.1888095439258,72.8395084801755,72.8395084801755,72.8395084801755,72.8395084801755,72.8395084801755,72.8395084801755,72.8395084801755
368,"IRQ","Iraq",30.4437103826269,30.4437103826269,30.4437103826269,30.4437103826269,30.4437103826269,23.0291124892647,36.3897258885098,33.912489432993,45.8181413031205,32.5055322960061,27.1678894473019,61.1668403027396,68.8668750080284,86.7478909287852,100,100,85.5968954107136,64.4080509889467,60.9368345659689,34.4845434532715,34.4845434532715,34.4845434532715,34.4845434532715,34.4845434532715,34.4845434532715,34.4845434532715
372,"IRL","Ireland",100,100,100,100,100,100,100,100,100,100,100,100,90.2271670137751,69.4262654018708,68.2685591311743,78.8920741311797,94.9613565527565,100,100,100,100,100,100,100,100,100
833,"IMN","Isle of Man",NA,NA,NA,NA,NA,NA,NA,NA,NA,NA,NA,NA,NA,NA,NA,NA,NA,NA,NA,NA,NA,NA,NA,NA,NA,NA
376,"ISR","Israel",9.19568319386273,9.19568319386273,9.19568319386273,9.19568319386273,9.19568319386273,3.76212523365099,5.85981460518386,7.98811147232922,9.81068333325932,20.1744852578989,37.1650042294045,46.8214324960498,45.0141041497191,50.4876700627478,58.8084540923484,55.0454553386452,59.1177387882825,52.8185789996442,44.2808000343922,47.7191414561024,47.7191414561024,47.7191414561024,47.7191414561024,47.7191414561024,47.7191414561024,47.7191414561024
380,"ITA","Italy",100,100,100,100,100,100,100,100,100,100,100,100,100,77.4259523298984,68.9959731471371,73.9695013888651,77.3024497723515,79.0617529934968,77.8995163514521,78.8262832982133,78.8262832982133,78.8262832982133,78.8262832982133,78.8262832982133,78.8262832982133,78.8262832982133
388,"JAM","Jamaica",77.2898108061193,77.2898108061193,77.2898108061193,77.2898108061193,77.2898108061193,73.8391011987371,74.1255825606625,70.5103485502002,65.1530090279657,64.4613988062578,60.3064715416917,35.6357200876932,19.4281317237942,33.7359278572149,46.4042377267946,71.5144670088981,80.9269084611393,81.8930476203742,82.1505306832593,83.3205758318086,83.3205758318086,83.3205758318086,83.3205758318086,83.3205758318086,83.3205758318086,83.3205758318086
392,"JPN","Japan",100,100,100,100,100,100,100,100,100,100,100,100,100,100,100,100,100,100,100,100,100,100,100,100,100,100
832,"JEY","Jersey",NA,NA,NA,NA,NA,NA,NA,NA,NA,NA,NA,NA,NA,NA,NA,NA,NA,NA,NA,NA,NA,NA,NA,NA,NA,NA
400,"JOR","Jordan",35.1180793433432,35.1180793433432,35.1180793433432,35.1180793433432,35.1180793433432,25.844442495857,19.9562151639685,18.1074145048479,18.0895503760961,4.90586293339754,0,0,0,7.00461590087019,23.1593936200146,41.312789011743,58.0441971125522,59.5571811927385,69.6125905463163,67.6580205258979,67.6580205258979,67.6580205258979,67.6580205258979,67.6580205258979,67.6580205258979,67.6580205258979
398,"KAZ","Kazakhstan",80.2937575713376,80.2937575713376,80.2937575713376,80.2937575713376,80.2937575713376,79.7618547801056,94.2911550207335,98.615843931873,74.154002579355,57.7746604203953,34.3447679987275,32.2425187728785,31.7533969742616,13.0103302916618,12.549365684526,7.80271126485849,15.8107917330194,21.5781012240705,26.3428757767267,37.6327931039245,37.6327931039245,37.6327931039245,37.6327931039245,37.6327931039245,37.6327931039245,37.6327931039245
404,"KEN","Kenya",37.8001192524868,37.8001192524868,37.8001192524868,37.8001192524868,37.8001192524868,38.37970072164,38.5254330260268,38.177009158402,39.1522759751154,39.5073533512572,38.4001906579358,35.9480349005732,33.9666441646213,32.7373605155784,30.2165951937361,27.095367119743,26.8639630710932,27.1442608239319,28.3017645265538,30.8680429004698,30.8680429004698,30.8680429004698,30.8680429004698,30.8680429004698,30.8680429004698,30.8680429004698
296,"KIR","Kiribati",44.2256469041835,44.2256469041835,44.2256469041835,44.2256469041835,44.2256469041835,41.5073870692663,43.1485271424378,45.4309988592166,54.0555985815988,61.0275172276827,70.9113575091976,64.4295611942478,67.3747658485143,66.9188900361314,69.1916920172976,66.4608094238292,65.9095074400667,62.5349893615398,60.9344044818449,59.015613709561,59.015613709561,59.015613709561,59.015613709561,59.015613709561,59.015613709561,59.015613709561
689,"XKX","Kosovo",33.6205661140353,33.6205661140353,33.6205661140353,33.6205661140353,33.6205661140353,33.6205661140353,33.6205661140353,33.6205661140353,33.6205661140353,33.6205661140353,33.6205661140353,33.6205661140353,33.6205661140353,33.6205661140353,33.6205661140353,33.8600654288576,30.3836820933628,32.0028826841603,37.1910017755438,48.3104882223709,48.3104882223709,48.3104882223709,48.3104882223709,48.3104882223709,48.3104882223709,48.3104882223709
414,"KWT","Kuwait",69.2130310655135,69.2130310655135,69.2130310655135,69.2130310655135,69.2130310655135,69.2130310655135,69.2130310655135,69.0864983105836,49.5493956871555,26.795908840258,0,0,0,0,0,0,0,0,0,7.34132607626225,7.34132607626225,7.34132607626225,7.34132607626225,7.34132607626225,7.34132607626225,7.34132607626225
417,"KGZ","Kyrgyzstan",74.7385773909601,74.7385773909601,74.7385773909601,74.7385773909601,74.7385773909601,75.8368280362011,76.6485560853037,73.8915305086274,64.094553676668,65.7655196371475,64.1067992400332,58.2516933680926,42.3736000202325,26.0559444197448,10.8979028903378,3.08554115673776,0,0,0,0,0,0,0,0,0,0
418,"LAO","Laos",48.6023506687223,48.6023506687223,48.6023506687223,48.6023506687223,48.6023506687223,49.3167651631293,52.521211110954,56.8982872365788,64.9934117153985,72.7836970786035,90.3952831488248,87.6851170573127,91.811990741619,92.9845497444365,88.6645279015424,80.8583142869666,77.5363181339634,74.4103982156545,72.2815802713401,68.818933663172,68.818933663172,68.818933663172,68.818933663172,68.818933663172,68.818933663172,68.818933663172
428,"LVA","Latvia",30.7367999040382,30.7367999040382,30.7367999040382,30.7367999040382,30.7367999040382,30.7367999040382,30.7367999040382,30.7367999040382,30.7367999040382,22.0640152912008,14.6027721316201,7.13757927467722,0,3.68021954687731,16.9497569688423,36.1254980305188,55.746562480933,74.281220972987,83.7066945732575,96.6694035975606,96.6694035975606,96.6694035975606,96.6694035975606,96.6694035975606,96.6694035975606,96.6694035975606
422,"LBN","Lebanon",4.83236777429062,4.83236777429062,4.83236777429062,4.83236777429062,4.83236777429062,42.213992638245,67.8751697088693,96.7154480182851,100,99.9570873104668,81.9788728431853,76.1889725897707,69.9958543491871,63.9225655862993,52.2275187936407,56.281129774416,59.7909393683322,57.8284691641773,61.5454067782235,58.0006948526463,58.0006948526463,58.0006948526463,58.0006948526463,58.0006948526463,58.0006948526463,58.0006948526463
426,"LSO","Lesotho",57.7270191729854,57.7270191729854,57.7270191729854,57.7270191729854,57.7270191729854,65.1613704665056,73.0418974473034,83.2293784552666,95.1785922668915,100,98.716164097377,87.180629646551,76.8069587750513,59.6401070012581,46.8351070787543,38.0880500222323,35.334890234425,36.8529805983375,41.3269670869547,46.9696713723379,46.9696713723379,46.9696713723379,46.9696713723379,46.9696713723379,46.9696713723379,46.9696713723379
430,"LBR","Liberia",39.2067338583505,39.2067338583505,39.2067338583505,39.2067338583505,39.2067338583505,39.2067338583505,39.2067338583505,39.2067338583505,39.2067338583505,39.2067338583505,39.2067338583505,39.2067338583505,39.2067338583505,39.2067338583505,39.2067338583505,36.3678740479231,33.0013162353059,32.8787487943629,34.7229163089379,38.5646858867056,38.5646858867056,38.5646858867056,38.5646858867056,38.5646858867056,38.5646858867056,38.5646858867056
434,"LBY","Libya",73.1516114528283,73.1516114528283,73.1516114528283,73.1516114528283,73.1516114528283,73.1516114528283,73.1516114528283,73.1516114528283,73.1516114528283,73.1516114528283,73.1516114528283,73.1516114528283,73.1516114528283,73.1516114528283,64.3375441390544,44.9715383439916,74.9913061391516,75.5927121935165,72.6008716568642,68.8702927516059,68.8702927516059,68.8702927516059,68.8702927516059,68.8702927516059,68.8702927516059,68.8702927516059
438,"LIE","Liechtenstein",NA,NA,NA,NA,NA,NA,NA,NA,NA,NA,NA,NA,NA,NA,NA,NA,NA,NA,NA,NA,NA,NA,NA,NA,NA,NA
440,"LTU","Lithuania",35.0480985757429,35.0480985757429,35.0480985757429,35.0480985757429,35.0480985757429,35.0480985757429,35.0480985757429,35.0480985757429,35.0480985757429,35.0480985757429,31.7599471994506,26.6437440408895,12.3789083302985,0,0,9.29444598705574,20.4467948828629,33.2219813240202,52.1733864282343,72.0829460572122,72.0829460572122,72.0829460572122,72.0829460572122,72.0829460572122,72.0829460572122,72.0829460572122
442,"LUX","Luxembourg",100,100,100,100,100,100,100,100,100,100,100,90.0560547131777,55.1010574281887,31.219216714445,24.8249097076539,37.5615234191684,49.6311874418438,71.2124370158152,100,100,100,100,100,100,100,100
446,"MAC","Macao",34.2544501493508,34.2544501493508,34.2544501493508,34.2544501493508,34.2544501493508,35.3830161303897,37.9567067908519,58.7465625068363,98.6916571925563,86.825536647975,100,100,100,100,100,100,100,100,100,88.082333668093,88.082333668093,88.082333668093,88.082333668093,88.082333668093,88.082333668093,88.082333668093
450,"MDG","Madagascar",31.2156012935019,31.2156012935019,31.2156012935019,31.2156012935019,31.2156012935019,36.4898611957032,42.5129907133997,50.3098005141481,55.9709993402987,60.6017588590627,60.8281761473939,59.5098558995415,55.133532159322,48.3435253577487,42.6849020754636,41.9504287546302,42.3974901906573,45.6613387168048,48.0588817001814,49.9404957016487,49.9404957016487,49.9404957016487,49.9404957016487,49.9404957016487,49.9404957016487,49.9404957016487
454,"MWI","Malawi",59.0708209355159,59.0708209355159,59.0708209355159,59.0708209355159,59.0708209355159,61.0649201480303,62.294719682654,64.3462621035727,65.7721107951551,68.1015491673321,67.1936666753527,64.8190851758853,60.0326751207809,52.2287089744254,45.2946239537831,43.2567938690333,42.6310818694993,43.9390444333387,45.0766578979834,46.452548282925,46.452548282925,46.452548282925,46.452548282925,46.452548282925,46.452548282925,46.452548282925
458,"MYS","Malaysia",32.1384752240847,32.1384752240847,32.1384752240847,32.1384752240847,32.1384752240847,36.0263571349054,35.571210976554,34.4074543561325,34.7087795111416,30.564975046123,33.3177441099786,32.1725396529073,22.2318652925427,29.5705604932533,44.4178478047595,51.9314337562038,54.9031213887205,60.2667808515671,57.8135397244668,52.694356098723,52.694356098723,52.694356098723,52.694356098723,52.694356098723,52.694356098723,52.694356098723
462,"MDV","Maldives",19.9508481920992,19.9508481920992,19.9508481920992,19.9508481920992,19.9508481920992,19.9508481920992,19.9508481920992,19.9508481920992,19.9508481920992,19.9508481920992,37.7238202329821,34.8063441522531,45.4142546182288,53.335032890323,49.9524982395417,39.1872694129463,23.0372314627406,5.12827491566124,2.74940347230222,0,0,0,0,0,0,0
466,"MLI","Mali",41.0652248224898,41.0652248224898,41.0652248224898,41.0652248224898,41.0652248224898,45.6322799932877,50.7549634639031,56.4277284363011,60.5038922003401,63.9237033131958,62.5158633341367,59.1933279988843,53.3737641838825,45.0288955449203,38.2004227039208,36.6687472483106,36.7769200421431,39.0612915890466,41.5872821738825,44.2439569087231,44.2439569087231,44.2439569087231,44.2439569087231,44.2439569087231,44.2439569087231,44.2439569087231
470,"MLT","Malta",100,100,100,100,100,100,100,100,100,100,100,100,100,91.5466593268567,9.38497150682379,0,0,0,12.252080923744,20.7298328164619,20.7298328164619,20.7298328164619,20.7298328164619,20.7298328164619,20.7298328164619,20.7298328164619
584,"MHL","Marshall Islands",57.6836415591637,57.6836415591637,57.6836415591637,57.6836415591637,57.6836415591637,56.8679160421137,57.6227766804473,62.4423976897021,72.183044065592,71.0432491264692,84.4743457110777,84.1589462823023,100,100,100,100,86.3817086523507,74.6543315732493,63.2190596414368,48.468653169662,48.468653169662,48.468653169662,48.468653169662,48.468653169662,48.468653169662,48.468653169662
478,"MRT","Mauritania",70.3519505529577,70.3519505529577,70.3519505529577,70.3519505529577,70.3519505529577,86.3082079077242,100,100,100,100,80.4663606708213,66.8633011169123,45.2872059132036,37.9297642658,31.8003915799244,32.5884371801857,32.4046949622523,34.2282452179527,37.3650302053529,41.5328752677546,41.5328752677546,41.5328752677546,41.5328752677546,41.5328752677546,41.5328752677546,41.5328752677546
480,"MUS","Mauritius",47.6704656960078,47.6704656960078,47.6704656960078,47.6704656960078,47.6704656960078,8.12296538397713,0,0,0,0,0,0,0.923933284141285,32.0840376017446,62.955251734137,67.8546514875574,72.5116860068073,82.8105643241578,96.069041593568,97.3499365608328,97.3499365608328,97.3499365608328,97.3499365608328,97.3499365608328,97.3499365608328,97.3499365608328
484,"MEX","Mexico",59.5569631520018,59.5569631520018,59.5569631520018,59.5569631520018,59.5569631520018,61.4226943289968,64.4828686508832,65.8184990532995,65.9602307127462,64.0305487536178,63.6814053447698,60.7674049951226,55.1708870931906,48.2960181278082,47.5295137447644,45.8547556851633,50.0859726873524,57.346731407742,67.4653356142375,81.2528355844507,81.2528355844507,81.2528355844507,81.2528355844507,81.2528355844507,81.2528355844507,81.2528355844507
583,"FSM","Micronesia",39.0543934592716,39.0543934592716,39.0543934592716,39.0543934592716,39.0543934592716,35.071395933397,29.8619137851238,40.0024048827546,62.0982989346487,74.5426991837254,100,100,100,100,100,100,100,95.0269079392411,91.1282089374123,77.8265734917448,77.8265734917448,77.8265734917448,77.8265734917448,77.8265734917448,77.8265734917448,77.8265734917448
498,"MDA","Moldova",74.1648327120399,74.1648327120399,74.1648327120399,74.1648327120399,74.1648327120399,74.1648327120399,74.1648327120399,74.1648327120399,74.1648327120399,74.1648327120399,64.7513767531748,53.5070154694147,38.4787211621702,26.7656601795686,38.7602587510667,46.1692817142672,49.642313864096,56.3792548907349,54.1551209003809,54.3310826250547,54.3310826250547,54.3310826250547,54.3310826250547,54.3310826250547,54.3310826250547,54.3310826250547
492,"MCO","Monaco",NA,NA,NA,NA,NA,NA,NA,NA,NA,NA,NA,NA,NA,NA,NA,NA,NA,NA,NA,NA,NA,NA,NA,NA,NA,NA
496,"MNG","Mongolia",100,100,100,100,100,100,76.4148831832771,65.8162351070164,48.5124166483495,41.7982971104841,25.6899094830316,17.7316931951739,6.46475345967622,4.14933886031004,0,0,0,0,0,11.9526202469605,11.9526202469605,11.9526202469605,11.9526202469605,11.9526202469605,11.9526202469605,11.9526202469605
499,"MNE","Montenegro",68.3711833050934,68.3711833050934,68.3711833050934,68.3711833050934,68.3711833050934,68.3711833050934,68.3711833050934,68.3711833050934,68.3711833050934,68.3711833050934,68.3711833050934,68.3711833050934,45.6728818367939,22.7660153952424,7.61489485945653,0,15.3525255374528,37.1238036805859,67.66767237403,100,100,100,100,100,100,100
504,"MAR","Morocco",41.1722812359094,41.1722812359094,41.1722812359094,41.1722812359094,41.1722812359094,45.7300656737126,48.7099682376866,50.0741066714576,49.8032183184073,47.8835792633003,45.2367339407012,43.6499180640787,42.6508278890086,39.8036001072579,36.6341115906125,35.2164260395794,33.2229636991343,33.5280899601051,34.8746641661805,37.5669989423585,37.5669989423585,37.5669989423585,37.5669989423585,37.5669989423585,37.5669989423585,37.5669989423585
508,"MOZ","Mozambique",28.3109123199191,28.3109123199191,28.3109123199191,28.3109123199191,28.3109123199191,18.7806165747216,14.925905588562,13.2880074192446,13.0995288609047,16.9836436767039,24.4971315682769,34.489138901798,46.1478241054291,43.8698739771785,40.8754059669605,38.7908998722871,37.2377318503795,40.5951119432073,42.6161728038209,46.0842296325813,46.0842296325813,46.0842296325813,46.0842296325813,46.0842296325813,46.0842296325813,46.0842296325813
104,"MMR","Myanmar",52.2818927360011,52.2818927360011,52.2818927360011,52.2818927360011,52.2818927360011,51.8478848297904,54.5350573756288,55.6329019959819,55.4404890372285,51.7923904762573,46.0877405204573,44.8576856853007,45.3824384401276,49.5350282245375,54.8689932012373,60.1236931111865,65.9486330485734,67.7721815009223,65.612341140886,62.1246136173014,62.1246136173014,62.1246136173014,62.1246136173014,62.1246136173014,62.1246136173014,62.1246136173014
516,"NAM","Namibia",0,0,0,0,0,0,0,11.2162654051497,25.7263904718969,43.6614174723862,60.1681798997438,64.4301149037992,68.6897861355865,66.0778692712731,61.9299547976838,63.7154874381873,46.8238652860455,36.2572438309881,19.6442175317118,15.4420925399577,15.4420925399577,15.4420925399577,15.4420925399577,15.4420925399577,15.4420925399577,15.4420925399577
520,"NRU","Nauru",NA,NA,NA,NA,NA,NA,NA,NA,NA,NA,NA,NA,NA,NA,NA,NA,NA,NA,NA,NA,NA,NA,NA,NA,NA,NA
524,"NPL","Nepal",41.6868867218826,41.6868867218826,41.6868867218826,41.6868867218826,41.6868867218826,38.5485687333201,35.9453083126217,33.8217910341026,32.6477798227302,32.2125620936637,32.5372012644709,34.4871751908911,37.0007082964152,39.5488325301344,42.48980450699,43.3526133995189,44.2593401759873,52.1350490078092,59.1800000336608,65.8252335433262,65.8252335433262,65.8252335433262,65.8252335433262,65.8252335433262,65.8252335433262,65.8252335433262
528,"NLD","Netherlands",100,100,100,100,100,100,100,100,100,100,100,100,100,66.1894290436571,50.9680098281144,52.6394702149345,54.7468206162248,62.85856989149,72.7388711949086,85.1318250055665,85.1318250055665,85.1318250055665,85.1318250055665,85.1318250055665,85.1318250055665,85.1318250055665
540,"NCL","New Caledonia",NA,NA,NA,NA,NA,NA,NA,NA,NA,NA,NA,NA,NA,NA,NA,NA,NA,NA,NA,NA,NA,NA,NA,NA,NA,NA
554,"NZL","New Zealand",51.4855619480685,51.4855619480685,51.4855619480685,51.4855619480685,51.4855619480685,60.9928503218317,73.6162559301254,78.3043296933678,82.7978907993852,78.1009903601174,65.6162837043803,56.4206294809186,48.3743526690827,45.8586206032406,54.6568596900333,64.0986035516732,72.9236700450217,77.106687103158,78.7546039002436,78.1139033957932,78.1139033957932,78.1139033957932,78.1139033957932,78.1139033957932,78.1139033957932,78.1139033957932
558,"NIC","Nicaragua",43.7997059113605,43.7997059113605,43.7997059113605,43.7997059113605,43.7997059113605,43.396395166245,46.8524369674644,50.2293264575148,56.2146228818967,58.4467952951687,61.837923330782,65.8309651729545,66.2930258364525,66.5702784872411,65.7163111230324,63.0648973115866,62.9193124510643,59.3345240187417,56.4001253649285,52.1266139208782,52.1266139208782,52.1266139208782,52.1266139208782,52.1266139208782,52.1266139208782,52.1266139208782
562,"NER","Niger",20.4001241371531,20.4001241371531,20.4001241371531,20.4001241371531,20.4001241371531,19.2947258774329,18.3511016039175,17.6263561494052,16.7041769701006,15.7350982859246,15.4191522403205,16.3263186427071,17.5797913726508,19.7493785591036,22.0946764884272,20.3437680938988,35.3597530858057,44.10497591553,31.8420168429819,23.5494468530061,23.5494468530061,23.5494468530061,23.5494468530061,23.5494468530061,23.5494468530061,23.5494468530061
566,"NGA","Nigeria",42.4754908607301,42.4754908607301,42.4754908607301,42.4754908607301,42.4754908607301,43.7596996878491,43.7768362826264,42.9262043567639,41.2244489617857,40.2930040756073,39.9849330143206,39.777007021808,39.4364653427312,39.6431679101962,40.5112810154173,39.6523639695153,39.0427392163448,37.8470447053194,36.5979203679428,37.1222890756909,37.1222890756909,37.1222890756909,37.1222890756909,37.1222890756909,37.1222890756909,37.1222890756909
570,"NIU","Niue",NA,NA,NA,NA,NA,NA,NA,NA,NA,NA,NA,NA,NA,NA,NA,NA,NA,NA,NA,NA,NA,NA,NA,NA,NA,NA
408,"PRK","North Korea",NA,NA,NA,NA,NA,NA,NA,NA,NA,NA,NA,NA,NA,NA,NA,NA,NA,NA,NA,NA,NA,NA,NA,NA,NA,NA
807,"MKD","North Macedonia",48.553573656376,48.553573656376,48.553573656376,48.553573656376,48.553573656376,68.1639998144784,100,100,100,100,100,100,72.2531898631473,63.1763007950782,42.7093723804627,23.6396799076628,32.3480224197384,44.4937227232823,49.8843919539933,58.882526955365,58.882526955365,58.882526955365,58.882526955365,58.882526955365,58.882526955365,58.882526955365
578,"NOR","Norway",100,100,100,100,100,100,100,100,100,100,100,99.3954026976904,85.735598174519,76.5710006272503,66.8192627079184,65.659443427771,69.020749799508,72.521409405976,80.5233024486813,100,100,100,100,100,100,100
512,"OMN","Oman",38.1628315761461,38.1628315761461,38.1628315761461,38.1628315761461,38.1628315761461,43.2846432284385,48.7625675635349,59.1155341942179,74.0793660195974,92.6290433845922,100,100,97.5260061964717,68.1538365233957,48.6623204484564,24.146644756344,0,0,0,0,0,0,0,0,0,0
586,"PAK","Pakistan",31.0683511852617,31.0683511852617,31.0683511852617,31.0683511852617,31.0683511852617,32.5049046079491,34.9847766576896,37.5152382739863,38.4242008090239,39.3884021403177,41.5561680225914,42.9517011910147,42.990751875455,45.0158787789938,45.9182241070474,48.210851265734,50.9034414657658,54.0653144292142,56.1398012285408,57.3541150176919,57.3541150176919,57.3541150176919,57.3541150176919,57.3541150176919,57.3541150176919,57.3541150176919
585,"PLW","Palau",92.5275225328348,92.5275225328348,92.5275225328348,92.5275225328348,92.5275225328348,92.5275225328348,92.5275225328348,92.5275225328348,92.5275225328348,92.5275225328348,92.5275225328348,92.5275225328348,92.5275225328348,92.5275225328348,92.5275225328348,100,81.9485500119,58.2912982269079,33.5031343770035,6.32282824432271,6.32282824432271,6.32282824432271,6.32282824432271,6.32282824432271,6.32282824432271,6.32282824432271
591,"PAN","Panama",30.221700241656,30.221700241656,30.221700241656,30.221700241656,30.221700241656,34.2037789047966,36.8420532106244,40.0605699455625,49.9482144261684,50.7745300003335,58.1231175247251,55.8386171219914,57.9366569434308,43.094633157727,27.8686161110255,20.7383481412729,11.9916016278174,11.1902552141924,24.2293645614616,32.1857166557841,32.1857166557841,32.1857166557841,32.1857166557841,32.1857166557841,32.1857166557841,32.1857166557841
598,"PNG","Papua New Guinea",31.7985084816463,31.7985084816463,31.7985084816463,31.7985084816463,31.7985084816463,29.2873536186368,27.6518469373815,30.3174724221691,38.4647825291549,41.2510679738265,52.9643614630703,56.1683380929846,55.9966004923156,56.7375195736783,58.7298974104185,60.9745116600535,59.1033449002966,56.7892367344854,54.3267726093575,49.7664325785473,49.7664325785473,49.7664325785473,49.7664325785473,49.7664325785473,49.7664325785473,49.7664325785473
600,"PRY","Paraguay",58.418533455576,58.418533455576,58.418533455576,58.418533455576,58.418533455576,68.1903230264345,73.9222347034862,81.4382991067926,88.0021273162623,97.9633581065704,100,100,100,98.9403977727671,88.1361803154193,81.1051918362775,75.0140770460716,74.7778656916695,78.1508088050659,81.0206656628161,81.0206656628161,81.0206656628161,81.0206656628161,81.0206656628161,81.0206656628161,81.0206656628161
604,"PER","Peru",78.0956222748007,78.0956222748007,78.0956222748007,78.0956222748007,78.0956222748007,82.035329078346,98.3688258553018,100,100,100,92.6345595706208,77.2743416045154,64.2818379670575,62.0719378201196,45.8806559263683,26.2475388136264,16.5112094044274,17.1972261029228,17.2524010356768,16.5974502120905,16.5974502120905,16.5974502120905,16.5974502120905,16.5974502120905,16.5974502120905,16.5974502120905
608,"PHL","Philippines",75.4649197594731,75.4649197594731,75.4649197594731,75.4649197594731,75.4649197594731,86.7076640812313,100,100,100,100,100,100,100,100,100,100,100,94.6244752943655,77.286232602768,66.379334289056,66.379334289056,66.379334289056,66.379334289056,66.379334289056,66.379334289056,66.379334289056
616,"POL","Poland",100,100,100,100,100,100,100,100,100,100,100,72.7594614542423,52.1533262715396,35.7709830851481,21.5680137779313,15.5361853888669,16.3937434592561,25.749094515305,44.2625119949415,66.1607067221472,66.1607067221472,66.1607067221472,66.1607067221472,66.1607067221472,66.1607067221472,66.1607067221472
620,"PRT","Portugal",100,100,100,100,100,100,100,100,100,100,100,100,100,100,100,100,100,100,100,94.2389950789377,94.2389950789377,94.2389950789377,94.2389950789377,94.2389950789377,94.2389950789377,94.2389950789377
634,"QAT","Qatar",12.4535886716683,12.4535886716683,12.4535886716683,12.4535886716683,12.4535886716683,9.52877638405336,13.9314219537341,7.64781346001831,5.39259864021064,2.04093971347368,0,0,0,0,0,0,0,0,0,0,0,0,0,0,0,0
178,"COG","Republic of Congo",100,100,100,100,100,100,100,100,79.1543721990025,51.769465790131,21.5376132141476,0,0,0,0,0,0,0,0,0,0,0,0,0,0,0
642,"ROU","Romania",95.1543334515246,95.1543334515246,95.1543334515246,95.1543334515246,95.1543334515246,100,100,100,100,100,100,92.7811270775802,57.1175618013982,21.6789733254966,14.0837085109394,15.9358474081586,26.1707652921994,34.426803232232,50.2572327335837,62.4259194672208,62.4259194672208,62.4259194672208,62.4259194672208,62.4259194672208,62.4259194672208,62.4259194672208
643,"RUS","Russia",74.2981337624743,74.2981337624743,74.2981337624743,74.2981337624743,74.2981337624743,76.070510873172,81.568506489213,88.0870505908474,78.5996573302405,63.2510280440824,51.058341752183,44.9573616391645,43.3328674653745,45.9423224723401,53.2280540446305,60.3671383047798,65.5199746659322,77.145935005754,95.1145065731489,100,100,100,100,100,100,100
646,"RWA","Rwanda",74.8561387481799,74.8561387481799,74.8561387481799,74.8561387481799,74.8561387481799,63.1194596175868,47.7441318345132,38.0887772631076,35.2026721363535,40.2923192699368,46.5514714764715,53.4105492407126,56.5803468975198,54.7977398255798,51.0261397759793,50.0197733705404,48.8486812437891,49.3771054589219,50.4355054569577,51.8548162256286,51.8548162256286,51.8548162256286,51.8548162256286,51.8548162256286,51.8548162256286,51.8548162256286
652,"BLM","Saint Barthelemy",NA,NA,NA,NA,NA,NA,NA,NA,NA,NA,NA,NA,NA,NA,NA,NA,NA,NA,NA,NA,NA,NA,NA,NA,NA,NA
659,"KNA","Saint Kitts and Nevis",10.8581488074058,10.8581488074058,10.8581488074058,10.8581488074058,10.8581488074058,11.6758062931443,0,0,0,0,0,0,0,0,7.1854871797732,16.5770810746978,22.1988809171482,20.4840975664955,21.5813268183842,16.421850838598,16.421850838598,16.421850838598,16.421850838598,16.421850838598,16.421850838598,16.421850838598
662,"LCA","Saint Lucia",24.4117267097379,24.4117267097379,24.4117267097379,24.4117267097379,24.4117267097379,33.7260968297232,44.2064138147107,57.661686941037,70.1132040971281,75.7917018920525,77.7494996828426,75.8216560034654,67.5017789114814,70.8230555836219,68.8698728694302,58.6638762370254,52.9553435699342,45.1753295766099,38.4732373768924,30.1674063445667,30.1674063445667,30.1674063445667,30.1674063445667,30.1674063445667,30.1674063445667,30.1674063445667
670,"VCT","Saint Vincent and the Grenadines",19.5770025555529,19.5770025555529,19.5770025555529,19.5770025555529,19.5770025555529,29.0231480416902,38.0557036010862,48.1456318782485,56.2742579645175,51.4697374057887,51.6631888054077,53.089979338416,48.1601121839755,52.9814162785069,51.9519832869552,49.5349537039179,52.559336485211,47.6625322393403,46.1350876123751,36.2401693265688,36.2401693265688,36.2401693265688,36.2401693265688,36.2401693265688,36.2401693265688,36.2401693265688
882,"WSM","Samoa",58.5885089824675,58.5885089824675,58.5885089824675,58.5885089824675,58.5885089824675,59.6683218365112,61.6716018452291,67.7699199573801,81.5579130633456,89.5982951783503,100,100,100,100,100,93.4971379445488,76.6570099052941,68.3082141345396,62.5700041526227,55.4600876116228,55.4600876116228,55.4600876116228,55.4600876116228,55.4600876116228,55.4600876116228,55.4600876116228
674,"SMR","San Marino",NA,NA,NA,NA,NA,NA,NA,NA,NA,NA,NA,NA,NA,NA,NA,NA,NA,NA,NA,NA,NA,NA,NA,NA,NA,NA
678,"STP","Sao Tome and Principe",52.7073742323286,52.7073742323286,52.7073742323286,52.7073742323286,52.7073742323286,58.1829971844233,63.1160193257641,66.8716747618908,68.3194253919206,68.3673262464692,63.1048497552127,57.8459115870088,51.2860017382481,44.0341094539952,39.2136692635819,40.3104997872609,41.7914057874945,44.6827375220486,47.6593510970167,50.6857324256489,50.6857324256489,50.6857324256489,50.6857324256489,50.6857324256489,50.6857324256489,50.6857324256489
682,"SAU","Saudi Arabia",83.3779999617843,83.3779999617843,83.3779999617843,83.3779999617843,83.3779999617843,89.8131423941546,84.012483301402,73.2197086496436,60.0564653679692,39.0322319570197,33.4046930160926,20.5465464321247,5.529489705955,0,0,0,0,0,1.90521339975133,6.2544678966531,6.2544678966531,6.2544678966531,6.2544678966531,6.2544678966531,6.2544678966531,6.2544678966531
686,"SEN","Senegal",34.3643787675522,34.3643787675522,34.3643787675522,34.3643787675522,34.3643787675522,31.1994646500637,28.9404609848066,25.7079867461534,26.1013483616084,29.0423430687981,34.9320100020687,39.1205292808747,34.4022262831716,25.715647355157,1.93950192091823,0,0,0,0,7.99225771784535,7.99225771784535,7.99225771784535,7.99225771784535,7.99225771784535,7.99225771784535,7.99225771784535
688,"SRB","Serbia",49.6300354732422,49.6300354732422,49.6300354732422,49.6300354732422,49.6300354732422,49.6300354732422,49.6300354732422,49.6300354732422,49.6300354732422,49.6300354732422,56.626964882395,49.1956331730985,37.8426968111912,33.477829477646,43.7434077838298,57.9500573686388,65.0843424628032,70.5892500061078,78.2573706678154,89.5378380113643,89.5378380113643,89.5378380113643,89.5378380113643,89.5378380113643,89.5378380113643,89.5378380113643
690,"SYC","Seychelles",0,0,0,0,0,0,0,0,0,0,0,4.58269519401603,21.5156370745545,30.4319169365334,33.9366532943963,46.3987188336638,54.4057319303211,71.9997467327581,100,93.2765080214447,93.2765080214447,93.2765080214447,93.2765080214447,93.2765080214447,93.2765080214447,93.2765080214447
694,"SLE","Sierra Leone",75.5586804245919,75.5586804245919,75.5586804245919,75.5586804245919,75.5586804245919,77.231756289265,78.4795211802279,75.7642977637757,70.0098346775585,64.2628342033918,55.7829226232816,47.0574824570315,39.5199382036928,33.0485893557751,30.8117526646458,35.0707229003618,39.31965844469,45.0889599617211,49.5285152208912,52.8123924044913,52.8123924044913,52.8123924044913,52.8123924044913,52.8123924044913,52.8123924044913,52.8123924044913
702,"SGP","Singapore",80.9003446674204,80.9003446674204,80.9003446674204,80.9003446674204,80.9003446674204,95.2441363094431,74.1251035303351,66.4846082316081,61.2180613774725,51.3517779254738,38.5207119346035,34.596174828972,32.549064395646,35.115378687989,39.4931189737505,37.7661050008672,30.5205186323283,27.9223681023109,28.8217961452788,31.454829972002,31.454829972002,31.454829972002,31.454829972002,31.454829972002,31.454829972002,31.454829972002
534,"SXM","Sint Maarten",NA,NA,NA,NA,NA,NA,NA,NA,NA,NA,NA,NA,NA,NA,NA,NA,NA,NA,NA,NA,NA,NA,NA,NA,NA,NA
703,"SVK","Slovakia",100,100,100,100,100,100,100,100,100,100,100,85.9956062960097,60.0062680567088,30.74998759797,15.8247973235575,7.8720020356383,9.66194848286074,14.7568071682228,36.0069405715819,61.6153938983149,61.6153938983149,61.6153938983149,61.6153938983149,61.6153938983149,61.6153938983149,61.6153938983149
705,"SVN","Slovenia",0,0,0,0,0,0,0.526886994692561,29.9167115508997,53.3574368959199,68.1672675859255,73.4809824045673,57.398022189377,36.6934014106781,8.78844952929221,1.56410924385668,1.37282256615661,1.99849419177386,16.8484646753154,41.713663771662,66.4208801514795,66.4208801514795,66.4208801514795,66.4208801514795,66.4208801514795,66.4208801514795,66.4208801514795
90,"SLB","Solomon Islands",48.7322106449149,48.7322106449149,48.7322106449149,48.7322106449149,48.7322106449149,45.8962399065562,44.4937453230889,48.3154253712621,58.6991173039435,65.1618132390679,76.2817538967654,77.1504499525159,81.3254546541623,84.5644358118765,85.2560468860005,80.1373934573768,74.127718612646,70.6669206636776,67.3893502911033,63.8980530175458,63.8980530175458,63.8980530175458,63.8980530175458,63.8980530175458,63.8980530175458,63.8980530175458
706,"SOM","Somalia",NA,NA,NA,NA,NA,NA,NA,NA,NA,NA,NA,NA,NA,NA,NA,NA,NA,NA,NA,NA,NA,NA,NA,NA,NA,NA
710,"ZAF","South Africa",73.5046422995305,73.5046422995305,73.5046422995305,73.5046422995305,73.5046422995305,80.5098290818361,76.6012013514142,69.9171972416438,55.5652740733173,39.0180365378477,23.067217948142,9.14388753206499,0,0,0,10.6448027234175,29.3684186959329,38.3847368499577,43.5155955554472,49.0877849888871,49.0877849888871,49.0877849888871,49.0877849888871,49.0877849888871,49.0877849888871,49.0877849888871
410,"KOR","South Korea",100,100,100,100,100,100,100,100,100,100,100,100,83.7368852568489,100,100,100,100,100,100,100,100,100,100,100,100,100
728,"SSD","South Sudan",NA,NA,NA,NA,NA,NA,NA,NA,NA,NA,NA,NA,NA,NA,NA,NA,NA,NA,NA,NA,NA,NA,NA,NA,NA,NA
724,"ESP","Spain",100,100,100,100,100,100,100,100,100,100,100,79.8819127586378,62.9367440704273,55.3709801676073,58.9214373135914,72.753421813125,95.6043039135552,100,100,100,100,100,100,100,100,100
144,"LKA","Sri Lanka",44.2862012302005,44.2862012302005,44.2862012302005,44.2862012302005,44.2862012302005,44.1519575573102,45.3926616700798,46.2382397554724,47.2725181876263,50.9320527362762,54.7716040911863,54.8478457540516,55.6322965958652,58.7508574339725,60.3981336431503,57.2661175340517,55.8406461041376,50.5525081174472,55.2403533988988,59.4589895927036,59.4589895927036,59.4589895927036,59.4589895927036,59.4589895927036,59.4589895927036,59.4589895927036
275,"PSE","State of Palestine",NA,NA,NA,NA,NA,NA,NA,NA,NA,NA,NA,NA,NA,NA,NA,NA,NA,NA,NA,NA,NA,NA,NA,NA,NA,NA
729,"SDN","Sudan",38.0054433388105,38.0054433388105,38.0054433388105,38.0054433388105,38.0054433388105,32.9316194213165,31.446308204557,31.3211467099496,38.6569544002406,33.1716299529791,27.4121843809739,15.5684215784252,10.0243621900817,7.64046321081837,9.66934671805831,14.4937465231439,22.4113988978677,46.206714035895,68.9531662724805,87.6682258503846,87.6682258503846,87.6682258503846,87.6682258503846,87.6682258503846,87.6682258503846,87.6682258503846
740,"SUR","Suriname",98.1086730125118,98.1086730125118,98.1086730125118,98.1086730125118,98.1086730125118,100,100,100,100,100,94.1241632766756,80.7612734846197,62.4279629283224,61.9687965189709,58.3745657504317,50.1449781566442,59.1536261459902,62.3905685192625,68.189393327098,68.7028128739336,68.7028128739336,68.7028128739336,68.7028128739336,68.7028128739336,68.7028128739336,68.7028128739336
752,"SWE","Sweden",100,100,100,100,100,100,100,100,100,100,100,100,100,100,93.8503476956213,77.208898474524,79.0077513755744,84.3004200033898,90.2532186759602,100,100,100,100,100,100,100
756,"CHE","Switzerland",100,100,100,100,100,100,100,100,100,100,100,100,100,96.1405342105582,74.0677611988122,74.5922621058538,83.9792478518625,98.8455836879211,100,100,100,100,100,100,100,100
760,"SYR","Syria",NA,NA,NA,NA,NA,NA,NA,NA,NA,NA,NA,NA,NA,NA,NA,NA,NA,NA,NA,NA,NA,NA,NA,NA,NA,NA
158,"TWN","Taiwan",33.4692727547466,33.4692727547466,33.4692727547466,33.4692727547466,33.4692727547466,28.9184630673694,27.9051199547554,26.2353209057963,25.8472817953176,26.0142320125786,30.6463032371011,37.193294223551,44.4080257058013,52.9500030169492,60.9978363065013,62.24042760511,63.8510691243802,67.8404847369148,73.4492478698484,78.7557120114681,78.7557120114681,78.7557120114681,78.7557120114681,78.7557120114681,78.7557120114681,78.7557120114681
762,"TJK","Tajikistan",75.2567350891147,75.2567350891147,75.2567350891147,75.2567350891147,75.2567350891147,75.2311832203414,75.4167666607618,67.4841262009429,54.8827695151786,51.0896568212835,47.423982467236,43.4891589782887,37.7127741318259,31.1058057648311,28.2034040955611,27.1367411607439,27.8969725338685,29.3766209924732,30.7609826823322,34.3908637912414,34.3908637912414,34.3908637912414,34.3908637912414,34.3908637912414,34.3908637912414,34.3908637912414
834,"TZA","Tanzania",35.7913794228386,35.7913794228386,35.7913794228386,35.7913794228386,35.7913794228386,29.4330866425528,23.9263920655399,19.2163052131638,16.1987440829776,15.2732319728807,15.2925783939073,16.9634282565923,21.6800515814556,24.8679981398318,27.753033663633,28.3071582271421,28.811676921398,27.7579293001616,26.817098206089,28.6203471135102,28.6203471135102,28.6203471135102,28.6203471135102,28.6203471135102,28.6203471135102,28.6203471135102
764,"THA","Thailand",35.9557028877504,35.9557028877504,35.9557028877504,35.9557028877504,35.9557028877504,47.7122122335864,59.9129536685669,66.9669072024938,66.9106124125271,60.57830669586,48.122703855157,33.1640663204901,19.9519289835979,22.545803267196,22.5443320247371,25.8207585481395,36.5806552492586,42.8701820582844,44.8319738243293,42.5779056352919,42.5779056352919,42.5779056352919,42.5779056352919,42.5779056352919,42.5779056352919,42.5779056352919
626,"TLS","Timor-Leste",60.3017155875338,60.3017155875338,60.3017155875338,60.3017155875338,60.3017155875338,60.3017155875338,60.3017155875338,60.3017155875338,60.3017155875338,60.3017155875338,60.3017155875338,60.3017155875338,60.3017155875338,60.3017155875338,60.3017155875338,66.3280283404048,72.886895450629,72.782594704919,70.4231790271553,66.3504836350545,66.3504836350545,66.3504836350545,66.3504836350545,66.3504836350545,66.3504836350545,66.3504836350545
768,"TGO","Togo",36.201749884644,36.201749884644,36.201749884644,36.201749884644,36.201749884644,26.5492010436111,25.1240810293624,23.8538263010832,22.8918302893449,23.8778017503768,26.2116911391163,23.4369771225957,27.7228384949157,35.4271885652843,17.168750137554,5.10866100571077,2.49846074084822,3.90878671906307,3.97339064746642,11.180590377952,11.180590377952,11.180590377952,11.180590377952,11.180590377952,11.180590377952,11.180590377952
776,"TON","Tonga",67.724815049766,67.724815049766,67.724815049766,67.724815049766,67.724815049766,70.7775103354975,70.9721347265412,84.3318030508635,100,100,100,100,100,100,100,100,100,100,97.642995762635,87.5374322932872,87.5374322932872,87.5374322932872,87.5374322932872,87.5374322932872,87.5374322932872,87.5374322932872
780,"TTO","Trinidad and Tobago",61.7481443851251,61.7481443851251,61.7481443851251,61.7481443851251,61.7481443851251,60.2702467589284,58.4093046936971,49.6235329695688,47.1565194442908,46.8772857683748,41.189647882661,28.7265965360724,23.9096883851745,20.9125322095027,23.8627578694892,28.9015228040958,43.4419975698577,57.8505514231333,68.2866265850363,85.8539199720591,85.8539199720591,85.8539199720591,85.8539199720591,85.8539199720591,85.8539199720591,85.8539199720591
788,"TUN","Tunisia",19.8849612459642,19.8849612459642,19.8849612459642,19.8849612459642,19.8849612459642,19.6591515473351,20.2270736548768,24.1612656518636,25.5875406608911,27.9193019493042,30.5527165556672,34.5680180636853,36.9258462823332,41.1529942686498,38.7914051606764,43.0480923818071,53.1329392162691,62.9582928089275,71.0050640213883,76.5043067171203,76.5043067171203,76.5043067171203,76.5043067171203,76.5043067171203,76.5043067171203,76.5043067171203
792,"TUR","Turkey",78.0612685694864,78.0612685694864,78.0612685694864,78.0612685694864,78.0612685694864,77.2200070380918,82.4080667442686,82.7962462795994,71.1506750171107,66.1509348681666,56.5514498747809,36.6826202849479,18.0232464061386,9.12036926747065,5.29442725017387,0.174144787359708,10.4025390583043,16.0531321293611,30.3629702675046,50.1501284371256,50.1501284371256,50.1501284371256,50.1501284371256,50.1501284371256,50.1501284371256,50.1501284371256
795,"TKM","Turkmenistan",79.5678779996022,79.5678779996022,79.5678779996022,79.5678779996022,79.5678779996022,59.4138400458725,22.0244924785958,0,0,0,0,5.53805775234935,19.2350403060166,19.7259228612341,24.631166974684,29.3195339073417,34.7367636199592,36.0509905878275,27.4808963889389,20.9714908478757,20.9714908478757,20.9714908478757,20.9714908478757,20.9714908478757,20.9714908478757,20.9714908478757
796,"TCA","Turks and Caicos Islands",NA,NA,NA,NA,NA,NA,NA,NA,NA,NA,NA,NA,NA,NA,NA,NA,NA,NA,NA,NA,NA,NA,NA,NA,NA,NA
798,"TUV","Tuvalu",NA,NA,NA,NA,NA,NA,NA,NA,NA,NA,NA,NA,NA,NA,NA,NA,NA,NA,NA,NA,NA,NA,NA,NA,NA,NA
800,"UGA","Uganda",35.6895186012827,35.6895186012827,35.6895186012827,35.6895186012827,35.6895186012827,41.473445058519,47.2696995139724,53.3214639264668,57.5588083256752,61.1392919327911,59.193357658205,55.1403812415306,48.3826336033112,39.9290489267361,33.3043834881131,32.0162584649768,32.1315130912653,34.48553164066,37.0831870176852,40.0336758538094,40.0336758538094,40.0336758538094,40.0336758538094,40.0336758538094,40.0336758538094,40.0336758538094
804,"UKR","Ukraine",78.6608142468283,78.6608142468283,78.6608142468283,78.6608142468283,78.6608142468283,79.3685570266903,83.7627255868732,100,100,100,100,100,100,79.2737876332095,77.8677271122532,72.2183625192085,76.4925830223707,81.3254381463041,84.0398574612024,80.8894715827388,80.8894715827388,80.8894715827388,80.8894715827388,80.8894715827388,80.8894715827388,80.8894715827388
784,"ARE","United Arab Emirates",68.6514066834721,68.6514066834721,68.6514066834721,68.6514066834721,68.6514066834721,75.0656950836317,79.7923485245861,71.8911790519851,55.7132152296056,41.5294886898504,28.4557068346385,15.9382516418493,8.2938219979973,5.08598643559412,12.864569964839,22.1611743812992,39.1373428988219,55.5068624239018,64.719648811473,74.4175406330661,74.4175406330661,74.4175406330661,74.4175406330661,74.4175406330661,74.4175406330661,74.4175406330661
826,"GBR","United Kingdom",100,100,100,100,100,100,100,100,100,100,100,100,100,100,100,100,100,100,100,100,100,100,100,100,100,100
840,"USA","United States of America",100,100,100,100,100,100,100,100,100,100,91.6264820854516,74.6114524838859,64.8788058196383,61.5616986471701,67.1278894551173,71.2802390402976,76.5119167459894,100,100,100,100,100,100,100,100,100
858,"URY","Uruguay",66.9958647226242,66.9958647226242,66.9958647226242,66.9958647226242,66.9958647226242,81.7243979045509,99.6801116726018,100,100,95.6017342830126,86.5847362508508,77.7831717356974,74.2076598032751,48.3672539474132,21.3011558508984,0,0,0,0,3.28275016737392,3.28275016737392,3.28275016737392,3.28275016737392,3.28275016737392,3.28275016737392,3.28275016737392
860,"UZB","Uzbekistan",70.027961970186,70.027961970186,70.027961970186,70.027961970186,70.027961970186,71.4626898656816,65.2985802728926,69.8086969928433,68.3469577057536,69.6570833212646,95.5022824728197,100,100,100,100,100,100,100,100,97.211439659536,97.211439659536,97.211439659536,97.211439659536,97.211439659536,97.211439659536,97.211439659536
548,"VUT","Vanuatu",33.5315316015755,33.5315316015755,33.5315316015755,33.5315316015755,33.5315316015755,33.8689466316289,35.8126152183986,42.2139645484321,53.7298646192351,63.9859629390857,80.1986530563742,85.0710929003471,78.3836524068164,74.040550944989,67.6269456250013,62.0514160843495,53.1034950979234,45.3153642331197,39.4324602684609,37.5261477178101,37.5261477178101,37.5261477178101,37.5261477178101,37.5261477178101,37.5261477178101,37.5261477178101
862,"VEN","Venezuela",100,100,100,100,100,100,100,100,100,90.3924727027097,77.3619674148267,63.8987857497879,40.7048654986094,26.1399926837732,25.7162075654996,15.8922482598083,23.0054954688598,24.7579983309935,50.2211590659231,61.2725584206838,61.2725584206838,61.2725584206838,61.2725584206838,61.2725584206838,61.2725584206838,61.2725584206838
704,"VNM","Viet Nam",31.8413646964947,31.8413646964947,31.8413646964947,31.8413646964947,31.8413646964947,34.2305998905419,36.4398844820789,38.3417767463301,30.8339199338681,27.054096159337,26.116574712805,29.3345495589553,29.4315968919043,28.7286028217797,27.5827714574862,28.3420098216836,32.3148163255135,39.8411325291449,44.9151797194882,46.3402401920719,46.3402401920719,46.3402401920719,46.3402401920719,46.3402401920719,46.3402401920719,46.3402401920719
876,"WLF","Wallis and Futuna Islands",NA,NA,NA,NA,NA,NA,NA,NA,NA,NA,NA,NA,NA,NA,NA,NA,NA,NA,NA,NA,NA,NA,NA,NA,NA,NA
732,"ESH","Western Sahara",NA,NA,NA,NA,NA,NA,NA,NA,NA,NA,NA,NA,NA,NA,NA,NA,NA,NA,NA,NA,NA,NA,NA,NA,NA,NA
887,"YEM","Yemen",6.92688148981325,6.92688148981325,6.92688148981325,6.92688148981325,6.92688148981325,9.26434719973291,0,0,4.98326824981325,3.89950779358567,9.59315041453263,25.7338685780374,50.3182546247197,71.7588196328135,78.5336748088279,90.5721652187312,100,100,100,100,100,100,100,100,100,100
894,"ZMB","Zambia",48.9809720333217,48.9809720333217,48.9809720333217,48.9809720333217,48.9809720333217,47.93150855979,45.9211161922029,43.282363016369,42.0830786062451,40.4250846856028,37.3852956365927,36.4091999287696,37.65532789345,38.4333882932489,38.9223700551554,38.6944313093525,37.3639061683722,35.1707988035886,32.9618086958668,33.1430648005427,33.1430648005427,33.1430648005427,33.1430648005427,33.1430648005427,33.1430648005427,33.1430648005427
716,"ZWE","Zimbabwe",50.5259325714252,50.5259325714252,50.5259325714252,50.5259325714252,50.5259325714252,50.7086082113328,53.8547481604189,57.9019509246402,61.7479159270865,68.7587376425659,72.1117595898822,69.0417180764165,66.1809043836891,65.4350234939343,57.9771786245688,51.3584531163635,44.1359463908429,37.3741364256982,31.002733759882,30.6927550562451,30.6927550562451,30.6927550562451,30.6927550562451,30.6927550562451,30.6927550562451,30.6927550562451
