"code","iso","country","BHV.ind.1995","BHV.ind.1996","BHV.ind.1997","BHV.ind.1998","BHV.ind.1999","BHV.ind.2000","BHV.ind.2001","BHV.ind.2002","BHV.ind.2003","BHV.ind.2004","BHV.ind.2005","BHV.ind.2006","BHV.ind.2007","BHV.ind.2008","BHV.ind.2009","BHV.ind.2010","BHV.ind.2011","BHV.ind.2012","BHV.ind.2013","BHV.ind.2014","BHV.ind.2015","BHV.ind.2016","BHV.ind.2017","BHV.ind.2018","BHV.ind.2019","BHV.ind.2020"
4,"AFG","Afghanistan",57.5452,57.5452,57.5452,57.5452,57.5452,57.5452,57.5452,57.5452,57.5452,57.5452,57.5452,57.58406,57.62292,57.66178,57.70064,57.7395,57.72398,57.70846,57.69294,57.67742,57.6619,57.6619,57.6619,57.6619,57.6619,57.6619
8,"ALB","Albania",39.1044,39.1044,39.1044,39.1044,39.1044,39.1044,39.1044,39.1044,39.1044,39.1044,39.1044,39.32924,39.55408,39.77892,40.00376,40.2286,40.11284,39.99708,39.88132,39.76556,39.6498,39.6498,39.6498,39.6498,39.6498,39.6498
12,"DZA","Algeria",75.4039,75.4039,75.4039,75.4039,75.4039,75.4039,75.4039,75.4039,75.4039,75.4039,75.4039,75.38232,75.36074,75.33916,75.31758,75.296,75.31416,75.33232,75.35048,75.36864,75.3868,75.3868,75.3868,75.3868,75.3868,75.3868
20,"AND","Andorra",56.0573,56.0573,56.0573,56.0573,56.0573,56.0573,56.0573,56.0573,56.0573,56.0573,56.0573,56.04068,56.02406,56.00744,55.99082,55.9742,56.0422,56.1102,56.1782,56.2462,56.3142,56.3142,56.3142,56.3142,56.3142,56.3142
24,"AGO","Angola",67.4155,67.4155,67.4155,67.4155,67.4155,67.4155,67.4155,67.4155,67.4155,67.4155,67.4155,67.3811,67.3467,67.3123,67.2779,67.2435,67.2435,67.2435,67.2435,67.2435,67.2435,67.2435,67.2435,67.2435,67.2435,67.2435
660,"AIA","Anguilla",28.753,28.753,28.753,28.753,28.753,28.753,28.753,28.753,28.753,28.753,28.753,28.67632,28.59964,28.52296,28.44628,28.3696,28.17354,27.97748,27.78142,27.58536,27.3893,27.3893,27.3893,27.3893,27.3893,27.3893
28,"ATG","Antigua and Barbuda",35.881,35.881,35.881,35.881,35.881,35.881,35.881,35.881,35.881,35.881,35.881,35.73532,35.58964,35.44396,35.29828,35.1526,34.92074,34.68888,34.45702,34.22516,33.9933,33.9933,33.9933,33.9933,33.9933,33.9933
32,"ARG","Argentina",57.7564,57.7564,57.7564,57.7564,57.7564,57.7564,57.7564,57.7564,57.7564,57.7564,57.7564,57.98256,58.20872,58.43488,58.66104,58.8872,58.89658,58.90596,58.91534,58.92472,58.9341,58.9341,58.9341,58.9341,58.9341,58.9341
51,"ARM","Armenia",48.7247,48.7247,48.7247,48.7247,48.7247,48.7247,48.7247,48.7247,48.7247,48.7247,48.7247,48.67104,48.61738,48.56372,48.51006,48.4564,48.35982,48.26324,48.16666,48.07008,47.9735,47.9735,47.9735,47.9735,47.9735,47.9735
533,"ABW","Aruba",40.4203,40.4203,40.4203,40.4203,40.4203,40.4203,40.4203,40.4203,40.4203,40.4203,40.4203,40.27724,40.13418,39.99112,39.84806,39.705,39.74618,39.78736,39.82854,39.86972,39.9109,39.9109,39.9109,39.9109,39.9109,39.9109
36,"AUS","Australia",72.9343,72.9343,72.9343,72.9343,72.9343,72.9343,72.9343,72.9343,72.9343,72.9343,72.9343,73.03332,73.13234,73.23136,73.33038,73.4294,73.42944,73.42948,73.42952,73.42956,73.4296,73.4296,73.4296,73.4296,73.4296,73.4296
40,"AUT","Austria",54.9464,54.9464,54.9464,54.9464,54.9464,54.9464,54.9464,54.9464,54.9464,54.9464,54.9464,54.97138,54.99636,55.02134,55.04632,55.0713,54.98966,54.90802,54.82638,54.74474,54.6631,54.6631,54.6631,54.6631,54.6631,54.6631
31,"AZE","Azerbaijan",45.2128,45.2128,45.2128,45.2128,45.2128,45.2128,45.2128,45.2128,45.2128,45.2128,45.2128,45.07438,44.93596,44.79754,44.65912,44.5207,44.50094,44.48118,44.46142,44.44166,44.4219,44.4219,44.4219,44.4219,44.4219,44.4219
44,"BHS","Bahamas",63.0338,63.0338,63.0338,63.0338,63.0338,63.0338,63.0338,63.0338,63.0338,63.0338,63.0338,63.10134,63.16888,63.23642,63.30396,63.3715,63.16262,62.95374,62.74486,62.53598,62.3271,62.3271,62.3271,62.3271,62.3271,62.3271
48,"BHR","Bahrain",69.4342,69.4342,69.4342,69.4342,69.4342,69.4342,69.4342,69.4342,69.4342,69.4342,69.4342,69.43206,69.42992,69.42778,69.42564,69.4235,69.4733,69.5231,69.5729,69.6227,69.6725,69.6725,69.6725,69.6725,69.6725,69.6725
50,"BGD","Bangladesh",43.5868,43.5868,43.5868,43.5868,43.5868,43.5868,43.5868,43.5868,43.5868,43.5868,43.5868,43.57372,43.56064,43.54756,43.53448,43.5214,43.74978,43.97816,44.20654,44.43492,44.6633,44.6633,44.6633,44.6633,44.6633,44.6633
52,"BRB","Barbados",40.0589,40.0589,40.0589,40.0589,40.0589,40.0589,40.0589,40.0589,40.0589,40.0589,40.0589,40.0222,39.9855,39.9488,39.9121,39.8754,39.7389,39.6024,39.4659,39.3294,39.1929,39.1929,39.1929,39.1929,39.1929,39.1929
112,"BLR","Belarus",55.3608,55.3608,55.3608,55.3608,55.3608,55.3608,55.3608,55.3608,55.3608,55.3608,55.3608,55.3745,55.3882,55.4019,55.4156,55.4293,55.36722,55.30514,55.24306,55.18098,55.1189,55.1189,55.1189,55.1189,55.1189,55.1189
56,"BEL","Belgium",44.4041,44.4041,44.4041,44.4041,44.4041,44.4041,44.4041,44.4041,44.4041,44.4041,44.4041,44.39056,44.37702,44.36348,44.34994,44.3364,44.23326,44.13012,44.02698,43.92384,43.8207,43.8207,43.8207,43.8207,43.8207,43.8207
84,"BLZ","Belize",59.713,59.713,59.713,59.713,59.713,59.713,59.713,59.713,59.713,59.713,59.713,59.44892,59.18484,58.92076,58.65668,58.3926,58.14502,57.89744,57.64986,57.40228,57.1547,57.1547,57.1547,57.1547,57.1547,57.1547
204,"BEN","Benin",50.0231,50.0231,50.0231,50.0231,50.0231,50.0231,50.0231,50.0231,50.0231,50.0231,50.0231,50.05902,50.09494,50.13086,50.16678,50.2027,50.2027,50.2027,50.2027,50.2027,50.2027,50.2027,50.2027,50.2027,50.2027,50.2027
60,"BMU","Bermuda",29.3519,29.3519,29.3519,29.3519,29.3519,29.3519,29.3519,29.3519,29.3519,29.3519,29.3519,29.33636,29.32082,29.30528,29.28974,29.2742,29.1876,29.101,29.0144,28.9278,28.8412,28.8412,28.8412,28.8412,28.8412,28.8412
64,"BTN","Bhutan",52.0246,52.0246,52.0246,52.0246,52.0246,52.0246,52.0246,52.0246,52.0246,52.0246,52.0246,52.01326,52.00192,51.99058,51.97924,51.9679,52.03964,52.11138,52.18312,52.25486,52.3266,52.3266,52.3266,52.3266,52.3266,52.3266
68,"BOL","Bolivia",66.2773,66.2773,66.2773,66.2773,66.2773,66.2773,66.2773,66.2773,66.2773,66.2773,66.2773,66.24942,66.22154,66.19366,66.16578,66.1379,66.06428,65.99066,65.91704,65.84342,65.7698,65.7698,65.7698,65.7698,65.7698,65.7698
70,"BIH","Bosnia and Herzegovina",48.9359,48.9359,48.9359,48.9359,48.9359,48.9359,48.9359,48.9359,48.9359,48.9359,48.9359,49.0528,49.1697,49.2866,49.4035,49.5204,49.41962,49.31884,49.21806,49.11728,49.0165,49.0165,49.0165,49.0165,49.0165,49.0165
72,"BWA","Botswana",73.1765,73.1765,73.1765,73.1765,73.1765,73.1765,73.1765,73.1765,73.1765,73.1765,73.1765,73.04384,72.91118,72.77852,72.64586,72.5132,72.5132,72.5132,72.5132,72.5132,72.5132,72.5132,72.5132,72.5132,72.5132,72.5132
76,"BRA","Brazil",63.6185,63.6185,63.6185,63.6185,63.6185,63.6185,63.6185,63.6185,63.6185,63.6185,63.6185,63.5755,63.5325,63.4895,63.4465,63.4035,63.34416,63.28482,63.22548,63.16614,63.1068,63.1068,63.1068,63.1068,63.1068,63.1068
92,"VGB","British Virgin Islands",33.4799,33.4799,33.4799,33.4799,33.4799,33.4799,33.4799,33.4799,33.4799,33.4799,33.4799,33.42518,33.37046,33.31574,33.26102,33.2063,33.0109,32.8155,32.6201,32.4247,32.2293,32.2293,32.2293,32.2293,32.2293,32.2293
96,"BRN","Brunei Darussalam",62.6384,62.6384,62.6384,62.6384,62.6384,62.6384,62.6384,62.6384,62.6384,62.6384,62.6384,62.44378,62.24916,62.05454,61.85992,61.6653,61.1,60.5347,59.9694,59.4041,58.8388,58.8388,58.8388,58.8388,58.8388,58.8388
100,"BGR","Bulgaria",45.5699,45.5699,45.5699,45.5699,45.5699,45.5699,45.5699,45.5699,45.5699,45.5699,45.5699,45.58344,45.59698,45.61052,45.62406,45.6376,45.47308,45.30856,45.14404,44.97952,44.815,44.815,44.815,44.815,44.815,44.815
854,"BFA","Burkina Faso",52.9553,52.9553,52.9553,52.9553,52.9553,52.9553,52.9553,52.9553,52.9553,52.9553,52.9553,52.969,52.9827,52.9964,53.0101,53.0238,53.0238,53.0238,53.0238,53.0238,53.0238,53.0238,53.0238,53.0238,53.0238,53.0238
108,"BDI","Burundi",48.6543,48.6543,48.6543,48.6543,48.6543,48.6543,48.6543,48.6543,48.6543,48.6543,48.6543,48.63132,48.60834,48.58536,48.56238,48.5394,48.5394,48.5394,48.5394,48.5394,48.5394,48.5394,48.5394,48.5394,48.5394,48.5394
132,"CPV","Cabo Verde",45.5833,45.5833,45.5833,45.5833,45.5833,45.5833,45.5833,45.5833,45.5833,45.5833,45.5833,45.49742,45.41154,45.32566,45.23978,45.1539,45.1539,45.1539,45.1539,45.1539,45.1539,45.1539,45.1539,45.1539,45.1539,45.1539
116,"KHM","Cambodia",50.0816,50.0816,50.0816,50.0816,50.0816,50.0816,50.0816,50.0816,50.0816,50.0816,50.0816,50.23376,50.38592,50.53808,50.69024,50.8424,50.4954,50.1484,49.8014,49.4544,49.1074,49.1074,49.1074,49.1074,49.1074,49.1074
120,"CMR","Cameroon",63.2158,63.2158,63.2158,63.2158,63.2158,63.2158,63.2158,63.2158,63.2158,63.2158,63.2158,63.19856,63.18132,63.16408,63.14684,63.1296,63.12958,63.12956,63.12954,63.12952,63.1295,63.1295,63.1295,63.1295,63.1295,63.1295
124,"CAN","Canada",82.2702,82.2702,82.2702,82.2702,82.2702,82.2702,82.2702,82.2702,82.2702,82.2702,82.2702,82.26138,82.25256,82.24374,82.23492,82.2261,82.25272,82.27934,82.30596,82.33258,82.3592,82.3592,82.3592,82.3592,82.3592,82.3592
136,"CYM","Cayman Islands",43.9008,43.9008,43.9008,43.9008,43.9008,43.9008,43.9008,43.9008,43.9008,43.9008,43.9008,43.8578,43.8148,43.7718,43.7288,43.6858,43.57362,43.46144,43.34926,43.23708,43.1249,43.1249,43.1249,43.1249,43.1249,43.1249
140,"CAF","Central African Republic",66.1288,66.1288,66.1288,66.1288,66.1288,66.1288,66.1288,66.1288,66.1288,66.1288,66.1288,66.00398,65.87916,65.75434,65.62952,65.5047,65.5047,65.5047,65.5047,65.5047,65.5047,65.5047,65.5047,65.5047,65.5047,65.5047
148,"TCD","Chad",67.0723,67.0723,67.0723,67.0723,67.0723,67.0723,67.0723,67.0723,67.0723,67.0723,67.0723,67.0729,67.0735,67.0741,67.0747,67.0753,67.06466,67.05402,67.04338,67.03274,67.0221,67.0221,67.0221,67.0221,67.0221,67.0221
152,"CHL","Chile",68.4897,68.4897,68.4897,68.4897,68.4897,68.4897,68.4897,68.4897,68.4897,68.4897,68.4897,68.5496,68.6095,68.6694,68.7293,68.7892,68.70244,68.61568,68.52892,68.44216,68.3554,68.3554,68.3554,68.3554,68.3554,68.3554
156,"CHN","China",57.7392,57.7392,57.7392,57.7392,57.7392,57.7392,57.7392,57.7392,57.7392,57.7392,57.7392,57.7393,57.7394,57.7395,57.7396,57.7397,57.71794,57.69618,57.67442,57.65266,57.6309,57.6309,57.6309,57.6309,57.6309,57.6309
170,"COL","Colombia",58.2004,58.2004,58.2004,58.2004,58.2004,58.2004,58.2004,58.2004,58.2004,58.2004,58.2004,57.9987,57.797,57.5953,57.3936,57.1919,57.0384,56.8849,56.7314,56.5779,56.4244,56.4244,56.4244,56.4244,56.4244,56.4244
174,"COM","Comoros",35.6354,35.6354,35.6354,35.6354,35.6354,35.6354,35.6354,35.6354,35.6354,35.6354,35.6354,35.63786,35.64032,35.64278,35.64524,35.6477,35.6477,35.6477,35.6477,35.6477,35.6477,35.6477,35.6477,35.6477,35.6477,35.6477
184,"COK","Cook Islands",65.9935,65.9935,65.9935,65.9935,65.9935,65.9935,65.9935,65.9935,65.9935,65.9935,65.9935,66.06004,66.12658,66.19312,66.25966,66.3262,66.3262,66.3262,66.3262,66.3262,66.3262,66.3262,66.3262,66.3262,66.3262,66.3262
188,"CRI","Costa Rica",45.5573,45.5573,45.5573,45.5573,45.5573,45.5573,45.5573,45.5573,45.5573,45.5573,45.5573,45.3448,45.1323,44.9198,44.7073,44.4948,44.27536,44.05592,43.83648,43.61704,43.3976,43.3976,43.3976,43.3976,43.3976,43.3976
384,"CIV","Cote d'Ivoire",49.9017,49.9017,49.9017,49.9017,49.9017,49.9017,49.9017,49.9017,49.9017,49.9017,49.9017,49.83322,49.76474,49.69626,49.62778,49.5593,49.5593,49.5593,49.5593,49.5593,49.5593,49.5593,49.5593,49.5593,49.5593,49.5593
191,"HRV","Croatia",42.5819,42.5819,42.5819,42.5819,42.5819,42.5819,42.5819,42.5819,42.5819,42.5819,42.5819,42.69726,42.81262,42.92798,43.04334,43.1587,43.03836,42.91802,42.79768,42.67734,42.557,42.557,42.557,42.557,42.557,42.557
192,"CUB","Cuba",48.9579,48.9579,48.9579,48.9579,48.9579,48.9579,48.9579,48.9579,48.9579,48.9579,48.9579,49.1891,49.4203,49.6515,49.8827,50.1139,50.11154,50.10918,50.10682,50.10446,50.1021,50.1021,50.1021,50.1021,50.1021,50.1021
531,"CUW","Curacao",43.3203,43.3203,43.3203,43.3203,43.3203,43.3203,43.3203,43.3203,43.3203,43.3203,43.3203,43.18606,43.05182,42.91758,42.78334,42.6491,42.50806,42.36702,42.22598,42.08494,41.9439,41.9439,41.9439,41.9439,41.9439,41.9439
196,"CYP","Cyprus",36.233,36.233,36.233,36.233,36.233,36.233,36.233,36.233,36.233,36.233,36.233,36.28532,36.33764,36.38996,36.44228,36.4946,36.48564,36.47668,36.46772,36.45876,36.4498,36.4498,36.4498,36.4498,36.4498,36.4498
203,"CZE","Czech Republic",49.3519,49.3519,49.3519,49.3519,49.3519,49.3519,49.3519,49.3519,49.3519,49.3519,49.3519,49.407,49.4621,49.5172,49.5723,49.6274,49.47798,49.32856,49.17914,49.02972,48.8803,48.8803,48.8803,48.8803,48.8803,48.8803
180,"COD","Dem. Rep. Congo",74.5233,74.5233,74.5233,74.5233,74.5233,74.5233,74.5233,74.5233,74.5233,74.5233,74.5233,74.42206,74.32082,74.21958,74.11834,74.0171,74.0171,74.0171,74.0171,74.0171,74.0171,74.0171,74.0171,74.0171,74.0171,74.0171
208,"DNK","Denmark",45.4096,45.4096,45.4096,45.4096,45.4096,45.4096,45.4096,45.4096,45.4096,45.4096,45.4096,45.3663,45.323,45.2797,45.2364,45.1931,45.04668,44.90026,44.75384,44.60742,44.461,44.461,44.461,44.461,44.461,44.461
262,"DJI","Djibouti",64.3289,64.3289,64.3289,64.3289,64.3289,64.3289,64.3289,64.3289,64.3289,64.3289,64.3289,64.32666,64.32442,64.32218,64.31994,64.3177,64.3177,64.3177,64.3177,64.3177,64.3177,64.3177,64.3177,64.3177,64.3177,64.3177
212,"DMA","Dominica",46.2925,46.2925,46.2925,46.2925,46.2925,46.2925,46.2925,46.2925,46.2925,46.2925,46.2925,46.3108,46.3291,46.3474,46.3657,46.384,45.97498,45.56596,45.15694,44.74792,44.3389,44.3389,44.3389,44.3389,44.3389,44.3389
214,"DOM","Dominican Republic",44.4405,44.4405,44.4405,44.4405,44.4405,44.4405,44.4405,44.4405,44.4405,44.4405,44.4405,44.52986,44.61922,44.70858,44.79794,44.8873,44.72672,44.56614,44.40556,44.24498,44.0844,44.0844,44.0844,44.0844,44.0844,44.0844
218,"ECU","Ecuador",50.2488,50.2488,50.2488,50.2488,50.2488,50.2488,50.2488,50.2488,50.2488,50.2488,50.2488,50.10306,49.95732,49.81158,49.66584,49.5201,49.4017,49.2833,49.1649,49.0465,48.9281,48.9281,48.9281,48.9281,48.9281,48.9281
818,"EGY","Egypt",77.0924,77.0924,77.0924,77.0924,77.0924,77.0924,77.0924,77.0924,77.0924,77.0924,77.0924,77.08886,77.08532,77.08178,77.07824,77.0747,77.07282,77.07094,77.06906,77.06718,77.0653,77.0653,77.0653,77.0653,77.0653,77.0653
222,"SLV","El Salvador",44.3278,44.3278,44.3278,44.3278,44.3278,44.3278,44.3278,44.3278,44.3278,44.3278,44.3278,44.41954,44.51128,44.60302,44.69476,44.7865,44.76344,44.74038,44.71732,44.69426,44.6712,44.6712,44.6712,44.6712,44.6712,44.6712
226,"GNQ","Equatorial Guinea",63.2605,63.2605,63.2605,63.2605,63.2605,63.2605,63.2605,63.2605,63.2605,63.2605,63.2605,63.22906,63.19762,63.16618,63.13474,63.1033,63.1033,63.1033,63.1033,63.1033,63.1033,63.1033,63.1033,63.1033,63.1033,63.1033
232,"ERI","Eritrea",59.4209,59.4209,59.4209,59.4209,59.4209,59.4209,59.4209,59.4209,59.4209,59.4209,59.4209,59.45908,59.49726,59.53544,59.57362,59.6118,59.6118,59.6118,59.6118,59.6118,59.6118,59.6118,59.6118,59.6118,59.6118,59.6118
233,"EST","Estonia",60.8953,60.8953,60.8953,60.8953,60.8953,60.8953,60.8953,60.8953,60.8953,60.8953,60.8953,60.88568,60.87606,60.86644,60.85682,60.8472,60.78114,60.71508,60.64902,60.58296,60.5169,60.5169,60.5169,60.5169,60.5169,60.5169
748,"SWZ","Eswatini",45.4817,45.4817,45.4817,45.4817,45.4817,45.4817,45.4817,45.4817,45.4817,45.4817,45.4817,45.38508,45.28846,45.19184,45.09522,44.9986,44.9986,44.9986,44.9986,44.9986,44.9986,44.9986,44.9986,44.9986,44.9986,44.9986
231,"ETH","Ethiopia",56.5061,56.5061,56.5061,56.5061,56.5061,56.5061,56.5061,56.5061,56.5061,56.5061,56.5061,56.5361,56.5661,56.5961,56.6261,56.6561,56.65612,56.65614,56.65616,56.65618,56.6562,56.6562,56.6562,56.6562,56.6562,56.6562
234,"FRO","Faeroe Islands",44.0237,44.0237,44.0237,44.0237,44.0237,44.0237,44.0237,44.0237,44.0237,44.0237,44.0237,44.04746,44.07122,44.09498,44.11874,44.1425,43.97742,43.81234,43.64726,43.48218,43.3171,43.3171,43.3171,43.3171,43.3171,43.3171
238,"FLK","Falkland Islands",70.2273,70.2273,70.2273,70.2273,70.2273,70.2273,70.2273,70.2273,70.2273,70.2273,70.2273,70.51222,70.79714,71.08206,71.36698,71.6519,71.4144,71.1769,70.9394,70.7019,70.4644,70.4644,70.4644,70.4644,70.4644,70.4644
242,"FJI","Fiji",69.818,69.818,69.818,69.818,69.818,69.818,69.818,69.818,69.818,69.818,69.818,70.26574,70.71348,71.16122,71.60896,72.0567,72.05668,72.05666,72.05664,72.05662,72.0566,72.0566,72.0566,72.0566,72.0566,72.0566
246,"FIN","Finland",76.17,76.17,76.17,76.17,76.17,76.17,76.17,76.17,76.17,76.17,76.17,76.13794,76.10588,76.07382,76.04176,76.0097,75.96758,75.92546,75.88334,75.84122,75.7991,75.7991,75.7991,75.7991,75.7991,75.7991
250,"FRA","France",44.4907,44.4907,44.4907,44.4907,44.4907,44.4907,44.4907,44.4907,44.4907,44.4907,44.4907,44.53164,44.57258,44.61352,44.65446,44.6954,44.52494,44.35448,44.18402,44.01356,43.8431,43.8431,43.8431,43.8431,43.8431,43.8431
258,"PYF","French Polynesia",70.9611,70.9611,70.9611,70.9611,70.9611,70.9611,70.9611,70.9611,70.9611,70.9611,70.9611,71.0379,71.1147,71.1915,71.2683,71.3451,71.3451,71.3451,71.3451,71.3451,71.3451,71.3451,71.3451,71.3451,71.3451,71.3451
266,"GAB","Gabon",71.9269,71.9269,71.9269,71.9269,71.9269,71.9269,71.9269,71.9269,71.9269,71.9269,71.9269,71.83768,71.74846,71.65924,71.57002,71.4808,71.4808,71.4808,71.4808,71.4808,71.4808,71.4808,71.4808,71.4808,71.4808,71.4808
270,"GMB","Gambia",47.3996,47.3996,47.3996,47.3996,47.3996,47.3996,47.3996,47.3996,47.3996,47.3996,47.3996,47.41896,47.43832,47.45768,47.47704,47.4964,47.4964,47.4964,47.4964,47.4964,47.4964,47.4964,47.4964,47.4964,47.4964,47.4964
268,"GEO","Georgia",47.7246,47.7246,47.7246,47.7246,47.7246,47.7246,47.7246,47.7246,47.7246,47.7246,47.7246,47.71738,47.71016,47.70294,47.69572,47.6885,47.63284,47.57718,47.52152,47.46586,47.4102,47.4102,47.4102,47.4102,47.4102,47.4102
276,"DEU","Germany",46.2047,46.2047,46.2047,46.2047,46.2047,46.2047,46.2047,46.2047,46.2047,46.2047,46.2047,46.21248,46.22026,46.22804,46.23582,46.2436,46.12456,46.00552,45.88648,45.76744,45.6484,45.6484,45.6484,45.6484,45.6484,45.6484
288,"GHA","Ghana",48.7014,48.7014,48.7014,48.7014,48.7014,48.7014,48.7014,48.7014,48.7014,48.7014,48.7014,48.64294,48.58448,48.52602,48.46756,48.4091,48.4091,48.4091,48.4091,48.4091,48.4091,48.4091,48.4091,48.4091,48.4091,48.4091
300,"GRC","Greece",37.128,37.128,37.128,37.128,37.128,37.128,37.128,37.128,37.128,37.128,37.128,37.17916,37.23032,37.28148,37.33264,37.3838,37.34728,37.31076,37.27424,37.23772,37.2012,37.2012,37.2012,37.2012,37.2012,37.2012
304,"GRL","Greenland",95.2439,95.2439,95.2439,95.2439,95.2439,95.2439,95.2439,95.2439,95.2439,95.2439,95.2439,95.24224,95.24058,95.23892,95.23726,95.2356,95.2483,95.261,95.2737,95.2864,95.2991,95.2991,95.2991,95.2991,95.2991,95.2991
308,"GRD","Grenada",43.9446,43.9446,43.9446,43.9446,43.9446,43.9446,43.9446,43.9446,43.9446,43.9446,43.9446,43.79766,43.65072,43.50378,43.35684,43.2099,43.15338,43.09686,43.04034,42.98382,42.9273,42.9273,42.9273,42.9273,42.9273,42.9273
320,"GTM","Guatemala",50.6709,50.6709,50.6709,50.6709,50.6709,50.6709,50.6709,50.6709,50.6709,50.6709,50.6709,50.53492,50.39894,50.26296,50.12698,49.991,49.8648,49.7386,49.6124,49.4862,49.36,49.36,49.36,49.36,49.36,49.36
831,"GGY","Guernsey",37.9002,37.9002,37.9002,37.9002,37.9002,37.9002,37.9002,37.9002,37.9002,37.9002,37.9002,38.01626,38.13232,38.24838,38.36444,38.4805,38.2382,37.9959,37.7536,37.5113,37.269,37.269,37.269,37.269,37.269,37.269
324,"GIN","Guinea",51.1958,51.1958,51.1958,51.1958,51.1958,51.1958,51.1958,51.1958,51.1958,51.1958,51.1958,51.0515,50.9072,50.7629,50.6186,50.4743,50.47432,50.47434,50.47436,50.47438,50.4744,50.4744,50.4744,50.4744,50.4744,50.4744
624,"GNB","Guinea-Bissau",50.8313,50.8313,50.8313,50.8313,50.8313,50.8313,50.8313,50.8313,50.8313,50.8313,50.8313,50.92496,51.01862,51.11228,51.20594,51.2996,51.2996,51.2996,51.2996,51.2996,51.2996,51.2996,51.2996,51.2996,51.2996,51.2996
328,"GUY","Guyana",71.7515,71.7515,71.7515,71.7515,71.7515,71.7515,71.7515,71.7515,71.7515,71.7515,71.7515,71.58928,71.42706,71.26484,71.10262,70.9404,70.58568,70.23096,69.87624,69.52152,69.1668,69.1668,69.1668,69.1668,69.1668,69.1668
332,"HTI","Haiti",41.5531,41.5531,41.5531,41.5531,41.5531,41.5531,41.5531,41.5531,41.5531,41.5531,41.5531,41.59808,41.64306,41.68804,41.73302,41.778,41.61784,41.45768,41.29752,41.13736,40.9772,40.9772,40.9772,40.9772,40.9772,40.9772
336,"VAT","Holy See",31.4612,31.4612,31.4612,31.4612,31.4612,31.4612,31.4612,31.4612,31.4612,31.4612,31.4612,31.56782,31.67444,31.78106,31.88768,31.9943,31.9283,31.8623,31.7963,31.7303,31.6643,31.6643,31.6643,31.6643,31.6643,31.6643
340,"HND","Honduras",50.1739,50.1739,50.1739,50.1739,50.1739,50.1739,50.1739,50.1739,50.1739,50.1739,50.1739,50.12766,50.08142,50.03518,49.98894,49.9427,49.8171,49.6915,49.5659,49.4403,49.3147,49.3147,49.3147,49.3147,49.3147,49.3147
344,"HKG","Hong Kong",41.5418,41.5418,41.5418,41.5418,41.5418,41.5418,41.5418,41.5418,41.5418,41.5418,41.5418,41.84734,42.15288,42.45842,42.76396,43.0695,43.21586,43.36222,43.50858,43.65494,43.8013,43.8013,43.8013,43.8013,43.8013,43.8013
348,"HUN","Hungary",38.7435,38.7435,38.7435,38.7435,38.7435,38.7435,38.7435,38.7435,38.7435,38.7435,38.7435,38.71834,38.69318,38.66802,38.64286,38.6177,38.3086,37.9995,37.6904,37.3813,37.0722,37.0722,37.0722,37.0722,37.0722,37.0722
352,"ISL","Iceland",80.5238,80.5238,80.5238,80.5238,80.5238,80.5238,80.5238,80.5238,80.5238,80.5238,80.5238,80.5141,80.5044,80.4947,80.485,80.4753,80.6448,80.8143,80.9838,81.1533,81.3228,81.3228,81.3228,81.3228,81.3228,81.3228
356,"IND","India",46.0385,46.0385,46.0385,46.0385,46.0385,46.0385,46.0385,46.0385,46.0385,46.0385,46.0385,46.01914,45.99978,45.98042,45.96106,45.9417,46.02228,46.10286,46.18344,46.26402,46.3446,46.3446,46.3446,46.3446,46.3446,46.3446
360,"IDN","Indonesia",67.5609,67.5609,67.5609,67.5609,67.5609,67.5609,67.5609,67.5609,67.5609,67.5609,67.5609,67.48804,67.41518,67.34232,67.26946,67.1966,67.00656,66.81652,66.62648,66.43644,66.2464,66.2464,66.2464,66.2464,66.2464,66.2464
364,"IRN","Iran",62.7307,62.7307,62.7307,62.7307,62.7307,62.7307,62.7307,62.7307,62.7307,62.7307,62.7307,62.83222,62.93374,63.03526,63.13678,63.2383,63.14176,63.04522,62.94868,62.85214,62.7556,62.7556,62.7556,62.7556,62.7556,62.7556
368,"IRQ","Iraq",70.0506,70.0506,70.0506,70.0506,70.0506,70.0506,70.0506,70.0506,70.0506,70.0506,70.0506,70.19292,70.33524,70.47756,70.61988,70.7622,70.51276,70.26332,70.01388,69.76444,69.515,69.515,69.515,69.515,69.515,69.515
372,"IRL","Ireland",47.2562,47.2562,47.2562,47.2562,47.2562,47.2562,47.2562,47.2562,47.2562,47.2562,47.2562,47.3783,47.5004,47.6225,47.7446,47.8667,47.29452,46.72234,46.15016,45.57798,45.0058,45.0058,45.0058,45.0058,45.0058,45.0058
833,"IMN","Isle of Man",47.8393,47.8393,47.8393,47.8393,47.8393,47.8393,47.8393,47.8393,47.8393,47.8393,47.8393,47.95784,48.07638,48.19492,48.31346,48.432,47.99138,47.55076,47.11014,46.66952,46.2289,46.2289,46.2289,46.2289,46.2289,46.2289
376,"ISR","Israel",51.0024,51.0024,51.0024,51.0024,51.0024,51.0024,51.0024,51.0024,51.0024,51.0024,51.0024,51.04044,51.07848,51.11652,51.15456,51.1926,51.16148,51.13036,51.09924,51.06812,51.037,51.037,51.037,51.037,51.037,51.037
380,"ITA","Italy",39.4002,39.4002,39.4002,39.4002,39.4002,39.4002,39.4002,39.4002,39.4002,39.4002,39.4002,39.4687,39.5372,39.6057,39.6742,39.7427,39.68102,39.61934,39.55766,39.49598,39.4343,39.4343,39.4343,39.4343,39.4343,39.4343
388,"JAM","Jamaica",44.0808,44.0808,44.0808,44.0808,44.0808,44.0808,44.0808,44.0808,44.0808,44.0808,44.0808,43.94512,43.80944,43.67376,43.53808,43.4024,43.29018,43.17796,43.06574,42.95352,42.8413,42.8413,42.8413,42.8413,42.8413,42.8413
392,"JPN","Japan",56.9832,56.9832,56.9832,56.9832,56.9832,56.9832,56.9832,56.9832,56.9832,56.9832,56.9832,57.00628,57.02936,57.05244,57.07552,57.0986,57.05188,57.00516,56.95844,56.91172,56.865,56.865,56.865,56.865,56.865,56.865
832,"JEY","Jersey",39.5182,39.5182,39.5182,39.5182,39.5182,39.5182,39.5182,39.5182,39.5182,39.5182,39.5182,39.58252,39.64684,39.71116,39.77548,39.8398,39.63158,39.42336,39.21514,39.00692,38.7987,38.7987,38.7987,38.7987,38.7987,38.7987
400,"JOR","Jordan",67.7391,67.7391,67.7391,67.7391,67.7391,67.7391,67.7391,67.7391,67.7391,67.7391,67.7391,67.7709,67.8027,67.8345,67.8663,67.8981,67.91002,67.92194,67.93386,67.94578,67.9577,67.9577,67.9577,67.9577,67.9577,67.9577
398,"KAZ","Kazakhstan",64.0073,64.0073,64.0073,64.0073,64.0073,64.0073,64.0073,64.0073,64.0073,64.0073,64.0073,64.22042,64.43354,64.64666,64.85978,65.0729,65.01842,64.96394,64.90946,64.85498,64.8005,64.8005,64.8005,64.8005,64.8005,64.8005
404,"KEN","Kenya",56.0793,56.0793,56.0793,56.0793,56.0793,56.0793,56.0793,56.0793,56.0793,56.0793,56.0793,56.16088,56.24246,56.32404,56.40562,56.4872,56.4872,56.4872,56.4872,56.4872,56.4872,56.4872,56.4872,56.4872,56.4872,56.4872
296,"KIR","Kiribati",56.6759,56.6759,56.6759,56.6759,56.6759,56.6759,56.6759,56.6759,56.6759,56.6759,56.6759,56.74428,56.81266,56.88104,56.94942,57.0178,57.0178,57.0178,57.0178,57.0178,57.0178,57.0178,57.0178,57.0178,57.0178,57.0178
689,"XKX","Kosovo",NA,NA,NA,NA,NA,NA,NA,NA,NA,NA,NA,NA,NA,NA,NA,NA,NA,NA,NA,NA,NA,NA,NA,NA,NA,NA
414,"KWT","Kuwait",70.2447,70.2447,70.2447,70.2447,70.2447,70.2447,70.2447,70.2447,70.2447,70.2447,70.2447,70.25972,70.27474,70.28976,70.30478,70.3198,70.29668,70.27356,70.25044,70.22732,70.2042,70.2042,70.2042,70.2042,70.2042,70.2042
417,"KGZ","Kyrgyzstan",58.3185,58.3185,58.3185,58.3185,58.3185,58.3185,58.3185,58.3185,58.3185,58.3185,58.3185,58.35536,58.39222,58.42908,58.46594,58.5028,58.53242,58.56204,58.59166,58.62128,58.6509,58.6509,58.6509,58.6509,58.6509,58.6509
418,"LAO","Laos",58.338,58.338,58.338,58.338,58.338,58.338,58.338,58.338,58.338,58.338,58.338,58.317,58.296,58.275,58.254,58.233,58.09928,57.96556,57.83184,57.69812,57.5644,57.5644,57.5644,57.5644,57.5644,57.5644
428,"LVA","Latvia",59.6933,59.6933,59.6933,59.6933,59.6933,59.6933,59.6933,59.6933,59.6933,59.6933,59.6933,59.6936,59.6939,59.6942,59.6945,59.6948,59.6326,59.5704,59.5082,59.446,59.3838,59.3838,59.3838,59.3838,59.3838,59.3838
422,"LBN","Lebanon",34.29,34.29,34.29,34.29,34.29,34.29,34.29,34.29,34.29,34.29,34.29,34.3379,34.3858,34.4337,34.4816,34.5295,34.47244,34.41538,34.35832,34.30126,34.2442,34.2442,34.2442,34.2442,34.2442,34.2442
426,"LSO","Lesotho",43.8421,43.8421,43.8421,43.8421,43.8421,43.8421,43.8421,43.8421,43.8421,43.8421,43.8421,43.77512,43.70814,43.64116,43.57418,43.5072,43.5072,43.5072,43.5072,43.5072,43.5072,43.5072,43.5072,43.5072,43.5072,43.5072
430,"LBR","Liberia",58.652,58.652,58.652,58.652,58.652,58.652,58.652,58.652,58.652,58.652,58.652,58.36546,58.07892,57.79238,57.50584,57.2193,57.2193,57.2193,57.2193,57.2193,57.2193,57.2193,57.2193,57.2193,57.2193,57.2193
434,"LBY","Libya",80.4655,80.4655,80.4655,80.4655,80.4655,80.4655,80.4655,80.4655,80.4655,80.4655,80.4655,80.4664,80.4673,80.4682,80.4691,80.47,80.48494,80.49988,80.51482,80.52976,80.5447,80.5447,80.5447,80.5447,80.5447,80.5447
438,"LIE","Liechtenstein",52.3995,52.3995,52.3995,52.3995,52.3995,52.3995,52.3995,52.3995,52.3995,52.3995,52.3995,52.42528,52.45106,52.47684,52.50262,52.5284,52.47908,52.42976,52.38044,52.33112,52.2818,52.2818,52.2818,52.2818,52.2818,52.2818
440,"LTU","Lithuania",53.7261,53.7261,53.7261,53.7261,53.7261,53.7261,53.7261,53.7261,53.7261,53.7261,53.7261,53.71286,53.69962,53.68638,53.67314,53.6599,53.55868,53.45746,53.35624,53.25502,53.1538,53.1538,53.1538,53.1538,53.1538,53.1538
442,"LUX","Luxembourg",49.1218,49.1218,49.1218,49.1218,49.1218,49.1218,49.1218,49.1218,49.1218,49.1218,49.1218,49.14928,49.17676,49.20424,49.23172,49.2592,49.10072,48.94224,48.78376,48.62528,48.4668,48.4668,48.4668,48.4668,48.4668,48.4668
446,"MAC","Macao",36.0694,36.0694,36.0694,36.0694,36.0694,36.0694,36.0694,36.0694,36.0694,36.0694,36.0694,36.36538,36.66136,36.95734,37.25332,37.5493,37.61956,37.68982,37.76008,37.83034,37.9006,37.9006,37.9006,37.9006,37.9006,37.9006
450,"MDG","Madagascar",46.4277,46.4277,46.4277,46.4277,46.4277,46.4277,46.4277,46.4277,46.4277,46.4277,46.4277,46.48756,46.54742,46.60728,46.66714,46.727,46.727,46.727,46.727,46.727,46.727,46.727,46.727,46.727,46.727,46.727
454,"MWI","Malawi",51.0196,51.0196,51.0196,51.0196,51.0196,51.0196,51.0196,51.0196,51.0196,51.0196,51.0196,50.94738,50.87516,50.80294,50.73072,50.6585,50.6585,50.6585,50.6585,50.6585,50.6585,50.6585,50.6585,50.6585,50.6585,50.6585
458,"MYS","Malaysia",60.8044,60.8044,60.8044,60.8044,60.8044,60.8044,60.8044,60.8044,60.8044,60.8044,60.8044,60.71012,60.61584,60.52156,60.42728,60.333,59.69556,59.05812,58.42068,57.78324,57.1458,57.1458,57.1458,57.1458,57.1458,57.1458
462,"MDV","Maldives",33.3225,33.3225,33.3225,33.3225,33.3225,33.3225,33.3225,33.3225,33.3225,33.3225,33.3225,33.2712,33.2199,33.1686,33.1173,33.066,32.73402,32.40204,32.07006,31.73808,31.4061,31.4061,31.4061,31.4061,31.4061,31.4061
466,"MLI","Mali",68.2121,68.2121,68.2121,68.2121,68.2121,68.2121,68.2121,68.2121,68.2121,68.2121,68.2121,68.17014,68.12818,68.08622,68.04426,68.0023,67.98742,67.97254,67.95766,67.94278,67.9279,67.9279,67.9279,67.9279,67.9279,67.9279
470,"MLT","Malta",30.2539,30.2539,30.2539,30.2539,30.2539,30.2539,30.2539,30.2539,30.2539,30.2539,30.2539,30.25286,30.25182,30.25078,30.24974,30.2487,30.2822,30.3157,30.3492,30.3827,30.4162,30.4162,30.4162,30.4162,30.4162,30.4162
584,"MHL","Marshall Islands",52.6975,52.6975,52.6975,52.6975,52.6975,52.6975,52.6975,52.6975,52.6975,52.6975,52.6975,52.74758,52.79766,52.84774,52.89782,52.9479,52.9479,52.9479,52.9479,52.9479,52.9479,52.9479,52.9479,52.9479,52.9479,52.9479
478,"MRT","Mauritania",78.3274,78.3274,78.3274,78.3274,78.3274,78.3274,78.3274,78.3274,78.3274,78.3274,78.3274,78.28024,78.23308,78.18592,78.13876,78.0916,78.0825,78.0734,78.0643,78.0552,78.0461,78.0461,78.0461,78.0461,78.0461,78.0461
480,"MUS","Mauritius",32.1535,32.1535,32.1535,32.1535,32.1535,32.1535,32.1535,32.1535,32.1535,32.1535,32.1535,32.26396,32.37442,32.48488,32.59534,32.7058,32.7058,32.7058,32.7058,32.7058,32.7058,32.7058,32.7058,32.7058,32.7058,32.7058
484,"MEX","Mexico",57.3025,57.3025,57.3025,57.3025,57.3025,57.3025,57.3025,57.3025,57.3025,57.3025,57.3025,57.41102,57.51954,57.62806,57.73658,57.8451,57.70304,57.56098,57.41892,57.27686,57.1348,57.1348,57.1348,57.1348,57.1348,57.1348
583,"FSM","Micronesia",52.0361,52.0361,52.0361,52.0361,52.0361,52.0361,52.0361,52.0361,52.0361,52.0361,52.0361,51.96116,51.88622,51.81128,51.73634,51.6614,51.6614,51.6614,51.6614,51.6614,51.6614,51.6614,51.6614,51.6614,51.6614,51.6614
498,"MDA","Moldova",41.8579,41.8579,41.8579,41.8579,41.8579,41.8579,41.8579,41.8579,41.8579,41.8579,41.8579,41.85294,41.84798,41.84302,41.83806,41.8331,41.49838,41.16366,40.82894,40.49422,40.1595,40.1595,40.1595,40.1595,40.1595,40.1595
492,"MCO","Monaco",NA,NA,NA,NA,NA,NA,NA,NA,NA,NA,NA,NA,NA,NA,NA,NA,NA,NA,NA,NA,NA,NA,NA,NA,NA,NA
496,"MNG","Mongolia",67.1869,67.1869,67.1869,67.1869,67.1869,67.1869,67.1869,67.1869,67.1869,67.1869,67.1869,67.23444,67.28198,67.32952,67.37706,67.4246,67.38622,67.34784,67.30946,67.27108,67.2327,67.2327,67.2327,67.2327,67.2327,67.2327
499,"MNE","Montenegro",47.9126,47.9126,47.9126,47.9126,47.9126,47.9126,47.9126,47.9126,47.9126,47.9126,47.9126,48.07184,48.23108,48.39032,48.54956,48.7088,48.61228,48.51576,48.41924,48.32272,48.2262,48.2262,48.2262,48.2262,48.2262,48.2262
504,"MAR","Morocco",50.8912,50.8912,50.8912,50.8912,50.8912,50.8912,50.8912,50.8912,50.8912,50.8912,50.8912,50.8217,50.7522,50.6827,50.6132,50.5437,50.65918,50.77466,50.89014,51.00562,51.1211,51.1211,51.1211,51.1211,51.1211,51.1211
508,"MOZ","Mozambique",57.2336,57.2336,57.2336,57.2336,57.2336,57.2336,57.2336,57.2336,57.2336,57.2336,57.2336,57.1593,57.085,57.0107,56.9364,56.8621,56.8621,56.8621,56.8621,56.8621,56.8621,56.8621,56.8621,56.8621,56.8621,56.8621
104,"MMR","Myanmar",54.8579,54.8579,54.8579,54.8579,54.8579,54.8579,54.8579,54.8579,54.8579,54.8579,54.8579,54.78106,54.70422,54.62738,54.55054,54.4737,54.53882,54.60394,54.66906,54.73418,54.7993,54.7993,54.7993,54.7993,54.7993,54.7993
516,"NAM","Namibia",73.2944,73.2944,73.2944,73.2944,73.2944,73.2944,73.2944,73.2944,73.2944,73.2944,73.2944,73.17768,73.06096,72.94424,72.82752,72.7108,72.7108,72.7108,72.7108,72.7108,72.7108,72.7108,72.7108,72.7108,72.7108,72.7108
520,"NRU","Nauru",59.183,59.183,59.183,59.183,59.183,59.183,59.183,59.183,59.183,59.183,59.183,59.278,59.373,59.468,59.563,59.658,59.658,59.658,59.658,59.658,59.658,59.658,59.658,59.658,59.658,59.658
524,"NPL","Nepal",46.856,46.856,46.856,46.856,46.856,46.856,46.856,46.856,46.856,46.856,46.856,46.79622,46.73644,46.67666,46.61688,46.5571,46.75782,46.95854,47.15926,47.35998,47.5607,47.5607,47.5607,47.5607,47.5607,47.5607
528,"NLD","Netherlands",40.0598,40.0598,40.0598,40.0598,40.0598,40.0598,40.0598,40.0598,40.0598,40.0598,40.0598,39.9993,39.9388,39.8783,39.8178,39.7573,39.66454,39.57178,39.47902,39.38626,39.2935,39.2935,39.2935,39.2935,39.2935,39.2935
540,"NCL","New Caledonia",63.0386,63.0386,63.0386,63.0386,63.0386,63.0386,63.0386,63.0386,63.0386,63.0386,63.0386,63.18416,63.32972,63.47528,63.62084,63.7664,63.76638,63.76636,63.76634,63.76632,63.7663,63.7663,63.7663,63.7663,63.7663,63.7663
554,"NZL","New Zealand",56.9499,56.9499,56.9499,56.9499,56.9499,56.9499,56.9499,56.9499,56.9499,56.9499,56.9499,56.99762,57.04534,57.09306,57.14078,57.1885,57.18848,57.18846,57.18844,57.18842,57.1884,57.1884,57.1884,57.1884,57.1884,57.1884
558,"NIC","Nicaragua",51.6105,51.6105,51.6105,51.6105,51.6105,51.6105,51.6105,51.6105,51.6105,51.6105,51.6105,51.45964,51.30878,51.15792,51.00706,50.8562,50.45584,50.05548,49.65512,49.25476,48.8544,48.8544,48.8544,48.8544,48.8544,48.8544
562,"NER","Niger",74.0167,74.0167,74.0167,74.0167,74.0167,74.0167,74.0167,74.0167,74.0167,74.0167,74.0167,73.98086,73.94502,73.90918,73.87334,73.8375,73.82714,73.81678,73.80642,73.79606,73.7857,73.7857,73.7857,73.7857,73.7857,73.7857
566,"NGA","Nigeria",50.3997,50.3997,50.3997,50.3997,50.3997,50.3997,50.3997,50.3997,50.3997,50.3997,50.3997,50.40884,50.41798,50.42712,50.43626,50.4454,50.4454,50.4454,50.4454,50.4454,50.4454,50.4454,50.4454,50.4454,50.4454,50.4454
570,"NIU","Niue",58.0463,58.0463,58.0463,58.0463,58.0463,58.0463,58.0463,58.0463,58.0463,58.0463,58.0463,58.15822,58.27014,58.38206,58.49398,58.6059,58.6059,58.6059,58.6059,58.6059,58.6059,58.6059,58.6059,58.6059,58.6059,58.6059
408,"PRK","North Korea",57.1421,57.1421,57.1421,57.1421,57.1421,57.1421,57.1421,57.1421,57.1421,57.1421,57.1421,57.12666,57.11122,57.09578,57.08034,57.0649,56.8563,56.6477,56.4391,56.2305,56.0219,56.0219,56.0219,56.0219,56.0219,56.0219
807,"MKD","North Macedonia",46.9388,46.9388,46.9388,46.9388,46.9388,46.9388,46.9388,46.9388,46.9388,46.9388,46.9388,46.97078,47.00276,47.03474,47.06672,47.0987,46.97708,46.85546,46.73384,46.61222,46.4906,46.4906,46.4906,46.4906,46.4906,46.4906
578,"NOR","Norway",71.2316,71.2316,71.2316,71.2316,71.2316,71.2316,71.2316,71.2316,71.2316,71.2316,71.2316,71.23718,71.24276,71.24834,71.25392,71.2595,71.27432,71.28914,71.30396,71.31878,71.3336,71.3336,71.3336,71.3336,71.3336,71.3336
512,"OMN","Oman",77.0834,77.0834,77.0834,77.0834,77.0834,77.0834,77.0834,77.0834,77.0834,77.0834,77.0834,77.0816,77.0798,77.078,77.0762,77.0744,77.10566,77.13692,77.16818,77.19944,77.2307,77.2307,77.2307,77.2307,77.2307,77.2307
586,"PAK","Pakistan",56.7387,56.7387,56.7387,56.7387,56.7387,56.7387,56.7387,56.7387,56.7387,56.7387,56.7387,56.68732,56.63594,56.58456,56.53318,56.4818,56.43002,56.37824,56.32646,56.27468,56.2229,56.2229,56.2229,56.2229,56.2229,56.2229
585,"PLW","Palau",60.4537,60.4537,60.4537,60.4537,60.4537,60.4537,60.4537,60.4537,60.4537,60.4537,60.4537,60.39386,60.33402,60.27418,60.21434,60.1545,60.15448,60.15446,60.15444,60.15442,60.1544,60.1544,60.1544,60.1544,60.1544,60.1544
591,"PAN","Panama",48.3756,48.3756,48.3756,48.3756,48.3756,48.3756,48.3756,48.3756,48.3756,48.3756,48.3756,48.01552,47.65544,47.29536,46.93528,46.5752,46.41282,46.25044,46.08806,45.92568,45.7633,45.7633,45.7633,45.7633,45.7633,45.7633
598,"PNG","Papua New Guinea",78.9626,78.9626,78.9626,78.9626,78.9626,78.9626,78.9626,78.9626,78.9626,78.9626,78.9626,78.82206,78.68152,78.54098,78.40044,78.2599,78.25988,78.25986,78.25984,78.25982,78.2598,78.2598,78.2598,78.2598,78.2598,78.2598
600,"PRY","Paraguay",63.8663,63.8663,63.8663,63.8663,63.8663,63.8663,63.8663,63.8663,63.8663,63.8663,63.8663,63.80312,63.73994,63.67676,63.61358,63.5504,63.52684,63.50328,63.47972,63.45616,63.4326,63.4326,63.4326,63.4326,63.4326,63.4326
604,"PER","Peru",59.0513,59.0513,59.0513,59.0513,59.0513,59.0513,59.0513,59.0513,59.0513,59.0513,59.0513,58.99692,58.94254,58.88816,58.83378,58.7794,58.642,58.5046,58.3672,58.2298,58.0924,58.0924,58.0924,58.0924,58.0924,58.0924
608,"PHL","Philippines",49.4834,49.4834,49.4834,49.4834,49.4834,49.4834,49.4834,49.4834,49.4834,49.4834,49.4834,49.36182,49.24024,49.11866,48.99708,48.8755,48.79476,48.71402,48.63328,48.55254,48.4718,48.4718,48.4718,48.4718,48.4718,48.4718
616,"POL","Poland",49.3411,49.3411,49.3411,49.3411,49.3411,49.3411,49.3411,49.3411,49.3411,49.3411,49.3411,49.36188,49.38266,49.40344,49.42422,49.445,49.3283,49.2116,49.0949,48.9782,48.8615,48.8615,48.8615,48.8615,48.8615,48.8615
620,"PRT","Portugal",37.9514,37.9514,37.9514,37.9514,37.9514,37.9514,37.9514,37.9514,37.9514,37.9514,37.9514,38.01298,38.07456,38.13614,38.19772,38.2593,38.33134,38.40338,38.47542,38.54746,38.6195,38.6195,38.6195,38.6195,38.6195,38.6195
634,"QAT","Qatar",76.1241,76.1241,76.1241,76.1241,76.1241,76.1241,76.1241,76.1241,76.1241,76.1241,76.1241,76.11654,76.10898,76.10142,76.09386,76.0863,76.15242,76.21854,76.28466,76.35078,76.4169,76.4169,76.4169,76.4169,76.4169,76.4169
178,"COG","Republic of Congo",73.8786,73.8786,73.8786,73.8786,73.8786,73.8786,73.8786,73.8786,73.8786,73.8786,73.8786,73.77054,73.66248,73.55442,73.44636,73.3383,73.3383,73.3383,73.3383,73.3383,73.3383,73.3383,73.3383,73.3383,73.3383,73.3383
642,"ROU","Romania",45.153,45.153,45.153,45.153,45.153,45.153,45.153,45.153,45.153,45.153,45.153,45.18126,45.20952,45.23778,45.26604,45.2943,45.08158,44.86886,44.65614,44.44342,44.2307,44.2307,44.2307,44.2307,44.2307,44.2307
643,"RUS","Russia",79.5508,79.5508,79.5508,79.5508,79.5508,79.5508,79.5508,79.5508,79.5508,79.5508,79.5508,79.54846,79.54612,79.54378,79.54144,79.5391,79.51532,79.49154,79.46776,79.44398,79.4202,79.4202,79.4202,79.4202,79.4202,79.4202
646,"RWA","Rwanda",47.3991,47.3991,47.3991,47.3991,47.3991,47.3991,47.3991,47.3991,47.3991,47.3991,47.3991,47.3801,47.3611,47.3421,47.3231,47.3041,47.3041,47.3041,47.3041,47.3041,47.3041,47.3041,47.3041,47.3041,47.3041,47.3041
652,"BLM","Saint Barthelemy",NA,NA,NA,NA,NA,NA,NA,NA,NA,NA,NA,NA,NA,NA,NA,NA,NA,NA,NA,NA,NA,NA,NA,NA,NA,NA
659,"KNA","Saint Kitts and Nevis",32.9896,32.9896,32.9896,32.9896,32.9896,32.9896,32.9896,32.9896,32.9896,32.9896,32.9896,32.97322,32.95684,32.94046,32.92408,32.9077,32.65594,32.40418,32.15242,31.90066,31.6489,31.6489,31.6489,31.6489,31.6489,31.6489
662,"LCA","Saint Lucia",48.5073,48.5073,48.5073,48.5073,48.5073,48.5073,48.5073,48.5073,48.5073,48.5073,48.5073,48.42676,48.34622,48.26568,48.18514,48.1046,47.8536,47.6026,47.3516,47.1006,46.8496,46.8496,46.8496,46.8496,46.8496,46.8496
670,"VCT","Saint Vincent and the Grenadines",44.0155,44.0155,44.0155,44.0155,44.0155,44.0155,44.0155,44.0155,44.0155,44.0155,44.0155,43.98102,43.94654,43.91206,43.87758,43.8431,43.5977,43.3523,43.1069,42.8615,42.6161,42.6161,42.6161,42.6161,42.6161,42.6161
882,"WSM","Samoa",65.5854,65.5854,65.5854,65.5854,65.5854,65.5854,65.5854,65.5854,65.5854,65.5854,65.5854,65.62096,65.65652,65.69208,65.72764,65.7632,65.7632,65.7632,65.7632,65.7632,65.7632,65.7632,65.7632,65.7632,65.7632,65.7632
674,"SMR","San Marino",43.3295,43.3295,43.3295,43.3295,43.3295,43.3295,43.3295,43.3295,43.3295,43.3295,43.3295,43.51836,43.70722,43.89608,44.08494,44.2738,44.25436,44.23492,44.21548,44.19604,44.1766,44.1766,44.1766,44.1766,44.1766,44.1766
678,"STP","Sao Tome and Principe",37.6834,37.6834,37.6834,37.6834,37.6834,37.6834,37.6834,37.6834,37.6834,37.6834,37.6834,37.59,37.4966,37.4032,37.3098,37.2164,37.2164,37.2164,37.2164,37.2164,37.2164,37.2164,37.2164,37.2164,37.2164,37.2164
682,"SAU","Saudi Arabia",74.1019,74.1019,74.1019,74.1019,74.1019,74.1019,74.1019,74.1019,74.1019,74.1019,74.1019,74.10192,74.10194,74.10196,74.10198,74.102,74.12834,74.15468,74.18102,74.20736,74.2337,74.2337,74.2337,74.2337,74.2337,74.2337
686,"SEN","Senegal",53.4609,53.4609,53.4609,53.4609,53.4609,53.4609,53.4609,53.4609,53.4609,53.4609,53.4609,53.37992,53.29894,53.21796,53.13698,53.056,53.056,53.056,53.056,53.056,53.056,53.056,53.056,53.056,53.056,53.056
688,"SRB","Serbia",43.9402,43.9402,43.9402,43.9402,43.9402,43.9402,43.9402,43.9402,43.9402,43.9402,43.9402,43.94542,43.95064,43.95586,43.96108,43.9663,43.73722,43.50814,43.27906,43.04998,42.8209,42.8209,42.8209,42.8209,42.8209,42.8209
690,"SYC","Seychelles",23.5746,23.5746,23.5746,23.5746,23.5746,23.5746,23.5746,23.5746,23.5746,23.5746,23.5746,23.57664,23.57868,23.58072,23.58276,23.5848,23.5848,23.5848,23.5848,23.5848,23.5848,23.5848,23.5848,23.5848,23.5848,23.5848
694,"SLE","Sierra Leone",51.6367,51.6367,51.6367,51.6367,51.6367,51.6367,51.6367,51.6367,51.6367,51.6367,51.6367,51.06154,50.48638,49.91122,49.33606,48.7609,48.7609,48.7609,48.7609,48.7609,48.7609,48.7609,48.7609,48.7609,48.7609,48.7609
702,"SGP","Singapore",48.0684,48.0684,48.0684,48.0684,48.0684,48.0684,48.0684,48.0684,48.0684,48.0684,48.0684,48.04538,48.02236,47.99934,47.97632,47.9533,47.38822,46.82314,46.25806,45.69298,45.1279,45.1279,45.1279,45.1279,45.1279,45.1279
534,"SXM","Sint Maarten",34.815,34.815,34.815,34.815,34.815,34.815,34.815,34.815,34.815,34.815,34.815,34.71742,34.61984,34.52226,34.42468,34.3271,34.13068,33.93426,33.73784,33.54142,33.345,33.345,33.345,33.345,33.345,33.345
703,"SVK","Slovakia",47.8434,47.8434,47.8434,47.8434,47.8434,47.8434,47.8434,47.8434,47.8434,47.8434,47.8434,47.88198,47.92056,47.95914,47.99772,48.0363,47.88176,47.72722,47.57268,47.41814,47.2636,47.2636,47.2636,47.2636,47.2636,47.2636
705,"SVN","Slovenia",50.8955,50.8955,50.8955,50.8955,50.8955,50.8955,50.8955,50.8955,50.8955,50.8955,50.8955,50.98646,51.07742,51.16838,51.25934,51.3503,51.27602,51.20174,51.12746,51.05318,50.9789,50.9789,50.9789,50.9789,50.9789,50.9789
90,"SLB","Solomon Islands",76.514,76.514,76.514,76.514,76.514,76.514,76.514,76.514,76.514,76.514,76.514,76.45916,76.40432,76.34948,76.29464,76.2398,76.2398,76.2398,76.2398,76.2398,76.2398,76.2398,76.2398,76.2398,76.2398,76.2398
706,"SOM","Somalia",67.6004,67.6004,67.6004,67.6004,67.6004,67.6004,67.6004,67.6004,67.6004,67.6004,67.6004,67.68488,67.76936,67.85384,67.93832,68.0228,68.0228,68.0228,68.0228,68.0228,68.0228,68.0228,68.0228,68.0228,68.0228,68.0228
710,"ZAF","South Africa",59.0441,59.0441,59.0441,59.0441,59.0441,59.0441,59.0441,59.0441,59.0441,59.0441,59.0441,58.98074,58.91738,58.85402,58.79066,58.7273,58.72732,58.72734,58.72736,58.72738,58.7274,58.7274,58.7274,58.7274,58.7274,58.7274
410,"KOR","South Korea",54.4707,54.4707,54.4707,54.4707,54.4707,54.4707,54.4707,54.4707,54.4707,54.4707,54.4707,54.50542,54.54014,54.57486,54.60958,54.6443,54.56314,54.48198,54.40082,54.31966,54.2385,54.2385,54.2385,54.2385,54.2385,54.2385
728,"SSD","South Sudan",54.6697,54.6697,54.6697,54.6697,54.6697,54.6697,54.6697,54.6697,54.6697,54.6697,54.6697,54.71102,54.75234,54.79366,54.83498,54.8763,54.87628,54.87626,54.87624,54.87622,54.8762,54.8762,54.8762,54.8762,54.8762,54.8762
724,"ESP","Spain",40.7255,40.7255,40.7255,40.7255,40.7255,40.7255,40.7255,40.7255,40.7255,40.7255,40.7255,40.74716,40.76882,40.79048,40.81214,40.8338,40.8236,40.8134,40.8032,40.793,40.7828,40.7828,40.7828,40.7828,40.7828,40.7828
144,"LKA","Sri Lanka",47.3775,47.3775,47.3775,47.3775,47.3775,47.3775,47.3775,47.3775,47.3775,47.3775,47.3775,47.37008,47.36266,47.35524,47.34782,47.3404,47.08442,46.82844,46.57246,46.31648,46.0605,46.0605,46.0605,46.0605,46.0605,46.0605
275,"PSE","State of Palestine",43.7222,43.7222,43.7222,43.7222,43.7222,43.7222,43.7222,43.7222,43.7222,43.7222,43.7222,43.79052,43.85884,43.92716,43.99548,44.0638,44.04774,44.03168,44.01562,43.99956,43.9835,43.9835,43.9835,43.9835,43.9835,43.9835
729,"SDN","Sudan",66.7061,66.7061,66.7061,66.7061,66.7061,66.7061,66.7061,66.7061,66.7061,66.7061,66.7061,66.72094,66.73578,66.75062,66.76546,66.7803,66.77808,66.77586,66.77364,66.77142,66.7692,66.7692,66.7692,66.7692,66.7692,66.7692
740,"SUR","Suriname",79.5878,79.5878,79.5878,79.5878,79.5878,79.5878,79.5878,79.5878,79.5878,79.5878,79.5878,79.5215,79.4552,79.3889,79.3226,79.2563,79.0207,78.7851,78.5495,78.3139,78.0783,78.0783,78.0783,78.0783,78.0783,78.0783
752,"SWE","Sweden",71.6868,71.6868,71.6868,71.6868,71.6868,71.6868,71.6868,71.6868,71.6868,71.6868,71.6868,71.6655,71.6442,71.6229,71.6016,71.5803,71.58098,71.58166,71.58234,71.58302,71.5837,71.5837,71.5837,71.5837,71.5837,71.5837
756,"CHE","Switzerland",52.9435,52.9435,52.9435,52.9435,52.9435,52.9435,52.9435,52.9435,52.9435,52.9435,52.9435,52.95814,52.97278,52.98742,53.00206,53.0167,52.98436,52.95202,52.91968,52.88734,52.855,52.855,52.855,52.855,52.855,52.855
760,"SYR","Syria",58.0671,58.0671,58.0671,58.0671,58.0671,58.0671,58.0671,58.0671,58.0671,58.0671,58.0671,58.16494,58.26278,58.36062,58.45846,58.5563,58.45838,58.36046,58.26254,58.16462,58.0667,58.0667,58.0667,58.0667,58.0667,58.0667
158,"TWN","Taiwan",51.6013,51.6013,51.6013,51.6013,51.6013,51.6013,51.6013,51.6013,51.6013,51.6013,51.6013,51.65966,51.71802,51.77638,51.83474,51.8931,51.80122,51.70934,51.61746,51.52558,51.4337,51.4337,51.4337,51.4337,51.4337,51.4337
762,"TJK","Tajikistan",57.8804,57.8804,57.8804,57.8804,57.8804,57.8804,57.8804,57.8804,57.8804,57.8804,57.8804,57.90756,57.93472,57.96188,57.98904,58.0162,58.01154,58.00688,58.00222,57.99756,57.9929,57.9929,57.9929,57.9929,57.9929,57.9929
834,"TZA","Tanzania",53.9113,53.9113,53.9113,53.9113,53.9113,53.9113,53.9113,53.9113,53.9113,53.9113,53.9113,53.90998,53.90866,53.90734,53.90602,53.9047,53.9047,53.9047,53.9047,53.9047,53.9047,53.9047,53.9047,53.9047,53.9047,53.9047
764,"THA","Thailand",48.1835,48.1835,48.1835,48.1835,48.1835,48.1835,48.1835,48.1835,48.1835,48.1835,48.1835,48.41376,48.64402,48.87428,49.10454,49.3348,49.10648,48.87816,48.64984,48.42152,48.1932,48.1932,48.1932,48.1932,48.1932,48.1932
626,"TLS","Timor-Leste",47.883,47.883,47.883,47.883,47.883,47.883,47.883,47.883,47.883,47.883,47.883,47.8359,47.7888,47.7417,47.6946,47.6475,47.64754,47.64758,47.64762,47.64766,47.6477,47.6477,47.6477,47.6477,47.6477,47.6477
768,"TGO","Togo",46.9321,46.9321,46.9321,46.9321,46.9321,46.9321,46.9321,46.9321,46.9321,46.9321,46.9321,46.95374,46.97538,46.99702,47.01866,47.0403,47.0403,47.0403,47.0403,47.0403,47.0403,47.0403,47.0403,47.0403,47.0403,47.0403
776,"TON","Tonga",58.7875,58.7875,58.7875,58.7875,58.7875,58.7875,58.7875,58.7875,58.7875,58.7875,58.7875,58.87022,58.95294,59.03566,59.11838,59.2011,59.2011,59.2011,59.2011,59.2011,59.2011,59.2011,59.2011,59.2011,59.2011,59.2011
780,"TTO","Trinidad and Tobago",54.4113,54.4113,54.4113,54.4113,54.4113,54.4113,54.4113,54.4113,54.4113,54.4113,54.4113,54.38516,54.35902,54.33288,54.30674,54.2806,53.93526,53.58992,53.24458,52.89924,52.5539,52.5539,52.5539,52.5539,52.5539,52.5539
788,"TUN","Tunisia",58.2548,58.2548,58.2548,58.2548,58.2548,58.2548,58.2548,58.2548,58.2548,58.2548,58.2548,58.2629,58.271,58.2791,58.2872,58.2953,58.32156,58.34782,58.37408,58.40034,58.4266,58.4266,58.4266,58.4266,58.4266,58.4266
792,"TUR","Turkey",44.9839,44.9839,44.9839,44.9839,44.9839,44.9839,44.9839,44.9839,44.9839,44.9839,44.9839,44.95672,44.92954,44.90236,44.87518,44.848,44.7414,44.6348,44.5282,44.4216,44.315,44.315,44.315,44.315,44.315,44.315
795,"TKM","Turkmenistan",66.2599,66.2599,66.2599,66.2599,66.2599,66.2599,66.2599,66.2599,66.2599,66.2599,66.2599,66.41462,66.56934,66.72406,66.87878,67.0335,67.05084,67.06818,67.08552,67.10286,67.1202,67.1202,67.1202,67.1202,67.1202,67.1202
796,"TCA","Turks and Caicos Islands",64.8131,64.8131,64.8131,64.8131,64.8131,64.8131,64.8131,64.8131,64.8131,64.8131,64.8131,64.82462,64.83614,64.84766,64.85918,64.8707,64.61592,64.36114,64.10636,63.85158,63.5968,63.5968,63.5968,63.5968,63.5968,63.5968
798,"TUV","Tuvalu",62.1758,62.1758,62.1758,62.1758,62.1758,62.1758,62.1758,62.1758,62.1758,62.1758,62.1758,62.21684,62.25788,62.29892,62.33996,62.381,62.381,62.381,62.381,62.381,62.381,62.381,62.381,62.381,62.381,62.381
800,"UGA","Uganda",54.1242,54.1242,54.1242,54.1242,54.1242,54.1242,54.1242,54.1242,54.1242,54.1242,54.1242,54.0632,54.0022,53.9412,53.8802,53.8192,53.8192,53.8192,53.8192,53.8192,53.8192,53.8192,53.8192,53.8192,53.8192,53.8192
804,"UKR","Ukraine",43.8763,43.8763,43.8763,43.8763,43.8763,43.8763,43.8763,43.8763,43.8763,43.8763,43.8763,43.92884,43.98138,44.03392,44.08646,44.139,43.91866,43.69832,43.47798,43.25764,43.0373,43.0373,43.0373,43.0373,43.0373,43.0373
784,"ARE","United Arab Emirates",76.7546,76.7546,76.7546,76.7546,76.7546,76.7546,76.7546,76.7546,76.7546,76.7546,76.7546,76.74202,76.72944,76.71686,76.70428,76.6917,76.71716,76.74262,76.76808,76.79354,76.819,76.819,76.819,76.819,76.819,76.819
826,"GBR","United Kingdom",46.1182,46.1182,46.1182,46.1182,46.1182,46.1182,46.1182,46.1182,46.1182,46.1182,46.1182,46.19488,46.27156,46.34824,46.42492,46.5016,46.14244,45.78328,45.42412,45.06496,44.7058,44.7058,44.7058,44.7058,44.7058,44.7058
840,"USA","United States of America",58.1816,58.1816,58.1816,58.1816,58.1816,58.1816,58.1816,58.1816,58.1816,58.1816,58.1816,58.16322,58.14484,58.12646,58.10808,58.0897,58.10628,58.12286,58.13944,58.15602,58.1726,58.1726,58.1726,58.1726,58.1726,58.1726
858,"URY","Uruguay",51.0723,51.0723,51.0723,51.0723,51.0723,51.0723,51.0723,51.0723,51.0723,51.0723,51.0723,51.09084,51.10938,51.12792,51.14646,51.165,51.3221,51.4792,51.6363,51.7934,51.9505,51.9505,51.9505,51.9505,51.9505,51.9505
860,"UZB","Uzbekistan",65.1548,65.1548,65.1548,65.1548,65.1548,65.1548,65.1548,65.1548,65.1548,65.1548,65.1548,65.31904,65.48328,65.64752,65.81176,65.976,65.95936,65.94272,65.92608,65.90944,65.8928,65.8928,65.8928,65.8928,65.8928,65.8928
548,"VUT","Vanuatu",70.448,70.448,70.448,70.448,70.448,70.448,70.448,70.448,70.448,70.448,70.448,70.45046,70.45292,70.45538,70.45784,70.4603,70.4603,70.4603,70.4603,70.4603,70.4603,70.4603,70.4603,70.4603,70.4603,70.4603
862,"VEN","Venezuela",62.5542,62.5542,62.5542,62.5542,62.5542,62.5542,62.5542,62.5542,62.5542,62.5542,62.5542,62.44836,62.34252,62.23668,62.13084,62.025,61.84002,61.65504,61.47006,61.28508,61.1001,61.1001,61.1001,61.1001,61.1001,61.1001
704,"VNM","Viet Nam",50.6132,50.6132,50.6132,50.6132,50.6132,50.6132,50.6132,50.6132,50.6132,50.6132,50.6132,50.77246,50.93172,51.09098,51.25024,51.4095,51.28176,51.15402,51.02628,50.89854,50.7708,50.7708,50.7708,50.7708,50.7708,50.7708
876,"WLF","Wallis and Futuna Islands",62.4642,62.4642,62.4642,62.4642,62.4642,62.4642,62.4642,62.4642,62.4642,62.4642,62.4642,62.5344,62.6046,62.6748,62.745,62.8152,62.8152,62.8152,62.8152,62.8152,62.8152,62.8152,62.8152,62.8152,62.8152,62.8152
732,"ESH","Western Sahara",77.9645,77.9645,77.9645,77.9645,77.9645,77.9645,77.9645,77.9645,77.9645,77.9645,77.9645,77.94626,77.92802,77.90978,77.89154,77.8733,77.96298,78.05266,78.14234,78.23202,78.3217,78.3217,78.3217,78.3217,78.3217,78.3217
887,"YEM","Yemen",70.278,70.278,70.278,70.278,70.278,70.278,70.278,70.278,70.278,70.278,70.278,70.27476,70.27152,70.26828,70.26504,70.2618,70.28964,70.31748,70.34532,70.37316,70.401,70.401,70.401,70.401,70.401,70.401
894,"ZMB","Zambia",66.1877,66.1877,66.1877,66.1877,66.1877,66.1877,66.1877,66.1877,66.1877,66.1877,66.1877,66.11012,66.03254,65.95496,65.87738,65.7998,65.7998,65.7998,65.7998,65.7998,65.7998,65.7998,65.7998,65.7998,65.7998,65.7998
716,"ZWE","Zimbabwe",58.6759,58.6759,58.6759,58.6759,58.6759,58.6759,58.6759,58.6759,58.6759,58.6759,58.6759,58.5408,58.4057,58.2706,58.1355,58.0004,58.0004,58.0004,58.0004,58.0004,58.0004,58.0004,58.0004,58.0004,58.0004,58.0004
