"code","iso","country","CDA.ind.1995","CDA.ind.1996","CDA.ind.1997","CDA.ind.1998","CDA.ind.1999","CDA.ind.2000","CDA.ind.2001","CDA.ind.2002","CDA.ind.2003","CDA.ind.2004","CDA.ind.2005","CDA.ind.2006","CDA.ind.2007","CDA.ind.2008","CDA.ind.2009","CDA.ind.2010","CDA.ind.2011","CDA.ind.2012","CDA.ind.2013","CDA.ind.2014","CDA.ind.2015","CDA.ind.2016","CDA.ind.2017","CDA.ind.2018","CDA.ind.2019","CDA.ind.2020"
4,"AFG","Afghanistan",0,0,0,0,0,0,0,0,0,0,0,0,0,0,0,0,0,0,0,0,0,0,0,0,0,0
8,"ALB","Albania",100,100,100,100,100,74.923269179682,39.2351494106637,18.9686549181479,1.23042943205841,0,0,0,17.8835144771664,35.8742828612523,40.7938167116535,46.3301440689582,46.4940002122025,45.2985916346799,41.6208191038302,36.2217211593272,34.8950889226185,37.1695866487158,41.1740797707465,41.1740797707465,41.1740797707465,41.1740797707465
12,"DZA","Algeria",40.8364337027657,40.8364337027657,40.8364337027657,40.8364337027657,40.8364337027657,45.9124533431603,51.8716519831484,55.6652344987577,58.9937876093405,63.7930626155483,56.1784740033552,52.3518997598325,50.2251674875463,41.5261289308517,35.7407795538111,34.0855338764756,35.6322718216524,35.1288638772675,35.4983059741365,37.2763724862551,33.910971601414,35.3558047990752,36.5915383776636,36.5915383776636,36.5915383776636,36.5915383776636
20,"AND","Andorra",NA,NA,NA,NA,NA,NA,NA,NA,NA,NA,NA,NA,NA,NA,NA,NA,NA,NA,NA,NA,NA,NA,NA,NA,NA,NA
24,"AGO","Angola",12.8880074332545,12.8880074332545,12.8880074332545,12.8880074332545,12.8880074332545,11.7070095122415,14.7534663257419,12.9024808507618,24.4708225877605,30.9758639839922,6.82860943740768,0,0,0,0,0,0,0,18.341147350856,21.5783643699379,26.6688485227415,29.3352238954525,30.3248185324945,30.3248185324945,30.3248185324945,30.3248185324945
660,"AIA","Anguilla",NA,NA,NA,NA,NA,NA,NA,NA,NA,NA,NA,NA,NA,NA,NA,NA,NA,NA,NA,NA,NA,NA,NA,NA,NA,NA
28,"ATG","Antigua and Barbuda",44.4839272584283,44.4839272584283,44.4839272584283,44.4839272584283,44.4839272584283,40.0055162494277,38.3938419514092,37.0669643342336,34.5483532833208,33.5894368919781,34.0758926125239,34.2637491721697,33.7027243579971,33.8935811292758,33.7944221616767,34.1049815430003,37.2960102314165,40.1845818061394,42.3085490001212,43.8070161404639,45.6655184981472,47.1406291326746,48.3715596068909,48.3715596068909,48.3715596068909,48.3715596068909
32,"ARG","Argentina",40.4852705567226,40.4852705567226,40.4852705567226,40.4852705567226,40.4852705567226,41.3229788120538,44.3552994915106,48.6888373091716,51.9321797766992,50.3091561355385,48.1687457394907,43.1493875933466,39.2688159295433,34.4764343496437,31.7184305689547,30.2661825963955,32.1540755841757,38.9913456450461,45.3074007808915,46.147750897507,47.2607869729658,47.0916440222848,48.2331729453844,48.2331729453844,48.2331729453844,48.2331729453844
51,"ARM","Armenia",72.7265609745007,72.7265609745007,72.7265609745007,72.7265609745007,72.7265609745007,69.560274895459,62.997472782024,43.8706655059192,47.1362227143704,48.2964431433877,37.7408698723939,39.0249455403439,30.5475106007672,20.7772607364014,26.5032176557803,30.2569240054983,30.2505702214715,33.2898265418001,37.6823128529352,42.5247281335248,40.8817368593298,41.5364186354608,39.285178583351,39.285178583351,39.285178583351,39.285178583351
533,"ABW","Aruba",48.2046930368007,48.2046930368007,48.2046930368007,48.2046930368007,48.2046930368007,37.8284905567981,28.5991216906422,26.9216833383573,23.6908190257875,22.756854306642,22.7729100742589,25.7461721174633,29.6708139410695,37.5059045372742,48.0789478707919,52.2821000530775,56.4964060212379,67.1678525034439,84.0737435378796,98.6710342792409,100,100,100,100,100,100
36,"AUS","Australia",42.5660371961862,42.5660371961862,42.5660371961862,42.5660371961862,42.5660371961862,41.6370086436058,42.7880828388619,43.133335032345,44.0604407701731,45.7265502221738,47.7470166845405,47.4117443432923,47.2687200793708,45.9749575833311,44.5934916823091,44.1729235685087,45.4469491542664,46.565338119515,50.1980807820685,54.7270215570243,58.7989358813082,62.6126088592269,66.6911768077614,66.6911768077614,66.6911768077614,66.6911768077614
40,"AUT","Austria",50.90388104889,50.90388104889,50.90388104889,50.90388104889,50.90388104889,50.9435465159113,47.645209813075,47.4711974000071,46.0891728018311,46.3379257302074,45.6259445496591,44.9632853312365,46.30935589287,48.2973569807962,55.1252967338379,59.4528822198386,65.3514118151033,73.7885174271135,75.6327491806756,78.8317061012348,74.9181704198118,69.3120591063473,62.8194142990915,62.8194142990915,62.8194142990915,62.8194142990915
31,"AZE","Azerbaijan",60.4165299687671,60.4165299687671,60.4165299687671,60.4165299687671,60.4165299687671,63.3376537648418,73.3527715847301,84.8125749634813,75.7747737335839,59.4183794179644,52.1882652495276,43.6952840994099,46.4620502772783,42.216235915443,46.2691740064648,50.9333422003456,54.2068052338543,55.5264584119522,56.7640645159305,55.619182447248,50.1421399331935,41.0529265497225,42.4122549539634,42.4122549539634,42.4122549539634,42.4122549539634
44,"BHS","Bahamas",66.3024085928566,66.3024085928566,66.3024085928566,66.3024085928566,66.3024085928566,60.9106069479828,60.2399855757893,58.1922573102927,58.4829126261909,55.0067428247361,51.8114589735716,50.0368974232478,54.0893721133399,55.979605843509,55.0822644142354,53.9514921980226,51.5413436055034,48.6115543470831,38.6538196570697,32.3532836377083,27.0986893145326,24.4966942392458,24.1125064376648,24.1125064376648,24.1125064376648,24.1125064376648
48,"BHR","Bahrain",25.7274733404891,25.7274733404891,25.7274733404891,25.7274733404891,25.7274733404891,25.2677336026832,37.4732743960306,50.0805182419674,52.9518121765945,54.6767486280281,54.0307477511513,53.7161774521759,40.7499129369257,25.4430983321037,15.2125059941377,6.03279637951189,11.2017338804459,19.1106900630145,24.1600336819692,31.3893489569056,45.6287217437652,63.0612821711074,72.9937850393213,72.9937850393213,72.9937850393213,72.9937850393213
50,"BGD","Bangladesh",22.2479328674902,22.2479328674902,22.2479328674902,22.2479328674902,22.2479328674902,24.2824549527306,25.1727541395791,24.8368178028916,27.1527236196482,28.972659343409,26.0147830597463,22.0597514598213,20.3316433981449,22.2274517031901,24.8399159267006,26.239055090608,25.3378903345211,24.9278151391962,25.2164276305115,25.1624949919167,22.0499686682248,19.9334712012271,19.7082115083088,19.7082115083088,19.7082115083088,19.7082115083088
52,"BRB","Barbados",57.8711951317738,57.8711951317738,57.8711951317738,57.8711951317738,57.8711951317738,49.9647050569045,36.5637107177054,31.3084800233031,21.531446863781,27.5805956711094,32.0851936431195,38.6973970631267,45.9370967386441,41.8466402053438,38.0510130807541,39.7677238343358,40.6811814846377,44.4000490810267,48.5412811242725,57.039162859303,61.1082985026283,63.684434270671,64.3306672146472,64.3306672146472,64.3306672146472,64.3306672146472
112,"BLR","Belarus",62.9958055153011,62.9958055153011,62.9958055153011,62.9958055153011,62.9958055153011,69.8762339925697,80.4306971553185,83.9518575706651,80.4435137473779,66.6719046634324,58.5833973204767,51.9113871425601,47.9307181121706,43.8706638714078,42.6653421348656,41.850125010215,43.5877102513624,47.3370451680632,51.2506948070317,52.3658808727605,55.7038905050261,56.2810638231577,57.6871881654865,57.6871881654865,57.6871881654865,57.6871881654865
56,"BEL","Belgium",50.5838542811929,50.5838542811929,50.5838542811929,50.5838542811929,50.5838542811929,51.7208450275837,52.6744746542295,55.1997132964351,57.3714770635962,60.1146502530961,64.4465158322806,64.9865996092865,68.6511090576294,67.1534433134537,69.813820022583,62.7397189059977,63.08126305493,68.2441770708981,66.4647695849582,66.6819280765421,63.4603712400321,60.0964777733842,57.8985647019758,57.8985647019758,57.8985647019758,57.8985647019758
84,"BLZ","Belize",53.0847928231421,53.0847928231421,53.0847928231421,53.0847928231421,53.0847928231421,54.8067113757281,49.058384276574,46.2879013420636,42.5118276167562,43.0528771311863,41.4180526807341,46.7298145687035,43.4333090883964,46.1200362263833,43.0587405748759,41.54625030695,33.7845410658949,36.831724267877,38.1077647344168,45.4144732296931,44.4901354827982,42.9875895805608,41.6263604929977,41.6263604929977,41.6263604929977,41.6263604929977
204,"BEN","Benin",13.7115920850435,13.7115920850435,13.7115920850435,13.7115920850435,13.7115920850435,19.6051516030415,21.639893062913,21.5191572568729,14.4486302401771,6.36873855202023,3.05433659905938,0,0,0,0,0,0,0,3.29268821395027,10.2808846331559,24.0907788341248,25.2311801006794,23.3518284678995,23.3518284678995,23.3518284678995,23.3518284678995
60,"BMU","Bermuda",NA,NA,NA,NA,NA,NA,NA,NA,NA,NA,NA,NA,NA,NA,NA,NA,NA,NA,NA,NA,NA,NA,NA,NA,NA,NA
64,"BTN","Bhutan",0,0,0,0,0,0,0,1.13881172927017,16.5123171633597,39.7066142945263,49.227861303803,56.6003779562309,56.0964260936756,51.7844937513892,39.0320288911687,24.0898578156482,6.71072188247585,0,0,0,0,0,0,0,0,0
68,"BOL","Bolivia",11.1998637927644,11.1998637927644,11.1998637927644,11.1998637927644,11.1998637927644,17.7901910376518,35.542319928379,45.4553647872879,50.0879255971697,53.3926858268279,50.7396647359025,42.8117862723406,40.3518147976052,36.045406505526,33.4931189851813,27.6792528408039,32.1606157679878,28.5305508304185,26.3223567998318,25.5355132560115,28.3176037497533,24.0634148280236,29.5739353761491,29.5739353761491,29.5739353761491,29.5739353761491
70,"BIH","Bosnia and Herzegovina",0,0,0,0,0,0,0,0,0,0,0,13.4653818478039,21.960159861354,22.3753779672089,26.8738012247391,24.158947202055,22.0595573160776,24.2793191618604,29.3564446045488,34.0598442506918,41.9860768724647,46.9894919379483,52.8736579272442,52.8736579272442,52.8736579272442,52.8736579272442
72,"BWA","Botswana",45.8166739972971,45.8166739972971,45.8166739972971,45.8166739972971,45.8166739972971,41.6481062840901,40.1744322365063,37.7335611997068,33.6089117304856,32.3257090161115,30.9278920009058,35.9558017086341,41.93876699258,42.3422051084299,51.2658139813349,49.7193023556366,52.1580645778892,53.3116610877044,49.0366105972176,36.9141359089947,25.9885450216386,17.7821262424416,10.714228879245,10.714228879245,10.714228879245,10.714228879245
76,"BRA","Brazil",27.9270028361,27.9270028361,27.9270028361,27.9270028361,27.9270028361,27.6679156642354,28.3645055676653,32.3427805581536,37.5407866388021,41.9318281417484,45.7706677165624,48.0166779987492,48.5800719951502,47.5528118925259,48.842926065708,45.2620117232144,41.6392618617453,38.2888706941034,35.0961324298011,31.9752106981551,32.027831058412,36.7393936289615,41.4037793237454,41.4037793237454,41.4037793237454,41.4037793237454
92,"VGB","British Virgin Islands",NA,NA,NA,NA,NA,NA,NA,NA,NA,NA,NA,NA,NA,NA,NA,NA,NA,NA,NA,NA,NA,NA,NA,NA,NA,NA
96,"BRN","Brunei Darussalam",82.5454559271234,82.5454559271234,82.5454559271234,82.5454559271234,82.5454559271234,70.2825479342055,68.3259058887862,67.453717914996,64.8032934814368,61.0309946090158,57.6952866996412,55.4527431268201,34.4885786143663,12.2055292607454,10.6025808659146,5.16447864711651,0.00131290614727675,1.87445659431737,14.8208137882777,22.9567497854635,34.5735064586192,47.6150030811873,43.9689181174113,43.9689181174113,43.9689181174113,43.9689181174113
100,"BGR","Bulgaria",69.2181561742611,69.2181561742611,69.2181561742611,69.2181561742611,69.2181561742611,82.2734938026411,89.5135667522742,96.9863288377295,82.7695728616444,79.0818381687592,69.0336245858977,58.8759801599229,51.7438834553168,48.4638234026179,54.3849038736867,58.2452509199298,57.0786343415747,60.7053262118056,67.3238775741523,71.8517947857023,69.8585550858203,68.8521879873634,60.2353182683684,60.2353182683684,60.2353182683684,60.2353182683684
854,"BFA","Burkina Faso",30.3062370399846,30.3062370399846,30.3062370399846,30.3062370399846,30.3062370399846,24.9800201709104,21.9701973469847,21.5607164357351,22.1379554886562,24.4337937224112,30.9950193533192,31.1928246403467,24.9769237829447,17.3121614121778,12.3748500729106,7.49823581926975,4.69463708704599,1.35950779201841,0,0.143458850759728,10.9678555315992,18.1095234670781,21.6186883145327,21.6186883145327,21.6186883145327,21.6186883145327
108,"BDI","Burundi",46.8211705571286,46.8211705571286,46.8211705571286,46.8211705571286,46.8211705571286,47.0613071400496,50.9833138323794,56.324078449458,67.8509874779868,73.3998560004607,85.0391906562226,82.4552175653515,75.7484607095489,67.5679688790683,60.0619293885146,49.3813319246478,43.1970789058799,34.364107408623,32.8665096410254,18.6949479138349,12.5022757239715,7.23140521573664,4.33630966176663,4.33630966176663,4.33630966176663,4.33630966176663
132,"CPV","Cabo Verde",16.1480181248073,16.1480181248073,16.1480181248073,16.1480181248073,16.1480181248073,8.93751077906192,3.69772606211876,0,0,0,0,0,0,0,0,0.650146024301563,7.24080959813291,20.8370248247813,34.5744923789775,49.4731021934298,44.7211990204467,38.2022994953742,30.5744658612573,30.5744658612573,30.5744658612573,30.5744658612573
116,"KHM","Cambodia",23.5140833214819,23.5140833214819,23.5140833214819,23.5140833214819,23.5140833214819,23.5140833214819,23.5140833214819,23.5140833214819,22.3436642074498,22.7474067881983,21.1081292704007,19.9040841275445,20.9146480121047,15.1975123230587,8.21458276490486,3.05244062197147,0,0,1.88297589374652,4.04544457324342,6.75720861630396,8.89760615969674,11.7174729336162,11.7174729336162,11.7174729336162,11.7174729336162
120,"CMR","Cameroon",0,0,0,0,0,0.930772074576055,32.9538418574675,51.6670564595594,81.9272944570906,77.1829124621245,69.710894294312,60.2693003181701,52.7566394621563,47.1924537950552,40.1399098198789,36.3494302396631,38.5724440438936,42.9427124213181,45.7602373752438,48.1851409619905,50.5128785684224,52.5414991224225,50.5494785705812,50.5494785705812,50.5494785705812,50.5494785705812
124,"CAN","Canada",44.5692947549852,44.5692947549852,44.5692947549852,44.5692947549852,44.5692947549852,43.0623385579082,44.1557475312506,45.8405618693553,46.3206096306035,47.3675418514994,48.4132584655607,50.4264206837742,51.4958323406248,52.2222506484536,54.5096207204886,55.7669256084735,57.2625991864793,62.5519104929919,64.5976233898503,63.5433740366996,62.0724843260183,62.4826109118753,59.8767994949324,59.8767994949324,59.8767994949324,59.8767994949324
136,"CYM","Cayman Islands",NA,NA,NA,NA,NA,NA,NA,NA,NA,NA,NA,NA,NA,NA,NA,NA,NA,NA,NA,NA,NA,NA,NA,NA,NA,NA
140,"CAF","Central African Republic",41.5876566591398,41.5876566591398,41.5876566591398,41.5876566591398,41.5876566591398,42.4176120719752,45.3017513711315,47.7652321167097,50.7678615568742,52.8619956559476,55.0217113566888,55.9834554008147,55.8248284679726,55.4345891503079,53.7666011313806,50.8837776312562,48.7817754663986,46.342252554895,45.2694975640673,45.4530986589103,43.0175738558717,40.2167828117552,38.6487984707837,38.6487984707837,38.6487984707837,38.6487984707837
148,"TCD","Chad",23.0077877540331,23.0077877540331,23.0077877540331,23.0077877540331,23.0077877540331,5.16852585315152,12.684343486803,16.9236526823173,0,0,0,0,0,0,0,0,10.103189896607,40.3462936415327,36.5826681310333,33.1441641391522,28.9940232236629,26.0345342260453,20.7205420268972,20.7205420268972,20.7205420268972,20.7205420268972
152,"CHL","Chile",7.78379117324255,7.78379117324255,7.78379117324255,7.78379117324255,7.78379117324255,6.04255310118805,14.2304494045756,23.8006030198556,34.1282714703819,41.9195654790782,48.4122790509404,50.6727567356805,46.0223781137414,41.9971250233135,38.9451064452916,35.8879760419748,35.3250453787097,35.5802680668212,37.729696675772,39.9609156684762,42.8145271313803,43.9271141854251,43.4726415734142,43.4726415734142,43.4726415734142,43.4726415734142
156,"CHN","China",34.9387676952945,34.9387676952945,34.9387676952945,34.9387676952945,34.9387676952945,38.8986152049274,42.6763197790575,43.9742230531505,40.3739194839319,32.8940650124685,22.2752096967015,10.7881632333445,0.894497137223752,0,0,0,0.651365984591109,7.20213777220059,13.7051751947222,19.9611110644758,26.6012803626708,32.9371239780156,38.702217116557,38.702217116557,38.702217116557,38.702217116557
170,"COL","Colombia",55.7976802735473,55.7976802735473,55.7976802735473,55.7976802735473,55.7976802735473,60.164833288857,67.3958324194661,71.1254286725165,69.8013356930516,66.0541459908823,62.9474750773054,59.2984627740773,54.9691973922623,46.3213982620097,42.3904382467371,37.6491149190693,34.9472310902827,33.1943167652637,29.3347078625731,32.2842526114941,33.7591736235638,34.1906226250344,39.1159200721299,39.1159200721299,39.1159200721299,39.1159200721299
174,"COM","Comoros",33.3438639099258,33.3438639099258,33.3438639099258,33.3438639099258,33.3438639099258,29.5627451854253,27.0800490289721,27.6747247757815,21.2826740179377,16.8285432574741,16.3856991673673,13.9082462203336,28.8932673705907,40.8623731313529,46.1163735799275,43.3673459579466,49.0247005195435,54.8138222450394,47.3065735368362,42.7879160177186,38.2971290714276,28.529191542277,35.2865700951112,35.2865700951112,35.2865700951112,35.2865700951112
184,"COK","Cook Islands",NA,NA,NA,NA,NA,NA,NA,NA,NA,NA,NA,NA,NA,NA,NA,NA,NA,NA,NA,NA,NA,NA,NA,NA,NA,NA
188,"CRI","Costa Rica",18.7439011669512,18.7439011669512,18.7439011669512,18.7439011669512,18.7439011669512,27.2539409240547,33.8417194322413,36.3308995988166,39.5040268888116,33.6865369620933,33.3544414594473,34.6352677447733,32.9216696360627,31.9393595727457,33.3259321585978,38.3719968073854,43.1719037371138,46.5290619041109,50.180878140178,52.4981842789276,50.7234649354507,48.1330964988256,43.3229141628919,43.3229141628919,43.3229141628919,43.3229141628919
384,"CIV","Cote d'Ivoire",21.0822633640435,21.0822633640435,21.0822633640435,21.0822633640435,21.0822633640435,21.2167762213002,23.1939664841865,33.7901182816558,48.8487816616941,59.0623259107645,59.0778921813778,55.7980018327446,53.922032459797,54.6379611970613,66.3180917741296,65.3350393865976,57.2482636912668,43.5952381601867,39.8849908514519,27.7628582974102,16.6839666499524,10.1505199180359,6.60660346390701,6.60660346390701,6.60660346390701,6.60660346390701
191,"HRV","Croatia",39.6276107921155,39.6276107921155,39.6276107921155,39.6276107921155,39.6276107921155,39.6276107921155,39.6276107921155,39.6276107921155,39.6276107921155,39.6276107921155,40.6514182926462,43.3147327064084,42.1965083902783,42.9374806751423,47.849509162996,55.0646918974317,59.7037627723666,64.1353206851371,63.1898599881317,60.6214935371283,58.5754845961393,58.8538720453033,59.3797834271866,59.3797834271866,59.3797834271866,59.3797834271866
192,"CUB","Cuba",80.8607070301964,80.8607070301964,80.8607070301964,80.8607070301964,80.8607070301964,80.8607070301964,79.5346433705946,70.7486661941292,66.3764439249628,57.9169202305682,57.5636601509875,53.8483541059407,53.8537846899115,50.7520333127497,48.5477841231226,38.5165472424718,33.8375231512143,30.4974566148093,31.2691632413022,35.0839005435205,39.2926103187393,42.6552500768567,49.003925034611,49.003925034611,49.003925034611,49.003925034611
531,"CUW","Curacao",NA,NA,NA,NA,NA,NA,NA,NA,NA,NA,NA,NA,NA,NA,NA,NA,NA,NA,NA,NA,NA,NA,NA,NA,NA,NA
196,"CYP","Cyprus",34.566937513296,34.566937513296,34.566937513296,34.566937513296,34.566937513296,36.9118817389961,40.432761444076,41.9350347437218,40.4613654054517,40.897056299805,44.2814630612037,44.3518710137181,44.8429014849288,43.6660266121663,45.5529457942488,47.9939230001515,52.3271142189699,57.8204118116868,60.8228728090582,61.7320971421225,61.3069785296029,60.119981462831,59.327853496007,59.327853496007,59.327853496007,59.327853496007
203,"CZE","Czech Republic",81.2202357029169,81.2202357029169,81.2202357029169,81.2202357029169,81.2202357029169,79.175383835712,69.0245408015722,65.4404904881999,61.528305796833,62.0493216780163,61.1172427952461,58.3664463211791,55.9061814354761,56.2243591224819,64.6832878747873,66.2010833323732,68.0047416918657,73.2588830951654,76.084111763464,82.2488511853104,83.8887291662101,78.2275694864858,73.8706302790719,73.8706302790719,73.8706302790719,73.8706302790719
180,"COD","Dem. Rep. Congo",62.0486369708554,62.0486369708554,62.0486369708554,62.0486369708554,62.0486369708554,67.3675762190877,67.5205225031792,62.9103821368945,59.8467931906208,60.4164518160381,62.773120895261,61.094795705255,49.5873421664989,33.6020730445053,26.8234491087072,29.7140075624374,29.5584377584901,32.5040958317653,23.8898163787691,13.3130207690603,16.316018426372,21.5285168689483,25.9210260282173,25.9210260282173,25.9210260282173,25.9210260282173
208,"DNK","Denmark",50.0336851119232,50.0336851119232,50.0336851119232,50.0336851119232,50.0336851119232,59.6857498891676,62.3074028487729,71.2447047824693,75.0890037163818,79.0072161544614,91.6540566572227,73.51266977893,69.3640445793803,68.7555686877341,70.308770402582,72.989787291317,78.21110189401,85.6843349764924,80.0264899110873,85.4740801122554,99.9936811230394,100,100,100,100,100
262,"DJI","Djibouti",52.8071160129422,52.8071160129422,52.8071160129422,52.8071160129422,52.8071160129422,52.8071160129422,48.499243377481,42.5772457956171,36.5714395906382,34.7860496827179,34.5678483999797,35.8763523829726,33.5128667500765,32.5841278884045,37.3261662498455,38.2855963098246,42.1637388622199,37.5933959080175,33.2300306876035,28.0562902597277,24.3224503466838,25.3001754945726,23.8382943656483,23.8382943656483,23.8382943656483,23.8382943656483
212,"DMA","Dominica",32.8939965504192,32.8939965504192,32.8939965504192,32.8939965504192,32.8939965504192,26.5045021683401,21.6572530348144,23.3388423119198,22.4179992586895,24.9503821274213,22.7565152720427,28.1168959871137,23.6446950889936,30.3106934171811,38.7217184407949,39.480544701841,42.0724353294013,46.2693685079808,48.189340118105,51.2263680769089,53.5018707507598,57.4394250360302,51.9238167999956,51.9238167999956,51.9238167999956,51.9238167999956
214,"DOM","Dominican Republic",5.29927476322696,5.29927476322696,5.29927476322696,5.29927476322696,5.29927476322696,9.7460329592036,16.4248370447495,22.1195936935905,29.4410643983453,43.8121767589383,50.5809976357631,53.3435351819578,53.466614968035,54.5355907331042,56.7161826220109,55.9996309318493,55.1775199319262,50.8505425574139,47.3485949673051,49.4910597783946,51.4052043849834,51.4463061062711,50.137299367421,50.137299367421,50.137299367421,50.137299367421
218,"ECU","Ecuador",43.3086080139549,43.3086080139549,43.3086080139549,43.3086080139549,43.3086080139549,48.7212361899134,52.8013826181035,45.2636860882201,32.7774301208381,41.1850680089066,33.6546504656069,27.266151129896,29.5986040628387,26.1257059550498,25.2809443072893,29.2571632136271,31.0761872834494,33.8206414285427,34.1939268821199,32.3825174358681,33.1491867928278,39.8171723041226,45.7449298573375,45.7449298573375,45.7449298573375,45.7449298573375
818,"EGY","Egypt",24.3384496053853,24.3384496053853,24.3384496053853,24.3384496053853,24.3384496053853,20.5151997657417,23.5105420204637,28.1851637683498,26.2623624926079,30.1452122723981,30.3814237472899,30.0341585525725,29.9295197131431,27.4554728373217,26.0713089303101,23.2689369125092,25.2294386939121,30.9310734829605,35.3642634678611,43.1657835504309,48.2507973365171,50.960266636791,52.8956686192254,52.8956686192254,52.8956686192254,52.8956686192254
222,"SLV","El Salvador",6.97638098955115,6.97638098955115,6.97638098955115,6.97638098955115,6.97638098955115,17.8573867789506,24.1219448571966,32.5585042221479,38.0376398794701,40.3983720528772,41.3958750748669,45.516788671006,44.3435192938,44.8298717693725,47.2401554982216,50.2182043875764,51.71141537837,53.4715283000296,55.7858829460336,58.3934885371992,53.4201381191688,46.5206675627727,40.4176347994917,40.4176347994917,40.4176347994917,40.4176347994917
226,"GNQ","Equatorial Guinea",0,0,0,0,0,0,0,0,0,0,0,0,0,0,0,51.1689164033015,56.6642729278203,54.898698062282,47.0674071489587,42.3647822495612,38.0467504833003,34.7140000024184,33.2811872824646,33.2811872824646,33.2811872824646,33.2811872824646
232,"ERI","Eritrea",90.9877005633514,90.9877005633514,90.9877005633514,90.9877005633514,90.9877005633514,90.9877005633514,90.9877005633514,100,94.9050914247524,82.6624700604811,65.2625090938342,58.2625793975543,53.0389191320936,68.3830858111034,72.8217958950365,76.9397256242305,77.8845249059046,74.3201284095664,63.9905418201995,52.820863653353,38.265520525615,34.8581998167128,29.4943234283576,29.4943234283576,29.4943234283576,29.4943234283576
233,"EST","Estonia",88.1404216906077,88.1404216906077,88.1404216906077,88.1404216906077,88.1404216906077,88.1404216906077,88.1404216906077,88.1404216906077,78.0838411300534,65.6355135851719,60.7967779887874,57.1680728624303,48.0145793661047,44.5118155743259,51.0839580631492,52.5274424044949,51.0114090420364,54.562208930038,50.205552701863,47.0427116212703,48.4061814937448,52.0253843378722,47.4705557603516,47.4705557603516,47.4705557603516,47.4705557603516
748,"SWZ","Eswatini",0,0,0,0,0,0,0,0,0,4.60586091119308,30.1524686155541,83.4797873942859,79.7919134510571,72.5709929009975,66.8847421067284,62.0207812235512,58.3354418276833,51.1306012136015,50.9892493712832,48.2000922680687,46.4350803673523,45.2808610695847,41.8770036884611,41.8770036884611,41.8770036884611,41.8770036884611
231,"ETH","Ethiopia",52.5654276974855,52.5654276974855,52.5654276974855,52.5654276974855,52.5654276974855,44.8734061931611,31.8324638123644,20.6137454695194,9.05158614630889,10.3679396262094,13.7189736376621,14.8066772803944,15.6421187899182,16.0193919560995,21.5530420555235,28.0626649953134,25.3866378718286,22.8088040306781,15.4185774567861,7.57983125901124,2.99181121164227,1.65976424082506,1.47689521913064,1.47689521913064,1.47689521913064,1.47689521913064
234,"FRO","Faeroe Islands",NA,NA,NA,NA,NA,NA,NA,NA,NA,NA,NA,NA,NA,NA,NA,NA,NA,NA,NA,NA,NA,NA,NA,NA,NA,NA
238,"FLK","Falkland Islands",NA,NA,NA,NA,NA,NA,NA,NA,NA,NA,NA,NA,NA,NA,NA,NA,NA,NA,NA,NA,NA,NA,NA,NA,NA,NA
242,"FJI","Fiji",52.6601679125169,52.6601679125169,52.6601679125169,52.6601679125169,52.6601679125169,47.5279551582548,42.4818804341968,42.083763122479,37.5409819580213,27.2929466398869,27.3460961845532,23.5911938387985,25.3374525228737,39.4116402164641,57.1832739332681,58.6624264177269,58.1846432273332,65.7513681839856,64.5559411741333,51.2646092971963,44.1607757452237,30.3544128428432,18.5890203546714,18.5890203546714,18.5890203546714,18.5890203546714
246,"FIN","Finland",47.7270235595524,47.7270235595524,47.7270235595524,47.7270235595524,47.7270235595524,51.0914720073535,50.5008983917582,52.4486808058389,50.5042295733705,46.7339718490285,52.9857456959275,48.6046911593957,46.5341168031218,50.5188370319196,57.3682134210841,61.8693265432099,69.0412579159627,77.9867953352047,75.6100983532767,69.4328503159925,74.2151836664876,68.9614572372434,74.3303605207965,74.3303605207965,74.3303605207965,74.3303605207965
250,"FRA","France",57.883909124032,57.883909124032,57.883909124032,57.883909124032,57.883909124032,57.1093441415804,53.5698221674769,52.0681177174945,51.0504019541826,52.5935434955416,53.4362038953836,53.4220258676292,56.0238502345227,56.6816407731447,59.3511855702033,63.5965553692052,67.6245579400271,71.1175164076516,72.3826648094615,76.1938674777617,79.635044729727,81.1868280341424,79.4764072739725,79.4764072739725,79.4764072739725,79.4764072739725
258,"PYF","French Polynesia",NA,NA,NA,NA,NA,NA,NA,NA,NA,NA,NA,NA,NA,NA,NA,NA,NA,NA,NA,NA,NA,NA,NA,NA,NA,NA
266,"GAB","Gabon",53.5338615190584,53.5338615190584,53.5338615190584,53.5338615190584,53.5338615190584,55.6260517048747,57.0023645313879,57.0944074883978,55.9288694309589,57.4977134375108,57.4916858042425,60.4036423922584,66.7266796711056,71.3916482584302,71.3080313800998,62.6992133135591,56.8449021037142,52.485255650602,47.2823396174791,43.7152670957321,40.9699459839614,44.1567423601209,49.6191097168656,49.6191097168656,49.6191097168656,49.6191097168656
270,"GMB","Gambia",41.6258653082354,41.6258653082354,41.6258653082354,41.6258653082354,41.6258653082354,38.0809581064402,35.167803856436,30.3867989045426,27.1955152070565,26.3727413385102,26.5476291848562,28.4978322936242,29.2100505578371,29.8816951295697,30.3654480500321,27.9207733991733,27.0380256380546,24.6422447659755,26.8009910153009,25.3852385462641,25.207839277939,25.7515357880075,24.0455402393724,24.0455402393724,24.0455402393724,24.0455402393724
268,"GEO","Georgia",93.0722588814348,93.0722588814348,93.0722588814348,93.0722588814348,93.0722588814348,90.3909980512984,88.3994900037972,97.4067058518536,65.3886759049898,47.1642192044841,57.0671530783962,47.2377881700943,35.3505446645009,28.9798029871634,22.15452567338,14.8129451175401,11.6533233835818,15.292810835675,22.7649254260768,25.3817798440329,33.034997459516,34.806377580992,35.8629729056604,35.8629729056604,35.8629729056604,35.8629729056604
276,"DEU","Germany",75.8361105030718,75.8361105030718,75.8361105030718,75.8361105030718,75.8361105030718,69.5023154131087,64.7582707503469,64.3225626736962,64.4171521740869,64.9536536657048,66.4521840439077,63.0716767666513,63.8800063983907,64.0207991476849,68.0364776659002,68.5103800253618,68.75012723193,68.1333775045414,65.5047997128781,65.5976081423977,65.8131785267177,62.2204784592776,60.6396061200727,60.6396061200727,60.6396061200727,60.6396061200727
288,"GHA","Ghana",21.4131252651128,21.4131252651128,21.4131252651128,21.4131252651128,21.4131252651128,24.7063660453684,26.9401354992618,30.509736716691,33.2886389354984,37.7525814571137,43.8674286329758,40.085773842316,33.4009965594986,32.4766534193297,38.3560448625669,37.929426870069,35.6953516958201,29.1495491775551,19.1283284819082,15.5308460711439,19.7598435018017,15.1369251923682,10.5959563645379,10.5959563645379,10.5959563645379,10.5959563645379
300,"GRC","Greece",47.0363321142495,47.0363321142495,47.0363321142495,47.0363321142495,47.0363321142495,45.2174563475237,43.7438500252679,42.8115830717967,43.0525185647832,43.3601143465644,44.3848395944021,46.9312705234817,49.2323933428188,50.988291142132,55.0684104165707,59.5144623511422,60.9770049776627,60.0479759723224,59.0806848311521,58.6768334221746,58.0427520928148,58.3301230601178,58.4847431935783,58.4847431935783,58.4847431935783,58.4847431935783
304,"GRL","Greenland",NA,NA,NA,NA,NA,NA,NA,NA,NA,NA,NA,NA,NA,NA,NA,NA,NA,NA,NA,NA,NA,NA,NA,NA,NA,NA
308,"GRD","Grenada",16.9063858281051,16.9063858281051,16.9063858281051,16.9063858281051,16.9063858281051,18.4037975707244,22.3244870852704,25.7853497067637,30.4016076572419,34.3038174757057,37.0313467012297,39.34555300725,40.0703575575741,39.5504943895573,37.9732966912241,38.2043570665127,40.6989009111225,40.6370235022054,36.732082777835,44.419838530528,50.5437786640816,54.3086454512689,57.8025757261088,57.8025757261088,57.8025757261088,57.8025757261088
320,"GTM","Guatemala",19.2840215740929,19.2840215740929,19.2840215740929,19.2840215740929,19.2840215740929,17.5483578247979,18.6627674998518,16.6470728559143,22.4037257221322,22.4639421797996,22.0744988474403,27.9502250931095,33.4769664167141,39.9748435373378,45.8108653445346,50.7275463842856,53.8995760004555,55.5398372137259,54.8864680665962,44.0261760052709,37.3591379555433,30.5712761131114,26.462606218526,26.462606218526,26.462606218526,26.462606218526
831,"GGY","Guernsey",NA,NA,NA,NA,NA,NA,NA,NA,NA,NA,NA,NA,NA,NA,NA,NA,NA,NA,NA,NA,NA,NA,NA,NA,NA,NA
324,"GIN","Guinea",25.9686101795722,25.9686101795722,25.9686101795722,25.9686101795722,25.9686101795722,25.3564231775976,25.9451417261289,27.4683077562009,30.3513427364413,30.5573455727745,34.6750547987293,38.0060962741638,40.7071311092029,40.3315693894414,39.6558842481475,35.6839142178165,30.9961319196079,30.1048050497658,33.7078944537276,35.5078213308819,33.2413389678485,31.2819420296623,30.1883585078381,30.1883585078381,30.1883585078381,30.1883585078381
624,"GNB","Guinea-Bissau",51.2159093526663,51.2159093526663,51.2159093526663,51.2159093526663,51.2159093526663,58.5860162624717,62.0642327185996,63.6412765257121,61.3801546051149,58.0794896892673,51.9563684392347,45.6038443203368,34.7366308085313,31.0586137296417,23.7817279415919,28.2166838459613,34.1323047226468,41.5482883307349,42.9104698702641,42.965299829224,36.9247889413956,31.0301112704019,24.519892116598,24.519892116598,24.519892116598,24.519892116598
328,"GUY","Guyana",23.0425046051185,23.0425046051185,23.0425046051185,23.0425046051185,23.0425046051185,23.6631643494149,27.9429232904231,37.4794017974171,49.9586891658592,53.2297184697785,58.9589972275045,74.7115098771804,70.2078526260772,65.7847190549332,61.1385189320762,55.7483223269258,50.3195458288648,42.3573096908478,37.147339252557,30.5852320218026,30.5220207982071,35.5390257427136,36.2798563696892,36.2798563696892,36.2798563696892,36.2798563696892
332,"HTI","Haiti",21.4718443438585,21.4718443438585,21.4718443438585,21.4718443438585,21.4718443438585,6.07923122461621,0,0,0,17.318306630758,21.855555855928,26.0232221775218,20.0983110943937,21.5098097999262,25.966576544706,34.8235919968232,42.0137836944086,44.4147593405195,49.1695610286348,45.595531319955,42.1556300397231,39.652829594484,34.8450162047302,34.8450162047302,34.8450162047302,34.8450162047302
336,"VAT","Holy See",NA,NA,NA,NA,NA,NA,NA,NA,NA,NA,NA,NA,NA,NA,NA,NA,NA,NA,NA,NA,NA,NA,NA,NA,NA,NA
340,"HND","Honduras",13.608642039787,13.608642039787,13.608642039787,13.608642039787,13.608642039787,14.3127765176612,14.0584087700306,12.0281792260154,14.582807685143,14.3028509207604,12.6712712889514,17.6680801234707,17.3729668598815,18.5140244195301,26.5085249494096,35.2584517913455,38.4120077659536,42.2800638942191,44.2356512221132,43.4917828121921,40.6301125688815,41.8728929951815,37.7051282264354,37.7051282264354,37.7051282264354,37.7051282264354
344,"HKG","Hong Kong",38.6864086143271,38.6864086143271,38.6864086143271,38.6864086143271,38.6864086143271,38.5939126724047,41.1694158963882,39.0321368923126,33.3286780166667,34.3480376612444,35.6795449547445,43.673715533422,51.063871410384,51.6454131320359,50.9416327159864,53.2828693223599,55.5841601365752,57.412521087926,55.4515416884129,55.7093209933091,54.1560643765935,53.5458463677874,50.2313214331291,50.2313214331291,50.2313214331291,50.2313214331291
348,"HUN","Hungary",67.0655154164603,67.0655154164603,67.0655154164603,67.0655154164603,67.0655154164603,67.0655154164603,65.6669384796093,69.4627759953621,66.042995103576,67.4580971741656,65.4777013582579,61.5697777046666,59.0185405059305,58.8842921691325,62.772739024745,66.3868888437039,69.5648848436994,73.2789102799878,71.3647837134775,73.7489651547831,74.2699751288394,73.4661401020446,66.3687013648218,66.3687013648218,66.3687013648218,66.3687013648218
352,"ISL","Iceland",43.7722500127928,43.7722500127928,43.7722500127928,43.7722500127928,43.7722500127928,40.018375232239,40.3458701931264,41.0691371295934,40.6992211813551,40.759170987538,43.3214712988948,42.2359085669418,42.5233863677376,40.2388359562643,39.631238956297,40.1794971394937,41.9831578698543,43.3738135177708,44.0033613830615,45.1973426106564,46.3088216398981,46.2935215946077,44.9499739358962,44.9499739358962,44.9499739358962,44.9499739358962
356,"IND","India",26.8657790138958,26.8657790138958,26.8657790138958,26.8657790138958,26.8657790138958,28.2329229825361,30.9114998457256,33.601313302759,36.3386147451128,37.7280904284187,38.2030486372369,36.5837158236098,33.9557375562206,30.3237199004239,24.337149437271,21.3943264541576,19.8670323102032,18.8425601979049,20.2800952878881,20.5182004084604,22.4215133171698,25.1129766593801,28.0549439050602,28.0549439050602,28.0549439050602,28.0549439050602
360,"IDN","Indonesia",30.2654381453769,30.2654381453769,30.2654381453769,30.2654381453769,30.2654381453769,37.4450602482099,38.5424588357889,37.5022672170112,35.4691116638041,33.3528377292308,33.0200067882549,30.7716664453634,24.5795306520988,27.1610742950657,27.8433644130536,30.5226476443965,21.7773406266417,14.8124679583711,20.2427344049431,27.3280063277745,35.4910435376116,44.9121796637093,52.0734916258168,52.0734916258168,52.0734916258168,52.0734916258168
364,"IRN","Iran",25.5365412965179,25.5365412965179,25.5365412965179,25.5365412965179,25.5365412965179,23.3822316337778,20.1365973138192,20.4156857926967,22.0942004189166,21.3202131383228,21.5710268584449,22.3653444807404,27.6359122954377,31.1456568872568,29.5185943164848,30.5470867779005,31.1965214022982,33.228274428506,36.2122187916224,37.8394856338365,40.3754727802781,41.5698554804939,42.2694465800739,42.2694465800739,42.2694465800739,42.2694465800739
368,"IRQ","Iraq",28.2629768455532,28.2629768455532,28.2629768455532,28.2629768455532,28.2629768455532,35.805029838534,42.9147606946952,43.0545595773681,41.6130476764519,31.3719027120888,22.6970232128926,24.2107693039654,43.7693250663999,47.356038091863,49.2439466709807,51.2772589844901,44.3724213564977,35.3420527179402,26.2841407555803,11.8579699599279,0,0,8.02659294404734,8.02659294404734,8.02659294404734,8.02659294404734
372,"IRL","Ireland",41.0244060389654,41.0244060389654,41.0244060389654,41.0244060389654,41.0244060389654,37.8664252189563,34.4990625674478,34.6354068340612,37.6193895279164,40.1248646334871,44.4733012323522,48.4230398286247,51.1698052245686,54.2997178293242,58.5424852606809,62.4926953998175,66.7650748508051,68.624001433274,70.8001738789578,74.3130622036045,74.9944993509692,70.2792100790882,65.1244000437601,65.1244000437601,65.1244000437601,65.1244000437601
833,"IMN","Isle of Man",NA,NA,NA,NA,NA,NA,NA,NA,NA,NA,NA,NA,NA,NA,NA,NA,NA,NA,NA,NA,NA,NA,NA,NA,NA,NA
376,"ISR","Israel",26.1731708282066,26.1731708282066,26.1731708282066,26.1731708282066,26.1731708282066,28.5926255663568,32.6595277903137,36.8042059134495,39.8082808623888,43.8262715912176,48.3600292213129,49.8232540299052,50.3309431036833,48.5710944389757,51.0412750882443,49.3689094514115,46.4638253006381,43.9858789087637,44.876642358451,48.7859891575738,52.9990170882558,55.4313442267259,57.4669084510768,57.4669084510768,57.4669084510768,57.4669084510768
380,"ITA","Italy",53.6472483893798,53.6472483893798,53.6472483893798,53.6472483893798,53.6472483893798,52.4423719251938,51.3388293769387,50.8160419805436,50.4719354976618,51.2178161936709,50.604867942803,51.5752348163112,53.0354996560636,55.231298428469,59.3893125570579,61.3546107168291,63.5434412179704,63.0134635909368,60.2410158883561,58.9220775705589,57.9091522865588,58.1989424551987,59.9779129316797,59.9779129316797,59.9779129316797,59.9779129316797
388,"JAM","Jamaica",35.558517339744,35.558517339744,35.558517339744,35.558517339744,35.558517339744,35.7918136958014,36.5628737469973,40.645650624484,44.0812931589063,48.8517799534383,51.6424988991567,50.0688344687912,53.6140139760658,56.598274335903,67.7712044616801,74.9083066806353,74.7320452577023,71.3147412963336,65.6902985256194,62.5956084274101,60.5789975965791,59.1712697800871,60.1288848080422,60.1288848080422,60.1288848080422,60.1288848080422
392,"JPN","Japan",51.173810470165,51.173810470165,51.173810470165,51.173810470165,51.173810470165,51.4497105853156,52.6683502044049,53.038838814331,54.1459255636446,53.3204512181176,53.1555077265814,52.7058880987837,52.5396777961597,55.1684466407315,58.5704008686448,59.4416872440124,60.5202569777874,59.6814612161323,57.9770747917208,57.2795949454059,57.5320850600119,57.9026904726366,57.6028714320609,57.6028714320609,57.6028714320609,57.6028714320609
832,"JEY","Jersey",NA,NA,NA,NA,NA,NA,NA,NA,NA,NA,NA,NA,NA,NA,NA,NA,NA,NA,NA,NA,NA,NA,NA,NA,NA,NA
400,"JOR","Jordan",32.3771025014861,32.3771025014861,32.3771025014861,32.3771025014861,32.3771025014861,34.2166042628671,40.1821192669432,39.4963164012688,40.8469337339762,37.1360280465144,33.0900824527357,30.2280220313343,27.9563287905599,29.475171698451,32.4872381675768,36.9982171969373,41.6991695833566,42.9431782784287,45.5398792069999,44.1212648593674,49.6039797928815,55.1811957325466,59.1196138710588,59.1196138710588,59.1196138710588,59.1196138710588
398,"KAZ","Kazakhstan",60.6735203183325,60.6735203183325,60.6735203183325,60.6735203183325,60.6735203183325,62.8975010903046,71.3453244804392,80.6912538706321,72.1050268588597,52.7150056344789,38.055053561125,26.9309687527624,17.0462409258132,11.0937095304645,14.8072348339228,16.4253534160375,17.8431661967107,23.6861124867044,29.1395217404865,33.6733354550203,40.942482837573,46.3698113078576,47.010662366051,47.010662366051,47.010662366051,47.010662366051
404,"KEN","Kenya",9.90634856179004,9.90634856179004,9.90634856179004,9.90634856179004,9.90634856179004,6.15488481074171,17.4694114266837,33.3316978134596,51.0756471801559,66.0264119487923,75.6356323181248,66.6185932535175,65.1634027797615,57.0185658807202,42.8380229176155,29.0014445878833,17.0477810593541,16.4707369229347,22.9968499437278,26.8145706100456,29.2203831881125,31.0887611528613,33.8100892908157,33.8100892908157,33.8100892908157,33.8100892908157
296,"KIR","Kiribati",39.7579947600421,39.7579947600421,39.7579947600421,39.7579947600421,39.7579947600421,45.7574847350291,57.7240983765226,50.9473657522042,42.1749893906554,32.7444326905487,14.7662335011793,0,0,0,16.8054907900903,21.5375954427091,36.6911777749035,40.4295329795506,47.1135567237255,49.9449909389849,41.3237311961703,25.2487386291833,21.263234028685,21.263234028685,21.263234028685,21.263234028685
689,"XKX","Kosovo",NA,NA,NA,NA,NA,NA,NA,NA,NA,NA,NA,NA,NA,NA,NA,NA,NA,NA,NA,NA,NA,NA,NA,NA,NA,NA
414,"KWT","Kuwait",7.70116343075021,7.70116343075021,7.70116343075021,7.70116343075021,7.70116343075021,7.70116343075021,7.70116343075021,29.4597585263442,39.3548068972075,45.4736140380928,38.250915831071,35.3480009447737,30.9734819110418,28.0585683168074,25.1705810977939,25.1919690868843,25.3885289079161,24.9318077663657,28.2973952992311,36.2431821098837,39.311954135668,42.9761521630942,48.0701203446285,48.0701203446285,48.0701203446285,48.0701203446285
417,"KGZ","Kyrgyzstan",63.8638023967915,63.8638023967915,63.8638023967915,63.8638023967915,63.8638023967915,66.9373208968737,77.7581083326203,86.9702100522888,72.4847076048553,57.1571921121273,58.7701252780306,53.711718924927,43.2491748811419,26.697932072325,24.4306518544255,27.0257869968507,33.2612839272719,26.0460232501468,21.4271593687551,18.8487026887663,21.8476047899737,29.3177771741955,34.065688754815,34.065688754815,34.065688754815,34.065688754815
418,"LAO","Laos",0,0,0,0,0,0,0,0,0,0,0,0.211435606662278,25.5207747161096,46.5822078085254,50.4871191593703,46.87781465068,49.9168834705283,45.9636802428253,48.1395415671366,37.2449741175896,25.7662795664934,10.1654028267656,17.7366371424354,17.7366371424354,17.7366371424354,17.7366371424354
428,"LVA","Latvia",100,100,100,100,100,100,100,100,100,83.4412554697745,69.9432492313503,56.971761665474,48.2234984324686,42.9333795987123,45.7529836167093,47.7585178089283,50.7357855773019,55.8451211502575,58.4687879928635,62.221589521826,65.9587024018504,65.7829752093791,65.8458192096228,65.8458192096228,65.8458192096228,65.8458192096228
422,"LBN","Lebanon",4.82021920175963,4.82021920175963,4.82021920175963,4.82021920175963,4.82021920175963,11.505522118661,19.7922066593068,26.2523200166783,29.5478528233526,36.3984019591524,43.4083397784106,54.4498080347612,64.8633888790816,59.942092199437,51.3572298579574,48.4291853797943,44.5834972481089,39.3755928051452,31.5146656436021,25.6346350920214,33.4409837838512,46.620811605106,63.3598611392085,63.3598611392085,63.3598611392085,63.3598611392085
426,"LSO","Lesotho",43.5603870336421,43.5603870336421,43.5603870336421,43.5603870336421,43.5603870336421,45.2486516263919,46.4975886931046,47.3747091694095,48.0490439635798,48.1706781739442,48.1008449348046,48.0263203396702,47.9473203275389,47.4198967809621,46.1332626591034,44.9371848038961,43.8989290715807,43.0211856326229,42.784985295157,42.66280093607,42.7539275874858,43.1475230526405,42.6442517587001,42.6442517587001,42.6442517587001,42.6442517587001
430,"LBR","Liberia",38.2753012262383,38.2753012262383,38.2753012262383,38.2753012262383,38.2753012262383,38.2753012262383,38.2753012262383,38.2753012262383,38.2753012262383,38.2753012262383,38.2753012262383,38.2753012262383,38.2753012262383,38.2753012262383,38.2753012262383,38.9423310832342,34.3741638876574,29.7897256772231,30.0154501517055,29.9727220904624,19.7771293617149,10.2569633041627,6.87291669874466,6.87291669874466,6.87291669874466,6.87291669874466
434,"LBY","Libya",46.3930602154542,46.3930602154542,46.3930602154542,46.3930602154542,46.3930602154542,46.3930602154542,46.3930602154542,46.3930602154542,46.3930602154542,46.3930602154542,46.3930602154542,46.3930602154542,46.3930602154542,46.3930602154542,45.7811832244504,42.8598283801802,54.7634758569483,56.7058999304549,56.1588733581882,55.2110792161974,56.9778762890693,57.6494547878792,57.9642572005262,57.9642572005262,57.9642572005262,57.9642572005262
438,"LIE","Liechtenstein",NA,NA,NA,NA,NA,NA,NA,NA,NA,NA,NA,NA,NA,NA,NA,NA,NA,NA,NA,NA,NA,NA,NA,NA,NA,NA
440,"LTU","Lithuania",82.227222716252,82.227222716252,82.227222716252,82.227222716252,82.227222716252,82.227222716252,82.227222716252,82.227222716252,82.227222716252,82.227222716252,72.5415843167443,63.1579926422604,53.2634272970592,43.1759119889295,46.2600965272765,51.3523621740596,51.9703524547611,52.2327756358966,57.0359031922977,58.9247229644099,59.7898081476088,59.8746966823909,55.1866771236723,55.1866771236723,55.1866771236723,55.1866771236723
442,"LUX","Luxembourg",100,100,100,100,100,100,87.4089939606337,69.7906666984324,54.9086509186939,39.890389994696,32.5174126242443,27.5780412310334,28.1407833866943,33.9863614666547,42.4078872606625,48.2580901700628,54.1480871813933,59.4581504172489,70.9649310220104,75.4019842501704,77.5209183618384,79.2072731386568,78.707857369624,78.707857369624,78.707857369624,78.707857369624
446,"MAC","Macao",29.5563190738467,29.5563190738467,29.5563190738467,29.5563190738467,29.5563190738467,29.7867498699722,30.0540263180115,37.1032276694298,42.5615893311997,43.4396080751136,45.7322247856918,49.3730137207841,53.6282256637296,61.457596304553,54.1082703918945,59.1828524281597,61.2939502908245,73.4755583950602,91.4042766852294,93.2842711675734,84.0650749724395,73.1549451533123,64.1053213258774,64.1053213258774,64.1053213258774,64.1053213258774
450,"MDG","Madagascar",10.223173171238,10.223173171238,10.223173171238,10.223173171238,10.223173171238,10.0555858207506,13.9072846885358,32.9282430569291,42.6464810920567,45.7398890975574,52.4554295978224,58.7503635431302,58.2264865921553,55.1723777424864,50.3709510588013,43.0361903883938,33.120204021525,33.5793401691259,22.9984093677545,14.4839861124105,9.81542409925977,11.1683628018614,12.5715518459606,12.5715518459606,12.5715518459606,12.5715518459606
454,"MWI","Malawi",42.6893573874604,42.6893573874604,42.6893573874604,42.6893573874604,42.6893573874604,49.2540211400099,54.5687581607232,59.2362534453288,58.2057975749629,56.8464742782964,56.926663852723,55.8363098326498,55.4269126411255,50.1835319443142,48.9855232249535,44.4977847072422,42.4068396619741,43.5994437765314,39.7683485556435,35.9743065344464,34.7564099229018,34.2973602626625,37.2534503355544,37.2534503355544,37.2534503355544,37.2534503355544
458,"MYS","Malaysia",10.2341573325711,10.2341573325711,10.2341573325711,10.2341573325711,10.2341573325711,19.7416461527465,26.289332342916,33.5997379260178,32.8508652095649,34.1745865439202,28.0463893863846,24.8263434967627,21.1124246179425,20.138380311146,25.8675542246043,26.9473916191198,29.7234210553254,34.8766996537689,34.5066086158814,34.7052844182832,33.7059818138999,37.3571100364388,40.0529643727319,40.0529643727319,40.0529643727319,40.0529643727319
462,"MDV","Maldives",0,0,0,0,0,0,0,0,0,0,2.46484152072414,2.09002013342797,2.6554016053402,10.8710118607067,11.3539671589504,12.7015558230113,16.6909521814098,12.2121909793038,19.4404382404495,14.2195515706733,20.3569679329736,21.2049197073109,23.4000143500158,23.4000143500158,23.4000143500158,23.4000143500158
466,"MLI","Mali",20.1260680352136,20.1260680352136,20.1260680352136,20.1260680352136,20.1260680352136,13.2687896111766,9.25980695574231,8.31888241137683,11.0333693412214,16.0692506014258,24.0464242130678,33.438757350769,42.1260117937063,39.7227896232537,46.6260707002663,47.2338233225279,46.5653143423379,48.0464930142175,49.4977366071444,41.3552390927475,35.3429569523283,28.4904961556451,20.575290688319,20.575290688319,20.575290688319,20.575290688319
470,"MLT","Malta",51.5631734439046,51.5631734439046,51.5631734439046,51.5631734439046,51.5631734439046,56.1013702124253,56.5925015518521,62.6469483396214,53.0998712277148,48.1472106922145,47.2011828775955,47.247921848363,41.882684972852,45.1170223773802,48.3185876772082,54.4743925029171,55.530113257961,57.6869620475808,62.4634445365889,67.28875762106,61.4950542164154,57.8308415953011,52.8333668736495,52.8333668736495,52.8333668736495,52.8333668736495
584,"MHL","Marshall Islands",41.8152996486828,41.8152996486828,41.8152996486828,41.8152996486828,41.8152996486828,41.137610146031,39.1236628051269,39.6290035879405,38.3009635962442,35.4856172478697,36.0966718908373,35.7524188744994,35.2950006824217,35.5904318773401,39.2479990399404,40.0369566179412,41.0567622039151,42.1026853846592,44.5565931859848,43.2659738018283,44.1733164000356,40.3346952256989,35.1177440163825,35.1177440163825,35.1177440163825,35.1177440163825
478,"MRT","Mauritania",41.0908102562307,41.0908102562307,41.0908102562307,41.0908102562307,41.0908102562307,43.018343401863,43.5496634696479,42.5119385824835,42.3268998443922,35.4289036211881,32.025941689953,27.0918684940395,21.4817462956877,19.0909749406717,17.3202257202237,17.5669022602764,17.1700096367003,15.7590965532364,17.6308816324891,20.1334201292515,21.8254854489234,22.5592706889203,21.5432509900272,21.5432509900272,21.5432509900272,21.5432509900272
480,"MUS","Mauritius",36.3277359981773,36.3277359981773,36.3277359981773,36.3277359981773,36.3277359981773,34.7297735967258,32.9835822795346,30.0231935365571,26.4723503107816,29.2720198575971,27.387234060071,25.2361937289246,27.109165783163,30.4064734513609,34.1760683909643,35.4476627621311,36.9815454926341,39.8961953961552,41.945763207015,44.5122205543561,45.6713283830281,44.3995625401779,43.2364100417428,43.2364100417428,43.2364100417428,43.2364100417428
484,"MEX","Mexico",41.1760643374706,41.1760643374706,41.1760643374706,41.1760643374706,41.1760643374706,41.0439476787418,40.6320634875816,41.7470096050116,41.8931653562016,42.5725681403443,44.8191252469694,45.6489029144996,44.4965077601667,39.9370003873946,39.6556798052813,42.4660640278334,44.9873969416844,48.6474973867743,51.6588667064789,55.7586259451146,59.587729985192,60.5274418307763,59.5409828108578,59.5409828108578,59.5409828108578,59.5409828108578
583,"FSM","Micronesia",42.2979556081587,42.2979556081587,42.2979556081587,42.2979556081587,42.2979556081587,41.9552283249245,31.9495545199166,29.5550168935946,29.807029534291,31.1376923382409,39.0436646163442,47.7701070532595,51.5577663006718,58.3593216964605,60.4276906745574,70.2837611635445,67.1309271632199,62.0897088206727,55.0592698411953,47.3923279683973,44.9939727037758,40.2559874812837,31.9340512343444,31.9340512343444,31.9340512343444,31.9340512343444
498,"MDA","Moldova",100,100,100,100,100,100,100,100,100,100,100,73.2949107397344,55.7818330704971,39.2896450869462,37.6162543699433,43.7829857428117,48.8607984024719,54.6987180438366,57.520542452798,61.4849369961689,54.1838461302888,48.1330559180774,43.0242889729174,43.0242889729174,43.0242889729174,43.0242889729174
492,"MCO","Monaco",NA,NA,NA,NA,NA,NA,NA,NA,NA,NA,NA,NA,NA,NA,NA,NA,NA,NA,NA,NA,NA,NA,NA,NA,NA,NA
496,"MNG","Mongolia",86.9568058592008,86.9568058592008,86.9568058592008,86.9568058592008,86.9568058592008,93.7520491676875,83.5554900534447,64.6130461098114,56.2292120256461,52.9575142821616,50.0323914385312,44.2201571793949,33.3485665826398,25.8728023714679,19.5723458134956,15.876560524476,0,0,0,0,0,0,7.66446758289122,7.66446758289122,7.66446758289122,7.66446758289122
499,"MNE","Montenegro",40.7143284008942,40.7143284008942,40.7143284008942,40.7143284008942,40.7143284008942,40.7143284008942,40.7143284008942,40.7143284008942,40.7143284008942,40.7143284008942,40.7143284008942,40.7143284008942,34.3673534627974,21.5345691502475,40.993013650179,47.566601842126,50.173758218371,55.2809940833856,59.4213155033518,60.525521045696,58.4266409506322,55.8642550582893,54.5316353819175,54.5316353819175,54.5316353819175,54.5316353819175
504,"MAR","Morocco",35.975749042921,35.975749042921,35.975749042921,35.975749042921,35.975749042921,38.8646754923965,38.6819316226348,39.2678750099121,39.806163844197,36.0220634590236,32.4175958696774,29.4978008946076,26.826968798724,25.7184740932829,26.9359985331007,28.6739317444523,29.0268705086477,29.1580130408359,35.3036487089899,38.4954648676568,41.8624586300509,45.4664442778838,47.0300754832786,47.0300754832786,47.0300754832786,47.0300754832786
508,"MOZ","Mozambique",46.5804634295963,46.5804634295963,46.5804634295963,46.5804634295963,46.5804634295963,40.6030000100836,26.0829299981687,16.7404312202844,1.36401833846054,0,0,0,0,0,11.1115375842716,21.9299852144171,21.921420645592,27.9676456722706,20.9624919053599,0,0,0,0,0,0,0
104,"MMR","Myanmar",7.77491281056174,7.77491281056174,7.77491281056174,7.77491281056174,7.77491281056174,6.03987873028616,16.7465376928567,24.6420537973003,31.0141115398846,28.7009905468407,29.1477884241737,28.3972564591355,29.9990933465689,40.978964832731,47.4631691506196,43.790966967145,43.5985427095454,52.3700705231005,55.4437733389557,35.7944215303217,21.0206545106533,1.53848289145415,0,0,0,0
516,"NAM","Namibia",14.700033569804,14.700033569804,14.700033569804,14.700033569804,14.700033569804,27.0392764486822,32.7452927319632,43.8107975179806,48.6413143936042,49.3587953353458,45.2384028573292,40.5214863677862,36.2899211095697,20.4357503814467,16.4564051255249,15.7771280432821,16.9978581893869,19.6019178361604,32.5595570079539,34.5913180843367,33.7556870483044,35.5626787298728,38.754728903431,38.754728903431,38.754728903431,38.754728903431
520,"NRU","Nauru",43.2046553776794,43.2046553776794,43.2046553776794,43.2046553776794,43.2046553776794,43.2046553776794,43.2046553776794,43.2046553776794,43.2046553776794,43.2046553776794,43.2046553776794,43.2046553776794,43.2046553776794,43.2046553776794,43.2046553776794,43.2046553776794,43.2046553776794,43.2046553776794,43.2046553776794,43.2046553776794,43.2046553776794,43.2046553776794,35.7911969687749,35.7911969687749,35.7911969687749,35.7911969687749
524,"NPL","Nepal",0,0,0,0,0,0,0,15.002221202217,29.3663222720385,44.4543997027008,51.3868005094197,59.2693024729487,63.0627033250883,64.6142965739397,48.4466433188447,31.9202961104652,13.3122835014618,4.83066406756835,0,0,0,0,0,0,0,0
528,"NLD","Netherlands",49.9654802017233,49.9654802017233,49.9654802017233,49.9654802017233,49.9654802017233,52.1193728819429,52.7984693327937,53.8972160890078,55.272404007967,56.5871532748332,56.3761449426785,55.171315852102,55.5577081292455,55.8716808747773,58.040027379002,58.2275877465618,60.539164909415,61.9872561173802,61.6942396868929,61.5249368058091,59.5514869102056,57.8066813229671,57.78783943893,57.78783943893,57.78783943893,57.78783943893
540,"NCL","New Caledonia",NA,NA,NA,NA,NA,NA,NA,NA,NA,NA,NA,NA,NA,NA,NA,NA,NA,NA,NA,NA,NA,NA,NA,NA,NA,NA
554,"NZL","New Zealand",34.5680771136267,34.5680771136267,34.5680771136267,34.5680771136267,34.5680771136267,34.5880379321963,34.6717114571563,36.9397714272915,38.428991101187,42.1120800051433,47.4011222986268,52.1495268912361,54.2092616630447,57.1786997802108,60.2623451806434,63.3558299936194,63.3998467305001,59.8107887527066,57.4585861737091,54.9470014156973,52.9514713534014,53.1560562116463,51.3867672237921,51.3867672237921,51.3867672237921,51.3867672237921
558,"NIC","Nicaragua",18.9588915620241,18.9588915620241,18.9588915620241,18.9588915620241,18.9588915620241,17.9098630310586,20.6837979730234,20.7027882259469,23.2051075068976,26.4876002255303,30.774318706077,35.3956967444298,38.6747869566575,42.7787710274484,45.9547683766059,48.9339900107581,49.4357507218467,52.1347732941758,52.9325858523455,51.7546238545929,47.4093698104124,42.0938140007155,37.6381984184855,37.6381984184855,37.6381984184855,37.6381984184855
562,"NER","Niger",35.0147980172545,35.0147980172545,35.0147980172545,35.0147980172545,35.0147980172545,44.3596524806891,55.6664738820777,67.1203419039119,72.2968276044232,74.8150242456505,81.9504441790071,81.4530922880734,74.988110503229,59.2489898658885,42.421034140073,31.2381738645071,21.9328297005053,4.03488336748796,0,0,0,0,2.03716971263152,2.03716971263152,2.03716971263152,2.03716971263152
566,"NGA","Nigeria",61.1593769805877,61.1593769805877,61.1593769805877,61.1593769805877,61.1593769805877,43.1868285099591,21.6025499531549,0,0,0,0,0,0,21.0288933879645,54.7847039600153,64.8895770280877,71.4291177771215,71.296494706186,66.0663298775753,60.416991455327,50.3515375019987,42.3435580845967,36.1209489684491,36.1209489684491,36.1209489684491,36.1209489684491
570,"NIU","Niue",NA,NA,NA,NA,NA,NA,NA,NA,NA,NA,NA,NA,NA,NA,NA,NA,NA,NA,NA,NA,NA,NA,NA,NA,NA,NA
408,"PRK","North Korea",NA,NA,NA,NA,NA,NA,NA,NA,NA,NA,NA,NA,NA,NA,NA,NA,NA,NA,NA,NA,NA,NA,NA,NA,NA,NA
807,"MKD","North Macedonia",59.0503256500176,59.0503256500176,59.0503256500176,59.0503256500176,59.0503256500176,50.0257481704844,46.2479658539031,48.6537621378454,52.1941328767578,55.9526701910094,58.7686779776393,60.0813077416131,75.0146895783766,77.0125255037966,87.4164001693662,91.6644725532395,85.1050332923028,86.6848559841035,90.496252364029,93.3952593046223,91.68928285818,86.6675923892999,81.0151169690929,81.0151169690929,81.0151169690929,81.0151169690929
578,"NOR","Norway",43.7240033213589,43.7240033213589,43.7240033213589,43.7240033213589,43.7240033213589,42.3954706965303,40.8318108216337,44.021777458777,40.5172357307608,41.1944444735715,44.205061431767,47.8385887969487,49.5004141451092,44.7133593040198,40.5871520722768,36.2384091222928,40.4114487188005,45.5994588153635,42.4285858872486,48.0886044762105,54.5907499006403,62.5625264170599,72.5146206190078,72.5146206190078,72.5146206190078,72.5146206190078
512,"OMN","Oman",25.0544000372269,25.0544000372269,25.0544000372269,25.0544000372269,25.0544000372269,21.7436577197564,24.0690518709125,22.0213459528678,13.5517660983847,11.1246946831491,9.01970388835664,3.46861435580455,0.554619617602228,2.95107313478492,4.4927867783598,4.15267204206975,8.6526376750209,9.04619240086343,5.38913912683431,12.5555781068857,21.4665167773899,23.8934652422259,26.1757466500322,26.1757466500322,26.1757466500322,26.1757466500322
586,"PAK","Pakistan",29.4319644017397,29.4319644017397,29.4319644017397,29.4319644017397,29.4319644017397,29.3617536362279,32.0902080788814,34.0339073393506,34.1623207350444,31.3926084798296,30.950737718818,27.9986976953617,25.4561672506133,24.9621301431385,26.8451649149781,29.4330798738428,34.0850113516814,39.3492214341381,44.1881863694495,47.0932652343714,48.8323616054744,47.3755846584935,42.6783910167752,42.6783910167752,42.6783910167752,42.6783910167752
585,"PLW","Palau",56.0261119973893,56.0261119973893,56.0261119973893,56.0261119973893,56.0261119973893,56.0261119973893,56.0261119973893,56.0261119973893,56.0261119973893,56.0261119973893,56.0261119973893,56.0261119973893,56.0261119973893,56.0261119973893,56.0261119973893,56.8857145122903,56.9928604026128,57.1362637032299,57.1664157972785,57.0746100140293,55.4427489693231,48.6669868368236,42.502457142809,42.502457142809,42.502457142809,42.502457142809
591,"PAN","Panama",13.6524369961684,13.6524369961684,13.6524369961684,13.6524369961684,13.6524369961684,19.957185780305,18.7481486792479,18.2084702348336,21.663045781788,26.5068104807713,42.7404638091969,45.129031858021,43.8856705935923,41.8367624376744,38.0037285571732,34.2084689062506,22.8471568938723,21.2696593554461,19.7531519835141,31.1638974281097,32.0315108808068,31.9379450485685,36.0447098427776,36.0447098427776,36.0447098427776,36.0447098427776
598,"PNG","Papua New Guinea",33.2602665716538,33.2602665716538,33.2602665716538,33.2602665716538,33.2602665716538,28.3750021579781,23.0737343516738,18.3244738107972,15.293045559615,9.30425271933085,9.32705497354407,12.898496468612,6.81503878062678,0.642156561014829,12.9715819047901,27.6250269079067,37.136686543116,47.7019470868533,49.2522371937757,48.0784328107864,45.5290995766369,40.7068842264204,27.637580067964,27.637580067964,27.637580067964,27.637580067964
600,"PRY","Paraguay",5.00465212196711,5.00465212196711,5.00465212196711,5.00465212196711,5.00465212196711,17.9521838668433,33.9836091545051,44.4495692161911,52.6906333371971,56.7944561227222,58.0523147719666,60.6504649466231,59.0262934786521,53.689258095156,46.0746770421581,42.673551886794,39.5163553244642,37.1964999943725,34.9617224848522,32.7339481102662,34.370270251669,35.9242217297691,38.7812634767172,38.7812634767172,38.7812634767172,38.7812634767172
604,"PER","Peru",33.6499970180289,33.6499970180289,33.6499970180289,33.6499970180289,33.6499970180289,31.1811712926087,35.9861346861213,42.7670010653285,46.5891039156199,46.1591938334457,42.3194226060723,42.6547454331193,34.4975663270022,30.4394586504599,19.6553015797422,7.70656360434081,9.59441255859821,12.4224723681251,20.1493120269372,23.1077818469698,21.8766190266038,25.6095313885406,27.8951109544743,27.8951109544743,27.8951109544743,27.8951109544743
608,"PHL","Philippines",21.2245679710325,21.2245679710325,21.2245679710325,21.2245679710325,21.2245679710325,24.1363862979326,29.9370064376197,34.8464906153753,41.925784482188,46.5848114012219,49.2974354093282,55.4283641215441,55.1725733126687,53.5695716099281,53.3196225859857,48.8489397986913,46.0112438716061,42.3600721217457,38.092212050783,32.7154997579511,26.4596536084421,24.2003345727293,21.4968788862747,21.4968788862747,21.4968788862747,21.4968788862747
616,"POL","Poland",77.9952493091004,77.9952493091004,77.9952493091004,77.9952493091004,77.9952493091004,77.9952493091004,77.9952493091004,77.9952493091004,77.9952493091004,77.9952493091004,75.2213865972673,64.5201619393942,57.27947355907,54.8817881315312,55.2035811232841,54.8611387794311,54.4884586885126,56.8065214700722,57.9336163993088,61.9388576302825,67.5443298741853,65.1824416548472,61.0055402899801,61.0055402899801,61.0055402899801,61.0055402899801
620,"PRT","Portugal",35.90530797725,35.90530797725,35.90530797725,35.90530797725,35.90530797725,35.5204738904985,36.4621459923831,34.2965654709556,38.002626111249,41.8464043385732,43.151237583808,49.8962519307706,56.8557022265564,65.5439797075625,68.971896393598,78.1745713542769,84.4271725516864,77.2351070387714,71.9375693996335,66.9689884607513,60.7468571344577,59.1087614120174,57.9165340277518,57.9165340277518,57.9165340277518,57.9165340277518
634,"QAT","Qatar",4.34451012741533,4.34451012741533,4.34451012741533,4.34451012741533,4.34451012741533,26.3726784678689,36.0646474557509,36.4632682577751,34.901922512516,34.6346621083666,30.0425270231272,21.8528872293517,12.0115019965416,10.3854512163704,12.1393974581268,13.9106869687854,10.7692693707368,7.11935147087937,13.1983399374183,15.621244970893,14.091034378435,10.5215609545584,11.0536406743117,11.0536406743117,11.0536406743117,11.0536406743117
178,"COG","Republic of Congo",62.0314858426701,62.0314858426701,62.0314858426701,62.0314858426701,62.0314858426701,79.9646292552603,100,100,100,100,100,77.6770673963167,34.0010316441454,28.2924834633203,14.4734142708376,0,0,0,0,0,0,0,8.27052075669242,8.27052075669242,8.27052075669242,8.27052075669242
642,"ROU","Romania",69.7241464862016,69.7241464862016,69.7241464862016,69.7241464862016,69.7241464862016,85.5828109886877,87.7319018185258,84.1623180656753,77.1099843030105,74.3752478564998,67.9628805225115,57.2428014860242,50.8902529033179,50.2673650627392,60.1896305604905,72.8570549707445,77.9427089213249,83.009800110347,90.8566424511835,98.1963025253374,100,94.9742711074411,83.2048936211762,83.2048936211762,83.2048936211762,83.2048936211762
643,"RUS","Russia",57.2143398469301,57.2143398469301,57.2143398469301,57.2143398469301,57.2143398469301,57.650474591125,59.22426237138,61.7944287451195,59.2187148270478,56.4589538951721,54.026531760257,51.0863144217211,50.6517016648912,50.8129747831023,53.2525498031531,53.3207177822788,52.1059614567059,50.7982455784523,50.2382674974553,51.7200325253971,54.2193596250669,55.3735688411118,56.9197738258825,56.9197738258825,56.9197738258825,56.9197738258825
646,"RWA","Rwanda",57.4837330154482,57.4837330154482,57.4837330154482,57.4837330154482,57.4837330154482,52.8706460374451,50.9497254894345,49.2435668231802,48.5752926030333,49.2718463477614,51.266880544799,52.8618611295508,52.6599789086983,54.3898600372411,53.4388900933384,51.1935724870776,46.1206247824922,39.1292591161711,32.3700784328331,26.1996643960258,20.7175563364907,17.0990186420336,14.1698030599463,14.1698030599463,14.1698030599463,14.1698030599463
652,"BLM","Saint Barthelemy",NA,NA,NA,NA,NA,NA,NA,NA,NA,NA,NA,NA,NA,NA,NA,NA,NA,NA,NA,NA,NA,NA,NA,NA,NA,NA
659,"KNA","Saint Kitts and Nevis",28.8666702408948,28.8666702408948,28.8666702408948,28.8666702408948,28.8666702408948,25.4633704987226,24.7913641191934,22.4738474161824,23.3404034693609,23.3184915410467,27.3367263034113,32.5918898176973,35.4139837575145,39.3130944750571,42.0457252949223,45.102040512677,47.4473378935261,48.7012692526489,50.1205286562931,48.8287093096415,50.06961497526,50.8513521669818,50.3138317022262,50.3138317022262,50.3138317022262,50.3138317022262
662,"LCA","Saint Lucia",12.0155273273757,12.0155273273757,12.0155273273757,12.0155273273757,12.0155273273757,19.9635263239521,27.8860652698418,37.7314635457656,44.1610663303691,48.4031785124723,47.3965868175485,45.6044040666943,45.1001489165055,45.5321508471514,47.2096693530112,47.5989827926281,45.463942058238,47.9249695289066,48.4324970211788,49.6553622337755,50.161481429346,50.6876895635691,50.6599485077258,50.6599485077258,50.6599485077258,50.6599485077258
670,"VCT","Saint Vincent and the Grenadines",4.7845772383556,4.7845772383556,4.7845772383556,4.7845772383556,4.7845772383556,10.7576227699715,16.2323620185328,22.9076868362386,25.439274822911,22.92410747599,22.2210795523818,24.5035427875067,29.3291830307865,30.0164491965198,22.318758010799,35.0797745155064,45.9460314189737,48.2777664997549,56.253367970907,59.7798701608928,62.892278227411,65.6861354846793,67.2406734944294,67.2406734944294,67.2406734944294,67.2406734944294
882,"WSM","Samoa",38.8995159565459,38.8995159565459,38.8995159565459,38.8995159565459,38.8995159565459,37.8340617710279,37.0922290711862,37.2221778114164,37.9191315295206,40.2258258136111,41.2729588220544,41.4724112161368,41.2088409939938,40.6183409982051,39.8460263137999,39.3733206278133,37.2691523079107,38.0469307054721,39.1211663940518,39.0945940227799,37.6587205075599,34.0399382959199,30.7892301593723,30.7892301593723,30.7892301593723,30.7892301593723
674,"SMR","San Marino",46.1207644209644,46.1207644209644,46.1207644209644,46.1207644209644,46.1207644209644,46.1207644209644,46.1207644209644,46.1207644209644,46.1207644209644,46.1207644209644,46.1207644209644,46.1207644209644,48.0674380381918,50.4774514762993,56.0112954397008,58.2678586184217,59.5233673878634,59.7036202721337,59.2917953524959,59.250365964461,58.8173932161316,58.4885259354974,58.6905409532684,58.6905409532684,58.6905409532684,58.6905409532684
678,"STP","Sao Tome and Principe",56.2891192118667,56.2891192118667,56.2891192118667,56.2891192118667,56.2891192118667,56.2827775510138,54.1090479444854,48.4468656799737,40.6105321260368,31.5714393469808,23.9130640022639,16.6062548066493,13.1989999660468,13.8315308712693,15.7918358585486,19.9519810556161,25.0827670371284,26.7949686924955,28.6665424718368,30.2854752575866,28.7538242494869,26.4982870570032,27.263825456591,27.263825456591,27.263825456591,27.263825456591
682,"SAU","Saudi Arabia",61.896366580857,61.896366580857,61.896366580857,61.896366580857,61.896366580857,71.0650693255132,62.7550759733637,52.0257289552477,39.1877801327525,21.290437605376,15.2808899937663,6.58444520006272,12.0667465705981,19.9151626901399,27.2452435894489,25.5289275045637,28.144521885104,27.0365498916861,31.2654519669908,28.623302039026,27.9573881429778,26.7693052317979,32.8331503057633,32.8331503057633,32.8331503057633,32.8331503057633
686,"SEN","Senegal",53.7918573660518,53.7918573660518,53.7918573660518,53.7918573660518,53.7918573660518,54.1081878943534,50.3919287153228,46.0773303321018,39.3111890814811,30.4287564447506,24.3894363892919,26.3799761285231,32.2115619227241,39.5448390033477,49.8953501422752,42.0930349855325,33.1121943002179,28.459557851795,21.8071361277358,15.5973006718413,8.56330462312262,11.7454339095052,15.0139011156178,15.0139011156178,15.0139011156178,15.0139011156178
688,"SRB","Serbia",49.1267507687725,49.1267507687725,49.1267507687725,49.1267507687725,49.1267507687725,49.1267507687725,49.1267507687725,49.1267507687725,49.1267507687725,49.1267507687725,50.9815243403973,46.0509001407223,40.4043482549541,33.3658555379069,44.9051580144895,53.6498070315618,58.251785971742,67.8211279348629,75.9123936969184,82.86513320468,79.4336922630671,65.0184391098107,57.2277217801948,57.2277217801948,57.2277217801948,57.2277217801948
690,"SYC","Seychelles",0,0,0,0,0,0,0,0,0,0,0,16.835211885679,31.404879831732,38.8133424907191,51.6771096830839,67.9384319402388,94.1407619583282,100,100,100,100,93.8639507265997,83.6827313399605,83.6827313399605,83.6827313399605,83.6827313399605
694,"SLE","Sierra Leone",60.4092345061557,60.4092345061557,60.4092345061557,60.4092345061557,60.4092345061557,59.6473279730562,56.0647562299099,46.7547385940392,37.077649459099,25.1546820846737,29.2136981375036,19.883332370552,20.3076504902899,24.9040434008446,37.8283793683718,45.7939542646776,40.0868333924576,30.8509600872374,17.6323637015707,6.22635677549073,9.8638513813582,5.11488201871921,7.86741044513651,7.86741044513651,7.86741044513651,7.86741044513651
702,"SGP","Singapore",49.3742092932949,49.3742092932949,49.3742092932949,49.3742092932949,49.3742092932949,53.6952443230715,57.4748787294515,61.1581705836775,80.7215134133951,88.7003033842111,100,100,100,100,68.5392684110584,45.5251954363204,29.98283785835,21.2738342485634,13.5801956101015,12.1587972869464,10.9256078277753,11.1485530955674,28.6542934011205,28.6542934011205,28.6542934011205,28.6542934011205
534,"SXM","Sint Maarten",NA,NA,NA,NA,NA,NA,NA,NA,NA,NA,NA,NA,NA,NA,NA,NA,NA,NA,NA,NA,NA,NA,NA,NA,NA,NA
703,"SVK","Slovakia",71.0545875534493,71.0545875534493,71.0545875534493,71.0545875534493,71.0545875534493,71.0545875534493,71.0545875534493,67.1177695861676,63.708392917612,63.6817131470182,60.853139460453,58.1600144149713,58.9295442623817,58.4052806507942,63.362375342206,67.4920034968811,70.3279625116422,74.3229595429635,75.5004639605263,79.1990373585472,79.6264667210748,75.1367256802332,68.9697302904767,68.9697302904767,68.9697302904767,68.9697302904767
705,"SVN","Slovenia",66.2160884541289,66.2160884541289,66.2160884541289,66.2160884541289,66.2160884541289,57.837476515802,53.0600947960234,54.2320169470824,55.0748138961419,55.1968531801698,55.0621137493687,53.5426878727593,50.8595964326537,48.3583053962241,50.7495140077362,54.8762546759966,57.4671077811721,60.1710976690748,63.7052826446833,68.019378701535,68.9105396725609,67.852044543987,70.8594408575126,70.8594408575126,70.8594408575126,70.8594408575126
90,"SLB","Solomon Islands",55.7933942535381,55.7933942535381,55.7933942535381,55.7933942535381,55.7933942535381,53.892673338891,50.8996496984367,49.0394147842895,47.3651232756779,47.1661056461472,47.2491881567279,47.2651514462158,45.7141439783637,44.6332263843716,42.1522675324798,41.0046420278252,40.0792969781193,40.5238614516292,41.2232892776728,43.1084840922162,45.2241797501097,44.3840806375883,41.8918607558943,41.8918607558943,41.8918607558943,41.8918607558943
706,"SOM","Somalia",NA,NA,NA,NA,NA,NA,NA,NA,NA,NA,NA,NA,NA,NA,NA,NA,NA,NA,NA,NA,NA,NA,NA,NA,NA,NA
710,"ZAF","South Africa",42.3542986997841,42.3542986997841,42.3542986997841,42.3542986997841,42.3542986997841,43.3949665926357,44.9077778622892,50.420382429187,51.8249408861036,49.6981778108328,48.5323203508405,45.9364731504931,41.2843213421714,37.3822028400412,35.5293257173818,36.8993219202456,40.976918544426,48.0300409691186,52.1206271302277,52.1776831109524,55.6004723467299,57.0079939502306,58.2631685591793,58.2631685591793,58.2631685591793,58.2631685591793
410,"KOR","South Korea",25.0748453734544,25.0748453734544,25.0748453734544,25.0748453734544,25.0748453734544,27.3062522822236,31.3229643696261,35.8367124392324,38.8218892173979,40.8914130906115,43.1850572582616,43.7473307102526,41.8400198571668,46.0535174597602,49.0556037598657,45.941512495736,42.9526627444203,40.6947460654417,39.758009430815,39.5087124928148,41.2309820593402,43.6569963979182,45.4666448153888,45.4666448153888,45.4666448153888,45.4666448153888
728,"SSD","South Sudan",NA,NA,NA,NA,NA,NA,NA,NA,NA,NA,NA,NA,NA,NA,NA,NA,NA,NA,NA,NA,NA,NA,NA,NA,NA,NA
724,"ESP","Spain",43.6977118804395,43.6977118804395,43.6977118804395,43.6977118804395,43.6977118804395,40.8131704039867,38.3745601238588,35.133588673998,35.6901931245821,34.6573109455326,33.6459635917988,36.9572070732949,39.2341676248942,44.696664762418,52.6891264810678,60.2261224498465,69.0176931136407,74.3962681292632,76.2169767970655,69.8924219898009,62.8876542895782,64.0873121262348,64.3525941681304,64.3525941681304,64.3525941681304,64.3525941681304
144,"LKA","Sri Lanka",6.9891409279078,6.9891409279078,6.9891409279078,6.9891409279078,6.9891409279078,5.45707272845634,7.19384457311183,5.38691206343999,9.87378668155662,12.9553302722305,19.8279941032204,25.025811720078,30.366778492157,37.8025505708714,42.1024832733553,42.7996736277572,40.5155729889211,36.7809083468711,36.9537097034711,29.7882817366628,19.0462385186705,9.10071930665585,1.63152034784163,1.63152034784163,1.63152034784163,1.63152034784163
275,"PSE","State of Palestine",NA,NA,NA,NA,NA,NA,NA,NA,NA,NA,NA,NA,NA,NA,NA,NA,NA,NA,NA,NA,NA,NA,NA,NA,NA,NA
729,"SDN","Sudan",49.7337069987122,49.7337069987122,49.7337069987122,49.7337069987122,49.7337069987122,37.0459770015601,23.316343292333,8.20403824558227,8.57535806845829,0,0,0,0,0,0,0,12.9391500455501,22.7820291543207,30.7181673667813,33.7709881793426,39.0130067475597,44.4431385066914,44.3782911202357,44.3782911202357,44.3782911202357,44.3782911202357
740,"SUR","Suriname",50.9250523348777,50.9250523348777,50.9250523348777,50.9250523348777,50.9250523348777,54.1921984387888,51.5040370912011,63.3882258232062,80.4682359428573,94.531363239474,100,97.8788529278826,90.5459947220687,76.0283354029654,62.516572625576,45.0648684539693,32.4265143159952,30.2822566339361,36.7633545204159,43.0496076237191,44.7011566976111,43.976490273319,45.1692310302246,45.1692310302246,45.1692310302246,45.1692310302246
752,"SWE","Sweden",55.3512370713136,55.3512370713136,55.3512370713136,55.3512370713136,55.3512370713136,57.9102774023275,59.2607822259886,57.0650119982523,57.439142569421,56.0359912784446,55.9879439003439,54.9986035733669,57.4791311512028,58.4753044774555,67.1190631027719,68.4128195154833,68.3756852910918,65.5355743852057,65.6873776483664,65.8352328590895,67.5273692584084,66.9388011705911,68.5856467888969,68.5856467888969,68.5856467888969,68.5856467888969
756,"CHE","Switzerland",61.6087746714755,61.6087746714755,61.6087746714755,61.6087746714755,61.6087746714755,63.0530987867347,57.9417543210624,56.3235251462228,56.6714159845936,56.2782281373147,56.8985016275096,56.8279800332651,59.2645400893664,58.2230091070016,57.0954380560473,61.0843746503149,62.6076732207104,64.9820714484511,63.8337070501664,69.7026675345937,71.1859984293205,71.682038387577,75.9700599334752,75.9700599334752,75.9700599334752,75.9700599334752
760,"SYR","Syria",NA,NA,NA,NA,NA,NA,NA,NA,NA,NA,NA,NA,NA,NA,NA,NA,NA,NA,NA,NA,NA,NA,NA,NA,NA,NA
158,"TWN","Taiwan",23.7380518480711,23.7380518480711,23.7380518480711,23.7380518480711,23.7380518480711,26.4266138280209,28.6276923258876,30.3321278903985,31.5255563318274,32.3848495278119,34.3046087373055,36.0202119437409,36.2582019389221,40.1619401470273,46.1679545632491,48.4500470398608,50.8312923927064,53.8678458131737,56.2367666910595,56.4300101279316,57.2873128457986,56.2128711686603,52.4849256888252,52.4849256888252,52.4849256888252,52.4849256888252
762,"TJK","Tajikistan",70.0193676500115,70.0193676500115,70.0193676500115,70.0193676500115,70.0193676500115,67.3104069752085,60.5348783720939,66.2276500971636,68.2956291925013,58.9401494168694,55.1765256597426,45.1856040897354,39.2979602623406,35.7226855707608,37.6308479498823,41.8075264967934,49.215031769833,55.494059572681,54.9671344127529,39.3230677833308,34.7892269605804,29.5412029098677,21.2343582220247,21.2343582220247,21.2343582220247,21.2343582220247
834,"TZA","Tanzania",45.4007051986712,45.4007051986712,45.4007051986712,45.4007051986712,45.4007051986712,51.6833762096183,51.9469898948907,51.1125422022998,46.9140299860505,43.211411158303,22.0656069267826,1.33826133001055,0,0,0.888451775367741,7.39002600155024,10.0666980642463,8.87916814069963,6.92128977431649,6.10233839372209,4.25423448862546,2.42508331259631,4.88213173436755,4.88213173436755,4.88213173436755,4.88213173436755
764,"THA","Thailand",9.29561084863749,9.29561084863749,9.29561084863749,9.29561084863749,9.29561084863749,17.6155781699909,24.7325428795657,30.6260853122457,33.601909626505,34.1044350343046,32.423589261035,28.8702193265313,26.378030917511,30.5188186741128,33.1998104338156,36.0800609586077,39.7938178629279,41.4901256318092,42.316918525658,40.43229203808,38.963759267199,37.8755799208934,38.2236264593449,38.2236264593449,38.2236264593449,38.2236264593449
626,"TLS","Timor-Leste",57.9391661727566,57.9391661727566,57.9391661727566,57.9391661727566,57.9391661727566,57.9391661727566,57.9391661727566,57.9391661727566,57.9391661727566,57.9391661727566,57.9391661727566,57.9391661727566,57.9391661727566,57.9391661727566,57.9391661727566,51.6199978448187,53.3463859423885,54.2476898234066,48.9125181726513,20.7783980060929,16.1210189517593,13.4937387291798,16.857845514254,16.857845514254,16.857845514254,16.857845514254
768,"TGO","Togo",32.0385302078598,32.0385302078598,32.0385302078598,32.0385302078598,32.0385302078598,32.9538507709924,37.5655856014454,39.0066710045184,31.4243112143629,30.8667860465579,28.5613635028488,30.4815763032939,47.0458032833944,52.5584976777153,27.1508301260067,18.5329900983354,21.2582199181895,26.9800819635163,25.4094187362373,27.1475590829994,22.4077864162775,25.0821599798372,31.2460157486789,31.2460157486789,31.2460157486789,31.2460157486789
776,"TON","Tonga",43.0954229870981,43.0954229870981,43.0954229870981,43.0954229870981,43.0954229870981,45.643898844921,44.1416101913748,48.7358949197933,45.2430168557281,42.7624112834277,39.01366803462,40.704299259306,40.0682811795552,42.9162605845326,37.0276435467399,41.1806261284551,53.5310771140531,61.3911703464236,61.7985243389704,62.5925460705795,59.8241536143346,50.516411927861,45.6543116479076,45.6543116479076,45.6543116479076,45.6543116479076
780,"TTO","Trinidad and Tobago",37.4420212001873,37.4420212001873,37.4420212001873,37.4420212001873,37.4420212001873,32.3148595690925,26.4341223673415,17.911491936127,12.3998243658826,8.88902912989948,5.32903157292,0,0,4.78469915071149,9.52728889541584,15.2019396280959,22.6466642768074,33.2731539869774,40.2285038269482,47.3115553044276,50.2059913522625,51.315959081532,51.7185267337864,51.7185267337864,51.7185267337864,51.7185267337864
788,"TUN","Tunisia",41.1230386140544,41.1230386140544,41.1230386140544,41.1230386140544,41.1230386140544,42.0357821494888,38.3775119482483,38.023918518684,35.7818566805752,35.2046323190961,37.0978409232689,38.4724131218864,40.0439854319723,40.8789415922924,43.0636381956427,40.7521143722384,40.9103097254916,41.6197700538661,42.9164798457692,43.0312943697009,48.4654951893143,55.2292789417755,58.9941505467073,58.9941505467073,58.9941505467073,58.9941505467073
792,"TUR","Turkey",34.9835504831021,34.9835504831021,34.9835504831021,34.9835504831021,34.9835504831021,33.3879036956332,37.0935779743907,39.6442026435081,41.2824864445224,44.2283025185675,45.0074653457553,41.7842283680928,35.9172712093094,31.8505110212164,31.6361909626054,28.4619402787548,28.9261831755584,30.0516700036981,32.9266760970171,35.214192399795,37.9262718189716,37.9159026266491,35.5096485872646,35.5096485872646,35.5096485872646,35.5096485872646
795,"TKM","Turkmenistan",59.4002043446049,59.4002043446049,59.4002043446049,59.4002043446049,59.4002043446049,52.321420579075,40.1000662192628,34.8481496005759,33.7656029918132,27.5385743698396,22.3309337011401,22.1497756776033,23.2995507699741,25.786453391697,29.8138212338278,32.5544568394114,34.983977460113,36.6429751825163,36.2402307267221,36.1543565771197,32.1282537613137,31.2272478933776,28.2901432981285,28.2901432981285,28.2901432981285,28.2901432981285
796,"TCA","Turks and Caicos Islands",NA,NA,NA,NA,NA,NA,NA,NA,NA,NA,NA,NA,NA,NA,NA,NA,NA,NA,NA,NA,NA,NA,NA,NA,NA,NA
798,"TUV","Tuvalu",56.6211609917466,56.6211609917466,56.6211609917466,56.6211609917466,56.6211609917466,56.6212950141927,56.6564970957763,44.8105746477027,35.4587939023664,28.6781264296143,24.6019164665193,35.5542646772147,33.9612296014287,35.1504687694374,39.0555800050213,57.4141771543065,77.632592716497,68.6673278340773,60.0836716222973,52.623552621989,43.4917214570754,45.3472593757357,35.156774675409,35.156774675409,35.156774675409,35.156774675409
800,"UGA","Uganda",20.1149697504562,20.1149697504562,20.1149697504562,20.1149697504562,20.1149697504562,14.2162549978828,10.0658353817072,8.98695517616497,12.0673107453159,20.8450835218232,18.2767683886654,12.0747633187907,6.33609033610756,0,0,0,0,0,0,5.15468710012674,10.7633297272249,14.6352624736036,17.6006726497443,17.6006726497443,17.6006726497443,17.6006726497443
804,"UKR","Ukraine",58.4206553033601,58.4206553033601,58.4206553033601,58.4206553033601,58.4206553033601,58.6231342232189,59.048813870323,62.2326517766305,69.1043562811448,70.4488865768141,63.4974208335923,58.070904964436,58.4635065579464,62.201838726209,70.5859953464898,71.6273647194447,74.6663362589165,76.3831068233144,74.3169796430409,71.2838135394459,62.5891877381012,60.3050695374656,61.8810193261815,61.8810193261815,61.8810193261815,61.8810193261815
784,"ARE","United Arab Emirates",35.5567646894347,35.5567646894347,35.5567646894347,35.5567646894347,35.5567646894347,26.1990444139872,22.0147137577134,27.0145284763043,22.3764529190542,15.5836011550534,12.4741296843558,18.7703522480557,26.680507530157,23.3148341664928,23.6258796151863,16.2581352610377,14.6409168723738,21.6059517332087,25.5885390347002,23.9333731236885,23.2916648719817,23.9731160090593,26.4922655590318,26.4922655590318,26.4922655590318,26.4922655590318
826,"GBR","United Kingdom",64.4988011596686,64.4988011596686,64.4988011596686,64.4988011596686,64.4988011596686,63.1896096702945,60.1736809294703,60.0123836594488,59.0058439018272,57.9034975518429,57.2930394215135,56.0613472196078,56.9162194777866,58.3490686366796,63.8156413268446,65.5301773739567,69.908600550004,73.5417915229103,75.4169647367579,80.9606056237946,84.9853737757071,89.2606665603938,92.5998613435886,92.5998613435886,92.5998613435886,92.5998613435886
840,"USA","United States of America",48.2759189181325,48.2759189181325,48.2759189181325,48.2759189181325,48.2759189181325,47.492132490072,48.4057879606305,49.4562198746973,50.3498782212654,51.0239303583323,52.0109703292704,53.4294314674681,54.0386047250413,55.8856503659529,59.5930987297376,61.0445116371017,64.2789125143204,68.8921257302641,71.8744901986812,70.5811617235858,69.0917071342482,68.8068589648901,66.9565900458603,66.9565900458603,66.9565900458603,66.9565900458603
858,"URY","Uruguay",31.428773831694,31.428773831694,31.428773831694,31.428773831694,31.428773831694,37.7693683602109,42.5260795035834,46.0848373050135,54.3278505084256,57.6501806082898,58.4822456608126,56.1769271532268,53.342012329404,40.0916524943907,23.5237807729573,24.9683253568777,23.295027298993,24.170992476034,34.406976865639,43.8688687443973,46.4407954168989,44.7418586226166,48.7104281990087,48.7104281990087,48.7104281990087,48.7104281990087
860,"UZB","Uzbekistan",57.1269119969919,57.1269119969919,57.1269119969919,57.1269119969919,57.1269119969919,56.3513704629093,49.1741708054745,46.2495055818656,43.2166209857393,43.1509116490629,48.1095007400804,52.1387846351248,56.3350774317456,57.1324270524456,64.9622038548291,74.1130394574804,75.1661743914621,70.4860563310603,71.9246972837169,69.8063620489758,73.5688508069675,72.9113269235838,67.8728668363219,67.8728668363219,67.8728668363219,67.8728668363219
548,"VUT","Vanuatu",35.8477794656612,35.8477794656612,35.8477794656612,35.8477794656612,35.8477794656612,33.5385729254637,31.5763673709364,35.1093957932367,40.7057165679439,59.0566474741796,85.907942561291,100,76.1425225510736,63.105332689036,46.752459006847,31.4892251444034,13.9292605581622,5.41951747900019,1.40454451455972,1.19243454110054,6.49925051681308,22.786341411562,19.1153795188588,19.1153795188588,19.1153795188588,19.1153795188588
862,"VEN","Venezuela",32.7126421323492,32.7126421323492,32.7126421323492,32.7126421323492,32.7126421323492,31.0129648564908,28.9058002641932,29.4233005605018,28.3672127641647,35.7275949814246,40.2839947197337,48.5691611699862,57.6883306561328,56.2225803598777,54.255036542525,55.9323849900172,56.1250778066513,48.9488923068844,44.3529211101063,47.6677940390799,50.9974915475587,55.2436278577847,57.8140265050155,57.8140265050155,57.8140265050155,57.8140265050155
704,"VNM","Viet Nam",0,0,0,0,0,0,0,0,0,0,0,0,0,0,4.14834664941387,7.62628288214717,11.0631580534986,17.4798088230523,23.4808408676175,23.8578899960465,20.8232652973739,18.6533911405475,20.5833648180298,20.5833648180298,20.5833648180298,20.5833648180298
876,"WLF","Wallis and Futuna Islands",NA,NA,NA,NA,NA,NA,NA,NA,NA,NA,NA,NA,NA,NA,NA,NA,NA,NA,NA,NA,NA,NA,NA,NA,NA,NA
732,"ESH","Western Sahara",NA,NA,NA,NA,NA,NA,NA,NA,NA,NA,NA,NA,NA,NA,NA,NA,NA,NA,NA,NA,NA,NA,NA,NA,NA,NA
887,"YEM","Yemen",25.1326857251705,25.1326857251705,25.1326857251705,25.1326857251705,25.1326857251705,18.8083260416892,15.2421688898435,13.9787859171998,18.2983332384599,19.9632193044589,19.7402293657331,20.2471171305147,15.9861978183985,19.2063491479771,18.1788331167686,21.106807792802,30.7580147043607,45.2578097374941,46.5207652497432,50.9087375025244,56.8807996404238,58.7763811734667,59.7108155084496,59.7108155084496,59.7108155084496,59.7108155084496
894,"ZMB","Zambia",78.7166604810961,78.7166604810961,78.7166604810961,78.7166604810961,78.7166604810961,86.9779939892667,88.1052767721304,82.3019293579303,70.2921626002177,59.7447877580802,54.0036226545971,54.3738532646137,52.4579044491168,46.3933443756826,44.9971774819688,43.4739615274423,39.6998927007779,30.3423514771979,20.1059663755522,9.51194985465771,0.439425054772059,0,0.343282435113821,0.343282435113821,0.343282435113821,0.343282435113821
716,"ZWE","Zimbabwe",66.4308290657728,66.4308290657728,66.4308290657728,66.4308290657728,66.4308290657728,72.4598548077279,80.5500299166382,80.1280756404305,71.7496132430793,61.6898560873326,60.072833585063,59.8050883766504,59.7795642438486,59.8124758769327,63.0496241189427,65.5306215319334,66.2742035263664,76.5421389502516,62.8397861287701,54.7715256150526,38.1633435178929,23.7598529809951,10.1604164842232,10.1604164842232,10.1604164842232,10.1604164842232
