"code","iso","country","CHA.ind.1995","CHA.ind.1996","CHA.ind.1997","CHA.ind.1998","CHA.ind.1999","CHA.ind.2000","CHA.ind.2001","CHA.ind.2002","CHA.ind.2003","CHA.ind.2004","CHA.ind.2005","CHA.ind.2006","CHA.ind.2007","CHA.ind.2008","CHA.ind.2009","CHA.ind.2010","CHA.ind.2011","CHA.ind.2012","CHA.ind.2013","CHA.ind.2014","CHA.ind.2015","CHA.ind.2016","CHA.ind.2017","CHA.ind.2018","CHA.ind.2019","CHA.ind.2020"
4,"AFG","Afghanistan",19.6031965306423,19.6031965306423,19.6031965306423,19.6031965306423,19.6031965306423,19.6031965306423,19.6031965306423,19.6031965306423,19.6031965306423,19.6031965306423,19.6031965306423,19.6031965306423,19.6031965306423,19.6031965306423,19.6031965306423,19.6031965306423,19.6031965306423,17.5486200571527,18.0219299791724,22.702470259561,33.8557615200168,48.3901817600637,66.0929848929973,66.0929848929973,66.0929848929973,66.0929848929973
8,"ALB","Albania",73.072519601752,73.072519601752,73.072519601752,73.072519601752,73.072519601752,76.7606690568721,85.603156028424,100,100,100,100,99.959780685506,100,100,100,100,100,100,100,100,100,85.1432625056923,79.1540520719646,79.1540520719646,79.1540520719646,79.1540520719646
12,"DZA","Algeria",98.6365335024426,98.6365335024426,98.6365335024426,98.6365335024426,98.6365335024426,100,100,100,100,100,100,100,96.3067537960112,83.6569540110617,83.6151995232462,79.3467864705911,87.7233770096245,100,100,100,100,100,100,100,100,100
20,"AND","Andorra",NA,NA,NA,NA,NA,NA,NA,NA,NA,NA,NA,NA,NA,NA,NA,NA,NA,NA,NA,NA,NA,NA,NA,NA,NA,NA
24,"AGO","Angola",70.7298750010929,70.7298750010929,70.7298750010929,70.7298750010929,70.7298750010929,90.4489513149688,100,100,100,100,100,100,100,100,93.8549753992462,86.4644774397236,82.06179571664,80.4255470881324,82.7307357877369,87.4398358181457,86.9497593191851,100,100,100,100,100
660,"AIA","Anguilla",NA,NA,NA,NA,NA,NA,NA,NA,NA,NA,NA,NA,NA,NA,NA,NA,NA,NA,NA,NA,NA,NA,NA,NA,NA,NA
28,"ATG","Antigua and Barbuda",80.5756366531458,80.5756366531458,80.5756366531458,80.5756366531458,80.5756366531458,79.3499542698624,75.6654609387669,72.4694320591964,69.7622920219024,66.1308417149185,60.0209144842725,58.1723112163964,61.1985842973831,69.2468194618419,78.7751680588165,100,100,100,100,100,96.0290506571158,97.1845478180756,100,100,100,100
32,"ARG","Argentina",100,100,100,100,100,100,100,100,100,83.9402095848379,74.2957462127473,59.0659460337313,53.9729263545951,57.80844469845,66.7663530207778,83.1300876176184,100,100,100,100,100,100,88.0558074289858,88.0558074289858,88.0558074289858,88.0558074289858
51,"ARM","Armenia",89.8334007670372,89.8334007670372,89.8334007670372,89.8334007670372,89.8334007670372,95.6806050474551,100,83.9949464486597,77.8646336507925,67.4156875937866,60.8835339470466,52.180802541513,44.2102586814109,43.1013316682912,47.7233535647141,55.7618401553072,66.0567916738744,71.49829437803,70.5898193951392,67.3045186109907,62.8024270860523,56.4619213308007,54.7314636321617,54.7314636321617,54.7314636321617,54.7314636321617
533,"ABW","Aruba",52.2502993847251,52.2502993847251,52.2502993847251,52.2502993847251,52.2502993847251,41.7508964196465,39.6809437626167,37.806155298117,34.7538810899457,28.6484665829769,22.848808506287,32.3008237702261,42.7408625891512,51.2351473864869,62.9508664175989,64.7622818388198,65.6539580518105,68.5706683064025,65.617778221205,63.7547111636308,62.4314866974311,60.9572050901408,58.5215020168521,58.5215020168521,58.5215020168521,58.5215020168521
36,"AUS","Australia",99.6668896812155,99.6668896812155,99.6668896812155,99.6668896812155,99.6668896812155,80.0909544985569,56.9431150497735,43.6893766289082,58.699161834954,58.9119031412698,74.0461839861556,82.5829636714599,99.2615858949979,100,100,100,95.0142316996327,57.2371661751288,75.5942785632517,71.2853143519463,82.7145727156407,92.0518782719816,85.8318591463171,85.8318591463171,85.8318591463171,85.8318591463171
40,"AUT","Austria",100,100,100,100,100,100,100,100,100,100,100,100,100,100,100,100,100,100,100,100,100,100,100,100,100,100
31,"AZE","Azerbaijan",86.9834080145695,86.9834080145695,86.9834080145695,86.9834080145695,86.9834080145695,88.3972265184984,91.147802521448,47.3730635310599,39.3979823977792,37.5836648766939,31.6600674509041,24.1628370085684,7.89149180042031,0,0,0,0,0,0,0,12.9792873146442,33.4378923783517,43.8133589795206,43.8133589795206,43.8133589795206,43.8133589795206
44,"BHS","Bahamas",51.8731389993778,51.8731389993778,51.8731389993778,51.8731389993778,51.8731389993778,49.9606477447319,50.7477917202493,54.8013879506421,59.3520552644336,59.8898643762457,60.4253687914649,56.2909572497196,53.5856986098995,49.6065524879927,51.7387030369981,58.0605904364617,55.2958378703043,56.4308175350495,58.3762504748283,58.2703719048294,59.2068803707065,58.3022668712919,56.9115767156953,56.9115767156953,56.9115767156953,56.9115767156953
48,"BHR","Bahrain",33.9917289405606,33.9917289405606,33.9917289405606,33.9917289405606,33.9917289405606,29.1149830432552,35.5796825135771,35.8920898209346,33.5892703129953,19.4175610889984,4.13588397159859,0,0,0,0,0,0,4.69303514115147,22.6208464586466,28.3634023293541,28.6976381144352,27.9281854958121,27.1456065381186,27.1456065381186,27.1456065381186,27.1456065381186
50,"BGD","Bangladesh",66.6306283018602,66.6306283018602,66.6306283018602,66.6306283018602,66.6306283018602,64.6233645465262,63.8874438256149,62.1523144383946,61.3256695630483,61.4512084676327,59.9808012723288,59.289372252463,59.1652909708244,58.4299124630525,55.9972083806388,53.8434605401834,52.9471463958438,52.5349019600031,52.8825866375393,55.7223314023218,58.2166688201643,62.0126188382302,65.0146164576437,65.0146164576437,65.0146164576437,65.0146164576437
52,"BRB","Barbados",100,100,100,100,100,98.4284604712707,99.2492004406915,100,100,100,100,100,100,100,100,83.9361057540558,69.8031356151437,60.7197104850824,55.4311121115224,53.1255098931217,54.2145895939375,60.9920107614376,63.0038138993945,63.0038138993945,63.0038138993945,63.0038138993945
112,"BLR","Belarus",92.9514329617945,92.9514329617945,92.9514329617945,92.9514329617945,92.9514329617945,100,100,100,100,90.3004944039531,80.8690655312516,69.8506878507686,61.3508041942327,52.806099013842,42.6457590981335,38.6816746550108,38.5101453546843,43.1931472927662,41.407274986361,41.438577895897,44.45999800369,48.8833261424952,54.7858375075019,54.7858375075019,54.7858375075019,54.7858375075019
56,"BEL","Belgium",94.5767753429029,94.5767753429029,94.5767753429029,94.5767753429029,94.5767753429029,96.4881538058252,98.8918725333407,100,100,96.2632216357785,87.8582681914821,85.9274700404756,86.0021683356204,87.1548982548505,83.4987064370088,83.1857459695792,83.9570863247638,88.4344235236599,96.2873083820177,97.1481996059453,100,100,100,100,100,100
84,"BLZ","Belize",89.6381386221537,89.6381386221537,89.6381386221537,89.6381386221537,89.6381386221537,81.7468885018697,70.8581627492404,48.0235598094873,32.6387595642434,22.4360655399162,31.4172840184856,38.4168139385024,36.0753233110571,31.8903265251793,22.836971731139,21.3091877278929,10.7846252074787,8.32893498649372,0.262000429548593,16.6378037088808,33.5725266535416,43.3416257937436,46.5115227320449,46.5115227320449,46.5115227320449,46.5115227320449
204,"BEN","Benin",45.5627998569642,45.5627998569642,45.5627998569642,45.5627998569642,45.5627998569642,43.7867888516115,44.928125967204,39.313831146947,39.6083838956075,40.4463699787146,37.4545599197254,39.8290481434778,40.6691622964039,43.825520111098,48.4512782437318,48.4918281804265,51.2813436339166,48.576013770387,49.6103035117015,56.2443131434912,53.1474569894518,50.7685311094924,44.5431824661106,44.5431824661106,44.5431824661106,44.5431824661106
60,"BMU","Bermuda",NA,NA,NA,NA,NA,NA,NA,NA,NA,NA,NA,NA,NA,NA,NA,NA,NA,NA,NA,NA,NA,NA,NA,NA,NA,NA
64,"BTN","Bhutan",43.9947178837757,43.9947178837757,43.9947178837757,43.9947178837757,43.9947178837757,44.0456596131126,50.7571689582901,60.39723578584,72.5012548926337,88.660286029625,82.8975238782426,75.6539945849051,68.4896720024902,71.0641113545777,66.2597584550075,62.5930443930255,64.4556518229759,69.4012476962548,73.4743242571096,81.7854896292367,83.2562907669594,84.0028824484233,80.0395108639046,80.0395108639046,80.0395108639046,80.0395108639046
68,"BOL","Bolivia",100,100,100,100,100,100,100,100,100,69.0673478856476,54.0552366018265,45.0100226188336,27.7112528326454,23.6646966600854,24.6078968826092,22.7038358070632,32.2005198834435,35.5839103163524,44.4822421249708,47.5394005177606,47.4016954908263,48.0041230882511,48.5613204883386,48.5613204883386,48.5613204883386,48.5613204883386
70,"BIH","Bosnia and Herzegovina",0,0,0,0,0,0,0,0,0,0,0,13.4019359460436,15.3393737371857,8.67218516783474,7.90159269054185,11.3593341787986,18.3726456690847,34.6784639010863,46.8671358090679,68.2548661274768,72.5004936735806,69.6164611515889,69.4753370793666,69.4753370793666,69.4753370793666,69.4753370793666
72,"BWA","Botswana",79.4532904710225,79.4532904710225,79.4532904710225,79.4532904710225,79.4532904710225,80.3200058997733,61.558042965924,48.128340913386,100,100,100,100,100,84.5263517475042,99.9298038152873,26.247698402254,0,0,0,62.5705717488997,100,100,100,100,100,100
76,"BRA","Brazil",66.1335292005696,66.1335292005696,66.1335292005696,66.1335292005696,66.1335292005696,66.7507415316977,64.3811952768114,59.0465400310517,52.297017358785,42.8957938216354,35.3241942584659,35.8021326069199,38.7799975256652,43.8655550835746,51.4133254577923,57.1868703648874,64.599667524261,70.0767023795041,71.1800837937782,68.6248315434488,65.9892821595557,64.9993053965994,66.1839612472125,66.1839612472125,66.1839612472125,66.1839612472125
92,"VGB","British Virgin Islands",NA,NA,NA,NA,NA,NA,NA,NA,NA,NA,NA,NA,NA,NA,NA,NA,NA,NA,NA,NA,NA,NA,NA,NA,NA,NA
96,"BRN","Brunei Darussalam",64.5012016107441,64.5012016107441,64.5012016107441,64.5012016107441,64.5012016107441,72.747609029856,58.1842570465871,50.1051534238747,48.2594715226528,51.8375186306671,57.2569718078478,52.0056201606277,53.5658858713377,45.7031671091885,52.1941226353571,62.1727622902899,63.3408572091522,74.1266234360605,70.4484623501196,73.8680183880912,81.7215516539044,76.8926085727733,75.6792911086753,75.6792911086753,75.6792911086753,75.6792911086753
100,"BGR","Bulgaria",100,100,100,100,100,100,100,100,100,100,100,100,100,100,100,100,100,100,100,100,100,100,100,100,100,100
854,"BFA","Burkina Faso",43.8169251373686,43.8169251373686,43.8169251373686,43.8169251373686,43.8169251373686,44.2582702963485,45.4241377373786,44.8070942367078,33.372196209656,20.5106158437405,7.31029307212465,0.505832573043676,0,0,0,0,6.56335206651602,22.7063626168096,29.0460392806129,33.0227038009952,34.5090836107446,37.1082577850508,37.2464011284225,37.2464011284225,37.2464011284225,37.2464011284225
108,"BDI","Burundi",74.5399422818547,74.5399422818547,74.5399422818547,74.5399422818547,74.5399422818547,81.9293875605768,72.2259699390961,60.8618831578374,49.2211668543318,33.2924731973073,18.7008307308447,4.57677854538082,0,0,0,1.15101676163982,0.94553992993805,6.13815987059877,7.55790668405344,7.87757983144074,10.103092282374,16.2592001607169,26.5688841018079,26.5688841018079,26.5688841018079,26.5688841018079
132,"CPV","Cabo Verde",31.4403995460516,31.4403995460516,31.4403995460516,31.4403995460516,31.4403995460516,33.5200378055568,37.9406060433498,37.1954419965587,37.1526724647969,31.840095290903,26.3833209354547,29.8046527159675,34.0876094946944,36.7686103606352,37.637165184506,38.5884865290572,45.4924991673969,52.1040377365277,57.4590784211512,55.4859130317756,51.9795149290684,50.8098859362642,54.7418342390955,54.7418342390955,54.7418342390955,54.7418342390955
116,"KHM","Cambodia",46.4828962952333,46.4828962952333,46.4828962952333,46.4828962952333,46.4828962952333,46.4828962952333,46.4828962952333,46.4828962952333,43.1356987850592,57.0038106908237,52.6765430089663,47.6073994435922,44.4685163095703,43.3544774693298,34.6196831142172,35.1624405870706,35.7711663947541,40.1115938835017,44.0522840976283,55.9050108625762,66.097309371496,72.4529336752194,77.3188352913298,77.3188352913298,77.3188352913298,77.3188352913298
120,"CMR","Cameroon",0,0,0,0,0,0,46.2927146945363,100,100,100,100,100,100,99.5556188753524,86.5173699503065,88.4874064238736,97.6252853795331,100,100,100,100,100,100,100,100,100
124,"CAN","Canada",65.8047420644174,65.8047420644174,65.8047420644174,65.8047420644174,65.8047420644174,73.2073523174852,84.9080435510038,94.0266745870973,96.6187469455008,90.8278265442596,95.5267775026942,91.3553692005302,85.5597685520188,93.2410995189522,96.9794773693761,94.1062877330165,99.4367901001969,100,96.2408891139444,85.4867211332819,81.7320230789569,83.2875092539823,84.3626289060969,84.3626289060969,84.3626289060969,84.3626289060969
136,"CYM","Cayman Islands",NA,NA,NA,NA,NA,NA,NA,NA,NA,NA,NA,NA,NA,NA,NA,NA,NA,NA,NA,NA,NA,NA,NA,NA,NA,NA
140,"CAF","Central African Republic",75.3195311250777,75.3195311250777,75.3195311250777,75.3195311250777,75.3195311250777,69.2354934313281,65.2842449637774,74.5402833467425,56.7599441082752,56.8503699546176,50.4492577621629,52.4417565372382,52.8009749389652,42.5155128404942,70.177621798457,71.7172072036081,66.9194656919884,98.4776006661081,87.2789989354297,97.5453212551592,94.1519126234607,84.8617823894912,72.046653995838,72.046653995838,72.046653995838,72.046653995838
148,"TCD","Chad",43.9496247353167,43.9496247353167,43.9496247353167,43.9496247353167,43.9496247353167,35.6780701913276,35.0307257631628,28.9275092109496,23.641403249059,20.9963225593263,20.4054203841572,24.0231247434379,24.1618453106513,29.1745821431735,38.2171524495941,38.4340013859537,44.6616128532925,46.150731761091,47.1614522285773,49.7866867611714,0,0,0,0,0,0
152,"CHL","Chile",39.822800629062,39.822800629062,39.822800629062,39.822800629062,39.822800629062,43.189961980248,53.444440421723,62.3805165809587,73.9858140584429,75.7331064288337,74.8783443060363,73.0582543337491,68.7054461551272,65.2646939551571,61.1724539724129,66.3688716550125,66.5710502340116,68.17613424808,73.9992316606,75.5216069999753,79.0757083064553,81.5384487603902,79.8228410636605,79.8228410636605,79.8228410636605,79.8228410636605
156,"CHN","China",68.4312128926079,68.4312128926079,68.4312128926079,68.4312128926079,68.4312128926079,69.1295915530477,69.9876902277102,72.0690955953483,71.1965793699371,65.8477207500527,53.3741872050227,38.7852249289453,31.9599822998019,28.7244458173273,28.9232109899144,29.4422841053964,30.5965472099607,36.0611818950136,40.6492292719282,42.1903530525093,41.2706672951783,39.0734853413122,39.3258033360491,39.3258033360491,39.3258033360491,39.3258033360491
170,"COL","Colombia",70.0915343321238,70.0915343321238,70.0915343321238,70.0915343321238,70.0915343321238,73.3504209808697,77.7366916681193,80.2927983340571,78.7248840682144,80.9006476457248,80.313879346891,81.2035295382422,76.3070478316138,69.292045874389,67.5986003795607,63.081236007377,63.711723082298,68.160764777459,71.9821441366719,77.2694062793293,82.7102263844091,88.1260125575247,90.3085411167254,90.3085411167254,90.3085411167254,90.3085411167254
174,"COM","Comoros",51.2255145774961,51.2255145774961,51.2255145774961,51.2255145774961,51.2255145774961,57.9554977573619,57.5902652267604,56.6595777652639,59.9136574120307,55.5073847719273,51.0441997346107,43.5778970085976,41.2356513627372,31.9615456983066,24.2588153692775,24.8575265880984,18.9276476610348,15.7372133124346,20.4392409201014,19.8284715280238,20.7745694850019,19.2858886693382,24.9599890307391,24.9599890307391,24.9599890307391,24.9599890307391
184,"COK","Cook Islands",NA,NA,NA,NA,NA,NA,NA,NA,NA,NA,NA,NA,NA,NA,NA,NA,NA,NA,NA,NA,NA,NA,NA,NA,NA,NA
188,"CRI","Costa Rica",100,100,100,100,100,100,100,100,100,100,100,100,100,85.2725399852642,73.3326716877213,62.8376294827922,53.2974065329439,50.5445682086527,49.7187669599416,53.0134738344991,57.1014568933318,62.3778922441322,63.3572191182117,63.3572191182117,63.3572191182117,63.3572191182117
384,"CIV","Cote d'Ivoire",28.2123659786534,28.2123659786534,28.2123659786534,28.2123659786534,28.2123659786534,30.5532382841438,29.6556687686195,22.8397746789775,30.388172734726,40.6505347917734,36.5184008634442,34.7172471756337,36.0906798503205,42.2218978821182,52.8354293512964,62.4703019749012,60.6054124277566,50.3658585921988,49.0540253277257,55.5584699336718,50.9754352182414,43.9699733381627,40.4488178811954,40.4488178811954,40.4488178811954,40.4488178811954
191,"HRV","Croatia",65.6686767332655,65.6686767332655,65.6686767332655,65.6686767332655,65.6686767332655,65.6686767332655,65.6686767332655,65.6686767332655,65.6686767332655,65.6686767332655,56.5362659782604,45.1397172853862,37.3971166122346,39.6744564103696,43.6511857902561,52.0025270627277,60.2511029409401,73.2754154509274,84.8495660804931,87.0009421957201,90.2297532577414,90.2820486472054,93.1616889543988,93.1616889543988,93.1616889543988,93.1616889543988
192,"CUB","Cuba",76.7236879845631,76.7236879845631,76.7236879845631,76.7236879845631,76.7236879845631,76.7236879845631,77.3970860688605,76.9749347821532,82.5846316932892,89.6288497024058,100,100,100,100,92.9237038516649,87.7260435189377,82.3930621280178,77.8585933389581,71.9679145760953,70.0476624889702,77.7349828570356,82.2627722954167,93.0452730335155,93.0452730335155,93.0452730335155,93.0452730335155
531,"CUW","Curacao",NA,NA,NA,NA,NA,NA,NA,NA,NA,NA,NA,NA,NA,NA,NA,NA,NA,NA,NA,NA,NA,NA,NA,NA,NA,NA
196,"CYP","Cyprus",32.2602409887995,32.2602409887995,32.2602409887995,32.2602409887995,32.2602409887995,37.7063956116427,40.5960487118004,42.6259543542024,45.6367949443773,48.2656360417992,49.9885404283669,52.7981221051625,56.7912140339431,61.5720062688134,66.7946952332651,70.6242068232063,75.5114087784472,73.0082059184851,70.1752853443702,66.5094122522326,63.5602291983381,59.6319005741846,56.511067141122,56.511067141122,56.511067141122,56.511067141122
203,"CZE","Czech Republic",100,100,100,100,100,100,100,100,100,100,100,100,95.9597441618156,92.6361160544551,100,100,100,100,100,96.7734160951521,91.73951622079,87.2696129096756,84.6951519131807,84.6951519131807,84.6951519131807,84.6951519131807
180,"COD","Dem. Rep. Congo",58.5059919678272,58.5059919678272,58.5059919678272,58.5059919678272,58.5059919678272,67.8721718824302,68.5152475785677,66.6196181165055,63.059056259267,43.4835132278182,26.2996974305365,17.7839420747823,18.0978562160234,20.0099308858283,33.4094379885468,46.7067060853808,55.2375320974652,60.8878401799316,60.3714697546763,59.7269529620671,57.0647962934777,53.5612920160213,56.9011862923534,56.9011862923534,56.9011862923534,56.9011862923534
208,"DNK","Denmark",86.2663972918016,86.2663972918016,86.2663972918016,86.2663972918016,86.2663972918016,93.1675200211407,90.3424916631801,91.1893810807936,89.5944596412805,91.8216562874579,93.7782571476543,95.8362516875471,94.4295018199091,96.2742216341909,100,100,99.2238761119339,97.4363969009521,97.7333991399655,100,100,100,100,100,100,100
262,"DJI","Djibouti",51.419719918322,51.419719918322,51.419719918322,51.419719918322,51.419719918322,51.419719918322,46.0620623089188,48.745734203585,51.4773090338932,53.0860111820533,52.1198414465954,52.3615977895879,48.7689572881709,47.9278307567595,47.7610020338972,49.5246951722467,48.0679768864186,51.9034937154747,54.5756609565939,54.3964829058477,54.5422134810304,57.4004439510205,57.5751304259249,57.5751304259249,57.5751304259249,57.5751304259249
212,"DMA","Dominica",80.0585661983025,80.0585661983025,80.0585661983025,80.0585661983025,80.0585661983025,80.3049952478733,80.4090787564364,82.2157479653966,83.148718152112,82.7445527442159,81.59136518022,80.191064212994,78.2213932308577,77.2660589619196,76.8881537270064,76.1255711534038,73.7176372092538,72.5286519161932,73.0519461758447,73.2296082370735,73.5010446013751,74.2767379172643,74.5277529956688,74.5277529956688,74.5277529956688,74.5277529956688
214,"DOM","Dominican Republic",64.2576985597005,64.2576985597005,64.2576985597005,64.2576985597005,64.2576985597005,70.8927622123956,70.1806208937082,70.9573941957327,70.6429872757719,66.1180648940332,65.1359980463416,61.0808333927109,49.7917938023439,37.2563497598355,31.4570643220364,30.8598263606349,29.9431453479343,30.658055681544,36.4448770117251,38.8589794429956,47.3218708054027,55.827355026061,59.5801818016795,59.5801818016795,59.5801818016795,59.5801818016795
218,"ECU","Ecuador",100,100,100,100,100,100,100,100,100,100,100,100,81.4635985822014,70.6020465555909,58.4316526483418,57.6429805133681,57.5983956869177,61.9891322624653,65.672797378574,70.6336145408929,78.253316372689,85.6214154061169,97.4171876629436,97.4171876629436,97.4171876629436,97.4171876629436
818,"EGY","Egypt",63.8523101564751,63.8523101564751,63.8523101564751,63.8523101564751,63.8523101564751,81.0440715406887,93.5329737961762,94.0815081097586,83.2453874361609,72.7404932535823,52.9546712899413,32.5816193385326,16.63440989347,13.1631809876338,12.9468853896071,27.0429360312408,39.930421226818,51.099748154055,58.0216077405426,65.4088518141931,64.8952422892527,61.3004630060124,54.9456271712222,54.9456271712222,54.9456271712222,54.9456271712222
222,"SLV","El Salvador",78.2087798795933,78.2087798795933,78.2087798795933,78.2087798795933,78.2087798795933,85.9952021420905,83.7572994801071,76.9328530731298,75.6971417646549,71.714288744475,74.4834649380094,66.9669292461576,60.8828525028386,62.851910371051,70.4778148905661,89.8059362228153,100,100,100,100,100,100,100,100,100,100
226,"GNQ","Equatorial Guinea",0,0,0,0,0,0,0,0,29.0935205514386,28.3302392253852,35.2498594413817,54.3172469765057,51.8022194925061,44.4573356584677,51.8199493817654,66.4200859739307,68.217641593608,100,100,100,100,100,100,100,100,100
232,"ERI","Eritrea",37.7705444740087,37.7705444740087,37.7705444740087,37.7705444740087,37.7705444740087,37.7705444740087,37.7705444740087,30.870704162041,38.5602662856589,48.6182517861709,60.3031676370279,69.6716897138029,65.0336384287742,63.0178725104881,60.7680228689897,58.2153661198444,57.843256479464,58.7801197623838,58.8120870951651,58.4648586789653,58.1525828029896,62.2906019794446,62.0605151742834,62.0605151742834,62.0605151742834,62.0605151742834
233,"EST","Estonia",100,100,100,100,100,100,100,100,100,100,100,100,97.8055822872584,87.216707799342,83.0249401459429,73.6381056440017,71.7130619327278,71.6628718483175,77.4160553297107,88.2981324553634,100,100,100,100,100,100
748,"SWZ","Eswatini",86.6637841072776,86.6637841072776,86.6637841072776,86.6637841072776,86.6637841072776,100,100,100,100,92.2632839147932,83.4303275115031,77.9854348755424,71.6260866625924,74.833874000079,78.542376662672,96.6413858743879,100,100,100,100,100,100,100,100,100,100
231,"ETH","Ethiopia",61.522228814328,61.522228814328,61.522228814328,61.522228814328,61.522228814328,58.8558087819374,52.2940583801142,36.099899872029,34.1164477389003,29.0182325971048,25.0280504769926,20.2123262839521,10.9860165079784,0,0,0,0,0,6.30504758174763,13.4896355011376,21.7418764944125,29.5189131652208,32.6065318078246,32.6065318078246,32.6065318078246,32.6065318078246
234,"FRO","Faeroe Islands",NA,NA,NA,NA,NA,NA,NA,NA,NA,NA,NA,NA,NA,NA,NA,NA,NA,NA,NA,NA,NA,NA,NA,NA,NA,NA
238,"FLK","Falkland Islands",NA,NA,NA,NA,NA,NA,NA,NA,NA,NA,NA,NA,NA,NA,NA,NA,NA,NA,NA,NA,NA,NA,NA,NA,NA,NA
242,"FJI","Fiji",47.4788454198321,47.4788454198321,47.4788454198321,47.4788454198321,47.4788454198321,58.8766164289249,69.3123656551223,83.0280612136752,100,100,100,100,98.8031228222888,90.7773288275159,85.6506666743613,84.2773992207651,80.4247284519699,79.2597637290545,80.2911383728107,80.294317997122,80.4441272817308,80.7834732435217,79.0673100857785,79.0673100857785,79.0673100857785,79.0673100857785
246,"FIN","Finland",77.3799079005864,77.3799079005864,77.3799079005864,77.3799079005864,77.3799079005864,78.1778807265958,84.3360118089143,94.1907732423272,100,94.1929960872012,96.7973014353094,84.7258870017197,74.5491730619274,68.5017033288547,69.8015920764711,63.1325182411417,61.0395768908174,60.5181720926372,66.46768699976,78.0781417632696,87.5887112068177,95.3048960259692,100,100,100,100
250,"FRA","France",100,100,100,100,100,98.2570926983337,92.0754071868967,90.8628728622224,93.2150712944311,96.1598911368704,98.6779535202417,100,100,100,100,100,100,100,100,100,100,100,100,100,100,100
258,"PYF","French Polynesia",NA,NA,NA,NA,NA,NA,NA,NA,NA,NA,NA,NA,NA,NA,NA,NA,NA,NA,NA,NA,NA,NA,NA,NA,NA,NA
266,"GAB","Gabon",100,100,100,100,100,100,100,100,100,100,100,100,100,100,100,100,100,100,100,100,100,100,100,100,100,100
270,"GMB","Gambia",58.0133816040036,58.0133816040036,58.0133816040036,58.0133816040036,58.0133816040036,55.5015323335223,52.8181311936177,55.3247887772286,57.7245422555023,48.6612487351785,38.2516792060505,23.8040589508182,20.4136039649591,8.86693015879347,0,0,0,0,4.3990859925056,12.2697391900575,22.9253002651793,34.9258049014539,52.2770654394502,52.2770654394502,52.2770654394502,52.2770654394502
268,"GEO","Georgia",86.0093288105044,86.0093288105044,86.0093288105044,86.0093288105044,86.0093288105044,86.4830506872549,86.493152035562,78.5527415259086,65.306586640518,66.9393502062148,69.5155927826164,71.0516522379865,79.9523386452032,98.9728892720976,100,100,100,100,90.2272378938873,76.6899917926696,76.1011786527224,77.371146428623,82.3227509968276,82.3227509968276,82.3227509968276,82.3227509968276
276,"DEU","Germany",100,100,100,100,100,100,100,100,100,100,100,100,100,100,100,100,100,100,100,100,100,100,100,100,100,100
288,"GHA","Ghana",46.504359101843,46.504359101843,46.504359101843,46.504359101843,46.504359101843,45.4078601709331,43.3719802450777,43.736247705853,45.6054284636722,47.8118892132563,40.5880795777663,40.602103370948,43.3269008154235,40.8385532093045,46.3660727739172,42.2281859358866,26.8644670372603,26.8476660535139,28.6199636440046,33.9257468969556,28.8263048727413,30.1751914030959,33.5023037268332,33.5023037268332,33.5023037268332,33.5023037268332
300,"GRC","Greece",54.4026494307861,54.4026494307861,54.4026494307861,54.4026494307861,54.4026494307861,55.040127183779,59.4817219254726,64.014502950846,68.3510086833232,71.8022012950415,74.1366281055634,75.8777526917751,76.1509719284492,75.5898412974909,76.4981608042281,76.2291361939835,79.0220946179886,81.9835209161666,84.447808175161,88.0496802473479,88.6952987464297,88.6721182217296,88.5740842998267,88.5740842998267,88.5740842998267,88.5740842998267
304,"GRL","Greenland",NA,NA,NA,NA,NA,NA,NA,NA,NA,NA,NA,NA,NA,NA,NA,NA,NA,NA,NA,NA,NA,NA,NA,NA,NA,NA
308,"GRD","Grenada",63.1856054247727,63.1856054247727,63.1856054247727,63.1856054247727,63.1856054247727,45.2916854075082,37.1227885681351,31.6192115781996,31.5906784098497,29.6475328841,27.6535633203889,27.2558813885942,32.6141805278516,45.0549401194101,61.8422548030431,60.7475455563083,63.9868182151985,67.1485958481531,67.7417532036331,67.5618146851603,64.466422971979,58.8582421282971,54.7032645275244,54.7032645275244,54.7032645275244,54.7032645275244
320,"GTM","Guatemala",52.4239345367153,52.4239345367153,52.4239345367153,52.4239345367153,52.4239345367153,53.9331126066121,54.0982350052423,50.7683900686478,50.0673119739421,50.8395826558558,50.7709533903069,52.2363781549676,49.6206331193968,47.0963187083568,39.922378442911,30.7225973542839,23.5175750163409,17.9707569343482,22.0637324577158,26.1200423157273,30.9158959193287,38.3871012747999,43.6038586531801,43.6038586531801,43.6038586531801,43.6038586531801
831,"GGY","Guernsey",NA,NA,NA,NA,NA,NA,NA,NA,NA,NA,NA,NA,NA,NA,NA,NA,NA,NA,NA,NA,NA,NA,NA,NA,NA,NA
324,"GIN","Guinea",34.6721670129578,34.6721670129578,34.6721670129578,34.6721670129578,34.6721670129578,31.858463581685,26.0531913403042,21.2666720061578,19.6952018191656,17.9908730212742,6.14846090712776,3.11428735532765,9.44663517556896,12.9283916537333,17.1258530067254,10.789636122838,3.79829734930512,0,0,0,0,0,5.23140315537775,5.23140315537775,5.23140315537775,5.23140315537775
624,"GNB","Guinea-Bissau",65.0768752078733,65.0768752078733,65.0768752078733,65.0768752078733,65.0768752078733,63.9215220980648,55.9240791871033,45.3581897977216,37.7530321339814,32.8415145929956,29.3795479838381,27.2555120635684,30.7769135997019,41.2960917452178,46.0494389442225,50.3477708306759,50.2915227079702,42.1891427634001,38.2400419177075,42.5245228130436,45.8824585462526,47.6272678974869,47.7625616699985,47.7625616699985,47.7625616699985,47.7625616699985
328,"GUY","Guyana",0,0,0,0,0,34.9713030533051,58.659499940237,86.5288582450978,93.9891082959159,100,100,100,100,100,86.3917554784433,78.3245159154784,61.3012417327669,54.772458610365,29.2773242668592,6.95759970825631,0,15.6692960666407,28.1118101091479,28.1118101091479,28.1118101091479,28.1118101091479
332,"HTI","Haiti",46.3385772490776,46.3385772490776,46.3385772490776,46.3385772490776,46.3385772490776,52.1114336801068,54.7012139545163,54.8741991804447,55.3998501194182,56.4325286640442,33.0748994484101,13.1292068287942,0,0,0,0,0,0,14.4478898579813,35.8481449161168,33.1452416786715,30.8269957896096,29.5015495210463,29.5015495210463,29.5015495210463,29.5015495210463
336,"VAT","Holy See",NA,NA,NA,NA,NA,NA,NA,NA,NA,NA,NA,NA,NA,NA,NA,NA,NA,NA,NA,NA,NA,NA,NA,NA,NA,NA
340,"HND","Honduras",100,100,100,100,100,100,100,99.0797083295076,79.5252682417939,58.9752636453931,42.2375235972568,29.3801647154482,18.9662384441055,12.9766765902833,20.7209336476989,32.206206928768,46.3905369756879,55.435792646472,55.7730806143282,57.542105436316,58.135804546325,60.4466463342321,62.8354351081306,62.8354351081306,62.8354351081306,62.8354351081306
344,"HKG","Hong Kong",55.4895463803004,55.4895463803004,55.4895463803004,55.4895463803004,55.4895463803004,51.5194533465105,50.9117277731822,53.79191138466,58.1948054874914,63.5140540377192,69.7119299269551,75.0832844840018,80.0235103859348,83.0930116965684,84.348741780979,81.6179543240762,79.4794696876082,77.4655070859394,76.8565306608348,76.6396125674838,76.8857539394508,77.2455311944833,78.090190789094,78.090190789094,78.090190789094,78.090190789094
348,"HUN","Hungary",100,100,100,100,100,100,100,87.26790891265,79.2611610249644,76.787848503562,78.4686045711699,78.3541563850825,79.9588110313488,84.727245415135,89.8203229215293,93.8648731776627,100,100,100,100,100,100,100,100,100,100
352,"ISL","Iceland",66.9532821475393,66.9532821475393,66.9532821475393,66.9532821475393,66.9532821475393,66.9475526964839,67.7816735095488,72.3080182608804,76.955585853203,80.0309934862247,84.3604545876823,81.6001018982429,79.2125850479467,76.6122608121033,74.8371426826654,74.0224292281627,76.5404591900166,83.4373501905313,89.2355684385863,93.2439627864997,99.0556780791938,99.2761186904034,100,100,100,100
356,"IND","India",64.2696495365103,64.2696495365103,64.2696495365103,64.2696495365103,64.2696495365103,65.3661454186878,66.1921280323631,67.999133845519,68.9947195760838,69.3062287954702,68.094602187433,65.5632280414547,62.6840138628634,59.6285625733457,57.1100890501008,55.9218703485633,56.0803733764516,59.0436883965388,61.7359836318176,64.7559369324468,67.1805948834209,68.2755197002702,68.2704840427505,68.2704840427505,68.2704840427505,68.2704840427505
360,"IDN","Indonesia",74.5713749470144,74.5713749470144,74.5713749470144,74.5713749470144,74.5713749470144,86.8205688058141,96.7944684016194,94.2128484154558,84.1093690318363,82.9475150906399,80.9415535538287,72.7163467302003,62.4326473429602,54.3320025467299,45.4883608683671,37.4815032980827,30.6515977361576,25.0934505214694,20.1271389202422,20.7771115426301,23.7729470026012,27.4593763488961,30.1709522068442,30.1709522068442,30.1709522068442,30.1709522068442
364,"IRN","Iran",100,100,100,100,100,100,100,100,100,97.2363991649066,75.9673370858331,49.8923858061774,29.0558642707379,23.617997645297,24.1519356883157,25.7923350278419,35.6907686834676,51.8556640754462,53.0578714925466,56.9914139592529,57.0017327866905,53.4359576877466,51.5099352773898,51.5099352773898,51.5099352773898,51.5099352773898
368,"IRQ","Iraq",88.7145674759633,88.7145674759633,88.7145674759633,88.7145674759633,88.7145674759633,52.8199855700296,28.0312729562797,19.6586310739349,25.1390286804506,30.0895244942333,47.2027391012532,77.2958920762628,83.1511930317196,80.3543815445703,61.4477214331326,40.5050868162238,17.9870054340883,10.0778881868478,22.3010358701609,22.7040561577192,31.633761736861,40.6342264830301,56.0264644869237,56.0264644869237,56.0264644869237,56.0264644869237
372,"IRL","Ireland",74.5001602030606,74.5001602030606,74.5001602030606,74.5001602030606,74.5001602030606,70.9454669269552,66.6124828370565,63.4546616965946,60.6044954163097,60.132265190619,62.4657638442949,64.4333839620497,74.3177239288671,88.6595964138192,100,100,100,100,98.2755885473115,82.4865703068183,69.8566745215372,54.391789465838,43.849016584296,43.849016584296,43.849016584296,43.849016584296
833,"IMN","Isle of Man",NA,NA,NA,NA,NA,NA,NA,NA,NA,NA,NA,NA,NA,NA,NA,NA,NA,NA,NA,NA,NA,NA,NA,NA,NA,NA
376,"ISR","Israel",20.9917894291234,20.9917894291234,20.9917894291234,20.9917894291234,20.9917894291234,25.0004103034091,31.1936653788138,37.3028632964082,43.116278985892,36.9859968508691,34.590429654295,26.8821525657564,21.799297466273,16.8370891403424,18.9305061324377,19.5865391319243,18.8019995431376,29.4552626634082,36.58823074742,36.4132513750443,40.616404186007,40.1125069157715,39.2810450004447,39.2810450004447,39.2810450004447,39.2810450004447
380,"ITA","Italy",86.6779761648265,86.6779761648265,86.6779761648265,86.6779761648265,86.6779761648265,80.1281777751251,80.3782411554012,81.9380053595956,91.2212914416501,100,100,100,100,100,100,100,100,100,92.4568936508369,88.2988580219408,86.4870350113476,87.6323903725653,91.1704346752328,91.1704346752328,91.1704346752328,91.1704346752328
388,"JAM","Jamaica",72.9205063871945,72.9205063871945,72.9205063871945,72.9205063871945,72.9205063871945,65.4637820881261,58.5206935056301,50.4810704263418,42.6727911858817,41.4231563900896,42.5453487914008,57.1521364273818,74.6351469983532,95.3359096302422,100,100,100,100,100,91.0101275794991,78.7813971358815,73.7677059140582,70.063658178018,70.063658178018,70.063658178018,70.063658178018
392,"JPN","Japan",100,100,100,100,100,100,100,100,100,100,100,100,100,100,100,100,100,100,100,100,100,100,100,100,100,100
832,"JEY","Jersey",NA,NA,NA,NA,NA,NA,NA,NA,NA,NA,NA,NA,NA,NA,NA,NA,NA,NA,NA,NA,NA,NA,NA,NA,NA,NA
400,"JOR","Jordan",16.3052204748803,16.3052204748803,16.3052204748803,16.3052204748803,16.3052204748803,34.3254267326689,48.1592631866295,53.0641096167146,53.3416470364519,52.8921078556696,47.4134744878659,42.7491762185403,36.9776660975549,24.7965587832274,19.7637375697918,19.1613726560411,17.2700439011508,17.1032190892941,21.5646932761936,26.6698928020244,31.8419140035614,36.4455076620862,40.1003924962339,40.1003924962339,40.1003924962339,40.1003924962339
398,"KAZ","Kazakhstan",93.0758143621812,93.0758143621812,93.0758143621812,93.0758143621812,93.0758143621812,98.3055043521878,100,100,100,96.5801738260415,68.9555745246966,40.0683792165694,20.3224019190495,10.4584235024619,10.9680721012923,12.584868711656,27.7320530794662,0,0,0,0,0,0,0,0,0
404,"KEN","Kenya",72.4828915199441,72.4828915199441,72.4828915199441,72.4828915199441,72.4828915199441,70.9422831261452,71.4533193549339,68.989117042901,62.6616039674345,53.5142711420507,47.5132419993302,47.8552659875901,23.1640860499559,3.14824532004472,0,0,0,0,10.4850626819225,23.6197370076334,43.056239387247,64.3835040883438,63.7406154375383,63.7406154375383,63.7406154375383,63.7406154375383
296,"KIR","Kiribati",46.8302590654137,46.8302590654137,46.8302590654137,46.8302590654137,46.8302590654137,41.7100801605527,38.6781047857122,34.5098849432174,33.7742049898611,35.6747801820373,40.2371213507821,43.3289297366524,44.9229797394224,46.8865473102007,49.6323341006317,48.9885907239608,48.7892905540041,47.2200843526996,47.9074973444288,48.3940739189182,50.5534747693556,52.5150091088428,53.163885807621,53.163885807621,53.163885807621,53.163885807621
689,"XKX","Kosovo",NA,NA,NA,NA,NA,NA,NA,NA,NA,NA,NA,NA,NA,NA,NA,NA,NA,NA,NA,NA,NA,NA,NA,NA,NA,NA
414,"KWT","Kuwait",100,100,100,100,100,100,100,100,100,100,92.3281794499897,69.1169940627344,42.7881037525171,38.3199473502498,56.8082587327255,69.7176578047616,84.7171833761511,100,100,95.0144143958031,82.9368164745683,69.3561181437256,60.7633549248619,60.7633549248619,60.7633549248619,60.7633549248619
417,"KGZ","Kyrgyzstan",94.0106614109592,94.0106614109592,94.0106614109592,94.0106614109592,94.0106614109592,97.9327580831584,100,100,88.3267396336953,69.7717940560429,63.9482684406886,63.9440809311781,65.8996727866865,65.8238420496255,60.2461695237417,53.9838705169893,47.6700731480755,41.6698941581148,37.4540710299862,35.0365942627318,35.695224341807,40.054357276344,46.2089151156084,46.2089151156084,46.2089151156084,46.2089151156084
418,"LAO","Laos",53.2799091388195,53.2799091388195,53.2799091388195,53.2799091388195,53.2799091388195,53.5507934082022,56.3028868972074,57.2250731025826,59.2912826199736,57.361124885953,57.1429222946543,55.6794377869806,49.3933957851196,48.7789805106004,49.8579846310652,47.2579505645355,46.4631647553999,42.0371437584601,40.3321712111676,38.6025011742257,39.8132277383827,41.751253209617,43.4342322271912,43.4342322271912,43.4342322271912,43.4342322271912
428,"LVA","Latvia",100,100,100,100,100,100,100,100,100,100,100,100,100,87.3941073891991,80.1624750884876,80.9225998310083,82.3762219479716,81.2335009857418,78.1075557685188,73.1229106568557,76.1747915741998,74.9855210914394,70.9409327906619,70.9409327906619,70.9409327906619,70.9409327906619
422,"LBN","Lebanon",47.3071083340552,47.3071083340552,47.3071083340552,47.3071083340552,47.3071083340552,51.8026519339054,53.8480840119858,52.1833073115642,47.929609908047,42.3345662779471,37.0133338856606,32.2664065582003,32.3006517647468,35.8449031966669,41.6589292321557,47.3987658622288,47.995396054767,43.4897539158809,41.8926226272271,39.3769058964151,36.351639356957,34.6879667685892,36.020329494163,36.020329494163,36.020329494163,36.020329494163
426,"LSO","Lesotho",71.7078432162066,71.7078432162066,71.7078432162066,71.7078432162066,71.7078432162066,62.8136932428931,56.8062034571305,52.0330765160459,47.5229269474783,46.2371232528333,44.2162307646212,51.1364995659967,61.107237807073,80.8164518625451,75.0716888717127,71.5587227300041,66.1505713306922,69.2428990138303,74.4926978801007,80.8273656736375,80.7709730287998,83.8447078186983,78.1015682862096,78.1015682862096,78.1015682862096,78.1015682862096
430,"LBR","Liberia",4.8999947986361,4.8999947986361,4.8999947986361,4.8999947986361,4.8999947986361,4.8999947986361,4.8999947986361,4.8999947986361,4.8999947986361,4.8999947986361,4.8999947986361,4.8999947986361,4.8999947986361,4.8999947986361,4.8999947986361,4.31868538012283,5.97937461826221,13.034364988662,20.3223813819536,23.0804396138104,25.9154446633819,27.0116328076889,29.7325712991816,29.7325712991816,29.7325712991816,29.7325712991816
434,"LBY","Libya",46.4227291861081,46.4227291861081,46.4227291861081,46.4227291861081,46.4227291861081,46.4227291861081,46.4227291861081,46.4227291861081,46.4227291861081,46.4227291861081,46.4227291861081,46.4227291861081,46.4227291861081,46.4227291861081,47.7148201330344,47.0281930949076,85.1527335749018,89.1782566544967,88.1392214976122,89.7572049337486,89.3081945912568,88.0503643838898,86.5855288133323,86.5855288133323,86.5855288133323,86.5855288133323
438,"LIE","Liechtenstein",NA,NA,NA,NA,NA,NA,NA,NA,NA,NA,NA,NA,NA,NA,NA,NA,NA,NA,NA,NA,NA,NA,NA,NA,NA,NA
440,"LTU","Lithuania",100,100,100,100,100,100,100,100,100,100,100,100,100,93.2507103145096,92.0875412120853,94.2631836307817,100,100,100,100,100,100,100,100,100,100
442,"LUX","Luxembourg",100,100,100,100,100,100,100,100,100,100,100,100,100,100,100,87.7428970532842,81.1500687259971,80.8038007099063,80.0753000468322,80.2287601590446,81.7196023560046,82.9320738905219,81.6827638379935,81.6827638379935,81.6827638379935,81.6827638379935
446,"MAC","Macao",0,0,0,0,0,0.0684151256127592,14.909222886423,37.214316969948,61.229697004775,84.3922670527454,100,75.8891539408596,14.8869028228194,0,0,0,0,0,0,0,0,26.7305697888698,22.866254749564,22.866254749564,22.866254749564,22.866254749564
450,"MDG","Madagascar",75.9129743187623,75.9129743187623,75.9129743187623,75.9129743187623,75.9129743187623,77.310916797359,80.5801757058633,87.3074994165811,84.4346924032578,84.8845450210326,74.8925669758068,69.3500736601753,60.9814830933423,54.5305932601222,48.4783025594213,44.6724092051178,47.2982623367354,56.170052943062,66.509492994069,79.0086552512131,82.3966640759751,85.4089139873228,86.1143833070558,86.1143833070558,86.1143833070558,86.1143833070558
454,"MWI","Malawi",71.1549542280889,71.1549542280889,71.1549542280889,71.1549542280889,71.1549542280889,64.060851026171,56.72817795821,49.4602512363296,42.233079878125,34.1917633315443,27.8176474183885,24.8025723676546,23.0000463801034,17.8679517768147,16.2937937644469,11.3770885483572,9.01375129474837,8.90808665404796,11.0492064905547,11.0847289626957,10.8810841292379,12.7490001812997,14.8227805464588,14.8227805464588,14.8227805464588,14.8227805464588
458,"MYS","Malaysia",6.73656482141821,6.73656482141821,6.73656482141821,6.73656482141821,6.73656482141821,25.68529488023,47.3153782898268,70.3274238552071,70.0464724579045,66.0697753643943,60.0987762200182,53.1871729084829,47.0067027847538,37.3156315318552,37.3308738422856,45.381647482273,55.9680953984186,66.628851677113,74.4892589827944,74.312727783926,70.3691493281832,67.1184191868969,63.693531609628,63.693531609628,63.693531609628,63.693531609628
462,"MDV","Maldives",84.8401880094438,84.8401880094438,84.8401880094438,84.8401880094438,84.8401880094438,84.8401880094438,84.8401880094438,84.8401880094438,84.8401880094438,84.8401880094438,86.031045336668,79.2508840675336,68.9216656596674,53.1984510227935,31.3066715178874,30.4291212154135,30.1275016374136,30.314510536924,34.7328983256934,40.697566539179,46.3597959910816,51.40441671868,55.7681188702109,55.7681188702109,55.7681188702109,55.7681188702109
466,"MLI","Mali",47.5189127532717,47.5189127532717,47.5189127532717,47.5189127532717,47.5189127532717,39.4023691526521,29.5348037300919,22.2892118834746,19.9077799810257,13.2784289899458,9.81111990540828,11.8098177862221,18.880156713677,22.2209769767736,27.2858721015321,28.0346606476152,28.5432721791934,29.9929068757393,34.4630623388536,35.1555662182025,36.0118885281294,32.2330300796215,30.3739844189767,30.3739844189767,30.3739844189767,30.3739844189767
470,"MLT","Malta",68.6115289071066,68.6115289071066,68.6115289071066,68.6115289071066,68.6115289071066,72.2314345178795,74.796286101468,70.4477134183259,64.3914957817368,61.1248348299328,54.9983526181624,46.6313458696672,34.1193329474978,28.7747208922959,20.046952252196,15.0816693583374,15.6866730476373,58.0078366140051,100,100,100,100,100,100,100,100
584,"MHL","Marshall Islands",54.5991069973949,54.5991069973949,54.5991069973949,54.5991069973949,54.5991069973949,52.8933499661961,51.6366045396141,51.0364687298878,50.8636259365662,51.6909864244796,52.5800260148044,53.1160401411245,52.7343666183511,51.3751087686581,49.0034934907967,40.9459198384314,39.3632964544727,39.0550693954271,40.3415096556835,43.5407968075903,47.7672055133136,52.2245066393236,55.8904815619815,55.8904815619815,55.8904815619815,55.8904815619815
478,"MRT","Mauritania",36.0671930923218,36.0671930923218,36.0671930923218,36.0671930923218,36.0671930923218,25.6943920749494,15.1934182069648,11.5177607406485,9.68930539329872,16.0003739204869,27.2293276261985,32.9210080248334,40.6512033876293,56.380886955807,63.4980450674225,64.1425832142114,63.2244561821843,62.3600618276553,58.7714650913738,54.1950541916711,49.7912989537403,39.0364789015286,32.5740589681121,32.5740589681121,32.5740589681121,32.5740589681121
480,"MUS","Mauritius",76.9906641604287,76.9906641604287,76.9906641604287,76.9906641604287,76.9906641604287,73.4487220901454,63.6300246143186,60.8094072422806,58.8064110514664,53.5536812023133,48.4094690144648,45.7725000559683,38.9340941861465,32.4174423612327,32.8582388555646,31.9488395328865,27.4013522386462,35.7050587583123,38.9424854743423,38.4924109663283,40.3470888016607,44.2178762194726,47.4004213530732,47.4004213530732,47.4004213530732,47.4004213530732
484,"MEX","Mexico",60.3228460185928,60.3228460185928,60.3228460185928,60.3228460185928,60.3228460185928,63.1492996704497,69.237907235207,77.6828246217373,81.0397623118191,87.188730328875,90.0072367845421,85.6611988563773,76.2147503403762,64.6560983369558,61.0117161614331,58.8252215750918,60.4641607528971,65.4274999504139,69.1209082589762,74.3818998043003,68.2738886396032,68.5771092350527,69.0040221640265,69.0040221640265,69.0040221640265,69.0040221640265
583,"FSM","Micronesia",70.1808938885134,70.1808938885134,70.1808938885134,70.1808938885134,70.1808938885134,74.9856527301985,79.7488444264496,83.1730175203195,86.37406944955,88.8652780025534,88.2938698189457,87.1402339247207,82.6043337748401,81.2048154125554,76.8373225284465,73.8960906263722,67.7061806378558,63.4280368053903,59.0231759675003,57.0072241555283,56.9831846872692,57.0510310607855,57.2958058339857,57.2958058339857,57.2958058339857,57.2958058339857
498,"MDA","Moldova",100,100,100,100,100,100,100,100,100,100,100,100,100,100,100,100,100,100,100,100,100,97.1278798471231,82.3290971809387,82.3290971809387,82.3290971809387,82.3290971809387
492,"MCO","Monaco",NA,NA,NA,NA,NA,NA,NA,NA,NA,NA,NA,NA,NA,NA,NA,NA,NA,NA,NA,NA,NA,NA,NA,NA,NA,NA
496,"MNG","Mongolia",54.1406859182377,54.1406859182377,54.1406859182377,54.1406859182377,54.1406859182377,51.5037448988096,56.6852820543677,82.3477216954583,100,100,100,100,94.9559904273684,64.2390958107027,18.0456994004135,0,0,0,0,0,0,0,0,0,0,0
499,"MNE","Montenegro",100,100,100,100,100,100,100,100,100,100,100,100,100,100,100,100,90.412101555843,84.5441571831333,84.7024003222806,85.4582604046802,96.6731424699245,96.4890156825691,90.6982211829211,90.6982211829211,90.6982211829211,90.6982211829211
504,"MAR","Morocco",74.8707815175428,74.8707815175428,74.8707815175428,74.8707815175428,74.8707815175428,66.3947287771226,59.6788155200724,55.8849937894584,59.1209636378877,59.771630030459,61.9378340074996,62.870417810834,62.1946929840884,63.511136335886,64.2204905286344,62.2090777751995,58.7922309564371,58.1612579781491,57.3679493143451,55.8356511874984,55.5509149281021,55.223920571743,55.9966068878214,55.9966068878214,55.9966068878214,55.9966068878214
508,"MOZ","Mozambique",89.1969375155416,89.1969375155416,89.1969375155416,89.1969375155416,89.1969375155416,99.0784439932562,83.8874659362521,69.7271441762872,55.2313317030948,40.1226893922493,18.4659886162398,12.0254855397626,13.159119367147,7.60414505205387,19.1156465347683,33.6981257530335,42.4915966431049,41.1832895111605,44.3088989304954,48.1031994973003,49.0269668226802,57.9891844008497,61.5646851076105,61.5646851076105,61.5646851076105,61.5646851076105
104,"MMR","Myanmar",57.6220985079372,57.6220985079372,57.6220985079372,57.6220985079372,57.6220985079372,54.2249461046964,54.7349732849562,53.3289914949469,49.5011963486279,43.8522379080774,35.2172973248651,28.2415245119981,26.7141885820994,29.8197138894519,30.9617859289199,33.1290135378943,40.8276724116515,51.8340710711837,60.3427602067302,66.8501533984425,69.7199560138143,68.5658626851205,65.0374439641866,65.0374439641866,65.0374439641866,65.0374439641866
516,"NAM","Namibia",100,100,100,100,100,97.9465879927601,76.5054335876259,74.0381684302496,71.5500966657902,64.9352605471504,44.9148846423765,29.6762742667333,34.2360584391366,54.0072610506195,48.9237535814528,47.6366431958854,15.3555902958981,0,38.4876723395177,80.3782934990955,100,100,100,100,100,100
520,"NRU","Nauru",81.7050360384011,81.7050360384011,81.7050360384011,81.7050360384011,81.7050360384011,81.7050360384011,81.7050360384011,81.7050360384011,81.7050360384011,81.7050360384011,81.7050360384011,81.7050360384011,81.7050360384011,81.7050360384011,81.7050360384011,81.7050360384011,81.7050360384011,81.7050360384011,81.7050360384011,81.7050360384011,81.7050360384011,81.7050360384011,81.7824486172435,81.7824486172435,81.7824486172435,81.7824486172435
524,"NPL","Nepal",53.8337451458471,53.8337451458471,53.8337451458471,53.8337451458471,53.8337451458471,52.1188167313582,52.6925925264874,56.62450453909,59.2298441677505,61.9098477436431,61.9296511888196,61.498082750597,61.9316295866498,60.9007151068719,59.2068150909745,58.2240951809825,57.7371881246607,56.9211888376019,57.7012706490634,58.6955558054118,61.0542287166689,64.3059391571999,66.5486120131338,66.5486120131338,66.5486120131338,66.5486120131338
528,"NLD","Netherlands",100,100,100,100,100,100,100,100,100,100,100,100,100,100,100,100,100,100,100,100,100,100,100,100,100,100
540,"NCL","New Caledonia",NA,NA,NA,NA,NA,NA,NA,NA,NA,NA,NA,NA,NA,NA,NA,NA,NA,NA,NA,NA,NA,NA,NA,NA,NA,NA
554,"NZL","New Zealand",76.7583268076979,76.7583268076979,76.7583268076979,76.7583268076979,76.7583268076979,77.3221667080995,78.8674117228101,79.7231328827955,80.9679445613165,80.0998020772681,78.0520566285425,76.9551302852136,75.4887864887902,78.6973883353088,79.2663694366335,81.7465404289659,84.3260616736206,83.0070272879556,82.1281996087799,80.6215590296109,82.6397967216801,83.8134007185857,85.6765009879292,85.6765009879292,85.6765009879292,85.6765009879292
558,"NIC","Nicaragua",72.0387502717709,72.0387502717709,72.0387502717709,72.0387502717709,72.0387502717709,52.9830386386426,54.7506287266772,51.0573952208458,37.0161099952408,26.9694953293477,29.1752068043359,38.5375100969282,46.1314726068846,59.846850572569,62.7552438104747,62.9413402991942,58.0400329325365,51.8188266319702,41.8722088046542,35.533079254403,27.4909639606912,24.7717004461648,29.7949130550097,29.7949130550097,29.7949130550097,29.7949130550097
562,"NER","Niger",18.475129491222,18.475129491222,18.475129491222,18.475129491222,18.475129491222,17.6014364624293,20.5427835250803,19.5503057803538,18.4614353340221,15.6747847366948,14.0449075071209,12.8631216728088,11.5035953526309,10.7787440539159,9.94079318426016,9.66534903603539,18.0659511643193,22.7025882490453,26.1681120951713,26.344246217465,26.081353092247,25.290681420657,23.2587458943409,23.2587458943409,23.2587458943409,23.2587458943409
566,"NGA","Nigeria",100,100,100,100,100,100,100,100,100,100,100,100,100,100,100,100,98.9955982249822,100,96.1327379030216,92.1863167015334,87.8898942516619,83.7044778138318,84.4204143745499,84.4204143745499,84.4204143745499,84.4204143745499
570,"NIU","Niue",NA,NA,NA,NA,NA,NA,NA,NA,NA,NA,NA,NA,NA,NA,NA,NA,NA,NA,NA,NA,NA,NA,NA,NA,NA,NA
408,"PRK","North Korea",NA,NA,NA,NA,NA,NA,NA,NA,NA,NA,NA,NA,NA,NA,NA,NA,NA,NA,NA,NA,NA,NA,NA,NA,NA,NA
807,"MKD","North Macedonia",89.9082155072256,89.9082155072256,89.9082155072256,89.9082155072256,89.9082155072256,98.3375134776308,100,100,100,89.3473794261278,84.9880667962546,75.9521769027184,70.7731120900169,63.5234831955357,59.8711899914834,48.2943401481331,41.1106302113585,40.8532883510734,46.5681089775339,49.1911946764627,51.3340169309934,52.5836381419435,56.088561889063,56.088561889063,56.088561889063,56.088561889063
578,"NOR","Norway",11.2334525528427,11.2334525528427,11.2334525528427,11.2334525528427,11.2334525528427,18.0648986653271,24.6804051627472,29.0143517134473,32.4799918927604,35.9621315114123,44.0798731436252,47.6350099332904,48.9964595557459,56.0257233598421,68.291226387342,79.5771028795689,95.1301454202464,100,100,100,100,100,100,100,100,100
512,"OMN","Oman",100,100,100,100,100,100,100,100,62.5538486501674,51.2665681794399,37.1890790065808,27.9071154419333,20.1597234183122,34.113110180109,52.894581143205,72.6690194635257,78.673888135888,82.8917069771509,71.7102138541543,62.9515238023093,54.1887217294963,47.4492168635268,46.4403728660238,46.4403728660238,46.4403728660238,46.4403728660238
586,"PAK","Pakistan",40.1677297960097,40.1677297960097,40.1677297960097,40.1677297960097,40.1677297960097,36.9173775393231,35.0523048482675,37.6952028269341,38.0087110913798,39.1480487060356,40.6249136228724,38.36838875838,36.8183741254532,35.2559430774613,34.4149565425844,34.3859100074947,33.0058499333749,36.3416025548408,37.3811943555113,38.8750071169693,41.1610258364695,41.1066581448418,40.3373032202526,40.3373032202526,40.3373032202526,40.3373032202526
585,"PLW","Palau",59.3769274713614,59.3769274713614,59.3769274713614,59.3769274713614,59.3769274713614,59.3769274713614,59.3769274713614,59.3769274713614,59.3769274713614,59.3769274713614,59.3769274713614,59.3769274713614,59.3769274713614,59.3769274713614,59.3769274713614,57.9471615030599,56.5342426948995,56.0405546903552,56.8692417165586,58.3162850973239,59.8762711190229,60.867617391804,62.265137949145,62.265137949145,62.265137949145,62.265137949145
591,"PAN","Panama",75.6119633986197,75.6119633986197,75.6119633986197,75.6119633986197,75.6119633986197,79.5496274966035,75.2406857288571,70.5227301194396,67.5429830001535,65.0499592964998,60.8592090411835,57.7574152831973,61.8498261915369,60.5648692549289,62.4483973050697,66.865708311502,61.3596558772199,57.4522530228538,56.8131689987151,62.8357420043283,70.671694883576,77.56013420069,88.7147618523064,88.7147618523064,88.7147618523064,88.7147618523064
598,"PNG","Papua New Guinea",0,0,0,0,0,0,0,0.214182245206132,16.7610470133439,30.5198562914176,19.6637404317907,13.4780473641921,19.9039068732026,0,0,5.56831887071745,42.7748523740366,73.8705078545943,100,100,100,90.2676048166139,74.2197172081183,74.2197172081183,74.2197172081183,74.2197172081183
600,"PRY","Paraguay",44.4818437250337,44.4818437250337,44.4818437250337,44.4818437250337,44.4818437250337,48.5435411193282,57.0364730695137,70.4683556882115,71.7657926436137,77.4799784031316,73.967738742872,69.8849264260582,59.2994481729533,53.5744430579502,46.3445783462847,41.2548331355148,33.9677812836759,31.3792781237788,23.1104643581023,22.395653471167,26.1293904896833,33.3929194542652,36.5163222790792,36.5163222790792,36.5163222790792,36.5163222790792
604,"PER","Peru",61.6709706035264,61.6709706035264,61.6709706035264,61.6709706035264,61.6709706035264,57.878780393024,58.6604924133039,59.4794721378316,60.519284106632,62.4133769576637,59.9230603926377,59.612629237949,58.613288912563,60.1571842442789,56.0590086165926,49.3824402804589,42.4069417864583,37.4801293671561,39.6981405004019,45.3544356331228,48.7608306901921,53.7794338966491,58.1365978481553,58.1365978481553,58.1365978481553,58.1365978481553
608,"PHL","Philippines",59.1041632831109,59.1041632831109,59.1041632831109,59.1041632831109,59.1041632831109,55.1569516676356,51.5157369165788,51.9441670348963,54.8362736550909,53.8195713536063,53.458590155281,50.141247587952,48.6926148780249,58.0017092760878,57.0403823542266,58.3002378743863,58.6568689723779,57.5642229370442,57.7316890768745,58.615632189456,61.8211411426578,64.9072430182821,65.8857956323285,65.8857956323285,65.8857956323285,65.8857956323285
616,"POL","Poland",100,100,100,100,100,100,100,100,100,100,100,100,100,100,100,100,100,100,86.8702281008407,83.4383744394673,79.7186276542894,75.2476120362946,72.3930440472508,72.3930440472508,72.3930440472508,72.3930440472508
620,"PRT","Portugal",56.1984326423671,56.1984326423671,56.1984326423671,56.1984326423671,56.1984326423671,53.7155538440138,53.6558922158647,55.0886390390707,61.2462810766152,66.6304913683499,72.8213284502468,75.268459969571,76.4585645446085,80.2762562857902,82.2931897977659,82.7134948222339,81.0331370276645,78.3882761159782,80.0808099145386,82.6899393826601,86.6630712280085,88.9914644542295,91.0720945818749,91.0720945818749,91.0720945818749,91.0720945818749
634,"QAT","Qatar",0,0,0,0,0,0,0,0,0,0,0,28.1122367562761,10.1715538053245,0,0,0,0,0,0,0,0,0,0,0,0,0
178,"COG","Republic of Congo",28.2136638776679,28.2136638776679,28.2136638776679,28.2136638776679,28.2136638776679,34.5372050700044,47.607382839401,91.1841247497618,100,100,100,100,100,86.1060904277794,63.2490123639953,40.7105164140255,37.0983952351144,69.3058913958976,86.9027661557872,100,100,100,100,100,100,100
642,"ROU","Romania",100,100,100,100,100,100,100,100,100,100,98.4551489237188,87.6713593861632,79.4915905740773,75.0388186678067,74.5895047117051,77.0147147391088,87.3858632848287,96.2084941111904,100,100,100,100,100,100,100,100
643,"RUS","Russia",84.4184164875558,84.4184164875558,84.4184164875558,84.4184164875558,84.4184164875558,87.1649537573096,92.4520451869927,95.2478196014543,88.8601253147813,73.6657766566697,62.4952477288128,50.1075741928246,43.4128290507091,46.5505156678126,55.9955320623704,60.7490261502629,63.8921403524024,62.7144889457454,64.0245279335456,62.5110915264998,66.8482641406859,65.0323038448031,59.7729386142364,59.7729386142364,59.7729386142364,59.7729386142364
646,"RWA","Rwanda",31.5429065702504,31.5429065702504,31.5429065702504,31.5429065702504,31.5429065702504,16.8337051072454,1.3189673866365,0,0,0,0,2.04471747443247,0.935957128129999,0,0,0,1.88145992261663,16.2859643290014,28.8597832273775,38.7258063958763,43.4466920174869,47.4433247306046,50.6061797840174,50.6061797840174,50.6061797840174,50.6061797840174
652,"BLM","Saint Barthelemy",NA,NA,NA,NA,NA,NA,NA,NA,NA,NA,NA,NA,NA,NA,NA,NA,NA,NA,NA,NA,NA,NA,NA,NA,NA,NA
659,"KNA","Saint Kitts and Nevis",73.1693294645397,73.1693294645397,73.1693294645397,73.1693294645397,73.1693294645397,66.2191413380069,57.5696984462495,48.7547971407643,47.0910078247312,46.8877672728725,53.755035653958,63.36697177315,67.6496004827243,70.1510137102074,76.6935076122742,78.4533202030799,77.585660712886,100,100,100,100,100,100,100,100,100
662,"LCA","Saint Lucia",75.19884077697,75.19884077697,75.19884077697,75.19884077697,75.19884077697,78.2723752794714,82.0920723319768,84.0167029307065,86.145983132788,87.3791263139816,86.5135136748033,83.5525595134529,81.0728329689608,78.960150230126,76.5379828100452,77.7185874710361,77.2259145087107,76.0791736543457,73.2867515808116,69.9820418966985,67.7688213445367,68.1130157013059,68.3162705750844,68.3162705750844,68.3162705750844,68.3162705750844
670,"VCT","Saint Vincent and the Grenadines",71.0414756993722,71.0414756993722,71.0414756993722,71.0414756993722,71.0414756993722,69.4935137493104,71.0878334822711,73.8695746765116,79.7760598965717,82.3598420637728,83.624273137169,83.0419025332722,81.8867671063832,80.6989723820192,78.2820886959134,76.192663487831,72.2697851212901,70.8410895237957,76.0786422911511,81.0875150947822,87.0804958299546,88.6721911874206,88.3028638946711,88.3028638946711,88.3028638946711,88.3028638946711
882,"WSM","Samoa",76.1615041344392,76.1615041344392,76.1615041344392,76.1615041344392,76.1615041344392,73.8966535769361,66.3706557179737,63.2123675389371,59.183197226156,55.1988422012146,55.0326286660489,56.315645479673,62.6247230338031,70.6499976777246,76.9114245848522,79.2173146334463,74.1127566646959,70.0279832433803,64.3721571986174,57.520123337665,47.648841074264,44.74421290726,48.6812171956366,48.6812171956366,48.6812171956366,48.6812171956366
674,"SMR","San Marino",100,100,100,100,100,100,100,100,100,100,100,100,100,100,100,100,100,92.2045408326306,86.9189170130857,85.7069741428785,85.4811819405084,86.3303502346177,87.5995744091038,87.5995744091038,87.5995744091038,87.5995744091038
678,"STP","Sao Tome and Principe",49.4633667811325,49.4633667811325,49.4633667811325,49.4633667811325,49.4633667811325,26.7342061926221,10.6789840086969,0,0,0,0,0,4.71628173910516,21.4946924378934,42.296299846864,39.3927748248578,42.1443071860206,44.7093125861752,39.5596574399021,35.4311519332451,30.4151540051599,32.525892242684,32.9334416275091,32.9334416275091,32.9334416275091,32.9334416275091
682,"SAU","Saudi Arabia",77.6361138217025,77.6361138217025,77.6361138217025,77.6361138217025,77.6361138217025,73.1945853562988,69.7817504082342,75.8006018467259,85.1455505095014,74.0795036824975,61.9511909158257,48.6295251401318,36.773432826336,28.1503487581074,37.8817254581462,42.3121004166536,44.5990868994393,49.2976099429504,46.7012959121572,48.6617536665748,46.9061902341138,44.8830975734869,44.8469430775303,44.8469430775303,44.8469430775303,44.8469430775303
686,"SEN","Senegal",53.8693343457475,53.8693343457475,53.8693343457475,53.8693343457475,53.8693343457475,51.7877459592077,49.6101244935651,50.503149524469,59.9612793403942,63.4472586658181,64.5298479478755,57.6810215216565,59.7587473804708,58.6081968169388,57.8884381046134,51.9763336357202,44.5297813471263,44.4550268221655,52.9747913127684,58.5223982636026,64.9435639445105,59.5113263668943,61.710820961768,61.710820961768,61.710820961768,61.710820961768
688,"SRB","Serbia",100,100,100,100,100,100,100,100,100,100,100,100,100,100,100,100,100,100,96.9549269810314,89.7571134575012,93.5406308348893,98.1240693201972,99.7646181814988,99.7646181814988,99.7646181814988,99.7646181814988
690,"SYC","Seychelles",100,100,100,100,100,78.9787572043308,47.7544218047283,14.9193033477391,0,0,0,0,0,0,0,0,0,8.7924413289271,7.04836551190517,4.48657349022452,6.06180811161306,16.6378211948018,19.6482867794645,19.6482867794645,19.6482867794645,19.6482867794645
694,"SLE","Sierra Leone",90.0114336237315,90.0114336237315,90.0114336237315,90.0114336237315,90.0114336237315,93.1987134435685,89.8203433542367,83.9182796370623,61.9274922513235,27.418773568864,0,0,0,0,0,0,14.9703778924353,22.6247249983289,31.9688394630941,36.2326662587566,38.9974729578622,21.1978228796893,26.3827272947253,26.3827272947253,26.3827272947253,26.3827272947253
702,"SGP","Singapore",42.3982128106515,42.3982128106515,42.3982128106515,42.3982128106515,42.3982128106515,48.7207403122098,53.5593002600377,55.9028748516756,52.5191910492236,44.2256990943793,35.6031558960008,26.2990297420469,18.4556573489513,14.9613732777645,20.437496074538,25.389909520951,33.2581704303256,41.7633505875576,45.043928604259,45.4884364757004,44.3873495259232,42.5217843989349,40.2569156272536,40.2569156272536,40.2569156272536,40.2569156272536
534,"SXM","Sint Maarten",NA,NA,NA,NA,NA,NA,NA,NA,NA,NA,NA,NA,NA,NA,NA,NA,NA,NA,NA,NA,NA,NA,NA,NA,NA,NA
703,"SVK","Slovakia",100,100,100,100,100,100,100,78.4226290186794,68.259282265264,61.8959422785283,64.0718367239211,63.6310434263518,70.0135135041377,73.2673111972266,75.9246819231572,88.9754678490817,100,100,100,100,98.1188738431071,88.4357979106522,79.5376768463726,79.5376768463726,79.5376768463726,79.5376768463726
705,"SVN","Slovenia",100,100,100,100,100,99.9957108723144,87.995933455178,79.5522978481186,74.6543457357239,72.8869402135222,70.6943840775407,69.6632916589813,72.7031139915669,74.4637389629239,83.0486594527936,95.9538048949364,100,100,100,100,100,100,100,100,100,100
90,"SLB","Solomon Islands",45.9130861041284,45.9130861041284,45.9130861041284,45.9130861041284,45.9130861041284,40.4169796503589,38.3192177175957,35.3130175983038,31.8434921904986,29.7910682640172,29.7769180845094,28.6258522073079,26.2294676494663,27.6691007615629,30.7019413119784,29.3801252739498,33.5136350496693,36.4393865877191,37.9910885277831,36.8691163273099,40.3033019965386,43.4782256318958,43.7739476598737,43.7739476598737,43.7739476598737,43.7739476598737
706,"SOM","Somalia",NA,NA,NA,NA,NA,NA,NA,NA,NA,NA,NA,NA,NA,NA,NA,NA,NA,NA,NA,NA,NA,NA,NA,NA,NA,NA
710,"ZAF","South Africa",54.5729495778865,54.5729495778865,54.5729495778865,54.5729495778865,54.5729495778865,53.3734477556806,53.9553291551447,57.4463097054499,59.3451106914279,62.7580782168936,64.5225796872061,68.4121887432166,67.4118523050656,65.1158362294257,65.3147722453212,66.4655937226189,69.6257276383287,72.3601087542393,72.2356244302026,72.3119440527116,72.0285009918891,73.7007795020598,73.2973463598128,73.2973463598128,73.2973463598128,73.2973463598128
410,"KOR","South Korea",87.5968144215455,87.5968144215455,87.5968144215455,87.5968144215455,87.5968144215455,75.6358419733751,68.4950519819182,70.2995269817301,71.6799306022845,73.9942111882042,77.7383867534681,76.7486151452567,75.821919425998,82.8616637313936,91.5387361704176,88.2486300791972,85.2108783200072,91.8486364630583,99.7077003856703,100,100,100,100,100,100,100
728,"SSD","South Sudan",NA,NA,NA,NA,NA,NA,NA,NA,NA,NA,NA,NA,NA,NA,NA,NA,NA,NA,NA,NA,NA,NA,NA,NA,NA,NA
724,"ESP","Spain",62.074244074679,62.074244074679,62.074244074679,62.074244074679,62.074244074679,57.977264157709,54.0689108538838,51.1153651568188,53.1905186959586,57.0144370386892,63.0477254772034,69.5308458024859,71.3436321119078,76.1058544103796,77.9511474490643,81.648544693347,84.9139896327914,87.7156849455763,88.4742360931229,87.6822928337471,85.4898595565967,86.6090138286859,86.1182606086907,86.1182606086907,86.1182606086907,86.1182606086907
144,"LKA","Sri Lanka",100,100,100,100,100,100,100,100,100,100,93.7650547583713,81.165226966003,72.9242504270592,66.8881607656112,63.1249827767706,55.7765019299086,54.1102093190963,53.7616944374383,49.7325117417264,64.9037320453269,71.2041525322118,80.157974143252,100,100,100,100
275,"PSE","State of Palestine",NA,NA,NA,NA,NA,NA,NA,NA,NA,NA,NA,NA,NA,NA,NA,NA,NA,NA,NA,NA,NA,NA,NA,NA,NA,NA
729,"SDN","Sudan",0,0,0,0,0,6.64474122324053,17.2794573228445,23.841091335622,28.2875070340151,29.9493266687954,32.7441422928281,38.1229689748647,44.3347667187743,51.3521842108785,57.3257850650358,61.6033106614356,67.6950369900533,69.982041030009,70.5656163523466,71.5249713636606,70.9058479966721,70.92214823692,69.5407245000884,69.5407245000884,69.5407245000884,69.5407245000884
740,"SUR","Suriname",95.7867515206783,95.7867515206783,95.7867515206783,95.7867515206783,95.7867515206783,100,100,100,100,100,100,100,100,100,93.0957595515844,76.2750083945032,49.9306159730363,53.8691484994034,44.6872041536018,34.0791705271721,38.3690530368858,42.4538173503006,56.0162414594863,56.0162414594863,56.0162414594863,56.0162414594863
752,"SWE","Sweden",87.5323821244872,87.5323821244872,87.5323821244872,87.5323821244872,87.5323821244872,85.8926429699208,90.7395755714825,95.4139766311796,96.1063604030735,92.0845320221672,92.478101546738,91.7037886146771,89.5050430467902,94.1358796479402,100,100,100,100,100,100,100,100,100,100,100,100
756,"CHE","Switzerland",100,100,100,100,100,100,100,100,100,100,99.0944408405742,68.5202751146804,17.7298047432076,0,0,0,0,0,0,9.48962663301387,60.4429104063853,100,100,100,100,100
760,"SYR","Syria",NA,NA,NA,NA,NA,NA,NA,NA,NA,NA,NA,NA,NA,NA,NA,NA,NA,NA,NA,NA,NA,NA,NA,NA,NA,NA
158,"TWN","Taiwan",80.3100144399942,80.3100144399942,80.3100144399942,80.3100144399942,80.3100144399942,82.4531936485333,83.823356459082,85.8229295006703,92.0296442340908,98.9750810774328,98.6190987289235,95.5640371415453,88.4748842307595,87.9668026044937,88.4762549847004,87.4945621488786,82.7218268023053,79.5925441851005,78.0816201923396,77.7297928024693,77.4001048680775,76.0415540617344,74.3526906557516,74.3526906557516,74.3526906557516,74.3526906557516
762,"TJK","Tajikistan",83.2114270818359,83.2114270818359,83.2114270818359,83.2114270818359,83.2114270818359,83.6617552262938,85.3585983668795,86.9458456171904,84.2500491101613,70.8326605862891,53.5021661537469,38.1310422144719,23.3447752551543,6.64698673453375,0,0,0,0,0,0.913801349987352,9.70577824100903,18.9803102326152,29.7860461237919,29.7860461237919,29.7860461237919,29.7860461237919
834,"TZA","Tanzania",50.1630300081933,50.1630300081933,50.1630300081933,50.1630300081933,50.1630300081933,48.9112642076121,42.7919465068123,36.8810864622029,27.4619327431324,24.6167493273695,14.3544753582588,19.5637290831666,27.3929631870595,28.1746131606077,30.4512658396451,36.6548967342632,37.7678199919254,38.8358749599843,33.097875152589,31.2526867617756,25.6166234326802,28.548628333529,32.6153284718436,32.6153284718436,32.6153284718436,32.6153284718436
764,"THA","Thailand",81.5033627577169,81.5033627577169,81.5033627577169,81.5033627577169,81.5033627577169,85.6345425238842,82.7078264606028,80.3858237947024,75.3048469150747,69.0386889952666,63.8161208080498,60.4801148578299,51.8041614701929,48.4332818471904,44.9140349770891,40.2681470456607,40.9288521803431,44.952615103917,49.3077396985199,58.7413818591519,70.5884527456346,82.9491338037715,85.4320247495267,85.4320247495267,85.4320247495267,85.4320247495267
626,"TLS","Timor-Leste",0,0,0,0,0,0,0,0,0,0,0,0,0,0,0,0,0,0,0,0,12.3147977318357,28.7645154274911,23.1997028928617,23.1997028928617,23.1997028928617,23.1997028928617
768,"TGO","Togo",22.8470677695914,22.8470677695914,22.8470677695914,22.8470677695914,22.8470677695914,11.957946036055,8.65125073437434,7.45230217261175,11.2008507728452,21.5189167113497,25.1432049700843,36.1994585021672,44.3447310130058,44.1228699974019,44.1048080904734,43.6961880269468,40.8485542097048,37.9668100903208,35.0259931590027,38.7950341028745,27.0290644223715,27.4814247833525,32.4166116973848,32.4166116973848,32.4166116973848,32.4166116973848
776,"TON","Tonga",100,100,100,100,100,93.6088174039248,88.2973371417016,80.7694512988798,74.613588617682,70.0220057297241,71.3431793603302,72.3651442426497,74.2114540238362,77.2970936658169,79.37972622805,78.7145132892601,78.4510270503041,77.4035362710711,76.7272930705599,75.5330771667501,74.6173052223997,74.6087318541436,74.428689565988,74.428689565988,74.428689565988,74.428689565988
780,"TTO","Trinidad and Tobago",100,100,100,100,100,77.3883700906096,38.0705118843576,0,0,0,0,0,0,0,0,0,0,12.5217996025334,21.4286811140251,27.9718068010912,28.4860140894477,16.8078339861648,3.60197659975357,3.60197659975357,3.60197659975357,3.60197659975357
788,"TUN","Tunisia",16.9070598958651,16.9070598958651,16.9070598958651,16.9070598958651,16.9070598958651,40.0060027725077,57.618620167123,62.4763903718351,62.4555169468885,63.2337338571835,66.5315420149318,64.4088979911499,63.9229989903939,57.8571845270494,50.0930802523843,48.0991053667728,46.8966337688748,49.4135114968388,54.8504856784315,59.8361724727939,64.4620259123874,66.4342706168413,69.5795858817231,69.5795858817231,69.5795858817231,69.5795858817231
792,"TUR","Turkey",6.90887257808973,6.90887257808973,6.90887257808973,6.90887257808973,6.90887257808973,16.8837206984445,31.4062904982581,43.9112277709788,54.1500023359681,70.6325846493752,76.9458592122739,80.2431570730373,76.1597155974917,71.4646863707758,65.7166415680996,53.9232966749259,47.0588493932696,40.7088307748003,43.3507872588692,51.3855572976545,61.1671770356226,72.765941833599,87.7049910805555,87.7049910805555,87.7049910805555,87.7049910805555
795,"TKM","Turkmenistan",90.941759194922,90.941759194922,90.941759194922,90.941759194922,90.941759194922,89.4508129531637,80.8071624431742,30.0188904939886,0,0,0,0,0,0,35.7468044207318,73.6187069175276,88.6043228992602,86.7153014668468,74.1177715730819,63.7943807389211,47.4216267257692,28.9211043253479,13.6501540621516,13.6501540621516,13.6501540621516,13.6501540621516
796,"TCA","Turks and Caicos Islands",NA,NA,NA,NA,NA,NA,NA,NA,NA,NA,NA,NA,NA,NA,NA,NA,NA,NA,NA,NA,NA,NA,NA,NA,NA,NA
798,"TUV","Tuvalu",64.4382463842251,64.4382463842251,64.4382463842251,64.4382463842251,64.4382463842251,71.2316543353599,70.3800694057352,67.8819359131745,67.5609595001089,66.9144611710621,66.5553905330763,66.8930208785518,66.398514736108,66.1386291682755,65.3289241426532,65.2032309763343,65.5692946140632,64.8823069346106,64.5312876653828,64.8371867295641,65.2929760787574,66.1861407349311,66.9658607008606,66.9658607008606,66.9658607008606,66.9658607008606
800,"UGA","Uganda",48.9967928520426,48.9967928520426,48.9967928520426,48.9967928520426,48.9967928520426,49.2631335081649,46.7899867583672,42.7785344786488,33.5806876306094,27.5611374863486,19.8808308240009,24.7497651951751,21.8819863606071,3.90124480728511,0,0,0,0,0,5.6561417049172,9.71979880648438,24.6301565660715,36.6123249899899,36.6123249899899,36.6123249899899,36.6123249899899
804,"UKR","Ukraine",86.8087129038288,86.8087129038288,86.8087129038288,86.8087129038288,86.8087129038288,89.5010279111042,95.2630966670321,100,100,100,100,100,100,100,100,100,100,100,92.2587773150856,91.7019830964961,88.1298855478824,86.8599612497074,87.4054851524774,87.4054851524774,87.4054851524774,87.4054851524774
784,"ARE","United Arab Emirates",58.7766730023768,58.7766730023768,58.7766730023768,58.7766730023768,58.7766730023768,79.582819831241,96.5354999134017,100,100,98.8645001153438,84.0865333595684,63.9678916940509,51.859156831104,46.7837440971227,50.9467243578903,49.2819357402543,50.4687932921162,51.8466384607477,52.6331996071712,54.6901880950394,55.609795427434,53.3274195377985,52.6649764518224,52.6649764518224,52.6649764518224,52.6649764518224
826,"GBR","United Kingdom",100,100,100,100,100,100,100,100,100,100,100,100,100,100,100,100,100,100,100,100,100,100,100,100,100,100
840,"USA","United States of America",100,100,100,100,100,100,100,100,100,100,100,100,100,95.9733922282155,90.683758430289,84.9276290485768,78.758874686348,73.5609931242483,69.961649105481,68.5372374982842,69.4528510278826,73.0569188826768,76.7161019032442,76.7161019032442,76.7161019032442,76.7161019032442
858,"URY","Uruguay",66.1154124095797,66.1154124095797,66.1154124095797,66.1154124095797,66.1154124095797,77.9593705392946,87.5901919978187,90.8091414090099,84.6915964656191,77.236499186301,71.5851020447928,62.7331560154692,58.1369728379437,50.4033058666661,46.5381201718575,52.0372497040025,59.695303402389,68.6720586705636,76.2090846858898,80.8976831399621,83.8981880340086,83.2118886415868,87.313678227801,87.313678227801,87.313678227801,87.313678227801
860,"UZB","Uzbekistan",45.5920270471398,45.5920270471398,45.5920270471398,45.5920270471398,45.5920270471398,51.1177117464763,56.6931812724145,62.8574882918825,66.7235295016009,62.7382858012353,56.2958674424883,46.8777285909959,43.1336211533301,36.4636141212499,45.2752379417542,53.271440083886,57.1632524874794,55.0318076038599,55.1651785661145,54.709467045505,53.5787705121882,48.5821295065172,43.9512560011042,43.9512560011042,43.9512560011042,43.9512560011042
548,"VUT","Vanuatu",50.4745280327784,50.4745280327784,50.4745280327784,50.4745280327784,50.4745280327784,64.5417792286492,81.6519956977808,95.7444870925844,100,98.0243445734081,90.2586784946836,82.6506978206668,62.9191176110722,43.7641081599859,34.1012968243882,28.9280934352619,30.8686219680519,36.2066379076902,41.9728007269271,49.6719760255756,58.4002384561027,69.0841320197394,67.1982950512358,67.1982950512358,67.1982950512358,67.1982950512358
862,"VEN","Venezuela",11.0881681471794,11.0881681471794,11.0881681471794,11.0881681471794,11.0881681471794,21.0817945904102,36.0446498538494,58.9183576483056,80.8848938331347,85.5644183933156,87.4652996867533,89.5305995601722,87.8739216745116,80.6802798963384,76.4657287887319,75.6292093319293,72.2194454577688,66.5285527906959,73.3922031212328,76.1142446041119,77.1796203401576,80.3417418714356,83.2785823464316,83.2785823464316,83.2785823464316,83.2785823464316
704,"VNM","Viet Nam",23.0968033225997,23.0968033225997,23.0968033225997,23.0968033225997,23.0968033225997,28.0136212686813,35.6483049677804,44.0554216569977,52.4305701870307,49.9559328502004,44.3212277314933,39.2536476721407,37.0068770166301,37.1850419177325,35.5237116466248,37.6037650379512,43.5837347947654,52.8014731903081,56.9444211227043,58.6884536918864,57.9452366208021,56.2348641711341,54.3521200063981,54.3521200063981,54.3521200063981,54.3521200063981
876,"WLF","Wallis and Futuna Islands",NA,NA,NA,NA,NA,NA,NA,NA,NA,NA,NA,NA,NA,NA,NA,NA,NA,NA,NA,NA,NA,NA,NA,NA,NA,NA
732,"ESH","Western Sahara",NA,NA,NA,NA,NA,NA,NA,NA,NA,NA,NA,NA,NA,NA,NA,NA,NA,NA,NA,NA,NA,NA,NA,NA,NA,NA
887,"YEM","Yemen",0,0,0,0,0,0,0,19.5042111865371,50.7120121702249,36.3019937864542,25.9137301675543,7.00853455318681,0,0,0,0,0,0,0,13.3765798117394,29.245056530664,37.3916956847045,29.65626029335,29.65626029335,29.65626029335,29.65626029335
894,"ZMB","Zambia",100,100,100,100,100,100,88.0402042255831,75.5589108731563,57.4783883362796,41.2198331028585,24.3070506237277,30.8892984959747,36.6525568972728,37.8404013508841,49.9417573562821,61.8461691864124,65.0976931712903,63.7963633908008,57.6408258350582,53.7493364273852,45.6171509580184,48.0252566594828,51.5227714773776,51.5227714773776,51.5227714773776,51.5227714773776
716,"ZWE","Zimbabwe",71.9239981368413,71.9239981368413,71.9239981368413,71.9239981368413,71.9239981368413,60.0091571550108,52.916753382047,48.0502556122631,61.0027334024829,72.0117747116903,83.2187146069543,85.0691347782682,85.3292450389134,85.8960433588793,82.4729986321196,72.831772056748,58.4863985734892,54.8183051011973,57.7674083243894,68.4057781544124,76.4174891367638,85.9072124603456,90.2450256955966,90.2450256955966,90.2450256955966,90.2450256955966
