"code","iso","country","FGA.ind.1995","FGA.ind.1996","FGA.ind.1997","FGA.ind.1998","FGA.ind.1999","FGA.ind.2000","FGA.ind.2001","FGA.ind.2002","FGA.ind.2003","FGA.ind.2004","FGA.ind.2005","FGA.ind.2006","FGA.ind.2007","FGA.ind.2008","FGA.ind.2009","FGA.ind.2010","FGA.ind.2011","FGA.ind.2012","FGA.ind.2013","FGA.ind.2014","FGA.ind.2015","FGA.ind.2016","FGA.ind.2017","FGA.ind.2018","FGA.ind.2019","FGA.ind.2020"
4,"AFG","Afghanistan",NA,NA,NA,NA,NA,NA,NA,NA,NA,NA,NA,NA,NA,NA,NA,NA,NA,NA,NA,NA,NA,NA,NA,NA,NA,NA
8,"ALB","Albania",0,0,0,0,0,0,18.915822122593,40.1998939962171,51.079315161393,57.1230476662209,59.1283680614733,60.1531305584284,64.7722096786254,68.9309375334558,72.6087039586277,76.1879882980647,79.6453914531117,82.9318521740311,85.549547958242,87.2699202237318,88.0919837162337,88.8966926373025,89.4443860851809,89.4443860851809,89.4443860851809,89.4443860851809
12,"DZA","Algeria",96.3346511265812,96.3346511265812,96.3346511265812,96.3346511265812,96.3346511265812,88.8896044304371,83.5061050622909,79.3905486031826,77.4205658659227,77.9814790797673,81.4967055178178,84.0945979786583,86.4903564250666,87.9054741210163,88.3505385970518,88.0674416140318,88.1033696499366,88.3227629128008,88.687631541979,89.1407313835283,89.704358876834,90.2239275113299,90.6624283951654,90.6624283951654,90.6624283951654,90.6624283951654
20,"AND","Andorra",NA,NA,NA,NA,NA,NA,NA,NA,NA,NA,NA,NA,NA,NA,NA,NA,NA,NA,NA,NA,NA,NA,NA,NA,NA,NA
24,"AGO","Angola",0,0,0,0,0,0,0,0,0,0,0,7.97855861376667,18.0274092970376,30.2702423561999,45.4694421127226,60.0125045501305,70.6344523213072,77.6773478591905,83.4972406955047,87.2048342654586,87.6534902602899,88.7060531268423,89.319790650321,89.319790650321,89.319790650321,89.319790650321
660,"AIA","Anguilla",NA,NA,NA,NA,NA,NA,NA,NA,NA,NA,NA,NA,NA,NA,NA,NA,NA,NA,NA,NA,NA,NA,NA,NA,NA,NA
28,"ATG","Antigua and Barbuda",0,0,0,0,0,5.60992355514929,26.0466362167456,45.9187399103842,57.3164871458647,64.7283948603494,69.8544483092468,73.1589746184247,76.3332326328222,78.9066596849394,80.7370112662674,82.1719358043885,83.8670137505867,85.5575603407229,87.0947827135261,88.1540908354188,88.8051409525498,89.3730948043419,89.8475548147624,89.8475548147624,89.8475548147624,89.8475548147624
32,"ARG","Argentina",100,100,100,100,100,100,100,100,96.2050218645103,90.0890250532328,88.3790564085443,89.4462859016878,84.8067150477451,83.2617301436217,82.0754648028554,82.7525622882935,85.4785576481273,88.1882838895743,88.591762202532,87.3339799067222,88.2640783304287,92.4406505552267,90.6923423366091,90.6923423366091,90.6923423366091,90.6923423366091
51,"ARM","Armenia",0,0,0,0,0,11.4934920169806,22.072927353126,37.1351715970217,45.1437812229171,49.0365009121793,48.8214977438055,49.6981514521853,52.66076018403,56.5887550312628,61.9842886247738,68.3364993732048,75.0003125731383,80.4729871487291,84.4604643279527,87.1023234779881,87.8531491541347,88.8279849260546,89.442790914841,89.442790914841,89.442790914841,89.442790914841
533,"ABW","Aruba",NA,NA,NA,NA,NA,NA,NA,NA,NA,NA,NA,NA,NA,NA,NA,NA,NA,NA,NA,NA,NA,NA,NA,NA,NA,NA
36,"AUS","Australia",100,100,100,100,100,97.3405264777804,93.9804178740339,90.8545200119548,88.030778494941,86.5135435525948,85.5510274488083,85.4833565947669,85.8069159274849,86.0703423239911,86.2901104052798,86.7803080986713,87.4393655705104,88.6487715875375,89.6188846113932,90.1931228756108,90.4775363744054,90.6470689227146,90.8868349881892,90.8868349881892,90.8868349881892,90.8868349881892
40,"AUT","Austria",92.8006625636549,92.8006625636549,92.8006625636549,92.8006625636549,92.8006625636549,89.3726296335777,87.0963509990508,87.0584238463159,88.5013356305115,88.8689630742476,88.5800651649668,86.8346761069433,85.669678292487,86.0921021189644,78.4236503805791,69.95797084299,63.9448449385717,62.5971172472969,63.7565654192403,66.6708532927902,72.298667516935,79.1789253954948,87.8409563600904,87.8409563600904,87.8409563600904,87.8409563600904
31,"AZE","Azerbaijan",100,100,100,100,100,100,100,95.2992249410343,80.3241648240384,66.0488534357068,58.009969493991,63.9619253672964,61.0861339559132,61.1452333050397,65.8327827407406,72.2631903622941,79.4608228503369,87.8684787679922,90.3371643440451,90.3683197385992,89.8699649768236,89.7830242570809,88.8596619062062,88.8596619062062,88.8596619062062,88.8596619062062
44,"BHS","Bahamas",NA,NA,NA,NA,NA,NA,NA,NA,NA,NA,NA,NA,NA,NA,NA,NA,NA,NA,NA,NA,NA,NA,NA,NA,NA,NA
48,"BHR","Bahrain",100,100,100,100,100,100,100,100,100,100,99.7125524895841,96.7018627403132,93.8246376495359,91.3792113098674,89.8295675145606,88.9678775847996,89.4531138331547,91.2011018182665,93.2440580347736,95.7467694999841,96.360209583028,96.0419043665792,95.7111896011991,95.7111896011991,95.7111896011991,95.7111896011991
50,"BGD","Bangladesh",NA,NA,NA,NA,NA,NA,NA,NA,NA,NA,NA,NA,NA,NA,NA,NA,NA,NA,NA,NA,NA,NA,NA,NA,NA,NA
52,"BRB","Barbados",NA,NA,NA,NA,NA,NA,NA,NA,NA,NA,NA,NA,NA,NA,NA,NA,NA,NA,NA,NA,NA,NA,NA,NA,NA,NA
112,"BLR","Belarus",39.789190818124,39.789190818124,39.789190818124,39.789190818124,39.789190818124,39.7994388429502,43.5859914339848,50.1305856032075,56.1023237045714,61.4178307765518,64.3632643043079,67.1791417382051,69.6344049227147,71.7880523313176,74.3976967885156,77.1431691405435,80.3234529955653,83.4458061513715,86.1953449901548,87.8104155959702,88.4385866044713,89.1683425613853,89.5991778307515,89.5991778307515,89.5991778307515,89.5991778307515
56,"BEL","Belgium",62.7428861138012,62.7428861138012,62.7428861138012,62.7428861138012,62.7428861138012,62.0039488912141,63.445651282492,66.113258214072,70.4360503401023,74.5003925890694,77.4617723276228,79.6463169266761,81.7501309327298,83.5100107678171,85.0785850152121,86.3820154337607,87.5878355202007,88.6050684608336,89.7166224035676,90.7021565340554,91.7925112555425,92.6212920137677,93.6384006279068,93.6384006279068,93.6384006279068,93.6384006279068
84,"BLZ","Belize",NA,NA,NA,NA,NA,NA,NA,NA,NA,NA,NA,NA,NA,NA,NA,NA,NA,NA,NA,NA,NA,NA,NA,NA,NA,NA
204,"BEN","Benin",NA,NA,NA,NA,NA,NA,NA,NA,NA,NA,NA,NA,NA,NA,NA,NA,NA,NA,NA,NA,NA,NA,NA,NA,NA,NA
60,"BMU","Bermuda",NA,NA,NA,NA,NA,NA,NA,NA,NA,NA,NA,NA,NA,NA,NA,NA,NA,NA,NA,NA,NA,NA,NA,NA,NA,NA
64,"BTN","Bhutan",NA,NA,NA,NA,NA,NA,NA,NA,NA,NA,NA,NA,NA,NA,NA,NA,NA,NA,NA,NA,NA,NA,NA,NA,NA,NA
68,"BOL","Bolivia",0,0,0,0,0,0,0,0,44.9067671032787,90.8087784635759,97.1999880244377,97.3811296868364,94.4915172773823,90.2319977871903,86.0164676280819,82.6561754456754,82.4329273191437,86.3560063542907,89.7532264641754,90.5481813690654,90.823180321379,91.0676453613211,91.2856095410386,91.2856095410386,91.2856095410386,91.2856095410386
70,"BIH","Bosnia and Herzegovina",76.8466677643153,76.8466677643153,76.8466677643153,76.8466677643153,76.8466677643153,76.8466677643153,76.8466677643153,76.8466677643153,76.8466677643153,76.6337761314882,78.0823801371671,81.6571209309141,84.7046873520709,86.1919178618966,84.2428695093831,82.0160906551234,82.507827255656,85.4226817537843,87.7431278111228,89.0538832701889,89.6728237432961,90.1589124774524,90.5662518548039,90.5662518548039,90.5662518548039,90.5662518548039
72,"BWA","Botswana",NA,NA,NA,NA,NA,NA,NA,NA,NA,NA,NA,NA,NA,NA,NA,NA,NA,NA,NA,NA,NA,NA,NA,NA,NA,NA
76,"BRA","Brazil",100,100,100,100,100,100,100,100,100,97.7680810279168,94.1402543820682,91.3797774182237,88.5222425265213,85.7981150362034,85.6691745061368,86.5971898178947,89.9105377860485,92.4054134097091,94.2555021578805,96.3154973960661,97.8424940830252,97.3586932208821,96.5091575337,96.5091575337,96.5091575337,96.5091575337
92,"VGB","British Virgin Islands",NA,NA,NA,NA,NA,NA,NA,NA,NA,NA,NA,NA,NA,NA,NA,NA,NA,NA,NA,NA,NA,NA,NA,NA,NA,NA
96,"BRN","Brunei Darussalam",0,0,0,0,0,0,0.0128139671151501,19.1280857904247,32.661286827742,45.4599589457176,57.0562111143844,63.4841018052924,69.0109729409851,74.4484395060899,79.2338688765631,81.3694182731171,83.3653062603458,85.0095289038966,86.3264409083893,87.3876740242775,88.2645457194459,88.9060762383835,89.4265489354495,89.4265489354495,89.4265489354495,89.4265489354495
100,"BGR","Bulgaria",52.1587459269439,52.1587459269439,52.1587459269439,52.1587459269439,52.1587459269439,51.7049865929827,53.9501624702883,58.6135403023748,63.5881812001596,67.4796707079555,68.360995632014,69.6883683593512,72.071932359998,74.3976963393497,76.460647678053,78.5000092107553,80.3238669151255,82.0205619739514,83.0164696965928,83.3769570588637,83.2908533806854,83.1750321128391,82.1974366032512,82.1974366032512,82.1974366032512,82.1974366032512
854,"BFA","Burkina Faso",NA,NA,NA,NA,NA,NA,NA,NA,NA,NA,NA,NA,NA,NA,NA,NA,NA,NA,NA,NA,NA,NA,NA,NA,NA,NA
108,"BDI","Burundi",NA,NA,NA,NA,NA,NA,NA,NA,NA,NA,NA,NA,NA,NA,NA,NA,NA,NA,NA,NA,NA,NA,NA,NA,NA,NA
132,"CPV","Cabo Verde",NA,NA,NA,NA,NA,NA,NA,NA,NA,NA,NA,NA,NA,NA,NA,NA,NA,NA,NA,NA,NA,NA,NA,NA,NA,NA
116,"KHM","Cambodia",NA,NA,NA,NA,NA,NA,NA,NA,NA,NA,NA,NA,NA,NA,NA,NA,NA,NA,NA,NA,NA,NA,NA,NA,NA,NA
120,"CMR","Cameroon",100,100,100,100,100,100,100,100,100,100,100,100,100,98.5284359732431,97.3217340890137,96.1805499680367,97.2580166115458,100,100,100,100,100,100,100,100,100
124,"CAN","Canada",92.9251986942647,92.9251986942647,92.9251986942647,92.9251986942647,92.9251986942647,92.3211276417358,91.5588191442151,91.2832100849209,90.5927639926974,90.3905880131321,90.4293618663879,90.2359431517845,90.3226077383606,90.4149094391188,90.2834217652786,89.8976367940782,90.0087386676434,90.1068946274158,90.3424204819319,90.9620437097092,91.2712027902349,91.4021293344474,91.6204701915447,91.6204701915447,91.6204701915447,91.6204701915447
136,"CYM","Cayman Islands",NA,NA,NA,NA,NA,NA,NA,NA,NA,NA,NA,NA,NA,NA,NA,NA,NA,NA,NA,NA,NA,NA,NA,NA,NA,NA
140,"CAF","Central African Republic",NA,NA,NA,NA,NA,NA,NA,NA,NA,NA,NA,NA,NA,NA,NA,NA,NA,NA,NA,NA,NA,NA,NA,NA,NA,NA
148,"TCD","Chad",NA,NA,NA,NA,NA,NA,NA,NA,NA,NA,NA,NA,NA,NA,NA,NA,NA,NA,NA,NA,NA,NA,NA,NA,NA,NA
152,"CHL","Chile",92.1219172745561,92.1219172745561,92.1219172745561,92.1219172745561,92.1219172745561,94.9203191613589,92.9838872549655,88.3730595660312,81.732990430563,75.1357022948278,67.5007747366944,61.3788444785406,57.0678150772154,54.1788064099311,53.0527745865409,58.2007719321952,64.0213024658508,67.8066138467355,70.3472486057559,72.4637466356448,74.0697007470055,75.3988532762457,77.8643817884619,77.8643817884619,77.8643817884619,77.8643817884619
156,"CHN","China",77.2342125994917,77.2342125994917,77.2342125994917,77.2342125994917,77.2342125994917,75.1955884826077,75.3606328472868,75.4993556653443,73.9565397246442,69.6225551485708,69.1711592332886,70.2078841602303,72.2712547512387,78.7490108951359,79.7956684628179,84.0917176918106,86.9958949751156,88.8757215534601,90.4983273115351,90.8138612494265,90.2008962104346,89.0489959724079,88.9325221490666,88.9325221490666,88.9325221490666,88.9325221490666
170,"COL","Colombia",90.2507912136264,90.2507912136264,90.2507912136264,90.2507912136264,90.2507912136264,96.0809013172356,92.7906241274847,87.0391726134601,80.2045648506169,72.5068630998734,63.5639695641382,56.7747715365399,53.343609818449,52.7814674429791,56.3689100734735,66.6096750990536,69.1802440318697,70.7896031595955,71.9585537046354,72.6485427430804,75.0801078376473,77.9057351012386,81.0151453855097,81.0151453855097,81.0151453855097,81.0151453855097
174,"COM","Comoros",12.1769087447136,12.1769087447136,12.1769087447136,12.1769087447136,12.1769087447136,36.9398081592379,50.0621255424965,57.8135074879298,57.2410492798684,54.9396204573695,49.1644563429633,45.4820251106964,44.8080120433268,47.5641929274861,53.4097775127105,67.1724386897862,75.1998890485549,80.3771438123798,83.9093454733953,86.4924036885428,87.7077439757813,88.779996646937,89.4660722884363,89.4660722884363,89.4660722884363,89.4660722884363
184,"COK","Cook Islands",NA,NA,NA,NA,NA,NA,NA,NA,NA,NA,NA,NA,NA,NA,NA,NA,NA,NA,NA,NA,NA,NA,NA,NA,NA,NA
188,"CRI","Costa Rica",0,0,0,0,0,0,15.4508705201914,35.4810294093729,47.2812362712923,56.2123020657561,62.7511108848382,68.1109103291066,73.0208169947918,76.9010015544104,79.7370300268784,81.5035332127935,83.4192972129402,85.243938511294,86.646879216294,87.7938541729009,88.5076949357327,89.123358689081,89.5742814898314,89.5742814898314,89.5742814898314,89.5742814898314
384,"CIV","Cote d'Ivoire",NA,NA,NA,NA,NA,NA,NA,NA,NA,NA,NA,NA,NA,NA,NA,NA,NA,NA,NA,NA,NA,NA,NA,NA,NA,NA
191,"HRV","Croatia",100,100,100,100,100,100,100,100,100,100,100,100,100,96.4019232950042,93.1633412279648,90.6098467514269,88.640002382451,90.4223573818308,91.4559595514564,92.2896105689156,92.8804194336874,93.2623986627397,93.4239521486853,93.4239521486853,93.4239521486853,93.4239521486853
192,"CUB","Cuba",14.8811329311037,14.8811329311037,14.8811329311037,14.8811329311037,14.8811329311037,14.8811329311037,28.4576047739368,41.638568259014,50.2673115005329,56.4394936441979,60.4363584436554,62.942553966778,66.2158786987279,70.1302248065752,73.9209399386572,77.693939085377,80.9635416983714,83.6036975077358,85.5708360134684,87.0525586747096,88.1465503409173,88.9620428614523,89.5354603739309,89.5354603739309,89.5354603739309,89.5354603739309
531,"CUW","Curacao",NA,NA,NA,NA,NA,NA,NA,NA,NA,NA,NA,NA,NA,NA,NA,NA,NA,NA,NA,NA,NA,NA,NA,NA,NA,NA
196,"CYP","Cyprus",0,0,0,0,0,10.2282930118503,29.4849410772424,47.3150171248945,58.0492429392619,65.3246298236033,69.472472047804,72.447212223835,75.512926289958,78.1642145283326,80.3306878154036,82.2377797823867,84.918266933012,87.4606694980379,90.094056266318,92.3980647298494,93.316839998584,94.1543282683314,94.6172057369313,94.6172057369313,94.6172057369313,94.6172057369313
203,"CZE","Czech Republic",29.4146423929117,29.4146423929117,29.4146423929117,29.4146423929117,29.4146423929117,31.6248268392436,38.4319389032776,50.1448580574772,59.7386658704289,66.9775929474723,70.5941271866205,72.6874264975743,74.9984747064006,77.4045818481322,76.7200324445148,74.5472563867719,72.9923394750116,72.7349012948669,73.4518730363266,74.9581330657118,76.8360269101618,79.7728639338384,83.523960612025,83.523960612025,83.523960612025,83.523960612025
180,"COD","Dem. Rep. Congo",NA,NA,NA,NA,NA,NA,NA,NA,NA,NA,NA,NA,NA,NA,NA,NA,NA,NA,NA,NA,NA,NA,NA,NA,NA,NA
208,"DNK","Denmark",75.8119888990331,75.8119888990331,75.8119888990331,75.8119888990331,75.8119888990331,75.0462752904086,75.5329254258107,76.0644227141525,77.4123579676951,78.3572401488161,79.1949503760434,80.7457046680891,82.2115060798941,83.5920325668621,84.9721318042368,86.4322534853295,88.6198114890536,90.1009656665254,91.7889031937455,93.5900144314665,96.4276701960356,98.2872707760397,100,100,100,100
262,"DJI","Djibouti",NA,NA,NA,NA,NA,NA,NA,NA,NA,NA,NA,NA,NA,NA,NA,NA,NA,NA,NA,NA,NA,NA,NA,NA,NA,NA
212,"DMA","Dominica",NA,NA,NA,NA,NA,NA,NA,NA,NA,NA,NA,NA,NA,NA,NA,NA,NA,NA,NA,NA,NA,NA,NA,NA,NA,NA
214,"DOM","Dominican Republic",NA,NA,NA,NA,NA,NA,NA,NA,NA,NA,NA,NA,NA,NA,NA,NA,NA,NA,NA,NA,NA,NA,NA,NA,NA,NA
218,"ECU","Ecuador",0,0,0,0,0,12.952309055334,31.7241124232998,48.8555402780061,58.7322356797685,64.4569807731375,67.6022162692462,69.6426605967735,71.4131168285304,73.1181909605199,76.0680400569931,78.8591922678267,81.5914191668955,83.9966394913147,86.2446165289102,87.6138569603523,88.4688515601041,89.1882376042214,89.7133266822745,89.7133266822745,89.7133266822745,89.7133266822745
818,"EGY","Egypt",94.4744433409418,94.4744433409418,94.4744433409418,94.4744433409418,94.4744433409418,95.1585308009098,95.5022340596059,95.6122226820171,95.7357997593903,95.1150242629814,94.5411082999271,92.414441657656,91.6443755722147,90.5676449718564,89.5376971817005,89.902104136081,90.6219462152096,91.371898137893,92.3543641276722,93.039407729944,93.1355124728025,93.1489883551569,93.0998780287754,93.0998780287754,93.0998780287754,93.0998780287754
222,"SLV","El Salvador",0,0,0,0,0,0,0,0,0,9.8814023000764,51.5919994218102,64.2685982857537,73.0184503859529,79.5159527609335,84.4227729583899,85.5372858366365,86.285599291422,86.8398686250138,87.3407277283822,87.908202291792,88.4698935969401,88.8560779591265,89.285601554783,89.285601554783,89.285601554783,89.285601554783
226,"GNQ","Equatorial Guinea",NA,NA,NA,NA,NA,NA,NA,NA,NA,NA,NA,NA,NA,NA,NA,NA,NA,NA,NA,NA,NA,NA,NA,NA,NA,NA
232,"ERI","Eritrea",NA,NA,NA,NA,NA,NA,NA,NA,NA,NA,NA,NA,NA,NA,NA,NA,NA,NA,NA,NA,NA,NA,NA,NA,NA,NA
233,"EST","Estonia",67.8815876751603,67.8815876751603,67.8815876751603,67.8815876751603,67.8815876751603,67.8815876751603,67.8815876751603,67.8815876751603,69.1461375388358,71.2163755559494,71.9226423565751,72.875768432531,73.871139034382,75.1012053767781,76.9690284371607,79.093428042484,81.5819407657036,84.0144707146353,86.1032225200194,87.6618205411386,88.5544194681383,89.4500433619593,90.3872109862098,90.3872109862098,90.3872109862098,90.3872109862098
748,"SWZ","Eswatini",NA,NA,NA,NA,NA,NA,NA,NA,NA,NA,NA,NA,NA,NA,NA,NA,NA,NA,NA,NA,NA,NA,NA,NA,NA,NA
231,"ETH","Ethiopia",0,0,0,0,0,0,0,12.6850335837166,29.7528917878331,43.7963057103582,55.5809498240511,62.2120561021655,67.6460412175403,73.5535991372405,78.5607190053721,80.8084691001499,82.2666062352197,84.0080849369894,86.6091107522822,87.9455960402919,88.3359503893417,88.9286336756674,89.353527101411,89.353527101411,89.353527101411,89.353527101411
234,"FRO","Faeroe Islands",NA,NA,NA,NA,NA,NA,NA,NA,NA,NA,NA,NA,NA,NA,NA,NA,NA,NA,NA,NA,NA,NA,NA,NA,NA,NA
238,"FLK","Falkland Islands",NA,NA,NA,NA,NA,NA,NA,NA,NA,NA,NA,NA,NA,NA,NA,NA,NA,NA,NA,NA,NA,NA,NA,NA,NA,NA
242,"FJI","Fiji",NA,NA,NA,NA,NA,NA,NA,NA,NA,NA,NA,NA,NA,NA,NA,NA,NA,NA,NA,NA,NA,NA,NA,NA,NA,NA
246,"FIN","Finland",66.2380359827487,66.2380359827487,66.2380359827487,66.2380359827487,66.2380359827487,64.8018787111949,65.6354370961575,67.5080044806497,70.8973860526187,74.2804097288007,77.1494918888617,79.6407510148118,81.8904014034884,83.7831690804879,85.1976311037607,85.6979902635827,86.4591469800677,87.2667438068033,88.2323010904393,89.4177034779564,90.8164696274241,91.9834955892245,93.3485212905793,93.3485212905793,93.3485212905793,93.3485212905793
250,"FRA","France",96.3892566247256,96.3892566247256,96.3892566247256,96.3892566247256,96.3892566247256,95.8729707980348,95.0525493362777,93.1904816460955,89.6599164562175,87.4271073266482,88.8203753855029,89.9442113992439,90.7581783854234,90.7756915121857,90.6874881277346,90.0704360109329,89.6355447591153,89.3913953560735,89.6274280425377,90.3010276946239,91.5322608276908,92.7068123221226,93.9117885985332,93.9117885985332,93.9117885985332,93.9117885985332
258,"PYF","French Polynesia",NA,NA,NA,NA,NA,NA,NA,NA,NA,NA,NA,NA,NA,NA,NA,NA,NA,NA,NA,NA,NA,NA,NA,NA,NA,NA
266,"GAB","Gabon",0,0,0,0,0,10.0697695589686,29.1734960046568,47.3940859998028,57.7631927638548,64.9670018274659,68.9208304649172,71.2020871338687,73.1448708954843,74.9043629837962,77.674805541875,80.2650517972324,82.5678074832225,84.674380325494,86.3423478626525,87.6315359289066,88.5287518959349,89.2368961679263,89.7515715154599,89.7515715154599,89.7515715154599,89.7515715154599
270,"GMB","Gambia",NA,NA,NA,NA,NA,NA,NA,NA,NA,NA,NA,NA,NA,NA,NA,NA,NA,NA,NA,NA,NA,NA,NA,NA,NA,NA
268,"GEO","Georgia",8.49238889952898,8.49238889952898,8.49238889952898,8.49238889952898,8.49238889952898,23.7415778181917,29.996444269164,41.1335480483209,49.0336376671545,55.6310690678034,58.8319405015053,61.0786551156223,63.2484859337276,65.9972791113191,69.3056987191762,73.4222511340669,74.4368955087253,73.8506326865563,77.3333812222637,79.2747800925952,80.3195027453126,81.9771864674466,83.8877297708483,83.8877297708483,83.8877297708483,83.8877297708483
276,"DEU","Germany",91.2340780431501,91.2340780431501,91.2340780431501,91.2340780431501,91.2340780431501,89.8857995543885,89.3964739734897,89.9809271200682,91.0545440598188,91.651821405961,91.7696797090226,91.1035048099453,90.3494527750258,89.5213886102498,89.6567620048557,89.1670912005457,89.7514608989384,90.6590747977643,91.8428526026518,92.9519885859836,93.7488397994135,94.2040618433585,94.6130127127465,94.6130127127465,94.6130127127465,94.6130127127465
288,"GHA","Ghana",100,100,100,100,100,100,100,100,100,100,100,100,100,100,100,100,100,91.3750670129664,89.7796911392749,92.8879235788079,90.5589582213101,89.0500107328532,89.6119994248391,89.6119994248391,89.6119994248391,89.6119994248391
300,"GRC","Greece",87.6194203396871,87.6194203396871,87.6194203396871,87.6194203396871,87.6194203396871,87.141868213187,97.1606542721197,98.7904772051772,100,100,100,100,100,100,100,99.6435222249378,100,100,97.7934279807599,93.4807052907848,88.9415364248872,89.4918201688442,90.3126669027429,90.3126669027429,90.3126669027429,90.3126669027429
304,"GRL","Greenland",NA,NA,NA,NA,NA,NA,NA,NA,NA,NA,NA,NA,NA,NA,NA,NA,NA,NA,NA,NA,NA,NA,NA,NA,NA,NA
308,"GRD","Grenada",93.7566068524459,93.7566068524459,93.7566068524459,93.7566068524459,93.7566068524459,93.7601306846594,93.8073270059227,93.8017022053363,93.8192515782425,93.7983272351149,93.7755950975655,93.8153675851147,93.8303512896437,93.8547886884097,93.8610001769931,93.8816451427506,93.9429189730158,94.0131308473719,94.0666615771872,94.1039196826484,94.1451414436147,94.1944958522506,94.2285803470548,94.2285803470548,94.2285803470548,94.2285803470548
320,"GTM","Guatemala",0,0,0,0,0,3.83930606182066,23.2783821200698,41.347348760805,51.8448440538938,59.1602172194752,63.5743809444226,67.076393532357,70.6160470312047,73.8245717855871,76.8173606572758,79.5044899211242,82.0917859939901,84.2843343735682,86.1280956104911,87.5430928963686,88.3916097688285,89.0817942672443,89.614022194542,89.614022194542,89.614022194542,89.614022194542
831,"GGY","Guernsey",NA,NA,NA,NA,NA,NA,NA,NA,NA,NA,NA,NA,NA,NA,NA,NA,NA,NA,NA,NA,NA,NA,NA,NA,NA,NA
324,"GIN","Guinea",NA,NA,NA,NA,NA,NA,NA,NA,NA,NA,NA,NA,NA,NA,NA,NA,NA,NA,NA,NA,NA,NA,NA,NA,NA,NA
624,"GNB","Guinea-Bissau",NA,NA,NA,NA,NA,NA,NA,NA,NA,NA,NA,NA,NA,NA,NA,NA,NA,NA,NA,NA,NA,NA,NA,NA,NA,NA
328,"GUY","Guyana",NA,NA,NA,NA,NA,NA,NA,NA,NA,NA,NA,NA,NA,NA,NA,NA,NA,NA,NA,NA,NA,NA,NA,NA,NA,NA
332,"HTI","Haiti",NA,NA,NA,NA,NA,NA,NA,NA,NA,NA,NA,NA,NA,NA,NA,NA,NA,NA,NA,NA,NA,NA,NA,NA,NA,NA
336,"VAT","Holy See",NA,NA,NA,NA,NA,NA,NA,NA,NA,NA,NA,NA,NA,NA,NA,NA,NA,NA,NA,NA,NA,NA,NA,NA,NA,NA
340,"HND","Honduras",NA,NA,NA,NA,NA,NA,NA,NA,NA,NA,NA,NA,NA,NA,NA,NA,NA,NA,NA,NA,NA,NA,NA,NA,NA,NA
344,"HKG","Hong Kong",100,100,100,100,100,100,100,100,98.8733790045256,97.8804852630977,98.3912674160766,98.3518792806876,98.1273564575596,98.0053238071997,98.3804299028073,98.2910771408125,98.2548029112357,98.2780266404175,98.5364111133934,99.0287147418138,99.8541730980334,100,100,100,100,100
348,"HUN","Hungary",86.4659084230885,86.4659084230885,86.4659084230885,86.4659084230885,86.4659084230885,86.4659084230885,80.6425996678252,80.3102297817408,80.3711758811257,80.6663583602336,80.7200843929594,81.5971943066778,83.4913904145093,85.2262100916798,86.8466747118009,88.2966852196285,89.3925514101511,91.0221575155521,92.2473978439032,91.6931887373271,89.6932931754673,89.4297309668848,89.7556269262687,89.7556269262687,89.7556269262687,89.7556269262687
352,"ISL","Iceland",100,100,100,100,100,100,92.9555437766805,89.828891451306,87.9505787067445,88.4103887734575,89.6140940298327,90.6587372107532,90.8274988128144,86.923946250399,86.808501405106,87.4134847653309,86.9086506176959,86.029989056889,86.3558963187846,86.9551968110661,88.0713601336835,89.9302987552885,92.3459245649369,92.3459245649369,92.3459245649369,92.3459245649369
356,"IND","India",90.6227098054718,90.6227098054718,90.6227098054718,90.6227098054718,90.6227098054718,88.8703768908006,87.3266252220634,86.9086499638988,85.3926665309643,83.8302458397389,85.7912504605917,89.0100733902592,89.6721796797544,89.8881690060489,90.1516207575566,89.8240956218326,90.0385486906294,90.8287354528293,90.355923727397,88.5752980234571,89.7057414589478,91.5955596442891,91.0148946792747,91.0148946792747,91.0148946792747,91.0148946792747
360,"IDN","Indonesia",100,100,100,100,100,100,100,100,100,100,100,100,100,100,97.1114321437846,95.6771072806742,100,100,100,100,100,100,100,100,100,100
364,"IRN","Iran",100,100,100,100,100,100,100,100,100,100,100,100,100,100,99.8327028194437,100,100,100,100,100,100,100,100,100,100,100
368,"IRQ","Iraq",100,100,100,100,100,100,100,100,100,100,100,100,100,100,100,100,100,100,100,100,100,100,100,100,100,100
372,"IRL","Ireland",49.3153632831062,49.3153632831062,49.3153632831062,49.3153632831062,49.3153632831062,53.0670219006836,57.5703521571614,63.8160810092304,69.4607168174423,75.1077095608354,79.0378435438918,82.1938994660847,84.8119263704305,89.5605081448617,92.259561149909,92.4589126780802,92.6569634407018,93.5929675124021,93.9447936640107,94.1138624005512,94.0564856739883,93.5666219914214,92.8993591550918,92.8993591550918,92.8993591550918,92.8993591550918
833,"IMN","Isle of Man",NA,NA,NA,NA,NA,NA,NA,NA,NA,NA,NA,NA,NA,NA,NA,NA,NA,NA,NA,NA,NA,NA,NA,NA,NA,NA
376,"ISR","Israel",88.7077593185827,88.7077593185827,88.7077593185827,88.7077593185827,88.7077593185827,85.5027286570246,82.4316809372225,80.8814618306793,80.969930214164,82.5829349472513,84.5521423842586,86.4644624291349,88.6933109008261,89.5556881562916,90.0520428565233,89.9899376194474,89.3298439160017,89.123275210475,89.3561523271257,90.0334361922732,90.6408651787805,91.0122643760155,91.3460100893974,91.3460100893974,91.3460100893974,91.3460100893974
380,"ITA","Italy",84.1264061932171,84.1264061932171,84.1264061932171,84.1264061932171,84.1264061932171,82.8927974811579,82.1566457224187,83.2030198743299,85.4050081054883,87.7222711241065,90.5748693500741,90.8708943827138,91.5509945767244,91.4739188360312,90.5974531399651,90.2186033815397,89.2895008656905,88.5550014419438,88.4952663836835,88.9408267669995,89.7900420833491,90.5577913229083,91.4010360792302,91.4010360792302,91.4010360792302,91.4010360792302
388,"JAM","Jamaica",0,0,0,0,0,10.7556678491159,30.124329018736,48.3523900253005,57.5680265872932,63.8020222839671,67.2882378540188,69.6454515270392,72.3689573640141,75.1296902181904,77.797943915397,80.2858584050711,82.7059303644806,84.7161537209554,86.2810656078321,87.5861092557353,88.5070286748625,89.1983973531456,89.7179169556894,89.7179169556894,89.7179169556894,89.7179169556894
392,"JPN","Japan",86.4043501461265,86.4043501461265,86.4043501461265,86.4043501461265,86.4043501461265,89.7604474999766,92.4380560964222,95.4590383505183,96.6058509572426,98.1702461552985,96.930274815369,95.8555364603461,94.4474692786534,92.9937400381832,91.7483670386719,90.9309886240554,89.9368758288338,89.4450817970276,88.9002772916129,88.5879591376104,88.1945132427497,87.7680376380539,87.5626080687718,87.5626080687718,87.5626080687718,87.5626080687718
832,"JEY","Jersey",NA,NA,NA,NA,NA,NA,NA,NA,NA,NA,NA,NA,NA,NA,NA,NA,NA,NA,NA,NA,NA,NA,NA,NA,NA,NA
400,"JOR","Jordan",0,0,0,0,0,0,0,0,0,0,33.7481547230394,44.0343277938229,52.303957058305,60.1428008625292,68.1330696376299,73.4385530306312,78.0360095720559,81.7202939359501,84.8579899798754,86.8509972075039,87.7404268974404,88.6434090005942,89.2640342506944,89.2640342506944,89.2640342506944,89.2640342506944
398,"KAZ","Kazakhstan",22.5476354126338,22.5476354126338,22.5476354126338,22.5476354126338,22.5476354126338,31.2715180938671,40.7238834996725,49.7197288554696,52.9263285185393,54.5306419211446,54.6027775538918,55.4905547660892,57.3616793275116,58.7273650550358,61.812538830909,64.3734090316672,67.2419631417831,70.955555657214,75.0494023349309,79.6773105042998,83.4386600076333,87.836387951344,91.7734420156808,91.7734420156808,91.7734420156808,91.7734420156808
404,"KEN","Kenya",69.2649516117221,69.2649516117221,69.2649516117221,69.2649516117221,69.2649516117221,67.734304160956,67.4869715955657,68.3047242333085,70.0912135715379,73.000324395964,73.9070535989304,75.4233503363452,75.9638089443682,76.8733475945424,77.7598435267242,78.7800045678955,80.9345103946573,83.0247590716662,84.9174840606492,86.6166015846011,88.0796782791726,89.3298217789586,90.2136071070163,90.2136071070163,90.2136071070163,90.2136071070163
296,"KIR","Kiribati",NA,NA,NA,NA,NA,NA,NA,NA,NA,NA,NA,NA,NA,NA,NA,NA,NA,NA,NA,NA,NA,NA,NA,NA,NA,NA
689,"XKX","Kosovo",NA,NA,NA,NA,NA,NA,NA,NA,NA,NA,NA,NA,NA,NA,NA,NA,NA,NA,NA,NA,NA,NA,NA,NA,NA,NA
414,"KWT","Kuwait",93.6912118328416,93.6912118328416,93.6912118328416,93.6912118328416,93.6912118328416,93.6912118328416,93.6912118328416,92.7866797539577,90.9854347389296,88.6794571630259,86.2491111573009,84.0203409446359,82.6169336065173,82.3396242220163,83.0179091413249,84.2116946747235,85.9759966795184,87.6910405530742,89.0379775981812,90.0715004271937,90.8024619027192,91.2839634556803,91.4989727429097,91.4989727429097,91.4989727429097,91.4989727429097
417,"KGZ","Kyrgyzstan",1.57246052282071,1.57246052282071,1.57246052282071,1.57246052282071,1.57246052282071,19.7162677396189,33.3282230580126,45.7031818925751,51.8488052152841,57.9248226486619,63.2383587551017,66.9530472785806,69.9920043356375,73.1880775152552,76.1827197880858,78.8881483260244,81.4757114884248,84.2143066701386,86.1653144098962,87.1644868010657,88.2860490700334,89.0399642608262,89.6068625240634,89.6068625240634,89.6068625240634,89.6068625240634
418,"LAO","Laos",NA,NA,NA,NA,NA,NA,NA,NA,NA,NA,NA,NA,NA,NA,NA,NA,NA,NA,NA,NA,NA,NA,NA,NA,NA,NA
428,"LVA","Latvia",50.9389124569049,50.9389124569049,50.9389124569049,50.9389124569049,50.9389124569049,50.9389124569049,50.9389124569049,50.9389124569049,50.9389124569049,56.0008505028307,58.2204659213934,60.6248799738375,63.4388784917689,66.7692607309728,71.3667317368257,75.8766104941709,80.1636801903323,84.1186959154175,87.1591735490331,89.0187023638427,89.5630510450599,89.8132477398656,90.1843843016288,90.1843843016288,90.1843843016288,90.1843843016288
422,"LBN","Lebanon",NA,NA,NA,NA,NA,NA,NA,NA,NA,NA,NA,NA,NA,NA,NA,NA,NA,NA,NA,NA,NA,NA,NA,NA,NA,NA
426,"LSO","Lesotho",NA,NA,NA,NA,NA,NA,NA,NA,NA,NA,NA,NA,NA,NA,NA,NA,NA,NA,NA,NA,NA,NA,NA,NA,NA,NA
430,"LBR","Liberia",59.7725504717189,59.7725504717189,59.7725504717189,59.7725504717189,59.7725504717189,59.7725504717189,59.7725504717189,59.7725504717189,59.7725504717189,59.7725504717189,59.7725504717189,59.7725504717189,59.7725504717189,59.7725504717189,59.7725504717189,68.9765518167032,75.928435850431,80.8210943934687,84.1476512324959,86.2773663025923,87.594763237503,88.629612936662,89.3269130165234,89.3269130165234,89.3269130165234,89.3269130165234
434,"LBY","Libya",87.1457788513656,87.1457788513656,87.1457788513656,87.1457788513656,87.1457788513656,87.1457788513656,87.1457788513656,87.1457788513656,87.1457788513656,87.1457788513656,87.1457788513656,87.1457788513656,87.1457788513656,87.1457788513656,88.1881622961496,89.0741388005692,89.8917728610952,90.6107320465669,91.2334166602756,91.6433312438762,91.8374482442488,91.9093601577086,91.927907001854,91.927907001854,91.927907001854,91.927907001854
438,"LIE","Liechtenstein",NA,NA,NA,NA,NA,NA,NA,NA,NA,NA,NA,NA,NA,NA,NA,NA,NA,NA,NA,NA,NA,NA,NA,NA,NA,NA
440,"LTU","Lithuania",60.5436295788864,60.5436295788864,60.5436295788864,60.5436295788864,60.5436295788864,60.5436295788864,60.5436295788864,60.5436295788864,60.5436295788864,60.5436295788864,63.5308693349912,65.8027524826583,68.2008765972576,70.3032220577621,72.9398338284245,75.3127588936436,78.099896410402,80.2985172333968,81.4721002580723,82.0788649727084,81.5007275252507,80.304220988031,80.4085924219465,80.4085924219465,80.4085924219465,80.4085924219465
442,"LUX","Luxembourg",37.427338057681,37.427338057681,37.427338057681,37.427338057681,37.427338057681,39.4254992965463,45.3799339637201,54.4513855341397,62.425126582012,68.9967242300417,73.4686185237653,76.5096859067137,79.4034415993309,81.832907954894,83.7152267926183,85.3214408872574,86.6998216651041,87.9228872310428,88.9638894503443,89.6242737105292,90.4153199310732,91.2766611957828,91.6548248376817,91.6548248376817,91.6548248376817,91.6548248376817
446,"MAC","Macao",NA,NA,NA,NA,NA,NA,NA,NA,NA,NA,NA,NA,NA,NA,NA,NA,NA,NA,NA,NA,NA,NA,NA,NA,NA,NA
450,"MDG","Madagascar",0,0,0,0,0,9.51482171856013,26.7674183080802,46.276988938661,56.6994429080598,64.1215909331201,68.87771388287,72.6112938720818,76.1559069932884,79.2297465878135,81.6039677739534,82.9432943590632,83.4360626732619,85.952983266132,87.4747081276009,88.4090416058159,88.8461844088234,89.3309822052522,89.706801211072,89.706801211072,89.706801211072,89.706801211072
454,"MWI","Malawi",NA,NA,NA,NA,NA,NA,NA,NA,NA,NA,NA,NA,NA,NA,NA,NA,NA,NA,NA,NA,NA,NA,NA,NA,NA,NA
458,"MYS","Malaysia",98.037246516057,98.037246516057,98.037246516057,98.037246516057,98.037246516057,100,98.6765195361432,94.2863440326292,89.1794923273311,84.8701440868806,81.1502995172989,77.8599675297443,76.5213459765601,77.8846021704274,80.7856317898569,88.4816940128359,89.9887618428219,90.6037704898153,90.4448362659713,90.7585165088657,91.0236088060093,90.3524499430192,89.2709242777264,89.2709242777264,89.2709242777264,89.2709242777264
462,"MDV","Maldives",NA,NA,NA,NA,NA,NA,NA,NA,NA,NA,NA,NA,NA,NA,NA,NA,NA,NA,NA,NA,NA,NA,NA,NA,NA,NA
466,"MLI","Mali",NA,NA,NA,NA,NA,NA,NA,NA,NA,NA,NA,NA,NA,NA,NA,NA,NA,NA,NA,NA,NA,NA,NA,NA,NA,NA
470,"MLT","Malta",0,0,0,0,0,21.0549020489875,44.5773746772999,52.3150912297005,60.0341012633225,66.5499995908665,70.8584782623686,74.1160724730462,77.0425876152168,79.542746727466,81.6381825753423,83.6486917396904,84.6278631687956,84.7610460063617,84.956927683092,85.3920619806389,85.6701462475997,86.1182065387389,85.8195929817312,85.8195929817312,85.8195929817312,85.8195929817312
584,"MHL","Marshall Islands",NA,NA,NA,NA,NA,NA,NA,NA,NA,NA,NA,NA,NA,NA,NA,NA,NA,NA,NA,NA,NA,NA,NA,NA,NA,NA
478,"MRT","Mauritania",27.2652804569335,27.2652804569335,27.2652804569335,27.2652804569335,27.2652804569335,27.2652804569335,27.2652804569335,27.2652804569335,27.2652804569335,27.2652804569335,27.2652804569335,41.0178950502746,48.5239622665111,54.5296224117098,60.6393293929717,67.5800672507204,74.117139350382,79.3915364633328,82.8960826860502,85.3861751521854,87.0368428819128,88.0884293371707,88.6794452212813,88.6794452212813,88.6794452212813,88.6794452212813
480,"MUS","Mauritius",0,0,0,0,0,0,18.9690907712659,37.5991919839799,48.0869401684128,55.3459691381601,59.9387546541292,63.6179773799051,67.5008860878655,71.178023688247,74.6339037042163,77.9714224299635,80.6851512600367,83.0823661703451,85.1291210342022,86.5244176863455,87.3052736556966,88.044393444375,88.6407455540098,88.6407455540098,88.6407455540098,88.6407455540098
484,"MEX","Mexico",84.7212691983631,84.7212691983631,84.7212691983631,84.7212691983631,84.7212691983631,83.8005447203348,84.4801123475686,86.9779914629523,85.8163036699315,85.6309230755717,85.0425679708978,79.0588942480892,74.1819230491404,71.9592371023234,69.1327706673243,67.0678597318004,78.8176032065555,89.2805584323701,96.9413962689925,100,100,100,100,100,100,100
583,"FSM","Micronesia",NA,NA,NA,NA,NA,NA,NA,NA,NA,NA,NA,NA,NA,NA,NA,NA,NA,NA,NA,NA,NA,NA,NA,NA,NA,NA
498,"MDA","Moldova",66.8429971452207,66.8429971452207,66.8429971452207,66.8429971452207,66.8429971452207,66.8429971452207,66.8429971452207,66.8429971452207,66.8429971452207,66.8429971452207,66.3889091032302,66.1322818584138,66.3395050697565,68.1745517957066,71.2960730863711,75.0022566608578,78.2565071152832,81.1287033021321,83.7012295928512,85.4194494152314,85.7013231460306,86.1888766591801,86.8789646040713,86.8789646040713,86.8789646040713,86.8789646040713
492,"MCO","Monaco",NA,NA,NA,NA,NA,NA,NA,NA,NA,NA,NA,NA,NA,NA,NA,NA,NA,NA,NA,NA,NA,NA,NA,NA,NA,NA
496,"MNG","Mongolia",53.6683255023288,53.6683255023288,53.6683255023288,53.6683255023288,53.6683255023288,53.6683255023288,53.6683255023288,53.6683255023288,53.6683255023288,53.6683255023288,53.6683255023288,53.6683255023288,53.6683255023288,53.6683255023288,53.6683255023288,53.6683255023288,53.6683255023288,53.6683255023288,53.6683255023288,53.6683255023288,53.6683255023288,53.6683255023288,69.4008452628145,69.4008452628145,69.4008452628145,69.4008452628145
499,"MNE","Montenegro",74.0977244750966,74.0977244750966,74.0977244750966,74.0977244750966,74.0977244750966,74.0977244750966,74.0977244750966,74.0977244750966,74.0977244750966,74.0977244750966,74.0977244750966,74.0977244750966,75.7095562847165,78.586087468555,81.2607929821572,82.8861624602121,84.3637050058934,85.4018198856164,86.7254594941281,87.7901894198916,88.6839848764475,89.2895656537081,89.7654603308138,89.7654603308138,89.7654603308138,89.7654603308138
504,"MAR","Morocco",NA,NA,NA,NA,NA,NA,NA,NA,NA,NA,NA,NA,NA,NA,NA,NA,NA,NA,NA,NA,NA,NA,NA,NA,NA,NA
508,"MOZ","Mozambique",0,0,0,0,0,0,0,0,0,6.7073012677767,17.7856378907351,30.9200002335144,45.9307025463713,61.2522988130567,76.4568412078254,85.2139845779306,86.4692582565629,88.7410271760053,89.4773801187448,88.9336074203443,88.4203698846202,88.0718718535839,87.9844759028192,87.9844759028192,87.9844759028192,87.9844759028192
104,"MMR","Myanmar",NA,NA,NA,NA,NA,NA,NA,NA,NA,NA,NA,NA,NA,NA,NA,NA,NA,NA,NA,NA,NA,NA,NA,NA,NA,NA
516,"NAM","Namibia",NA,NA,NA,NA,NA,NA,NA,NA,NA,NA,NA,NA,NA,NA,NA,NA,NA,NA,NA,NA,NA,NA,NA,NA,NA,NA
520,"NRU","Nauru",NA,NA,NA,NA,NA,NA,NA,NA,NA,NA,NA,NA,NA,NA,NA,NA,NA,NA,NA,NA,NA,NA,NA,NA,NA,NA
524,"NPL","Nepal",NA,NA,NA,NA,NA,NA,NA,NA,NA,NA,NA,NA,NA,NA,NA,NA,NA,NA,NA,NA,NA,NA,NA,NA,NA,NA
528,"NLD","Netherlands",93.5018866306557,93.5018866306557,93.5018866306557,93.5018866306557,93.5018866306557,93.5974569440757,96.8229537661516,100,100,100,100,100,100,99.9571831153753,96.787755562933,92.3201567396528,91.7279964008825,92.4883972652575,93.9944836538488,96.7441884769553,98.4897097021155,99.4869031931947,100,100,100,100
540,"NCL","New Caledonia",NA,NA,NA,NA,NA,NA,NA,NA,NA,NA,NA,NA,NA,NA,NA,NA,NA,NA,NA,NA,NA,NA,NA,NA,NA,NA
554,"NZL","New Zealand",97.8366975710416,97.8366975710416,97.8366975710416,97.8366975710416,97.8366975710416,96.9742586584141,96.4670093874763,96.4754815439941,95.234164389021,95.2921665423916,94.0278058412309,92.2917219255013,91.1800825338918,89.7573916937667,88.4646797869475,87.3508951303378,87.2652587949173,87.6586600154237,87.996837111549,87.9461392135392,88.0206056626769,88.6907225384241,89.4610492797566,89.4610492797566,89.4610492797566,89.4610492797566
558,"NIC","Nicaragua",NA,NA,NA,NA,NA,NA,NA,NA,NA,NA,NA,NA,NA,NA,NA,NA,NA,NA,NA,NA,NA,NA,NA,NA,NA,NA
562,"NER","Niger",NA,NA,NA,NA,NA,NA,NA,NA,NA,NA,NA,NA,NA,NA,NA,NA,NA,NA,NA,NA,NA,NA,NA,NA,NA,NA
566,"NGA","Nigeria",97.5494271524286,97.5494271524286,97.5494271524286,97.5494271524286,97.5494271524286,86.6255264704791,76.9180982294488,68.4378569545746,62.4917764858939,61.2489737649777,67.0581207684656,71.2684980965765,75.1603780699216,77.848779072245,79.4599774520566,81.145282840827,83.1884631432168,85.296191078121,86.9309002178409,88.0981973747173,88.6823563091319,89.3170489420791,89.8280107317318,89.8280107317318,89.8280107317318,89.8280107317318
570,"NIU","Niue",NA,NA,NA,NA,NA,NA,NA,NA,NA,NA,NA,NA,NA,NA,NA,NA,NA,NA,NA,NA,NA,NA,NA,NA,NA,NA
408,"PRK","North Korea",NA,NA,NA,NA,NA,NA,NA,NA,NA,NA,NA,NA,NA,NA,NA,NA,NA,NA,NA,NA,NA,NA,NA,NA,NA,NA
807,"MKD","North Macedonia",0,0,0,0,0,9.64066440979776,30.6839438072243,49.3260699657687,60.0422860870044,66.9232302316653,70.4952509019172,73.0381609530786,75.8902604233002,78.3008964960383,80.0923178357779,81.3598344290256,85.7916805543505,93.0519326522145,96.0051052958385,97.4763676494764,97.239516109538,96.6110962572853,95.4137653189094,95.4137653189094,95.4137653189094,95.4137653189094
578,"NOR","Norway",99.8353179579458,99.8353179579458,99.8353179579458,99.8353179579458,99.8353179579458,97.1141636014384,94.5529110268849,95.739675211006,96.0695854365346,95.9214195882368,95.9193086303497,96.2083332741027,96.0875014911063,95.8116596465953,98.4558734356986,100,100,100,100,100,100,100,100,100,100,100
512,"OMN","Oman",5.99500582782784,5.99500582782784,5.99500582782784,5.99500582782784,5.99500582782784,33.2672009636581,46.7968335073981,56.1049748574081,57.2601647339412,55.134599568701,49.9608262167633,46.1815779531051,45.3757375053209,47.6542739887387,52.864245095633,66.3736697404789,74.0227367367013,79.2121242790351,83.0089834894853,85.597465633831,87.1340046576836,88.5164434185082,89.5960326720667,89.5960326720667,89.5960326720667,89.5960326720667
586,"PAK","Pakistan",100,100,100,100,100,100,100,97.4806591627591,91.7486367151035,86.7975606416465,83.887727977863,81.7612382180049,80.9334114802265,100,100,100,100,100,100,100,100,100,95.940027807353,95.940027807353,95.940027807353,95.940027807353
585,"PLW","Palau",NA,NA,NA,NA,NA,NA,NA,NA,NA,NA,NA,NA,NA,NA,NA,NA,NA,NA,NA,NA,NA,NA,NA,NA,NA,NA
591,"PAN","Panama",NA,NA,NA,NA,NA,NA,NA,NA,NA,NA,NA,NA,NA,NA,NA,NA,NA,NA,NA,NA,NA,NA,NA,NA,NA,NA
598,"PNG","Papua New Guinea",10.2011993898595,10.2011993898595,10.2011993898595,10.2011993898595,10.2011993898595,60.067606915495,78.4532015034186,89.7089316065256,90.1292234713599,84.9707687323241,75.4775626019584,63.8798136985685,53.4839568808967,45.1296414196519,37.732900070486,64.2143863803298,73.7751692725188,80.0094702570029,84.2640947991173,86.9934672791786,88.324599833033,89.4440474093832,90.1274484919186,90.1274484919186,90.1274484919186,90.1274484919186
600,"PRY","Paraguay",NA,NA,NA,NA,NA,NA,NA,NA,NA,NA,NA,NA,NA,NA,NA,NA,NA,NA,NA,NA,NA,NA,NA,NA,NA,NA
604,"PER","Peru",0,0,0,0,0,4.70206974625613,26.1601418460567,46.0730067448734,57.7986638623825,64.5286386745912,67.3824654812888,69.4861320789985,71.1709422407018,73.2708598446836,75.6833522530171,78.2360949850177,81.3203783371153,83.8942211624212,86.107963374695,87.6988901161022,88.4762691460473,89.2173264384448,89.7322916355576,89.7322916355576,89.7322916355576,89.7322916355576
608,"PHL","Philippines",93.9831922383455,93.9831922383455,93.9831922383455,93.9831922383455,93.9831922383455,98.8269273224838,100,100,99.2358601360742,96.7636800457704,93.5865811145048,90.6401780586216,88.5106175969273,87.7585709407097,88.7868931448323,90.707234153085,92.4198277085895,93.823717826895,94.9084349403362,95.5560481630126,95.6994321234048,95.5382923694513,95.0473569047796,95.0473569047796,95.0473569047796,95.0473569047796
616,"POL","Poland",52.0214644549895,52.0214644549895,52.0214644549895,52.0214644549895,52.0214644549895,52.0214644549895,52.0214644549895,52.0214644549895,52.0214644549895,52.0214644549895,55.5769521975313,62.3680005508373,71.4923002426294,82.3750003638485,95.3202726663154,95.0365852204188,94.4411442800935,93.6525315443807,92.8353111934986,92.0560144410119,89.4738880871862,87.5846599013791,86.0529564034654,86.0529564034654,86.0529564034654,86.0529564034654
620,"PRT","Portugal",69.1446590450446,69.1446590450446,69.1446590450446,69.1446590450446,69.1446590450446,66.1978136844456,66.032127296129,67.0422760691099,70.4503925286082,74.433540973537,77.9679012357239,80.4884289268668,82.874915734405,84.6178468514983,74.6727070150613,62.0480439267979,51.8121492023318,44.4257227812785,40.958907650998,41.6352302352041,46.7691710148132,55.4576301370221,67.4148693203727,67.4148693203727,67.4148693203727,67.4148693203727
634,"QAT","Qatar",NA,NA,NA,NA,NA,NA,NA,NA,NA,NA,NA,NA,NA,NA,NA,NA,NA,NA,NA,NA,NA,NA,NA,NA,NA,NA
178,"COG","Republic of Congo",0,0,0,0,0,8.93299706194375,23.992651153202,36.8956306944714,43.5815440267639,49.3187966410918,51.8813096622067,54.0945331737761,57.8803625164725,62.2614152836944,68.4857332024676,73.7525811226127,78.3416447819043,81.828474177072,84.9160135026112,87.2130151263722,87.99452133002,88.8771311288251,89.4591054510424,89.4591054510424,89.4591054510424,89.4591054510424
642,"ROU","Romania",100,100,100,100,100,100,100,100,100,100,100,100,98.2093517704167,93.6524471296585,92.3442725720866,89.2284564281563,88.3416616936631,90.3820027327852,92.1943328886654,92.9958611088486,92.4923856662292,91.3080967005236,89.2197621160138,89.2197621160138,89.2197621160138,89.2197621160138
643,"RUS","Russia",90.6527407885769,90.6527407885769,90.6527407885769,90.6527407885769,90.6527407885769,91.733354975048,91.6357801229684,92.0172600784593,92.1827750246264,92.138884655412,91.8570358764528,91.9606669250504,91.8123809449506,91.8128516839786,92.6823064802711,92.8075909942644,93.0161588996425,89.7859291848381,87.2151063385307,86.529191731407,86.5761987750296,87.0026728593109,86.0431249379046,86.0431249379046,86.0431249379046,86.0431249379046
646,"RWA","Rwanda",23.6643812899063,23.6643812899063,23.6643812899063,23.6643812899063,23.6643812899063,33.442568085091,37.0341843492979,33.4122773701561,22.8459721882318,25.5279948942763,22.3633753689763,22.7739467380398,26.9790159657091,34.6572098601538,45.1492350153864,59.97096757237,71.1653246093718,78.5765424737109,83.7628406430968,86.6663967650372,87.5817417714302,88.6917199810398,89.3537201666309,89.3537201666309,89.3537201666309,89.3537201666309
652,"BLM","Saint Barthelemy",NA,NA,NA,NA,NA,NA,NA,NA,NA,NA,NA,NA,NA,NA,NA,NA,NA,NA,NA,NA,NA,NA,NA,NA,NA,NA
659,"KNA","Saint Kitts and Nevis",0,0,0,0,0,0,7.95566185165073,28.5238226158464,40.9453595000872,49.1934344072612,55.0410119874277,59.9288189241663,64.1531340178613,68.4695788587493,72.6593450439742,76.2009334694294,79.6343253247946,82.7413790989521,85.5811710709485,87.3866524386183,88.1174481176676,88.9159396705742,89.4578254736689,89.4578254736689,89.4578254736689,89.4578254736689
662,"LCA","Saint Lucia",82.1829829609221,82.1829829609221,82.1829829609221,82.1829829609221,82.1829829609221,83.0636931852747,84.9942804561237,87.4397597639772,89.9856408858324,92.3757741074813,94.3649118598765,95.8514663978417,96.7813344313961,97.1088073473147,96.8186101276119,96.5040966901589,96.0847854566433,95.7497852423211,95.5198365377471,95.382391377443,95.3116765834267,95.27388445381,95.2744148019864,95.2744148019864,95.2744148019864,95.2744148019864
670,"VCT","Saint Vincent and the Grenadines",0,0,0,0,0,0,0,7.14625674507424,22.9671778640767,37.5124388582851,51.6721214339177,60.3376056510477,67.3119849550292,72.861115785337,77.6349031604986,79.6679761286318,81.9655620452926,84.179444116062,86.3430670166109,87.4076108279377,88.1612287191338,88.8447423647555,89.3708830120157,89.3708830120157,89.3708830120157,89.3708830120157
882,"WSM","Samoa",NA,NA,NA,NA,NA,NA,NA,NA,NA,NA,NA,NA,NA,NA,NA,NA,NA,NA,NA,NA,NA,NA,NA,NA,NA,NA
674,"SMR","San Marino",89.9835237919579,89.9835237919579,89.9835237919579,89.9835237919579,89.9835237919579,89.9835237919579,89.9835237919579,89.9835237919579,89.9835237919579,89.9835237919579,89.9835237919579,89.9835237919579,90.7049767764606,90.6430006468172,89.7554981653564,89.3561805575845,89.0913531631357,88.9376319818282,89.3473370319189,90.1058903086896,91.1315724513451,91.792897432594,92.3219890990524,92.3219890990524,92.3219890990524,92.3219890990524
678,"STP","Sao Tome and Principe",NA,NA,NA,NA,NA,NA,NA,NA,NA,NA,NA,NA,NA,NA,NA,NA,NA,NA,NA,NA,NA,NA,NA,NA,NA,NA
682,"SAU","Saudi Arabia",100,100,100,100,100,100,100,100,100,100,100,100,96.3267346260144,90.4789846019577,82.6652252942245,85.0430446520927,87.5231203201381,88.4835684486341,88.6357797229914,89.7269896169739,90.1972945133487,90.6877989753595,90.9282455944336,90.9282455944336,90.9282455944336,90.9282455944336
686,"SEN","Senegal",NA,NA,NA,NA,NA,NA,NA,NA,NA,NA,NA,NA,NA,NA,NA,NA,NA,NA,NA,NA,NA,NA,NA,NA,NA,NA
688,"SRB","Serbia",66.8894203861462,66.8894203861462,66.8894203861462,66.8894203861462,66.8894203861462,66.8894203861462,66.8894203861462,66.8894203861462,66.8894203861462,66.8894203861462,71.6936631701681,74.0403050194592,75.6440596336718,78.5385715758575,81.2243810908037,82.879283480557,84.4404900115296,85.4815449592813,86.8101307341874,87.8822381988869,88.7496652283283,89.3533762627557,89.7801093538768,89.7801093538768,89.7801093538768,89.7801093538768
690,"SYC","Seychelles",NA,NA,NA,NA,NA,NA,NA,NA,NA,NA,NA,NA,NA,NA,NA,NA,NA,NA,NA,NA,NA,NA,NA,NA,NA,NA
694,"SLE","Sierra Leone",33.8680904663525,33.8680904663525,33.8680904663525,33.8680904663525,33.8680904663525,55.3425237291777,60.9892273762673,61.8385817645569,53.5822326545511,41.1275937717266,26.5465861660291,14.6101483791141,13.1277256823224,18.7483104466268,32.8916305119017,55.5208777466839,69.9182008891223,78.1219823467087,83.515394899857,86.6240089343082,87.5563871110065,88.6984394053243,89.3721877941251,89.3721877941251,89.3721877941251,89.3721877941251
702,"SGP","Singapore",77.5003663955668,77.5003663955668,77.5003663955668,77.5003663955668,77.5003663955668,75.87631829377,73.3985496306858,72.8446006061196,73.1219169783831,75.1580787947766,77.2239115530685,79.0292087434505,81.2363050258909,83.7339116096419,86.2944048919202,88.8896072939102,90.3009371079636,91.7219604500905,91.7336424119218,91.9881060279585,92.1976412637485,91.8970810912869,91.3497858965126,91.3497858965126,91.3497858965126,91.3497858965126
534,"SXM","Sint Maarten",NA,NA,NA,NA,NA,NA,NA,NA,NA,NA,NA,NA,NA,NA,NA,NA,NA,NA,NA,NA,NA,NA,NA,NA,NA,NA
703,"SVK","Slovakia",68.1082620344643,68.1082620344643,68.1082620344643,68.1082620344643,68.1082620344643,68.1082620344643,68.1082620344643,65.1247455015768,69.9521539695795,76.366174275089,80.845937217892,80.3714073746628,80.5441801435348,81.0250819043426,77.042923866374,73.3289246149663,71.9381493171503,71.8609219727964,73.2202567345699,75.6132326882838,78.3333683864769,82.8317268876032,87.5375742345678,87.5375742345678,87.5375742345678,87.5375742345678
705,"SVN","Slovenia",100,100,100,100,100,100,100,100,98.8332258413702,95.3514198924166,93.0933949206484,91.0485722191879,89.5752294554516,87.6624693874647,86.9426573354483,86.5591971488566,87.7064286364519,89.4919638089811,90.7209654107932,91.400752730042,91.3978273276449,91.3757338396973,91.386347013998,91.386347013998,91.386347013998,91.386347013998
90,"SLB","Solomon Islands",NA,NA,NA,NA,NA,NA,NA,NA,NA,NA,NA,NA,NA,NA,NA,NA,NA,NA,NA,NA,NA,NA,NA,NA,NA,NA
706,"SOM","Somalia",NA,NA,NA,NA,NA,NA,NA,NA,NA,NA,NA,NA,NA,NA,NA,NA,NA,NA,NA,NA,NA,NA,NA,NA,NA,NA
710,"ZAF","South Africa",89.9546786026975,89.9546786026975,89.9546786026975,89.9546786026975,89.9546786026975,88.0145774975112,87.4396386589949,87.5175342096555,87.694860239084,89.0991882821861,91.2145093063951,90.3389466425578,89.2079168850743,88.6050513489142,88.1691138047546,90.4757882606507,92.857513269604,89.860490298618,87.4914075396094,86.8625597564833,86.5319825567388,86.2396593619664,86.2538065499208,86.2538065499208,86.2538065499208,86.2538065499208
410,"KOR","South Korea",80.4263949225991,80.4263949225991,80.4263949225991,80.4263949225991,80.4263949225991,80.3992782187119,83.1870763579972,84.3807022154649,87.3201395476276,91.4750057720638,95.1210521376437,97.5705039775683,99.1156188289643,100,100,100,100,100,100,100,100,100,100,100,100,100
728,"SSD","South Sudan",NA,NA,NA,NA,NA,NA,NA,NA,NA,NA,NA,NA,NA,NA,NA,NA,NA,NA,NA,NA,NA,NA,NA,NA,NA,NA
724,"ESP","Spain",94.9727185358634,94.9727185358634,94.9727185358634,94.9727185358634,94.9727185358634,95.6513769147356,95.684339078757,95.4795146136926,94.794983158453,94.1006913287358,93.046502806759,91.5935924979967,90.1370601849911,88.1061764839755,88.0476518521194,88.4532925699082,89.3781453257944,91.0350581906673,92.4250333985447,93.8636548679819,97.5753810508297,100,100,100,100,100
144,"LKA","Sri Lanka",NA,NA,NA,NA,NA,NA,NA,NA,NA,NA,NA,NA,NA,NA,NA,NA,NA,NA,NA,NA,NA,NA,NA,NA,NA,NA
275,"PSE","State of Palestine",NA,NA,NA,NA,NA,NA,NA,NA,NA,NA,NA,NA,NA,NA,NA,NA,NA,NA,NA,NA,NA,NA,NA,NA,NA,NA
729,"SDN","Sudan",NA,NA,NA,NA,NA,NA,NA,NA,NA,NA,NA,NA,NA,NA,NA,NA,NA,NA,NA,NA,NA,NA,NA,NA,NA,NA
740,"SUR","Suriname",100,100,100,100,100,100,100,100,100,100,100,100,100,100,100,100,100,100,100,100,100,100,100,100,100,100
752,"SWE","Sweden",94.2321905525147,94.2321905525147,94.2321905525147,94.2321905525147,94.2321905525147,94.0292617783758,87.1322020872616,87.3348775405397,88.0778286789573,88.8862087223536,89.0848063364551,89.194322850104,89.0988471492774,89.5431055856163,91.6014937637543,92.4115095362412,93.7418771166236,95.4575650543604,97.2551535220306,98.3247519488657,98.8155192118729,98.6830773356753,98.1506322437245,98.1506322437245,98.1506322437245,98.1506322437245
756,"CHE","Switzerland",93.5276477137324,93.5276477137324,93.5276477137324,93.5276477137324,93.5276477137324,88.3556002908194,83.6382599192009,80.3742233365429,79.016812764644,79.1819181069409,80.1599155107724,81.8558819761516,83.6310327041992,85.017206558349,86.2585986160543,87.3070626560315,88.2173941834486,88.7159389876758,89.448991569276,90.298226071126,91.1980125215714,92.2345936722893,93.1205204429256,93.1205204429256,93.1205204429256,93.1205204429256
760,"SYR","Syria",NA,NA,NA,NA,NA,NA,NA,NA,NA,NA,NA,NA,NA,NA,NA,NA,NA,NA,NA,NA,NA,NA,NA,NA,NA,NA
158,"TWN","Taiwan",72.8397607709414,72.8397607709414,72.8397607709414,72.8397607709414,72.8397607709414,68.2201500047091,66.6785028965756,66.6892849620932,68.926135610829,73.4367112468857,79.3122059600525,83.5635285911299,85.6543497167604,88.9100596138815,92.2882542626799,93.2630052341739,93.9542525373335,93.6775209138659,92.8626446335503,91.8245626913578,91.8310087663911,91.2614180826436,90.6374946470037,90.6374946470037,90.6374946470037,90.6374946470037
762,"TJK","Tajikistan",100,100,100,100,100,100,100,100,100,100,100,100,100,100,100,97.0790581958578,100,100,100,100,100,100,100,100,100,100
834,"TZA","Tanzania",NA,NA,NA,NA,NA,NA,NA,NA,NA,NA,NA,NA,NA,NA,NA,NA,NA,NA,NA,NA,NA,NA,NA,NA,NA,NA
764,"THA","Thailand",100,100,100,100,100,100,100,100,100,95.9377826193893,91.0328716153998,86.645660207236,83.5838915950967,82.5284385590409,84.2755520107479,87.7918398892676,90.6472185944752,92.901743045966,94.4933623577239,95.3061048122409,95.3210374162249,95.0044599549231,94.3969751812588,94.3969751812588,94.3969751812588,94.3969751812588
626,"TLS","Timor-Leste",NA,NA,NA,NA,NA,NA,NA,NA,NA,NA,NA,NA,NA,NA,NA,NA,NA,NA,NA,NA,NA,NA,NA,NA,NA,NA
768,"TGO","Togo",NA,NA,NA,NA,NA,NA,NA,NA,NA,NA,NA,NA,NA,NA,NA,NA,NA,NA,NA,NA,NA,NA,NA,NA,NA,NA
776,"TON","Tonga",NA,NA,NA,NA,NA,NA,NA,NA,NA,NA,NA,NA,NA,NA,NA,NA,NA,NA,NA,NA,NA,NA,NA,NA,NA,NA
780,"TTO","Trinidad and Tobago",NA,NA,NA,NA,NA,NA,NA,NA,NA,NA,NA,NA,NA,NA,NA,NA,NA,NA,NA,NA,NA,NA,NA,NA,NA,NA
788,"TUN","Tunisia",NA,NA,NA,NA,NA,NA,NA,NA,NA,NA,NA,NA,NA,NA,NA,NA,NA,NA,NA,NA,NA,NA,NA,NA,NA,NA
792,"TUR","Turkey",94.6452779860167,94.6452779860167,94.6452779860167,94.6452779860167,94.6452779860167,93.1073673496252,91.7821039570188,89.2287718236389,86.7283630181562,84.1279803421793,81.8184861188663,80.4889684747067,79.7511430050093,79.6922632047425,79.2466667531841,77.9724600962343,78.2315709841493,78.9239577907248,80.6337140590059,82.2993963597866,84.7473920329485,86.3616928205829,87.1609713759077,87.1609713759077,87.1609713759077,87.1609713759077
795,"TKM","Turkmenistan",13.1771930921302,13.1771930921302,13.1771930921302,13.1771930921302,13.1771930921302,26.6958204435012,36.2865353425623,43.0768278293563,42.5349772646308,42.5072530342579,42.0509794797012,43.737869271897,50.5043476423823,58.5773913992182,66.1333767045541,72.9157386246944,78.3073672408262,82.0794410723978,84.4567250897093,86.3078771103535,87.6670206585803,88.6424598918021,89.3353822302579,89.3353822302579,89.3353822302579,89.3353822302579
796,"TCA","Turks and Caicos Islands",NA,NA,NA,NA,NA,NA,NA,NA,NA,NA,NA,NA,NA,NA,NA,NA,NA,NA,NA,NA,NA,NA,NA,NA,NA,NA
798,"TUV","Tuvalu",NA,NA,NA,NA,NA,NA,NA,NA,NA,NA,NA,NA,NA,NA,NA,NA,NA,NA,NA,NA,NA,NA,NA,NA,NA,NA
800,"UGA","Uganda",NA,NA,NA,NA,NA,NA,NA,NA,NA,NA,NA,NA,NA,NA,NA,NA,NA,NA,NA,NA,NA,NA,NA,NA,NA,NA
804,"UKR","Ukraine",89.4905679768395,89.4905679768395,89.4905679768395,89.4905679768395,89.4905679768395,89.7488995063545,88.594331691568,88.2565021099709,88.3152143579742,88.0538558530476,88.2742833537869,87.9881252597088,87.5233771891647,86.8171549192582,86.5290179965055,86.6702034413824,87.7349692252366,88.8793917735752,89.820802754483,89.9439198488085,90.0731517789007,89.2470300540779,87.9354008522503,87.9354008522503,87.9354008522503,87.9354008522503
784,"ARE","United Arab Emirates",98.7989209264783,98.7989209264783,98.7989209264783,98.7989209264783,98.7989209264783,97.120964123928,94.5367270249182,92.1662172136227,90.6695048560573,90.1578663291911,90.642920028133,90.705253651582,90.2995163701018,90.6168902481855,90.5651982699393,90.3114719817022,90.4562639012219,90.8846454761828,91.4892857204635,91.8985277622036,92.3973438919645,92.5604452912522,92.6486719214222,92.6486719214222,92.6486719214222,92.6486719214222
826,"GBR","United Kingdom",89.879869463191,89.879869463191,89.879869463191,89.879869463191,89.879869463191,91.451928652244,92.1162124317975,92.587845600365,94.2494769572829,94.2502324584499,93.6525091014412,92.9784476735538,92.2425290262005,91.0651018655129,89.9183965256072,89.7159918083935,90.693647582455,91.4238876711645,92.2183010266498,93.568904638052,94.7560788800926,95.9341498955414,96.8636726952131,96.8636726952131,96.8636726952131,96.8636726952131
840,"USA","United States of America",88.3728317354639,88.3728317354639,88.3728317354639,88.3728317354639,88.3728317354639,86.687925043015,85.7354694489646,85.249385198325,85.6122685048212,86.0838890983135,86.6294937907149,86.9918959544212,87.5225926152903,87.7782741868447,87.6702140034029,87.2859050702182,87.6726129175376,88.488115628736,89.7800548483563,90.9696118400122,92.1649552793052,93.2679243385674,94.1883446523042,94.1883446523042,94.1883446523042,94.1883446523042
858,"URY","Uruguay",41.8895650668129,41.8895650668129,41.8895650668129,41.8895650668129,41.8895650668129,37.0228498761471,38.0407462905275,45.8613712714916,54.9523481287117,62.387933570641,68.8118866368099,73.500134371427,77.0880255237654,79.5107720216576,81.7473897555545,82.3921774756321,87.8894608276512,100,100,100,92.2637992701002,83.2484670000826,73.8720687696969,73.8720687696969,73.8720687696969,73.8720687696969
860,"UZB","Uzbekistan",0,0,0,0,0,14.5118266169281,28.9279545936668,46.4224986298335,55.8186482367651,61.9898559997539,65.2841583619908,68.1611023688683,70.9995694547038,73.6561753087912,76.1424273280736,78.7172643634858,73.6540276445618,68.8658189413273,69.8476563938191,71.0895385265363,72.5658449628525,75.179727107789,78.6544049689235,78.6544049689235,78.6544049689235,78.6544049689235
548,"VUT","Vanuatu",NA,NA,NA,NA,NA,NA,NA,NA,NA,NA,NA,NA,NA,NA,NA,NA,NA,NA,NA,NA,NA,NA,NA,NA,NA,NA
862,"VEN","Venezuela",100,100,100,100,100,100,100,100,100,100,100,98.7983523006716,93.9611127411874,89.4340064668498,87.7604034390919,86.1674021362299,86.5376001260952,89.1004432066667,92.3428192845547,93.1514676046977,94.9410701537832,95.6650678747296,95.8783758003377,95.8783758003377,95.8783758003377,95.8783758003377
704,"VNM","Viet Nam",NA,NA,NA,NA,NA,NA,NA,NA,NA,NA,NA,NA,NA,NA,NA,NA,NA,NA,NA,NA,NA,NA,NA,NA,NA,NA
876,"WLF","Wallis and Futuna Islands",NA,NA,NA,NA,NA,NA,NA,NA,NA,NA,NA,NA,NA,NA,NA,NA,NA,NA,NA,NA,NA,NA,NA,NA,NA,NA
732,"ESH","Western Sahara",NA,NA,NA,NA,NA,NA,NA,NA,NA,NA,NA,NA,NA,NA,NA,NA,NA,NA,NA,NA,NA,NA,NA,NA,NA,NA
887,"YEM","Yemen",NA,NA,NA,NA,NA,NA,NA,NA,NA,NA,NA,NA,NA,NA,NA,NA,NA,NA,NA,NA,NA,NA,NA,NA,NA,NA
894,"ZMB","Zambia",5.04576176339035,5.04576176339035,5.04576176339035,5.04576176339035,5.04576176339035,23.6368115677784,38.6378198407827,51.9191241387057,56.2799780313808,59.0846963402074,60.0527647482111,60.3081059582713,61.5620884207598,64.5027673700828,68.5058997193925,73.6117923930863,78.2075284799049,82.0955365616835,85.0778777759127,87.063972525351,88.0427152624776,88.9466866090245,89.5690567841405,89.5690567841405,89.5690567841405,89.5690567841405
716,"ZWE","Zimbabwe",NA,NA,NA,NA,NA,NA,NA,NA,NA,NA,NA,NA,NA,NA,NA,NA,NA,NA,NA,NA,NA,NA,NA,NA,NA,NA
