"code","iso","country","FGT.ind.1995","FGT.ind.1996","FGT.ind.1997","FGT.ind.1998","FGT.ind.1999","FGT.ind.2000","FGT.ind.2001","FGT.ind.2002","FGT.ind.2003","FGT.ind.2004","FGT.ind.2005","FGT.ind.2006","FGT.ind.2007","FGT.ind.2008","FGT.ind.2009","FGT.ind.2010","FGT.ind.2011","FGT.ind.2012","FGT.ind.2013","FGT.ind.2014","FGT.ind.2015","FGT.ind.2016","FGT.ind.2017","FGT.ind.2018","FGT.ind.2019","FGT.ind.2020"
4,"AFG","Afghanistan",NA,NA,NA,NA,NA,NA,NA,NA,NA,NA,NA,NA,NA,NA,NA,NA,NA,NA,NA,NA,NA,NA,NA,NA,NA,NA
8,"ALB","Albania",5.72244775277784,9.60951747664912,10.6089043225704,5.77528382804648,7.83573047432857,4.3657399186676,9.09390156838518,0.587181055210905,3.55054775533407,1.16972003727848,1.59910566735283,1.37845548107791,1.12726068927192,1.39315318775864,0.985993084527948,1.43438408192101,0.346333083409533,0.336370324924403,0.349496045117263,0.377631774718452,0.377631774718452,0.377631774718452,0.377631774718452,0.377631774718452,0.377631774718452,0.377631774718452
12,"DZA","Algeria",NA,NA,NA,NA,NA,NA,NA,NA,NA,NA,NA,NA,NA,NA,NA,NA,NA,NA,NA,NA,NA,NA,NA,NA,NA,NA
20,"AND","Andorra",NA,NA,NA,NA,NA,NA,NA,NA,NA,NA,NA,NA,NA,NA,NA,NA,NA,NA,NA,NA,NA,NA,NA,NA,NA,NA
24,"AGO","Angola",3.27166375656623,3.05897137082104,3.19853785151497,3.26798507509837,3.27466280692231,3.88773928087515,3.34900397102346,3.49801939631969,3.99989361602984,3.84677191512074,3.29768958506233,3.20092780171485,3.14958012592645,3.26450057912808,3.72279146378997,4.06327980050006,3.92419853558066,3.89386708092121,4.23668580463827,4.39459442091014,4.39459442091014,4.39459442091014,4.39459442091014,4.39459442091014,4.39459442091014,4.39459442091014
660,"AIA","Anguilla",NA,NA,NA,NA,NA,NA,NA,NA,NA,NA,NA,NA,NA,NA,NA,NA,NA,NA,NA,NA,NA,NA,NA,NA,NA,NA
28,"ATG","Antigua and Barbuda",NA,NA,NA,NA,NA,NA,NA,NA,NA,NA,NA,NA,NA,NA,NA,NA,NA,NA,NA,NA,NA,NA,NA,NA,NA,NA
32,"ARG","Argentina",1.68092689616903,2.25791480081234,2.83124104341861,2.63802794202554,3.61895646048286,3.83655574234028,3.19749263476449,2.52327698500828,2.32630489099213,1.6888573771076,2.35916486411817,3.58030425808508,3.54203922617954,3.72658994023661,2.40610954078979,2.46055889601639,2.42293286597206,2.89740717157341,2.96356326241437,2.56599425101984,2.56599425101984,2.56599425101984,2.56599425101984,2.56599425101984,2.56599425101984,2.56599425101984
51,"ARM","Armenia",NA,NA,NA,NA,NA,NA,NA,NA,NA,NA,NA,NA,NA,NA,NA,NA,NA,NA,NA,NA,NA,NA,NA,NA,NA,NA
533,"ABW","Aruba",NA,NA,NA,NA,NA,NA,NA,NA,NA,NA,NA,NA,NA,NA,NA,NA,NA,NA,NA,NA,NA,NA,NA,NA,NA,NA
36,"AUS","Australia",3.06726141726901,3.38103261941099,3.89475789665374,3.72370576806119,3.57262544758139,4.01566812045263,3.03872884240839,4.26364213404057,4.98252343024936,5.79200236303554,5.743539794505,5.79455337405778,6.93723398762613,6.90414248510433,6.72483945950881,6.65530238873309,6.73782968760263,6.68396459437939,6.58767351665196,6.47445854531686,6.47445854531686,6.47445854531686,6.47445854531686,6.47445854531686,6.47445854531686,6.47445854531686
40,"AUT","Austria",NA,NA,NA,NA,NA,NA,NA,NA,NA,NA,NA,NA,NA,NA,NA,NA,NA,NA,NA,NA,NA,NA,NA,NA,NA,NA
31,"AZE","Azerbaijan",NA,NA,NA,NA,NA,NA,NA,NA,NA,NA,NA,NA,NA,NA,NA,NA,NA,NA,NA,NA,NA,NA,NA,NA,NA,NA
44,"BHS","Bahamas",NA,NA,NA,NA,NA,NA,NA,NA,NA,NA,NA,NA,NA,NA,NA,NA,NA,NA,NA,NA,NA,NA,NA,NA,NA,NA
48,"BHR","Bahrain",NA,NA,NA,NA,NA,NA,NA,NA,NA,NA,NA,NA,NA,NA,NA,NA,NA,NA,NA,NA,NA,NA,NA,NA,NA,NA
50,"BGD","Bangladesh",10.9064556473784,10.9742251058576,11.1318308075042,10.9257052905982,11.2303053415447,11.5387712419084,12.0029153146435,12.3328763359616,12.2762296662071,12.7119636941868,13.2179926471364,11.8154522997793,11.838753833138,12.1214976899211,12.9386967306136,13.9574762362634,12.6365623276432,10.3508032234938,10.6928449982586,10.962130178063,10.962130178063,10.962130178063,10.962130178063,10.962130178063,10.962130178063,10.962130178063
52,"BRB","Barbados",NA,NA,NA,NA,NA,NA,NA,NA,NA,NA,NA,NA,NA,NA,NA,NA,NA,NA,NA,NA,NA,NA,NA,NA,NA,NA
112,"BLR","Belarus",NA,NA,NA,NA,NA,NA,NA,NA,NA,NA,NA,NA,NA,NA,NA,NA,NA,NA,NA,NA,NA,NA,NA,NA,NA,NA
56,"BEL","Belgium",0,0,0,0.0118893383024101,0,0,0,0,0,0,0,0,0,0,0,0,0.124312826189794,0.183031879155649,0.172055918604755,0.147934592592961,0.147934592592961,0.147934592592961,0.147934592592961,0.147934592592961,0.147934592592961,0.147934592592961
84,"BLZ","Belize",NA,NA,NA,NA,NA,NA,NA,NA,NA,NA,NA,NA,NA,NA,NA,NA,NA,NA,NA,NA,NA,NA,NA,NA,NA,NA
204,"BEN","Benin",NA,NA,NA,NA,NA,NA,NA,NA,NA,NA,NA,NA,NA,NA,NA,NA,NA,NA,NA,NA,NA,NA,NA,NA,NA,NA
60,"BMU","Bermuda",NA,NA,NA,NA,NA,NA,NA,NA,NA,NA,NA,NA,NA,NA,NA,NA,NA,NA,NA,NA,NA,NA,NA,NA,NA,NA
64,"BTN","Bhutan",NA,NA,NA,NA,NA,NA,NA,NA,NA,NA,NA,NA,NA,NA,NA,NA,NA,NA,NA,NA,NA,NA,NA,NA,NA,NA
68,"BOL","Bolivia",NA,NA,NA,NA,NA,NA,NA,NA,NA,NA,NA,NA,NA,NA,NA,NA,NA,NA,NA,NA,NA,NA,NA,NA,NA,NA
70,"BIH","Bosnia and Herzegovina",NA,NA,NA,NA,NA,NA,NA,NA,NA,NA,NA,NA,NA,NA,NA,NA,NA,NA,NA,NA,NA,NA,NA,NA,NA,NA
72,"BWA","Botswana",NA,NA,NA,NA,NA,NA,NA,NA,NA,NA,NA,NA,NA,NA,NA,NA,NA,NA,NA,NA,NA,NA,NA,NA,NA,NA
76,"BRA","Brazil",NA,NA,NA,NA,NA,NA,NA,NA,NA,NA,NA,NA,NA,NA,NA,NA,NA,NA,NA,NA,NA,NA,NA,NA,NA,NA
92,"VGB","British Virgin Islands",NA,NA,NA,NA,NA,NA,NA,NA,NA,NA,NA,NA,NA,NA,NA,NA,NA,NA,NA,NA,NA,NA,NA,NA,NA,NA
96,"BRN","Brunei Darussalam",2.76476797433575,2.09759888967359,1.1651552791682,2.67802146362671,4.23135492069645,2.29328821208097,3.94637639860694,6.43865497513124,6.50433148363487,6.86074286169631,6.41565164558129,7.83844348751256,6.41216186741205,6.42575960109895,7.29643512605193,4.80389758991514,5.32855907391391,5.65762292856562,5.41174800996126,5.51668417574884,5.51668417574884,5.51668417574884,5.51668417574884,5.51668417574884,5.51668417574884,5.51668417574884
100,"BGR","Bulgaria",9.5668613693031,8.61585340184529,8.92817928009806,9.25346349792513,8.73865891232109,9.4385879909555,14.0558012302745,4.12414531695772,4.92483535513227,6.39262851318921,6.6948751869091,6.84968164164606,12.7220748518283,8.62593227793015,6.96385127148071,6.41720844374537,4.91792383134616,6.97692866048742,6.44729191392017,8.67873903097279,8.67873903097279,8.67873903097279,8.67873903097279,8.67873903097279,8.67873903097279,8.67873903097279
854,"BFA","Burkina Faso",NA,NA,NA,NA,NA,NA,NA,NA,NA,NA,NA,NA,NA,NA,NA,NA,NA,NA,NA,NA,NA,NA,NA,NA,NA,NA
108,"BDI","Burundi",NA,NA,NA,NA,NA,NA,NA,NA,NA,NA,NA,NA,NA,NA,NA,NA,NA,NA,NA,NA,NA,NA,NA,NA,NA,NA
132,"CPV","Cabo Verde",NA,NA,NA,NA,NA,NA,NA,NA,NA,NA,NA,NA,NA,NA,NA,NA,NA,NA,NA,NA,NA,NA,NA,NA,NA,NA
116,"KHM","Cambodia",11.7128035254647,12.1143842161341,12.0675247427672,12.2140981078294,11.838709237585,11.9654447045794,11.4926486975244,11.3914495519534,11.3758533584896,11.4231932729841,11.3305728506878,11.5945838408653,10.9543499824592,12.1659998308292,11.7605985846383,11.1601790196014,10.7546942812859,10.3089845842664,10.279698885829,9.8506561342486,9.8506561342486,9.8506561342486,9.8506561342486,9.8506561342486,9.8506561342486,9.8506561342486
120,"CMR","Cameroon",9.50673007149796,9.56507759832616,9.83307005901266,9.95841811947236,9.64566205084837,9.82677946310929,9.86534730854912,9.93617662037059,10.0037402733959,9.15108646563911,11.2624138948367,12.6592588937797,9.84541804475407,10.622991171334,11.1243541947115,11.8481565618094,12.2206035984552,12.2917680237527,12.3684539937512,12.5345317957335,12.5345317957335,12.5345317957335,12.5345317957335,12.5345317957335,12.5345317957335,12.5345317957335
124,"CAN","Canada",8.16913437650088,6.39887302164104,6.412991102324,6.21237014735662,5.9443832144933,6.51059436298249,6.10055625263945,6.04746816121884,6.24342602036575,5.66041359382308,5.51509262451313,5.61990182430308,5.70258603386522,5.63387179151675,6.23369580515683,5.99530943754357,6.05318131930576,5.98220539275458,6.16467873166663,6.50942636324184,6.50942636324184,6.50942636324184,6.50942636324184,6.50942636324184,6.50942636324184,6.50942636324184
136,"CYM","Cayman Islands",NA,NA,NA,NA,NA,NA,NA,NA,NA,NA,NA,NA,NA,NA,NA,NA,NA,NA,NA,NA,NA,NA,NA,NA,NA,NA
140,"CAF","Central African Republic",NA,NA,NA,NA,NA,NA,NA,NA,NA,NA,NA,NA,NA,NA,NA,NA,NA,NA,NA,NA,NA,NA,NA,NA,NA,NA
148,"TCD","Chad",NA,NA,NA,NA,NA,NA,NA,NA,NA,NA,NA,NA,NA,NA,NA,NA,NA,NA,NA,NA,NA,NA,NA,NA,NA,NA
152,"CHL","Chile",20.772122596926,20.6752107425474,20.081482992583,18.5831339713027,20.9111998230836,20.6773332752147,19.8087033303801,21.8770161129954,20.9851447651841,21.4967023737965,21.1490745795447,19.1588133427041,18.3914592665605,18.5045443086264,21.5640002275577,23.222580802464,26.4643343685334,25.5680562921194,25.6510068708478,26.0977423791689,26.0977423791689,26.0977423791689,26.0977423791689,26.0977423791689,26.0977423791689,26.0977423791689
156,"CHN","China",3.76020383647571,3.72575639218546,4.20176511888737,3.91814276210835,4.14054218882978,4.46859519564639,4.24669277875199,4.35903962091096,4.51906194984659,4.65237891388662,4.63888075542168,4.58394210428723,4.81617455385043,4.86245464607754,4.96148659596416,5.02172338707049,5.09395812615082,5.35705115650963,5.47314619659402,3.29300064330941,3.29300064330941,3.29300064330941,3.29300064330941,3.29300064330941,3.29300064330941,3.29300064330941
170,"COL","Colombia",14.5808531277521,11.8128356836783,9.78539614145134,11.9440950587847,8.88248067309891,10.4702470030902,14.659023274224,17.541306325741,12.9942955761859,12.7151716277069,17.2316199703203,14.6026548488707,15.0447161520158,13.1656118385526,11.8784929316636,9.47244781335324,12.3986667140002,16.7029046458176,13.2812274013828,18.1430573138366,18.1430573138366,18.1430573138366,18.1430573138366,18.1430573138366,18.1430573138366,18.1430573138366
174,"COM","Comoros",NA,NA,NA,NA,NA,NA,NA,NA,NA,NA,NA,NA,NA,NA,NA,NA,NA,NA,NA,NA,NA,NA,NA,NA,NA,NA
184,"COK","Cook Islands",NA,NA,NA,NA,NA,NA,NA,NA,NA,NA,NA,NA,NA,NA,NA,NA,NA,NA,NA,NA,NA,NA,NA,NA,NA,NA
188,"CRI","Costa Rica",3.57380514056588,4.69526926194644,4.56193044869822,6.14710258096191,8.19782716941296,9.60956863153498,11.5479602918443,11.0772006527461,10.486205554287,8.94955430256422,9.75534010156737,9.22824100793919,9.00139098635626,10.6625542025902,12.7624092350648,11.9581749914826,12.6379135196707,13.8000978448504,13.2656660183315,10.8998079969817,10.8998079969817,10.8998079969817,10.8998079969817,10.8998079969817,10.8998079969817,10.8998079969817
384,"CIV","Cote d'Ivoire",NA,NA,NA,NA,NA,NA,NA,NA,NA,NA,NA,NA,NA,NA,NA,NA,NA,NA,NA,NA,NA,NA,NA,NA,NA,NA
191,"HRV","Croatia",6.1257738451167,6.58068446775169,7.11660694962299,7.2492443491374,8.04918322788515,8.48883229167181,7.43193703584569,9.3781031844191,8.68153731412893,8.34991213947926,7.93668427893367,7.11796945645129,7.37120806078745,7.4184463940533,8.28498267444027,8.67774355981975,10.1248881315992,9.81938536356787,10.0897854625079,10.0671682221731,10.0671682221731,10.0671682221731,10.0671682221731,10.0671682221731,10.0671682221731,10.0671682221731
192,"CUB","Cuba",NA,NA,NA,NA,NA,NA,NA,NA,NA,NA,NA,NA,NA,NA,NA,NA,NA,NA,NA,NA,NA,NA,NA,NA,NA,NA
531,"CUW","Curacao",NA,NA,NA,NA,NA,NA,NA,NA,NA,NA,NA,NA,NA,NA,NA,NA,NA,NA,NA,NA,NA,NA,NA,NA,NA,NA
196,"CYP","Cyprus",NA,NA,NA,NA,NA,NA,NA,NA,NA,NA,NA,NA,NA,NA,NA,NA,NA,NA,NA,NA,NA,NA,NA,NA,NA,NA
203,"CZE","Czech Republic",NA,NA,NA,NA,NA,NA,NA,NA,NA,NA,NA,NA,NA,NA,NA,NA,NA,NA,NA,NA,NA,NA,NA,NA,NA,NA
180,"COD","Dem. Rep. Congo",NA,NA,NA,NA,NA,NA,NA,NA,NA,NA,NA,NA,NA,NA,NA,NA,NA,NA,NA,NA,NA,NA,NA,NA,NA,NA
208,"DNK","Denmark",2.725724095262,2.93204255600982,2.50178012508171,3.04477926348011,3.12713246371111,3.00064272626294,2.9146815788302,2.61938307042243,3.37879167662541,3.38115458563293,3.4448403864871,3.40990040566825,3.54442949230739,2.97883030717544,2.75097119996654,2.25101797265476,2.40922916782287,2.78594685282182,2.70451357626146,2.7548951680767,2.7548951680767,2.7548951680767,2.7548951680767,2.7548951680767,2.7548951680767,2.7548951680767
262,"DJI","Djibouti",NA,NA,NA,NA,NA,NA,NA,NA,NA,NA,NA,NA,NA,NA,NA,NA,NA,NA,NA,NA,NA,NA,NA,NA,NA,NA
212,"DMA","Dominica",NA,NA,NA,NA,NA,NA,NA,NA,NA,NA,NA,NA,NA,NA,NA,NA,NA,NA,NA,NA,NA,NA,NA,NA,NA,NA
214,"DOM","Dominican Republic",NA,NA,NA,NA,NA,NA,NA,NA,NA,NA,NA,NA,NA,NA,NA,NA,NA,NA,NA,NA,NA,NA,NA,NA,NA,NA
218,"ECU","Ecuador",NA,NA,NA,NA,NA,NA,NA,NA,NA,NA,NA,NA,NA,NA,NA,NA,NA,NA,NA,NA,NA,NA,NA,NA,NA,NA
818,"EGY","Egypt",NA,NA,NA,NA,NA,NA,NA,NA,NA,NA,NA,NA,NA,NA,NA,NA,NA,NA,NA,NA,NA,NA,NA,NA,NA,NA
222,"SLV","El Salvador",NA,NA,NA,NA,NA,NA,NA,NA,NA,NA,NA,NA,NA,NA,NA,NA,NA,NA,NA,NA,NA,NA,NA,NA,NA,NA
226,"GNQ","Equatorial Guinea",2.21739842686529,2.86585031465771,1.66695218147051,1.94570037624855,2.15812301576071,1.60768660329893,1.68445562836708,9.21353264597063,9.55712515962632,8.9740828670618,5.2513909600839,5.87742082608059,4.46455731240536,5.81892371165056,5.08150115936019,5.16991091400313,4.57884715719172,5.5276841605039,5.5090342904077,4.28646597690793,4.28646597690793,4.28646597690793,4.28646597690793,4.28646597690793,4.28646597690793,4.28646597690793
232,"ERI","Eritrea",NA,NA,NA,NA,NA,NA,NA,NA,NA,NA,NA,NA,NA,NA,NA,NA,NA,NA,NA,NA,NA,NA,NA,NA,NA,NA
233,"EST","Estonia",2.07766241291922,2.02350172533997,2.15060389273285,1.94642729379923,1.79541253322498,2.03283306791198,2.09981611708503,2.47267421239184,2.67088081310487,2.6283840380258,2.50783900225979,2.5948272758779,2.49792266437025,1.71980393171029,1.82576364405612,1.94541235623781,2.2527058874752,2.89840814297254,3.09979476961487,2.87959839242947,2.87959839242947,2.87959839242947,2.87959839242947,2.87959839242947,2.87959839242947,2.87959839242947
748,"SWZ","Eswatini",NA,NA,NA,NA,NA,NA,NA,NA,NA,NA,NA,NA,NA,NA,NA,NA,NA,NA,NA,NA,NA,NA,NA,NA,NA,NA
231,"ETH","Ethiopia",NA,NA,NA,NA,NA,NA,NA,NA,NA,NA,NA,NA,NA,NA,NA,NA,NA,NA,NA,NA,NA,NA,NA,NA,NA,NA
234,"FRO","Faeroe Islands",8.30782781467097,5.50947573132147,6.41802452758513,5.7215609817361,4.14800584109275,3.26808034468273,2.30945591274322,3.51331367911322,2.42669042038405,3.37464718253031,3.02851126622357,3.21005910008422,4.10428023296421,3.39000713548529,3.41151453704518,3.09635194556191,2.89154150061398,3.35981787254147,2.38524198978945,2.12274410543992,2.12274410543992,2.12274410543992,2.12274410543992,2.12274410543992,2.12274410543992,2.12274410543992
238,"FLK","Falkland Islands",NA,NA,NA,NA,NA,NA,NA,NA,NA,NA,NA,NA,NA,NA,NA,NA,NA,NA,NA,NA,NA,NA,NA,NA,NA,NA
242,"FJI","Fiji",100,100,100,100,100,100,100,100,100,100,100,100,100,100,100,87.0928243309523,100,100,100,69.913355027973,69.913355027973,69.913355027973,69.913355027973,69.913355027973,69.913355027973,69.913355027973
246,"FIN","Finland",2.92884846332866,3.71527142062288,3.85598942822577,3.55218244798672,3.08088857141345,3.22730000591696,3.38522752829969,3.30081640407575,3.2100891194372,2.94689141982781,2.97453349736089,3.14420376524058,2.85547296427205,2.80684660272885,2.93545467510425,2.99079184446309,2.44363074158422,2.31464214235557,2.15072040528642,2.12831894973728,2.12831894973728,2.12831894973728,2.12831894973728,2.12831894973728,2.12831894973728,2.12831894973728
250,"FRA","France",7.26884254091107,6.98138303840039,7.60543174928554,6.92327412065831,6.47829584719854,6.55073750707757,6.65631430836284,6.642778841718,7.26911782076523,6.87705616293707,7.19700101447525,8.01699736910142,8.45720626405452,8.5099174813991,8.78903066270895,8.77454258621033,8.45398955202171,8.61742659910996,8.12279800021464,9.41998875658234,9.41998875658234,9.41998875658234,9.41998875658234,9.41998875658234,9.41998875658234,9.41998875658234
258,"PYF","French Polynesia",NA,NA,NA,NA,NA,NA,NA,NA,NA,NA,NA,NA,NA,NA,NA,NA,NA,NA,NA,NA,NA,NA,NA,NA,NA,NA
266,"GAB","Gabon",NA,NA,NA,NA,NA,NA,NA,NA,NA,NA,NA,NA,NA,NA,NA,NA,NA,NA,NA,NA,NA,NA,NA,NA,NA,NA
270,"GMB","Gambia",2.36796850568049,3.32483864079921,4.34283697439757,5.63177927209,6.23046132119985,5.0287900184484,3.52882309018365,3.84306397073689,3.21265893192063,3.15917933371504,3.89176109433581,5.32432626987571,5.89260711108939,5.17906656120765,6.41849057312679,5.91489637949597,15.8189584871382,14.5351856211358,17.5686069427208,14.1838410987704,14.1838410987704,14.1838410987704,14.1838410987704,14.1838410987704,14.1838410987704,14.1838410987704
268,"GEO","Georgia",14.2870576969155,3.1754521500056,2.91332037273298,2.49729925400737,1.80890731117607,1.63091963842814,1.19801681908356,1.11773544704901,1.45384409862996,2.16651912837047,2.18049002266939,2.39226447349847,2.98340693779917,3.50496498332696,2.85280299104546,4.31097404797154,3.62577073478542,2.04132895681595,4.5243153271271,3.21044064945841,3.21044064945841,3.21044064945841,3.21044064945841,3.21044064945841,3.21044064945841,3.21044064945841
276,"DEU","Germany",0.840367738298269,0.819604900004734,0.616516143120947,0.710608835894504,0.697538241741796,0.697432050635285,0.681912050839387,0.52314649403381,0.678070418510202,0.734093559018206,0.830736653846103,0.864386714150839,1.33615595210206,1.0094230425654,0.773162495348714,0.562568254536075,0.775524138664466,1.07578122321468,1.0685876457118,0.911184254515959,0.911184254515959,0.911184254515959,0.911184254515959,0.911184254515959,0.911184254515959,0.911184254515959
288,"GHA","Ghana",NA,NA,NA,NA,NA,NA,NA,NA,NA,NA,NA,NA,NA,NA,NA,NA,NA,NA,NA,NA,NA,NA,NA,NA,NA,NA
300,"GRC","Greece",9.83340737896829,9.50599721136913,8.93462886844665,10.6699450214726,11.7093562956067,10.702115963492,11.0613735049885,10.9535949913247,12.0602209702742,11.3192615893312,11.027409988975,10.7191958605168,10.0576797631357,11.5287450637649,11.6842501832451,12.4275299630176,11.0046916477614,11.4988408711872,11.8026019144042,12.7202951693669,12.7202951693669,12.7202951693669,12.7202951693669,12.7202951693669,12.7202951693669,12.7202951693669
304,"GRL","Greenland",1.8034226261785,3.87586805202777,5.1640149282926,5.18905875327894,2.57160400783141,3.58866420804264,3.37531451713295,2.52181823305548,2.7748250920432,2.21769729439166,1.72575436223694,1.93386443671906,2.25675006582966,1.99999707757722,2.30884333001225,2.25422876048377,2.27875452258644,1.86395940518381,2.55914090534267,2.60467975109228,2.60467975109228,2.60467975109228,2.60467975109228,2.60467975109228,2.60467975109228,2.60467975109228
308,"GRD","Grenada",NA,NA,NA,NA,NA,NA,NA,NA,NA,NA,NA,NA,NA,NA,NA,NA,NA,NA,NA,NA,NA,NA,NA,NA,NA,NA
320,"GTM","Guatemala",NA,NA,NA,NA,NA,NA,NA,NA,NA,NA,NA,NA,NA,NA,NA,NA,NA,NA,NA,NA,NA,NA,NA,NA,NA,NA
831,"GGY","Guernsey",NA,NA,NA,NA,NA,NA,NA,NA,NA,NA,NA,NA,NA,NA,NA,NA,NA,NA,NA,NA,NA,NA,NA,NA,NA,NA
324,"GIN","Guinea",1.47350776636064,1.61397808355868,1.25684925783534,1.19560275161712,1.06092001188529,0.805084722183253,1.05543788850758,0.971766968857636,1.3102164939003,1.29879519014382,1.52240252544836,1.5746640177025,1.6908992589412,1.76712695512548,1.882101283225,1.79056535833605,1.87086712294108,1.87896817065217,1.66475835899458,1.70869926907024,1.70869926907024,1.70869926907024,1.70869926907024,1.70869926907024,1.70869926907024,1.70869926907024
624,"GNB","Guinea-Bissau",NA,NA,NA,NA,NA,NA,NA,NA,NA,NA,NA,NA,NA,NA,NA,NA,NA,NA,NA,NA,NA,NA,NA,NA,NA,NA
328,"GUY","Guyana",NA,NA,NA,NA,NA,NA,NA,NA,NA,NA,NA,NA,NA,NA,NA,NA,NA,NA,NA,NA,NA,NA,NA,NA,NA,NA
332,"HTI","Haiti",NA,NA,NA,NA,NA,NA,NA,NA,NA,NA,NA,NA,NA,NA,NA,NA,NA,NA,NA,NA,NA,NA,NA,NA,NA,NA
336,"VAT","Holy See",NA,NA,NA,NA,NA,NA,NA,NA,NA,NA,NA,NA,NA,NA,NA,NA,NA,NA,NA,NA,NA,NA,NA,NA,NA,NA
340,"HND","Honduras",NA,NA,NA,NA,NA,NA,NA,NA,NA,NA,NA,NA,NA,NA,NA,NA,NA,NA,NA,NA,NA,NA,NA,NA,NA,NA
344,"HKG","Hong Kong",4.10601425151393,2.3433793433101,3.241711621647,100,100,100,100,100,100,100,100,100,100,100,100,100,100,100,100,100,100,100,100,100,100,100
348,"HUN","Hungary",NA,NA,NA,NA,NA,NA,NA,NA,NA,NA,NA,NA,NA,NA,NA,NA,NA,NA,NA,NA,NA,NA,NA,NA,NA,NA
352,"ISL","Iceland",8.34250388102696,9.19482415885403,10.0338042657896,7.0785450837553,7.23479907521194,5.96727772044999,5.48099280743722,4.91384125416977,2.90646348930402,3.1829394263101,3.60109882286628,3.88184894750799,4.11035776206538,3.00962243923001,2.24651368778349,2.8109629409618,3.36413582656655,3.76600044423607,3.83752527314265,2.36804467662081,2.36804467662081,2.36804467662081,2.36804467662081,2.36804467662081,2.36804467662081,2.36804467662081
356,"IND","India",10.1178016581505,10.7613270877833,10.6848330318519,10.2309967645667,10.5197600111088,10.6458117647507,10.3623774317597,11.2382007533922,11.159695547597,11.6149675807722,11.6091797810298,12.4180419136502,12.184549835429,11.5624344256539,12.5258923319197,13.8814175032138,13.423263902593,13.470095484057,13.1312031177923,13.119500318998,13.119500318998,13.119500318998,13.119500318998,13.119500318998,13.119500318998,13.119500318998
360,"IDN","Indonesia",7.15579630171298,7.40984300467863,7.24943770668602,7.30559679944081,7.26805138395059,7.37068994223728,7.13662620645709,7.23520869248566,7.09801446990021,7.26145172757771,7.34346230290492,7.5189215638614,7.28661143073843,7.34794826839503,7.30699616287136,7.06299780853296,6.93503893005048,6.77304520550567,6.85252938257453,6.70303403273128,6.70303403273128,6.70303403273128,6.70303403273128,6.70303403273128,6.70303403273128,6.70303403273128
364,"IRN","Iran",6.34239741688427,6.33053111859708,7.69821215992346,6.90569304241029,6.96934830837569,6.97786375169993,6.85806209802762,6.50322859082642,6.19883387068332,6.38176499896643,6.47296503549362,6.53653137364492,7.30038953116801,7.49523291536237,7.63477059389648,8.27660894085847,8.87149387052469,9.12689180443004,9.33152478669133,9.58989169027419,9.58989169027419,9.58989169027419,9.58989169027419,9.58989169027419,9.58989169027419,9.58989169027419
368,"IRQ","Iraq",NA,NA,NA,NA,NA,NA,NA,NA,NA,NA,NA,NA,NA,NA,NA,NA,NA,NA,NA,NA,NA,NA,NA,NA,NA,NA
372,"IRL","Ireland",1.67417030168292,1.25917422717103,1.56383022848237,1.25909944959022,1.50668418153893,1.38567771133768,1.26816015956044,1.10531305607317,0.759393414885778,0.783542676252864,0.296527922878994,0.253320128904264,0.78710479883739,0.690386439087661,1.04305098229126,0.953356257099955,1.59783293364264,1.44970635155495,1.35021063231615,1.03909354744253,1.03909354744253,1.03909354744253,1.03909354744253,1.03909354744253,1.03909354744253,1.03909354744253
833,"IMN","Isle of Man",NA,NA,NA,NA,NA,NA,NA,NA,NA,NA,NA,NA,NA,NA,NA,NA,NA,NA,NA,NA,NA,NA,NA,NA,NA,NA
376,"ISR","Israel",NA,NA,NA,NA,NA,NA,NA,NA,NA,NA,NA,NA,NA,NA,NA,NA,NA,NA,NA,NA,NA,NA,NA,NA,NA,NA
380,"ITA","Italy",3.59533266553828,3.64866229822229,3.63452514564553,3.61007667370333,3.81525569600325,3.54936809867976,3.47287677226602,3.64439731142842,3.53195438191247,3.4529606905475,3.3927607696762,3.41442612024223,3.44851380376055,3.39592530121475,3.71864985318491,3.55591909855822,4.59644134109659,4.71913065506369,4.72062851152532,4.72294158333357,4.72294158333357,4.72294158333357,4.72294158333357,4.72294158333357,4.72294158333357,4.72294158333357
388,"JAM","Jamaica",NA,NA,NA,NA,NA,NA,NA,NA,NA,NA,NA,NA,NA,NA,NA,NA,NA,NA,NA,NA,NA,NA,NA,NA,NA,NA
392,"JPN","Japan",7.97315797879459,8.01162503483954,8.769174036442,8.20401690668317,8.20176873273758,8.64846310748975,8.57433839041477,8.40419005688686,8.70251676149151,8.62765005529042,9.09446173057599,9.14326583251683,8.7047466620954,8.6365722141836,8.91044447062019,8.46278553780071,8.53327255949912,8.42384146600349,8.45759064728392,6.99460047759659,6.99460047759659,6.99460047759659,6.99460047759659,6.99460047759659,6.99460047759659,6.99460047759659
832,"JEY","Jersey",NA,NA,NA,NA,NA,NA,NA,NA,NA,NA,NA,NA,NA,NA,NA,NA,NA,NA,NA,NA,NA,NA,NA,NA,NA,NA
400,"JOR","Jordan",NA,NA,NA,NA,NA,NA,NA,NA,NA,NA,NA,NA,NA,NA,NA,NA,NA,NA,NA,NA,NA,NA,NA,NA,NA,NA
398,"KAZ","Kazakhstan",NA,NA,NA,NA,NA,NA,NA,NA,NA,NA,NA,NA,NA,NA,NA,NA,NA,NA,NA,NA,NA,NA,NA,NA,NA,NA
404,"KEN","Kenya",NA,NA,NA,NA,NA,NA,NA,NA,NA,NA,NA,NA,NA,NA,NA,NA,NA,NA,NA,NA,NA,NA,NA,NA,NA,NA
296,"KIR","Kiribati",100,100,100,100,100,100,100,100,100,100,100,100,100,100,100,95.722969389221,100,100,100,87.4023280804084,87.4023280804084,87.4023280804084,87.4023280804084,87.4023280804084,87.4023280804084,87.4023280804084
689,"XKX","Kosovo",NA,NA,NA,NA,NA,NA,NA,NA,NA,NA,NA,NA,NA,NA,NA,NA,NA,NA,NA,NA,NA,NA,NA,NA,NA,NA
414,"KWT","Kuwait",NA,NA,NA,NA,NA,NA,NA,NA,NA,NA,NA,NA,NA,NA,NA,NA,NA,NA,NA,NA,NA,NA,NA,NA,NA,NA
417,"KGZ","Kyrgyzstan",NA,NA,NA,NA,NA,NA,NA,NA,NA,NA,NA,NA,NA,NA,NA,NA,NA,NA,NA,NA,NA,NA,NA,NA,NA,NA
418,"LAO","Laos",NA,NA,NA,NA,NA,NA,NA,NA,NA,NA,NA,NA,NA,NA,NA,NA,NA,NA,NA,NA,NA,NA,NA,NA,NA,NA
428,"LVA","Latvia",2.62191344866145,2.18406718074888,2.21090741410237,2.32024170209296,2.40437710633812,2.59246115885723,2.7196826009157,2.86231823872936,3.180448464297,2.92261110071691,2.23628985874137,2.26321943252425,2.15848790496527,1.85481362154701,2.23372517002079,2.23006565699747,3.48141193578988,3.47810733392085,4.39330646652439,3.53851968737321,3.53851968737321,3.53851968737321,3.53851968737321,3.53851968737321,3.53851968737321,3.53851968737321
422,"LBN","Lebanon",NA,NA,NA,NA,NA,NA,NA,NA,NA,NA,NA,NA,NA,NA,NA,NA,NA,NA,NA,NA,NA,NA,NA,NA,NA,NA
426,"LSO","Lesotho",NA,NA,NA,NA,NA,NA,NA,NA,NA,NA,NA,NA,NA,NA,NA,NA,NA,NA,NA,NA,NA,NA,NA,NA,NA,NA
430,"LBR","Liberia",1.40113057188486,1.48335945450735,1.33731201929361,1.57518708140084,1.96789019706205,1.66026675985637,1.37088919866885,1.32674475297959,1.7098006477104,1.50948608393675,2.01261050387816,2.11217245931326,2.42344064106608,2.61522106429288,2.75161619424625,3.20546930433197,2.70677854183229,2.81985620364438,2.67020007058744,3.09933632820524,3.09933632820524,3.09933632820524,3.09933632820524,3.09933632820524,3.09933632820524,3.09933632820524
434,"LBY","Libya",NA,NA,NA,NA,NA,NA,NA,NA,NA,NA,NA,NA,NA,NA,NA,NA,NA,NA,NA,NA,NA,NA,NA,NA,NA,NA
438,"LIE","Liechtenstein",NA,NA,NA,NA,NA,NA,NA,NA,NA,NA,NA,NA,NA,NA,NA,NA,NA,NA,NA,NA,NA,NA,NA,NA,NA,NA
440,"LTU","Lithuania",4.67890788169234,3.47560633045329,4.08421443045009,4.17833085013453,5.1463620473958,4.80453235083938,5.18710056567015,5.09489061567139,5.44633563599868,6.64839160462246,4.79875531790755,3.65124924266463,2.75219364397974,3.18521338576475,3.74341867496597,4.30777354720172,8.76777737999447,10.9930583936192,12.1172602832291,9.19971574690872,9.19971574690872,9.19971574690872,9.19971574690872,9.19971574690872,9.19971574690872,9.19971574690872
442,"LUX","Luxembourg",NA,NA,NA,NA,NA,NA,NA,NA,NA,NA,NA,NA,NA,NA,NA,NA,NA,NA,NA,NA,NA,NA,NA,NA,NA,NA
446,"MAC","Macao",NA,NA,NA,NA,NA,NA,NA,NA,NA,NA,NA,NA,NA,NA,NA,NA,NA,NA,NA,NA,NA,NA,NA,NA,NA,NA
450,"MDG","Madagascar",NA,NA,NA,NA,NA,NA,NA,NA,NA,NA,NA,NA,NA,NA,NA,NA,NA,NA,NA,NA,NA,NA,NA,NA,NA,NA
454,"MWI","Malawi",NA,NA,NA,NA,NA,NA,NA,NA,NA,NA,NA,NA,NA,NA,NA,NA,NA,NA,NA,NA,NA,NA,NA,NA,NA,NA
458,"MYS","Malaysia",6.47334765237338,6.80459992827912,6.92660220158908,6.50101506237868,6.58443399735795,6.33376055214788,6.30283323135065,6.02410752704267,5.96085941416356,5.89028888575385,6.47215972355058,6.56338289923382,6.15642582758279,6.13537404347217,5.81319417260929,5.73652575760347,5.7383732883867,5.55246834114671,5.54760171874204,5.69166137766959,5.69166137766959,5.69166137766959,5.69166137766959,5.69166137766959,5.69166137766959,5.69166137766959
462,"MDV","Maldives",100,100,100,100,100,100,100,100,100,100,65.1977246057498,100,100,100,100,100,100,100,100,100,100,100,100,100,100,100
466,"MLI","Mali",NA,NA,NA,NA,NA,NA,NA,NA,NA,NA,NA,NA,NA,NA,NA,NA,NA,NA,NA,NA,NA,NA,NA,NA,NA,NA
470,"MLT","Malta",NA,NA,NA,NA,NA,NA,NA,NA,NA,NA,NA,NA,NA,NA,NA,NA,NA,NA,NA,NA,NA,NA,NA,NA,NA,NA
584,"MHL","Marshall Islands",100,100,100,100,100,100,100,100,100,100,100,100,100,100,100,84.5820634373916,100,100,100,74.5186602426742,74.5186602426742,74.5186602426742,74.5186602426742,74.5186602426742,74.5186602426742,74.5186602426742
478,"MRT","Mauritania",0.0170512575043347,0,0.047704151333761,0.139632089972451,0.175279839568546,0.109452436673877,0.0993297841436345,0.11216288920734,0.20491012778929,0.160156279191256,0.266933028239507,0.629980741170442,0.480587578654237,0.518023880514974,0.682829092037124,0.904580435739305,2.17532444753147,3.40276577868312,6.58260528901167,3.85498646566815,3.85498646566815,3.85498646566815,3.85498646566815,3.85498646566815,3.85498646566815,3.85498646566815
480,"MUS","Mauritius",NA,NA,NA,NA,NA,NA,NA,NA,NA,NA,NA,NA,NA,NA,NA,NA,NA,NA,NA,NA,NA,NA,NA,NA,NA,NA
484,"MEX","Mexico",NA,NA,NA,NA,NA,NA,NA,NA,NA,NA,NA,NA,NA,NA,NA,NA,NA,NA,NA,NA,NA,NA,NA,NA,NA,NA
583,"FSM","Micronesia",100,100,100,100,100,100,100,100,100,100,100,100,100,100,100,89.9753633917103,100,100,100,70.7716124299138,70.7716124299138,70.7716124299138,70.7716124299138,70.7716124299138,70.7716124299138,70.7716124299138
498,"MDA","Moldova",NA,NA,NA,NA,NA,NA,NA,NA,NA,NA,NA,NA,NA,NA,NA,NA,NA,NA,NA,NA,NA,NA,NA,NA,NA,NA
492,"MCO","Monaco",NA,NA,NA,NA,NA,NA,NA,NA,NA,NA,NA,NA,NA,NA,NA,NA,NA,NA,NA,NA,NA,NA,NA,NA,NA,NA
496,"MNG","Mongolia",NA,NA,NA,NA,NA,NA,NA,NA,NA,NA,NA,NA,NA,NA,NA,NA,NA,NA,NA,NA,NA,NA,NA,NA,NA,NA
499,"MNE","Montenegro",3.68373825863934,4.0335137984884,4.51470569610146,4.28156753732149,4.92229999789008,5.23329948385457,5.13109077584301,5.98219617116038,5.35386225590058,5.33095919876276,5.85930209433539,4.55932697950811,5.1176751083413,4.32718466544524,4.64144628345197,4.42668934827083,4.63768155437855,4.21898043649037,4.99562743586299,3.65872569893696,3.65872569893696,3.65872569893696,3.65872569893696,3.65872569893696,3.65872569893696,3.65872569893696
504,"MAR","Morocco",2.19673692217417,2.14582667984052,2.23995097903878,2.25503713526186,1.92840099611391,1.78918394213009,1.89656339550928,1.79704187811164,1.78832026878129,2.06641203421445,2.13741139938986,2.03658738724806,2.14506551168735,1.90180441961213,1.87861398170445,1.69977010122194,1.91270299145145,1.89758149484956,2.14744168287881,1.92313618834237,1.92313618834237,1.92313618834237,1.92313618834237,1.92313618834237,1.92313618834237,1.92313618834237
508,"MOZ","Mozambique",NA,NA,NA,NA,NA,NA,NA,NA,NA,NA,NA,NA,NA,NA,NA,NA,NA,NA,NA,NA,NA,NA,NA,NA,NA,NA
104,"MMR","Myanmar",8.87555079440826,8.74211486768316,8.49239249355232,7.97041797551744,7.90792798840103,7.51361071599597,7.11344672368095,6.78453332930418,6.60889892527356,6.21562417434222,6.37514039282306,6.17478780857927,5.8356852856232,5.51017467860099,5.50187372372274,5.41857936444708,5.50856397417742,5.54704159258273,5.72117059200068,5.67996021893603,5.67996021893603,5.67996021893603,5.67996021893603,5.67996021893603,5.67996021893603,5.67996021893603
516,"NAM","Namibia",0.77804874381637,0.0333340136072451,0.304959352181498,0.780983483737344,0.359389131460873,0.152400892089261,0.130891247536582,0.485548142473647,0.175483553583149,0.333179941055377,0.298419111666817,0.279118476151012,0.825319758221696,0.309045241873633,0.0978568310687109,0,0.174127030000875,0,0,0,0,0,0,0,0,0
520,"NRU","Nauru",100,100,100,100,100,100,100,100,100,100,100,100,100,100,100,100,100,100,100,83.8364591448198,83.8364591448198,83.8364591448198,83.8364591448198,83.8364591448198,83.8364591448198,83.8364591448198
524,"NPL","Nepal",NA,NA,NA,NA,NA,NA,NA,NA,NA,NA,NA,NA,NA,NA,NA,NA,NA,NA,NA,NA,NA,NA,NA,NA,NA,NA
528,"NLD","Netherlands",0.208294336725345,0.208546656978172,0.128945995640834,0.374795755621847,0.18726610489712,0.235103653415479,0.272657738160532,0.107659199286587,0.204092762010433,0.400392216129362,0.218079038567922,0.509906691357202,0.561046725601514,0.490352634778318,0.371511239069449,0.26048623312991,0.642996120138932,0.506480082946752,0.700290094943512,0.696003012998531,0.696003012998531,0.696003012998531,0.696003012998531,0.696003012998531,0.696003012998531,0.696003012998531
540,"NCL","New Caledonia",NA,NA,NA,NA,NA,NA,NA,NA,NA,NA,NA,NA,NA,NA,NA,NA,NA,NA,NA,NA,NA,NA,NA,NA,NA,NA
554,"NZL","New Zealand",1.32832589941511,1.36341604363753,1.41262685850171,1.52352224799377,1.62696667440204,1.72729781477857,1.75856112784851,1.93961907269799,2.10279442276078,2.29536188870438,2.4433608371277,2.28620896472931,2.5677785922195,2.75935368131317,3.04914014734334,3.15977359157222,3.18620706745399,3.38419202925559,3.14106124926001,3.04902803705563,3.04902803705563,3.04902803705563,3.04902803705563,3.04902803705563,3.04902803705563,3.04902803705563
558,"NIC","Nicaragua",NA,NA,NA,NA,NA,NA,NA,NA,NA,NA,NA,NA,NA,NA,NA,NA,NA,NA,NA,NA,NA,NA,NA,NA,NA,NA
562,"NER","Niger",NA,NA,NA,NA,NA,NA,NA,NA,NA,NA,NA,NA,NA,NA,NA,NA,NA,NA,NA,NA,NA,NA,NA,NA,NA,NA
566,"NGA","Nigeria",NA,NA,NA,NA,NA,NA,NA,NA,NA,NA,NA,NA,NA,NA,NA,NA,NA,NA,NA,NA,NA,NA,NA,NA,NA,NA
570,"NIU","Niue",NA,NA,NA,NA,NA,NA,NA,NA,NA,NA,NA,NA,NA,NA,NA,NA,NA,NA,NA,NA,NA,NA,NA,NA,NA,NA
408,"PRK","North Korea",7.8471153390891,8.91993525469952,9.02940176062749,9.04285061449642,8.94073352475739,9.12302947531819,9.06225171448523,9.09758852687384,9.15466897592277,9.16576647033853,9.14727448508154,9.08582424195356,9.11427965209838,9.13533953299782,9.31377209923774,9.30469720464357,9.08311154061948,9.53654237515788,9.53450218537704,9.52752294176061,9.52752294176061,9.52752294176061,9.52752294176061,9.52752294176061,9.52752294176061,9.52752294176061
807,"MKD","North Macedonia",NA,NA,NA,NA,NA,NA,NA,NA,NA,NA,NA,NA,NA,NA,NA,NA,NA,NA,NA,NA,NA,NA,NA,NA,NA,NA
578,"NOR","Norway",5.88225978279318,6.5725905846531,6.68804989821172,6.73931467384337,7.73573861104138,8.25966624526879,7.23683672411742,6.79889620325947,6.90692682310406,6.08489833859075,7.26163745493277,7.33917308325523,7.48301610463221,8.35105053102821,8.62141235528726,8.35573482415067,8.62624072794038,8.6705850284865,7.89330571906086,7.34996532535666,7.34996532535666,7.34996532535666,7.34996532535666,7.34996532535666,7.34996532535666,7.34996532535666
512,"OMN","Oman",NA,NA,NA,NA,NA,NA,NA,NA,NA,NA,NA,NA,NA,NA,NA,NA,NA,NA,NA,NA,NA,NA,NA,NA,NA,NA
586,"PAK","Pakistan",NA,NA,NA,NA,NA,NA,NA,NA,NA,NA,NA,NA,NA,NA,NA,NA,NA,NA,NA,NA,NA,NA,NA,NA,NA,NA
585,"PLW","Palau",100,100,100,100,100,100,100,100,100,100,100,100,100,100,100,93.255714080514,100,100,100,80.8871194169,80.8871194169,80.8871194169,80.8871194169,80.8871194169,80.8871194169,80.8871194169
591,"PAN","Panama",NA,NA,NA,NA,NA,NA,NA,NA,NA,NA,NA,NA,NA,NA,NA,NA,NA,NA,NA,NA,NA,NA,NA,NA,NA,NA
598,"PNG","Papua New Guinea",33.3150631263809,30.5917875783393,30.4617348315487,26.0858324191694,25.4587367482756,27.9007841706679,26.2692889109805,28.9324231357227,32.8461653846862,30.2050246494247,30.1305115397027,34.9124687905429,35.3070238177177,37.9300141419075,38.447690322339,35.710565782153,39.4633517642803,37.9170232038569,35.3282957636532,33.2802737418324,33.2802737418324,33.2802737418324,33.2802737418324,33.2802737418324,33.2802737418324,33.2802737418324
600,"PRY","Paraguay",NA,NA,NA,NA,NA,NA,NA,NA,NA,NA,NA,NA,NA,NA,NA,NA,NA,NA,NA,NA,NA,NA,NA,NA,NA,NA
604,"PER","Peru",22.9468143923746,22.7026426767271,22.5857019203044,18.8523491824344,19.3965173915773,26.4763540769427,24.2529269128672,29.6210944209616,31.1572204057154,31.2410729368655,31.0498204565722,28.6393218829242,28.6149383588904,28.6389847858951,26.3512306435741,25.4676297856943,30.7838831517316,25.3764019234964,28.2076295563399,23.6418425960772,23.6418425960772,23.6418425960772,23.6418425960772,23.6418425960772,23.6418425960772,23.6418425960772
608,"PHL","Philippines",11.6486464607847,6.92529117458523,8.05651673409446,9.92711361334516,9.91268060005044,10.0064871478116,13.663412283625,12.3438026356015,12.137227369975,12.6400960375478,12.8443737195677,12.9773726697233,12.8777226320259,12.8767985485014,12.8776040419413,12.8138079737214,18.0609185667792,18.417562049956,18.5955950156152,19.1013021494409,19.1013021494409,19.1013021494409,19.1013021494409,19.1013021494409,19.1013021494409,19.1013021494409
616,"POL","Poland",2.87729089951081,3.05094964655106,2.47288176502565,2.50508908472423,3.1262428151131,2.72184611552541,3.00312088009073,2.49706427140616,2.65729613548361,2.78488544425402,2.91595794859681,3.01679571139988,2.51376316037909,2.6495215823104,2.88400829413452,3.14840937992415,3.65449843572712,3.91705959812067,3.51923204118961,3.37479444234117,3.37479444234117,3.37479444234117,3.37479444234117,3.37479444234117,3.37479444234117,3.37479444234117
620,"PRT","Portugal",10.8940161050751,10.0916305898781,9.32160973387691,10.0279970433965,11.1440483013687,9.91887513817541,9.58254197621318,9.36342182437575,9.4587520396891,8.91349149822575,8.65709604788579,9.26439209391737,10.9477935469654,10.3701826909315,10.4775353842912,100,100,22.0009084684022,59.741202590678,55.2464602656113,55.2464602656113,55.2464602656113,55.2464602656113,55.2464602656113,55.2464602656113,55.2464602656113
634,"QAT","Qatar",NA,NA,NA,NA,NA,NA,NA,NA,NA,NA,NA,NA,NA,NA,NA,NA,NA,NA,NA,NA,NA,NA,NA,NA,NA,NA
178,"COG","Republic of Congo",NA,NA,NA,NA,NA,NA,NA,NA,NA,NA,NA,NA,NA,NA,NA,NA,NA,NA,NA,NA,NA,NA,NA,NA,NA,NA
642,"ROU","Romania",2.81196924165945,1.97968531692798,0.564980393980875,1.30835490802679,1.88068291544204,2.23065406975321,1.82153157348496,2.71889972845901,2.95556833009108,2.65308011661506,2.70805279226789,7.46881724321223,12.0130991904065,100,100,100,5.72763664849833,3.20784291242167,2.22512438742561,1.43230943300748,1.43230943300748,1.43230943300748,1.43230943300748,1.43230943300748,1.43230943300748,1.43230943300748
643,"RUS","Russia",1.40774479616954,1.07308284790585,1.18028205497403,1.37360207686871,1.79249583015347,2.17428225210102,2.21661741536242,2.89280106271268,2.14306735782471,2.44501134458233,2.57756754907713,2.42710274116435,2.39221236586214,2.14631343721086,2.64128813094695,2.21806770137462,2.65139891616921,2.55154328197145,2.63650235181954,2.19562650472504,2.19562650472504,2.19562650472504,2.19562650472504,2.19562650472504,2.19562650472504,2.19562650472504
646,"RWA","Rwanda",NA,NA,NA,NA,NA,NA,NA,NA,NA,NA,NA,NA,NA,NA,NA,NA,NA,NA,NA,NA,NA,NA,NA,NA,NA,NA
652,"BLM","Saint Barthelemy",NA,NA,NA,NA,NA,NA,NA,NA,NA,NA,NA,NA,NA,NA,NA,NA,NA,NA,NA,NA,NA,NA,NA,NA,NA,NA
659,"KNA","Saint Kitts and Nevis",NA,NA,NA,NA,NA,NA,NA,NA,NA,NA,NA,NA,NA,NA,NA,NA,NA,NA,NA,NA,NA,NA,NA,NA,NA,NA
662,"LCA","Saint Lucia",NA,NA,NA,NA,NA,NA,NA,NA,NA,NA,NA,NA,NA,NA,NA,NA,NA,NA,NA,NA,NA,NA,NA,NA,NA,NA
670,"VCT","Saint Vincent and the Grenadines",NA,NA,NA,NA,NA,NA,NA,NA,NA,NA,NA,NA,NA,NA,NA,NA,NA,NA,NA,NA,NA,NA,NA,NA,NA,NA
882,"WSM","Samoa",NA,NA,NA,NA,NA,NA,NA,NA,NA,NA,NA,NA,NA,NA,NA,NA,NA,NA,NA,NA,NA,NA,NA,NA,NA,NA
674,"SMR","San Marino",NA,NA,NA,NA,NA,NA,NA,NA,NA,NA,NA,NA,NA,NA,NA,NA,NA,NA,NA,NA,NA,NA,NA,NA,NA,NA
678,"STP","Sao Tome and Principe",NA,NA,NA,NA,NA,NA,NA,NA,NA,NA,NA,NA,NA,NA,NA,NA,NA,NA,NA,NA,NA,NA,NA,NA,NA,NA
682,"SAU","Saudi Arabia",NA,NA,NA,NA,NA,NA,NA,NA,NA,NA,NA,NA,NA,NA,NA,NA,NA,NA,NA,NA,NA,NA,NA,NA,NA,NA
686,"SEN","Senegal",2.08246610816187,2.72332068851875,2.823232700765,2.82635876881012,2.6478691115087,3.93275170003884,3.86418919012537,3.14107636360316,3.95759197188252,5.36280978218632,3.52459013288686,4.4247528809687,3.85189448740316,5.3515608271163,5.09187136366889,3.0006458205219,4.95586277816071,6.20277844179898,8.07285849872943,7.05549424963891,7.05549424963891,7.05549424963891,7.05549424963891,7.05549424963891,7.05549424963891,7.05549424963891
688,"SRB","Serbia",NA,NA,NA,NA,NA,NA,NA,NA,NA,NA,NA,NA,NA,NA,NA,NA,NA,NA,NA,NA,NA,NA,NA,NA,NA,NA
690,"SYC","Seychelles",NA,NA,NA,NA,NA,NA,NA,NA,NA,NA,NA,NA,NA,NA,NA,NA,NA,NA,NA,NA,NA,NA,NA,NA,NA,NA
694,"SLE","Sierra Leone",NA,NA,NA,NA,NA,NA,NA,NA,NA,NA,NA,NA,NA,NA,NA,NA,NA,NA,NA,NA,NA,NA,NA,NA,NA,NA
702,"SGP","Singapore",30.1938751868101,35.4253756699836,71.7506639917642,66.7334465633219,65.2763984418828,63.4249283095382,27.7907557929308,33.7133328967184,39.3247031719377,58.1173583250149,62.6447514584164,62.2965973950752,62.5778142700314,100,100,100,100,100,100,100,100,100,100,100,100,100
534,"SXM","Sint Maarten",NA,NA,NA,NA,NA,NA,NA,NA,NA,NA,NA,NA,NA,NA,NA,NA,NA,NA,NA,NA,NA,NA,NA,NA,NA,NA
703,"SVK","Slovakia",NA,NA,NA,NA,NA,NA,NA,NA,NA,NA,NA,NA,NA,NA,NA,NA,NA,NA,NA,NA,NA,NA,NA,NA,NA,NA
705,"SVN","Slovenia",NA,NA,NA,NA,NA,NA,NA,NA,NA,NA,NA,NA,NA,NA,NA,NA,NA,NA,NA,NA,NA,NA,NA,NA,NA,NA
90,"SLB","Solomon Islands",100,100,100,100,100,100,100,100,100,100,100,100,100,100,100,92.4797684167871,100,100,100,73.2621377305479,73.2621377305479,73.2621377305479,73.2621377305479,73.2621377305479,73.2621377305479,73.2621377305479
706,"SOM","Somalia",NA,NA,NA,NA,NA,NA,NA,NA,NA,NA,NA,NA,NA,NA,NA,NA,NA,NA,NA,NA,NA,NA,NA,NA,NA,NA
710,"ZAF","South Africa",8.36113155641381,5.37394347117231,6.73656267192933,6.18365754938634,7.62115458966306,8.42328554434378,9.08409461609651,8.63797531168623,9.0915286701746,8.89545188399548,8.70805491423614,7.83662924733908,7.90480450983075,7.95636543456777,7.48204028690017,8.41332746308764,6.59028183558502,8.591384458561,6.05387251742518,7.74802295963255,7.74802295963255,7.74802295963255,7.74802295963255,7.74802295963255,7.74802295963255,7.74802295963255
410,"KOR","South Korea",2.63927700298512,2.74938286044798,3.32668952345108,2.86854632761195,2.78866277644998,3.06387666741121,3.07223658838907,3.03048833567131,3.34442862121784,2.79804774602408,2.67111477393007,2.47648583490691,2.81787795875512,2.66053446721246,3.07767172065115,3.07625237254896,2.68849414913024,2.86181110626622,2.85593440580784,1.50744920812062,1.50744920812062,1.50744920812062,1.50744920812062,1.50744920812062,1.50744920812062,1.50744920812062
728,"SSD","South Sudan",NA,NA,NA,NA,NA,NA,NA,NA,NA,NA,NA,NA,NA,NA,NA,NA,NA,NA,NA,NA,NA,NA,NA,NA,NA,NA
724,"ESP","Spain",5.53329026703392,5.98913321635239,5.44098897742302,5.68680143080064,5.59302963304671,6.03732427261552,6.18570623710845,6.09770572841023,5.88221860352907,6.24064537887678,5.73435990753346,4.74715427444495,6.22696396966609,6.35867517426232,6.5919407138274,7.18372984361748,10.5949431911408,10.8297789024329,10.029677395412,9.29981766541449,9.29981766541449,9.29981766541449,9.29981766541449,9.29981766541449,9.29981766541449,9.29981766541449
144,"LKA","Sri Lanka",12.5139896268375,13.8639616542931,13.2363411727933,12.5022617622298,14.9663827812518,12.2815365018423,15.4411644835176,16.025238688567,11.3330695142335,10.1091526239056,16.9493871051898,13.3802318424757,11.9031871636993,10.6270343330591,9.64574408091926,8.66769041192346,10.8465764931435,9.99008031316029,8.78046377662503,6.28893596082527,6.28893596082527,6.28893596082527,6.28893596082527,6.28893596082527,6.28893596082527,6.28893596082527
275,"PSE","State of Palestine",NA,NA,NA,NA,NA,NA,NA,NA,NA,NA,NA,NA,NA,NA,NA,NA,NA,NA,NA,NA,NA,NA,NA,NA,NA,NA
729,"SDN","Sudan",NA,NA,NA,NA,NA,NA,NA,NA,NA,NA,NA,NA,NA,NA,NA,NA,NA,NA,NA,NA,NA,NA,NA,NA,NA,NA
740,"SUR","Suriname",NA,NA,NA,NA,NA,NA,NA,NA,NA,NA,NA,NA,NA,NA,NA,NA,NA,NA,NA,NA,NA,NA,NA,NA,NA,NA
752,"SWE","Sweden",3.09751998895695,3.56092392353385,3.33840285541127,2.79003786346965,3.12704993939006,3.6291711413644,4.02900188405674,3.66236112597777,4.11779954402959,4.07756106410294,3.63598767687142,3.71836641884802,3.66470269763848,3.47990753347693,3.66480602432584,3.55604698148424,4.09794681569267,3.91313275995628,3.65281511263647,3.58851238705667,3.58851238705667,3.58851238705667,3.58851238705667,3.58851238705667,3.58851238705667,3.58851238705667
756,"CHE","Switzerland",NA,NA,NA,NA,NA,NA,NA,NA,NA,NA,NA,NA,NA,NA,NA,NA,NA,NA,NA,NA,NA,NA,NA,NA,NA,NA
760,"SYR","Syria",NA,NA,NA,NA,NA,NA,NA,NA,NA,NA,NA,NA,NA,NA,NA,NA,NA,NA,NA,NA,NA,NA,NA,NA,NA,NA
158,"TWN","Taiwan",4.58516001560866,4.92175621154499,5.30452812438099,5.65349410859297,4.69208420931616,4.70087021288947,5.32800971204468,5.58030936924426,9.01287004535702,6.29263432927851,6.89980200250987,7.6887545207488,7.91512744520951,8.63784430152539,9.59300455010039,9.69836143345881,10.3508465697747,10.3048286364517,10.3749877046904,10.9052759449399,10.9052759449399,10.9052759449399,10.9052759449399,10.9052759449399,10.9052759449399,10.9052759449399
762,"TJK","Tajikistan",NA,NA,NA,NA,NA,NA,NA,NA,NA,NA,NA,NA,NA,NA,NA,NA,NA,NA,NA,NA,NA,NA,NA,NA,NA,NA
834,"TZA","Tanzania",NA,NA,NA,NA,NA,NA,NA,NA,NA,NA,NA,NA,NA,NA,NA,NA,NA,NA,NA,NA,NA,NA,NA,NA,NA,NA
764,"THA","Thailand",5.90475103824873,6.00568176686374,6.03715842887729,6.63434471372605,6.74960043229972,7.05632153398371,5.81768182029252,5.17256855942924,5.51240086122991,5.23792299972604,5.83875354818635,7.16187199069246,5.80680143612442,7.34056401077905,6.46961987419458,5.64601510993096,5.91710947225212,5.64069914029166,5.50174023403187,5.53036032733398,5.53036032733398,5.53036032733398,5.53036032733398,5.53036032733398,5.53036032733398,5.53036032733398
626,"TLS","Timor-Leste",24.6492234268053,26.8155683017398,26.3659952134122,29.7909827852791,27.0339958708963,29.3904158726978,28.6729543062371,100,100,100,14.7115282446437,100,100,100,100,100,100,100,100,100,100,100,100,100,100,100
768,"TGO","Togo",NA,NA,NA,NA,NA,NA,NA,NA,NA,NA,NA,NA,NA,NA,NA,NA,NA,NA,NA,NA,NA,NA,NA,NA,NA,NA
776,"TON","Tonga",100,100,100,100,100,100,100,100,100,100,100,100,100,100,100,100,100,100,100,73.4997217678039,73.4997217678039,73.4997217678039,73.4997217678039,73.4997217678039,73.4997217678039,73.4997217678039
780,"TTO","Trinidad and Tobago",7.81640788102827,8.53105171037673,8.71738302706561,8.37297798755964,7.67410124812469,7.37592684223053,8.41854367072251,8.39134548918773,8.67824814604893,8.45619981996504,9.02749718405768,7.75823928714577,9.25639947985084,9.18626603014572,8.73998363593321,13.4990849163703,9.24084838420347,9.17961430607753,8.98475428713988,6.66558546256415,6.66558546256415,6.66558546256415,6.66558546256415,6.66558546256415,6.66558546256415,6.66558546256415
788,"TUN","Tunisia",NA,NA,NA,NA,NA,NA,NA,NA,NA,NA,NA,NA,NA,NA,NA,NA,NA,NA,NA,NA,NA,NA,NA,NA,NA,NA
792,"TUR","Turkey",5.90828656393052,5.69734436664523,6.03495235812214,5.90479397645569,6.23824253636928,5.41297381707533,5.54354345531489,5.72290141923813,5.58680079868442,5.78469721117243,7.13703675522584,5.80274658761188,5.35253342302327,4.65961446164845,4.79414525080152,5.56552203739659,7.28569120378793,10.2633623098369,9.99808679270255,7.2193142545309,7.2193142545309,7.2193142545309,7.2193142545309,7.2193142545309,7.2193142545309,7.2193142545309
795,"TKM","Turkmenistan",NA,NA,NA,NA,NA,NA,NA,NA,NA,NA,NA,NA,NA,NA,NA,NA,NA,NA,NA,NA,NA,NA,NA,NA,NA,NA
796,"TCA","Turks and Caicos Islands",NA,NA,NA,NA,NA,NA,NA,NA,NA,NA,NA,NA,NA,NA,NA,NA,NA,NA,NA,NA,NA,NA,NA,NA,NA,NA
798,"TUV","Tuvalu",100,100,100,100,100,100,100,100,100,100,100,100,100,100,100,92.8868684773208,100,100,100,77.3141102721686,77.3141102721686,77.3141102721686,77.3141102721686,77.3141102721686,77.3141102721686,77.3141102721686
800,"UGA","Uganda",NA,NA,NA,NA,NA,NA,NA,NA,NA,NA,NA,NA,NA,NA,NA,NA,NA,NA,NA,NA,NA,NA,NA,NA,NA,NA
804,"UKR","Ukraine",4.6879185543998,4.8710899797376,4.88678818303764,3.65384570454769,3.31139333652052,3.20708358707937,1.88539520796448,2.00377161348729,2.59835985732629,2.49127214727903,2.21573399050173,3.20109799983598,3.49213399604548,3.00277973025429,3.09828921806543,2.86353839276475,2.66600609681463,3.37752186744427,3.33011699735191,4.06698949982712,4.06698949982712,4.06698949982712,4.06698949982712,4.06698949982712,4.06698949982712,4.06698949982712
784,"ARE","United Arab Emirates",NA,NA,NA,NA,NA,NA,NA,NA,NA,NA,NA,NA,NA,NA,NA,NA,NA,NA,NA,NA,NA,NA,NA,NA,NA,NA
826,"GBR","United Kingdom",2.91522106318777,3.31949030511953,3.27233478444563,2.90018877056632,3.81662933339807,3.23305430071049,2.82559144697804,2.03932879085366,2.73121047435049,1.73269896544066,2.00633918270918,3.19688677891061,4.21818052360385,3.79656966387898,3.05228846502003,3.52831460723942,3.79911702062853,4.08358232075608,3.80659622366555,3.72855637957851,3.72855637957851,3.72855637957851,3.72855637957851,3.72855637957851,3.72855637957851,3.72855637957851
840,"USA","United States of America",4.31226276035096,4.26871575612456,4.13829690913157,3.9169127181882,4.72363402271991,4.39499669099399,4.34730658131136,4.38830451929253,4.36105916176456,4.1384875181796,4.08281312075555,3.94510651128513,4.53041392732815,4.76395303156349,5.23819580925766,5.17122295051512,4.64283451694415,4.64916448062782,4.54417619895604,3.96755960291803,3.96755960291803,3.96755960291803,3.96755960291803,3.96755960291803,3.96755960291803,3.96755960291803
858,"URY","Uruguay",NA,NA,NA,NA,NA,NA,NA,NA,NA,NA,NA,NA,NA,NA,NA,NA,NA,NA,NA,NA,NA,NA,NA,NA,NA,NA
860,"UZB","Uzbekistan",NA,NA,NA,NA,NA,NA,NA,NA,NA,NA,NA,NA,NA,NA,NA,NA,NA,NA,NA,NA,NA,NA,NA,NA,NA,NA
548,"VUT","Vanuatu",100,100,100,100,100,100,100,100,100,100,100,100,100,100,100,84.4535655293403,100,100,100,66.2088998902414,66.2088998902414,66.2088998902414,66.2088998902414,66.2088998902414,66.2088998902414,66.2088998902414
862,"VEN","Venezuela",13.3843162451431,14.0030844245747,12.4939785198097,13.3614094380055,13.9774063355608,13.9684157607013,14.3580545836405,14.5753913748227,15.921269752929,18.1668901584161,15.4823555967603,15.3121401106589,17.4259260460867,17.2594209458887,26.5207707141656,23.834529510319,16.456754729297,22.7077839243685,19.1266426429913,17.7983554101293,17.7983554101293,17.7983554101293,17.7983554101293,17.7983554101293,17.7983554101293,17.7983554101293
704,"VNM","Viet Nam",7.27318957886673,6.55436248961597,6.0434397444826,5.66117311123413,5.34182498631351,5.06700527810381,4.92892784154023,4.64085300863971,3.78371051023703,4.19905243200516,4.01718049595442,3.77252576755288,3.56287666607439,3.3734221265176,2.96191012054432,2.80863689459213,2.68829514557015,2.51759975524791,2.38879880877204,2.1331971902943,2.1331971902943,2.1331971902943,2.1331971902943,2.1331971902943,2.1331971902943,2.1331971902943
876,"WLF","Wallis and Futuna Islands",NA,NA,NA,NA,NA,NA,NA,NA,NA,NA,NA,NA,NA,NA,NA,NA,NA,NA,NA,NA,NA,NA,NA,NA,NA,NA
732,"ESH","Western Sahara",NA,NA,NA,NA,NA,NA,NA,NA,NA,NA,NA,NA,NA,NA,NA,NA,NA,NA,NA,NA,NA,NA,NA,NA,NA,NA
887,"YEM","Yemen",NA,NA,NA,NA,NA,NA,NA,NA,NA,NA,NA,NA,NA,NA,NA,NA,NA,NA,NA,NA,NA,NA,NA,NA,NA,NA
894,"ZMB","Zambia",NA,NA,NA,NA,NA,NA,NA,NA,NA,NA,NA,NA,NA,NA,NA,NA,NA,NA,NA,NA,NA,NA,NA,NA,NA,NA
716,"ZWE","Zimbabwe",NA,NA,NA,NA,NA,NA,NA,NA,NA,NA,NA,NA,NA,NA,NA,NA,NA,NA,NA,NA,NA,NA,NA,NA,NA,NA
