"code","iso","country","FSS.ind.1995","FSS.ind.1996","FSS.ind.1997","FSS.ind.1998","FSS.ind.1999","FSS.ind.2000","FSS.ind.2001","FSS.ind.2002","FSS.ind.2003","FSS.ind.2004","FSS.ind.2005","FSS.ind.2006","FSS.ind.2007","FSS.ind.2008","FSS.ind.2009","FSS.ind.2010","FSS.ind.2011","FSS.ind.2012","FSS.ind.2013","FSS.ind.2014","FSS.ind.2015","FSS.ind.2016","FSS.ind.2017","FSS.ind.2018","FSS.ind.2019","FSS.ind.2020"
4,"AFG","Afghanistan",NA,NA,NA,NA,NA,NA,NA,NA,NA,NA,NA,NA,NA,NA,NA,NA,NA,NA,NA,NA,NA,NA,NA,NA,NA,NA
8,"ALB","Albania",NA,NA,NA,NA,NA,NA,NA,NA,NA,NA,NA,NA,NA,NA,NA,NA,NA,NA,NA,NA,NA,NA,NA,NA,NA,NA
12,"DZA","Algeria",35.9134148471483,34.2309237498378,34.3337694827251,34.5430744179238,35.2020531064883,36.0376706020148,35.3167573727167,35.3167573727167,32.3474204460251,32.1022359808928,31.4794532038915,32.3060872527345,30.8269964187292,26.5898571144592,18.6752535887784,14.4114961422112,13.7078047930329,13.5237333867763,8.85774977863942,1.88071442641703,1.88071442641703,1.88071442641703,1.88071442641703,1.88071442641703,1.88071442641703,1.88071442641703
20,"AND","Andorra",NA,NA,NA,NA,NA,NA,NA,NA,NA,NA,NA,NA,NA,NA,NA,NA,NA,NA,NA,NA,NA,NA,NA,NA,NA,NA
24,"AGO","Angola",7.71386223815412,5.66593988121919,6.57540114784496,8.79485873350079,10.6520002889777,11.3943537942571,10.9014829779947,9.32979715250926,9.62610811630367,8.99097163274247,9.52192747072476,13.288976197208,11.9413555286493,13.4230833956147,12.6470120099027,17.0205796984397,16.5471791256403,15.9969283239887,15.9503523924126,16.9090906958998,16.9090906958998,16.9090906958998,16.9090906958998,16.9090906958998,16.9090906958998,16.9090906958998
660,"AIA","Anguilla",NA,NA,NA,NA,NA,NA,NA,NA,NA,NA,NA,NA,NA,NA,NA,NA,NA,NA,NA,NA,NA,NA,NA,NA,NA,NA
28,"ATG","Antigua and Barbuda",5.17069470223251,36.4866701364474,37.3129960717739,11.8653406144385,46.1776275173696,3.8582322960544,3.52575402638129,13.1325925030536,16.2198243472204,15.9835961728572,15.3535075667368,16.2061563768458,15.3039771970865,11.1154752905473,8.73537044163238,8.33533337155703,15.3970725569967,16.7190720557837,11.4906217952575,1.35205602561796,1.35205602561796,1.35205602561796,1.35205602561796,1.35205602561796,1.35205602561796,1.35205602561796
32,"ARG","Argentina",33.2626486134533,35.088799794258,33.6374885800935,15.9304652120477,10.2780101684101,6.594053295498,9.4477893989791,6.825752612331,8.5302199947338,7.13026488516654,15.2363172690958,12.6332561460554,17.1334745187353,10.3700533545784,8.72352006753457,3.72680517900679,2.19641818645643,1.18723005100171,0.588856230612379,0.709002361677193,0.709002361677193,0.709002361677193,0.709002361677193,0.709002361677193,0.709002361677193,0.709002361677193
51,"ARM","Armenia",NA,NA,NA,NA,NA,NA,NA,NA,NA,NA,NA,NA,NA,NA,NA,NA,NA,NA,NA,NA,NA,NA,NA,NA,NA,NA
533,"ABW","Aruba",NA,NA,NA,NA,NA,NA,NA,NA,NA,NA,NA,NA,NA,NA,NA,NA,NA,NA,NA,NA,NA,NA,NA,NA,NA,NA
36,"AUS","Australia",14.0750293754619,14.2222246929064,13.8010575401231,14.0904952068719,12.8588967075085,13.7101736683475,11.6084505341267,10.917369473927,8.94638987270319,8.27033423510741,7.30009160328409,6.81940633261181,6.61833888825528,6.05307356819026,4.82854746404652,3.16811728208121,1.84385044792708,1.46744177576113,1.16325645029499,0.749583857414095,0.749583857414095,0.749583857414095,0.749583857414095,0.749583857414095,0.749583857414095,0.749583857414095
40,"AUT","Austria",NA,NA,NA,NA,NA,NA,NA,NA,NA,NA,NA,NA,NA,NA,NA,NA,NA,NA,NA,NA,NA,NA,NA,NA,NA,NA
31,"AZE","Azerbaijan",NA,NA,NA,NA,NA,NA,NA,NA,NA,NA,NA,NA,NA,NA,NA,NA,NA,NA,NA,NA,NA,NA,NA,NA,NA,NA
44,"BHS","Bahamas",15.7924782453624,26.4816230873482,28.3136766047701,27.5304876518799,25.2380982643672,22.7807441054843,16.7553022642482,18.0750198617201,18.9678968504498,25.9187479539225,24.5533628494183,16.5471791256403,11.9583357355525,8.39506746544458,9.0644823705895,10.2815328491693,10.8675634312292,11.0384610009029,10.4057080739369,9.36789479443867,9.36789479443867,9.36789479443867,9.36789479443867,9.36789479443867,9.36789479443867,9.36789479443867
48,"BHR","Bahrain",NA,NA,NA,NA,NA,NA,NA,NA,NA,NA,NA,NA,NA,NA,NA,NA,NA,NA,NA,NA,NA,NA,NA,NA,NA,NA
50,"BGD","Bangladesh",73.7805001207961,73.7805001207961,73.7805001207961,73.7805001207961,65.8686775339352,67.8172147475992,56.7783111712867,50.9325555731874,47.4256664677267,46.3739235236454,46.1776275173696,45.7974931162615,40.6902907826717,38.7158682452113,35.4329502539922,34.8665023747789,32.3474204460251,32.5995087532895,32.8151437058189,34.4902876796911,34.4902876796911,34.4902876796911,34.4902876796911,34.4902876796911,34.4902876796911,34.4902876796911
52,"BRB","Barbados",5.6072173668726,3.56560470107468,4.42058997726664,4.71654038977519,5.22060600050585,4.05818349038557,4.25371239018172,3.76415933581127,3.88233680129653,3.97940906533431,4.07578344143842,3.98289547274399,3.67274856069871,3.52906814962807,3.4383737997598,3.46795457136687,3.66601437395315,3.77267069565009,3.83762281749449,3.83933846322725,3.83933846322725,3.83933846322725,3.83933846322725,3.83933846322725,3.83933846322725,3.83933846322725
112,"BLR","Belarus",NA,NA,NA,NA,NA,NA,NA,NA,NA,NA,NA,NA,NA,NA,NA,NA,NA,NA,NA,NA,NA,NA,NA,NA,NA,NA
56,"BEL","Belgium",NA,NA,NA,NA,NA,NA,NA,NA,NA,NA,NA,NA,NA,NA,NA,NA,NA,NA,NA,NA,NA,NA,NA,NA,NA,NA
84,"BLZ","Belize",NA,NA,NA,NA,NA,NA,NA,NA,NA,NA,NA,NA,NA,NA,NA,NA,NA,NA,NA,NA,NA,NA,NA,NA,NA,NA
204,"BEN","Benin",NA,NA,NA,NA,NA,NA,NA,NA,NA,NA,NA,NA,NA,NA,NA,NA,NA,NA,NA,NA,NA,NA,NA,NA,NA,NA
60,"BMU","Bermuda",9.10146531959253,12.030863057628,17.7446370687644,13.538928952626,9.95971280922313,5.07563801829323,9.82477566722926,7.05131799885214,9.75806213823837,6.78274362123612,8.06722673524976,8.02879008252791,11.0499709972005,10.1555814765747,8.46670304767588,9.84488704745513,13.4030884654946,14.2949016647087,11.9838665806083,11.7525147991246,11.7525147991246,11.7525147991246,11.7525147991246,11.7525147991246,11.7525147991246,11.7525147991246
64,"BTN","Bhutan",NA,NA,NA,NA,NA,NA,NA,NA,NA,NA,NA,NA,NA,NA,NA,NA,NA,NA,NA,NA,NA,NA,NA,NA,NA,NA
68,"BOL","Bolivia",NA,NA,NA,NA,NA,NA,NA,NA,NA,NA,NA,NA,NA,NA,NA,NA,NA,NA,NA,NA,NA,NA,NA,NA,NA,NA
70,"BIH","Bosnia and Herzegovina",NA,NA,NA,NA,NA,NA,NA,NA,NA,NA,NA,NA,NA,NA,NA,NA,NA,NA,NA,NA,NA,NA,NA,NA,NA,NA
72,"BWA","Botswana",NA,NA,NA,NA,NA,NA,NA,NA,NA,NA,NA,NA,NA,NA,NA,NA,NA,NA,NA,NA,NA,NA,NA,NA,NA,NA
76,"BRA","Brazil",5.03861760936503,5.28674774153099,5.36257554521443,6.05492047725092,6.45891304020702,8.13344805837373,9.38600178168019,9.36499019362023,8.72820035367668,8.22586951419623,9.30179896318357,10.5906122514859,11.8313762727169,13.0649585009978,13.0864663892461,12.673314585968,12.4815839886629,10.8415973484253,9.10403608089962,8.33253402787213,8.33253402787213,8.33253402787213,8.33253402787213,8.33253402787213,8.33253402787213,8.33253402787213
92,"VGB","British Virgin Islands",NA,NA,NA,NA,NA,NA,NA,NA,NA,NA,NA,NA,NA,NA,NA,NA,NA,NA,NA,NA,NA,NA,NA,NA,NA,NA
96,"BRN","Brunei Darussalam",NA,NA,NA,NA,NA,NA,NA,NA,NA,NA,NA,NA,NA,NA,NA,NA,NA,NA,NA,NA,NA,NA,NA,NA,NA,NA
100,"BGR","Bulgaria",NA,NA,NA,NA,NA,NA,NA,NA,NA,NA,NA,NA,NA,NA,NA,NA,NA,NA,NA,NA,NA,NA,NA,NA,NA,NA
854,"BFA","Burkina Faso",NA,NA,NA,NA,NA,NA,NA,NA,NA,NA,NA,NA,NA,NA,NA,NA,NA,NA,NA,NA,NA,NA,NA,NA,NA,NA
108,"BDI","Burundi",NA,NA,NA,NA,NA,NA,NA,NA,NA,NA,NA,NA,NA,NA,NA,NA,NA,NA,NA,NA,NA,NA,NA,NA,NA,NA
132,"CPV","Cabo Verde",16.077340845515,13.4481400165521,14.3835975201095,13.0746457283957,9.97331905305843,7.6795443702955,4.67312000130381,4.27170132093106,5.66383600308505,6.12129598699244,8.32116951637418,9.0644823705895,9.37426019211316,7.14762770420553,4.91554832355715,4.81549144067655,5.51364143078351,6.77797757277905,8.82774656000952,10.633657982704,10.633657982704,10.633657982704,10.633657982704,10.633657982704,10.633657982704,10.633657982704
116,"KHM","Cambodia",41.0115656483098,38.3845736687756,38.3845736687756,42.5546967160181,45.432843077115,32.5569980444672,28.3932353007612,27.8255862047247,30.5516085078587,32.4725774061245,30.3504876133801,27.1053122429398,13.383138089554,8.71760075713324,5.19461740404013,6.67611643785003,6.09476843782008,5.86379365317495,5.2226082514015,5.19262140234895,5.19262140234895,5.19262140234895,5.19262140234895,5.19262140234895,5.19262140234895,5.19262140234895
120,"CMR","Cameroon",NA,NA,NA,NA,NA,NA,NA,NA,NA,NA,NA,NA,NA,NA,NA,NA,NA,NA,NA,NA,NA,NA,NA,NA,NA,NA
124,"CAN","Canada",4.21986769201811,4.20077844426328,4.46152089012581,3.55607474639157,2.74406736993186,2.95983207803202,3.23558437059492,3.3815521774273,4.58828650810777,5.41576079320384,5.82881915627645,5.31897727533544,4.81693051408108,4.83112586868577,4.53676649707378,4.89916592168302,5.12650338272849,5.34625543571293,5.40570533450418,5.06474452979636,5.06474452979636,5.06474452979636,5.06474452979636,5.06474452979636,5.06474452979636,5.06474452979636
136,"CYM","Cayman Islands",NA,NA,NA,NA,NA,NA,NA,NA,NA,NA,NA,NA,NA,NA,NA,NA,NA,NA,NA,NA,NA,NA,NA,NA,NA,NA
140,"CAF","Central African Republic",NA,NA,NA,NA,NA,NA,NA,NA,NA,NA,NA,NA,NA,NA,NA,NA,NA,NA,NA,NA,NA,NA,NA,NA,NA,NA
148,"TCD","Chad",NA,NA,NA,NA,NA,NA,NA,NA,NA,NA,NA,NA,NA,NA,NA,NA,NA,NA,NA,NA,NA,NA,NA,NA,NA,NA
152,"CHL","Chile",23.5260904117509,22.9807557029327,13.2237685930127,9.77418083703068,6.48499860373607,5.8447761813127,5.60614576886566,4.14761636334279,7.59854579672613,7.31825833990315,7.69670534523215,7.06085877903995,4.93041669899952,4.46758204711604,2.80339330419682,5.30424188878888,7.2946910618152,8.49937304216806,6.76131166817049,5.8918694386459,5.8918694386459,5.8918694386459,5.8918694386459,5.8918694386459,5.8918694386459,5.8918694386459
156,"CHN","China",23.8528957001761,25.3322228315733,24.8532373148867,23.6154414012063,21.8105817635309,21.098960093881,19.9183367036054,17.9496933125651,16.3507214380311,15.3597181735057,15.2363172690958,14.8114893874448,13.6871645348777,12.9788934777766,12.4608202145027,13.7960606400567,14.8231845299588,16.3994332047206,17.4495204405015,19.7951402963413,19.7951402963413,19.7951402963413,19.7951402963413,19.7951402963413,19.7951402963413,19.7951402963413
170,"COL","Colombia",5.37837919063533,12.0346693485547,12.6723714205093,7.49739540395446,9.53372217661557,9.40465682079666,10.9807236105727,11.9278813107836,6.95270228807938,4.17092669247644,9.9653549277531,15.3948022417111,15.9449351012608,10.3449147911918,7.00437953212428,4.34944149101921,3.76711772839239,3.67233353620182,6.94698308484618,17.1359220325499,17.1359220325499,17.1359220325499,17.1359220325499,17.1359220325499,17.1359220325499,17.1359220325499
174,"COM","Comoros",58.1465271736377,56.1653783339755,55.0526354895552,40.1791952675046,40.2791069321963,37.4584476164248,100,100,100,41.8093280686677,36.2914782786062,33.0809538827108,31.1111243287252,31.1472827827076,29.9296317076229,21.1700077130538,50.9325555731874,14.179806043976,13.9327456924748,23.8368679788593,23.8368679788593,23.8368679788593,23.8368679788593,23.8368679788593,23.8368679788593,23.8368679788593
184,"COK","Cook Islands",NA,NA,NA,NA,NA,NA,NA,NA,NA,NA,NA,NA,NA,NA,NA,NA,NA,NA,NA,NA,NA,NA,NA,NA,NA,NA
188,"CRI","Costa Rica",10.0579678060861,7.29626257528288,8.94613987507164,7.45384686801935,8.55687840921725,9.86773615842472,11.9099781768511,11.6695103818051,10.420146988927,8.52532719669445,7.4491828151167,7.07316746961591,7.16754762474319,8.55023419604035,10.1189787775364,11.3973401919248,11.531381816203,12.3006570526089,12.6926228824666,10.3811082066693,10.3811082066693,10.3811082066693,10.3811082066693,10.3811082066693,10.3811082066693,10.3811082066693
384,"CIV","Cote d'Ivoire",20.4947128042825,17.7852743273449,17.512510331756,17.9331148737257,23.143796695486,24.113319935468,19.2704294678574,12.926662992852,9.32346327659398,10.0176826929705,10.285056916476,10.954503473068,9.47028824237861,10.5461342322627,11.3585184915862,12.7299939957083,14.4957174277282,15.4722521435201,13.3881215174419,10.1590563062093,10.1590563062093,10.1590563062093,10.1590563062093,10.1590563062093,10.1590563062093,10.1590563062093
191,"HRV","Croatia",17.552105249243,15.0064403938051,13.549073676567,13.5237333867763,13.6871645348777,14.2070758634109,15.0783974871246,15.8120609439797,16.3091783996726,16.6542248570741,17.0881456249273,17.7041834217861,18.296496942532,19.0989988384071,19.8976858886223,20.3092278163368,19.8360177021076,19.7849500395805,20.2125637736762,21.7850778997625,21.7850778997625,21.7850778997625,21.7850778997625,21.7850778997625,21.7850778997625,21.7850778997625
192,"CUB","Cuba",10.1036202183878,11.9540876637932,13.7960606400567,12.9219298411421,12.5058770884318,12.0265804423053,11.6124309161116,9.27925116580072,6.88101092568409,6.02879140687726,3.57892777333757,1.95269425185502,2.1352169941013,2.89569132890482,3.83590750045389,2.75626286992619,2.6715276208545,2.5044256664327,2.70774457464057,2.89569132890482,2.89569132890482,2.89569132890482,2.89569132890482,2.89569132890482,2.89569132890482,2.89569132890482
531,"CUW","Curacao",NA,NA,NA,NA,NA,NA,NA,NA,NA,NA,NA,NA,NA,NA,NA,NA,NA,NA,NA,NA,NA,NA,NA,NA,NA,NA
196,"CYP","Cyprus",19.1062615754862,16.8925630313404,15.9596959684445,8.14127569153192,5.38439757938403,5.52226039582725,3.15907102446766,8.43330808728682,2.75042095083818,2.53917386452017,4.12772627837207,4.12357332579144,5.90892764930199,6.70788859762716,7.20025254424367,6.64201860507475,8.05320571794705,8.67386060211966,10.3782320990876,10.3791787794884,10.3791787794884,10.3791787794884,10.3791787794884,10.3791787794884,10.3791787794884,10.3791787794884
203,"CZE","Czech Republic",NA,NA,NA,NA,NA,NA,NA,NA,NA,NA,NA,NA,NA,NA,NA,NA,NA,NA,NA,NA,NA,NA,NA,NA,NA,NA
180,"COD","Dem. Rep. Congo",NA,NA,NA,NA,NA,NA,NA,NA,NA,NA,NA,NA,NA,NA,NA,NA,NA,NA,NA,NA,NA,NA,NA,NA,NA,NA
208,"DNK","Denmark",2.83244396977517,4.14135951846937,3.83996623609987,3.89320289798985,3.40205543723231,2.99169171218837,2.77479962698969,2.38154735313849,2.56616568800838,3.03775792887441,3.15269135194885,2.56165539214616,0.887340570056423,0.148398606644051,0,0,0.499064823129345,1.17805591090699,3.08432317571544,5.14420163795246,5.14420163795246,5.14420163795246,5.14420163795246,5.14420163795246,5.14420163795246,5.14420163795246
262,"DJI","Djibouti",NA,NA,NA,NA,NA,NA,NA,NA,NA,NA,NA,NA,NA,NA,NA,NA,NA,NA,NA,NA,NA,NA,NA,NA,NA,NA
212,"DMA","Dominica",NA,NA,NA,NA,NA,NA,NA,NA,NA,NA,NA,NA,NA,NA,NA,NA,NA,NA,NA,NA,NA,NA,NA,NA,NA,NA
214,"DOM","Dominican Republic",49.4172324093979,45.432843077115,33.8799915036793,33.0809538827108,33.3086543314506,42.5546967160181,41.9293262609587,33.126033056839,27.1980661380162,23.2481463301382,22.5976187730928,24.2464288699504,26.3959681626341,29.259602422168,29.5276734621132,28.9708667987364,28.1307436221552,27.3153763342662,27.1980661380162,27.3865073985279,27.3865073985279,27.3865073985279,27.3865073985279,27.3865073985279,27.3865073985279,27.3865073985279
218,"ECU","Ecuador",3.51727300518488,2.57266806622822,2.15631566260367,3.66433978327191,5.60025794422029,5.950104777519,5.84683663143332,7.12290276235022,6.88928884185991,5.90114732486342,5.6156381025593,6.34882882483699,8.7348943554079,9.4316491575556,7.35080207590663,5.03319111948724,4.63308441654416,6.51087162138509,7.53820592244418,9.04502802595151,9.04502802595151,9.04502802595151,9.04502802595151,9.04502802595151,9.04502802595151,9.04502802595151
818,"EGY","Egypt",19.1148452252257,20.5513792180085,18.7716040324708,14.2699340789549,22.871115777992,9.38237181977885,7.45936278618487,7.55265335558795,8.41279126570119,6.71778765453401,6.68162013127152,6.14330684802138,6.66577719989806,6.75897092791665,7.4885285253682,9.09878219763999,8.95096293968514,9.05876388002054,8.91755606592909,9.50509312027471,9.50509312027471,9.50509312027471,9.50509312027471,9.50509312027471,9.50509312027471,9.50509312027471
222,"SLV","El Salvador",11.8611364274518,11.7069532603114,11.6124309161116,7.89554655809198,4.54225202322144,1.65741901639056,1.50277486621022,1.63458792793142,1.24611569884139,1.34815798726997,1.64666772211164,1.65607439835769,1.23328148496036,1.79154585895313,1.16429285544451,0,0,0,0,0,0,0,0,0,0,0
226,"GNQ","Equatorial Guinea",13.3682044270496,13.6923201402684,14.1363463604395,13.4280891130786,13.8799272841267,15.0064403938051,14.5239681694719,14.6321413819301,14.1580498328228,14.3557855606621,15.529054026871,15.3101535292882,17.3171204742994,16.2815897438892,17.0355503461676,14.7998095016612,13.7078047930329,14.6321413819301,15.7275102029545,15.7599352955864,15.7599352955864,15.7599352955864,15.7599352955864,15.7599352955864,15.7599352955864,15.7599352955864
232,"ERI","Eritrea",24.1464121039783,36.0376706020148,28.0534736696301,32.2649439991032,35.8519277114825,30.5516085078587,17.1410516963995,14.4394819687413,12.1777044120723,11.6945675199445,11.77330148438,10.117447094476,13.4030884654946,8.34384245243335,10.4810483700846,10.3736124438401,14.858361897768,16.6901930782731,18.2192102405265,18.0666099590088,18.0666099590088,18.0666099590088,18.0666099590088,18.0666099590088,18.0666099590088,18.0666099590088
233,"EST","Estonia",23.6938951727192,25.959250297737,28.1307436221552,28.500425359668,28.0534736696301,28.5274245963739,29.7728895466397,30.6882436974266,31.1111243287252,16.8501927258291,17.2554856662907,17.6558790886059,33.2168780839091,35.6699600130588,37.7566374438021,39.2369946968907,14.6665746651568,14.2180070900224,14.0554237111785,36.2273486533188,36.2273486533188,36.2273486533188,36.2273486533188,36.2273486533188,36.2273486533188,36.2273486533188
748,"SWZ","Eswatini",NA,NA,NA,NA,NA,NA,NA,NA,NA,NA,NA,NA,NA,NA,NA,NA,NA,NA,NA,NA,NA,NA,NA,NA,NA,NA
231,"ETH","Ethiopia",NA,NA,NA,NA,NA,NA,NA,NA,NA,NA,NA,NA,NA,NA,NA,NA,NA,NA,NA,NA,NA,NA,NA,NA,NA,NA
234,"FRO","Faeroe Islands",15.6887544662564,16.4765197798112,15.5164002068761,14.507007029772,14.5183108853508,15.1691648139097,16.7407925831145,19.7443045992181,21.4722621090284,20.3960363987842,18.6214321193139,19.0989988384071,9.32662965445056,4.15008337983576,0.193155911384096,2.76995614688072,6.99012148931274,16.7989729295332,22.2154739170657,23.2781852640164,23.2781852640164,23.2781852640164,23.2781852640164,23.2781852640164,23.2781852640164,23.2781852640164
238,"FLK","Falkland Islands",NA,NA,NA,NA,NA,NA,NA,NA,NA,NA,NA,NA,NA,NA,NA,NA,NA,NA,NA,NA,NA,NA,NA,NA,NA,NA
242,"FJI","Fiji",6.62913115221585,4.21247450104703,3.56227702845381,5.56758816932559,7.80157221526022,10.6080417203726,10.0967147796038,10.9849424693107,11.7983093780555,14.6035477936463,14.0446890760915,13.1957943090702,13.0266415991808,12.465315712014,13.6923201402684,14.2838762099178,13.4833375122426,11.0961595234853,10.7665690671109,10.6556732638194,10.6556732638194,10.6556732638194,10.6556732638194,10.6556732638194,10.6556732638194,10.6556732638194
246,"FIN","Finland",30.0570316096556,35.7908599630065,41.6909169277296,41.0115656483098,35.7908599630065,33.2626486134533,26.6773963754635,17.5362462635828,14.9825826392064,15.4033134675834,22.9676933229314,28.7741530462016,33.5422971213803,32.5146882253229,31.4045652363145,26.9226383364706,24.0475002883038,22.2960001678046,22.5143463327147,22.8809237557627,22.8809237557627,22.8809237557627,22.8809237557627,22.8809237557627,22.8809237557627,22.8809237557627
250,"FRA","France",12.9674346631641,14.2943781378737,13.274210823467,13.0485019944602,12.545383624447,13.0253088059941,13.6522037268331,12.3573639996052,10.7468860314871,9.84232992001459,9.32502179236396,9.27172414161949,8.09537795895636,9.22280137573374,10.0504570858384,11.7214344082354,11.5052683777936,12.2339095659478,12.1697131738482,14.4017581526935,14.4017581526935,14.4017581526935,14.4017581526935,14.4017581526935,14.4017581526935,14.4017581526935
258,"PYF","French Polynesia",NA,NA,NA,NA,NA,NA,NA,NA,NA,NA,NA,NA,NA,NA,NA,NA,NA,NA,NA,NA,NA,NA,NA,NA,NA,NA
266,"GAB","Gabon",28.7187339223469,22.5143463327147,20.9585341755744,21.7342870897353,27.8255862047247,23.1142045391531,22.9097536106619,22.2288447637501,26.5681053828553,19.8873783154156,19.4845138128446,14.9469147858462,16.9164802597335,12.898301542663,12.474313484352,10.3736124438401,8.20586341332196,5.67857354252946,3.37461544612046,5.53642539391279,5.53642539391279,5.53642539391279,5.53642539391279,5.53642539391279,5.53642539391279,5.53642539391279
270,"GMB","Gambia",NA,NA,NA,NA,NA,NA,NA,NA,NA,NA,NA,NA,NA,NA,NA,NA,NA,NA,NA,NA,NA,NA,NA,NA,NA,NA
268,"GEO","Georgia",NA,NA,NA,NA,NA,NA,NA,NA,NA,NA,NA,NA,NA,NA,NA,NA,NA,NA,NA,NA,NA,NA,NA,NA,NA,NA
276,"DEU","Germany",7.59929707687533,5.65530644027072,3.66252582981285,4.94688983481045,6.53481207560868,7.23755108322236,7.28700017034394,6.62160112230853,7.02038174830166,8.80664499385365,8.33244587635674,7.33861285137044,4.74274134527235,3.31996413465916,3.01534720034876,3.11841240499574,3.80763035656756,4.40443337168814,4.68857294327762,4.86121806303689,4.86121806303689,4.86121806303689,4.86121806303689,4.86121806303689,4.86121806303689,4.86121806303689
288,"GHA","Ghana",14.1689213300388,12.5149157367647,10.6630237369704,11.7359201283913,13.6665717498341,16.9758173648286,15.415808354658,16.923875927553,18.470671832991,14.179806043976,12.6516019984309,8.34384245243335,6.93176376181242,6.63147456965908,6.1968870383317,5.32532138766904,3.04203310658316,3.71326039612566,5.35575675460004,6.91239540916663,6.91239540916663,6.91239540916663,6.91239540916663,6.91239540916663,6.91239540916663,6.91239540916663
300,"GRC","Greece",21.260389242108,16.4496546119757,14.6167684133188,12.0172838827125,10.6022281427736,9.76471113648199,8.66801343201806,8.38557198876512,8.1901919325946,8.29197840233745,8.32524739153061,9.11481419589025,9.7047623114984,9.41269750242442,7.61749617749882,5.08142708908012,3.19947290197014,2.9613450743724,3.67469733421522,4.48565343303308,4.48565343303308,4.48565343303308,4.48565343303308,4.48565343303308,4.48565343303308,4.48565343303308
304,"GRL","Greenland",6.21029313808937,8.98487289509634,9.5154562557894,11.3545456305654,8.24226336058804,6.7660735395591,7.79890167405449,9.44457988884527,11.5391467604052,13.1568481204904,16.632713078635,16.7989729295332,14.2728643156331,14.366899979386,14.7069149195858,14.9587882892364,12.282826513851,11.4303331033212,10.9355315178214,9.24780422182185,9.24780422182185,9.24780422182185,9.24780422182185,9.24780422182185,9.24780422182185,9.24780422182185
308,"GRD","Grenada",NA,NA,NA,NA,NA,NA,NA,NA,NA,NA,NA,NA,NA,NA,NA,NA,NA,NA,NA,NA,NA,NA,NA,NA,NA,NA
320,"GTM","Guatemala",21.7265886773419,15.5842215565264,17.1294165091119,15.8571372052696,17.3572572603874,11.4792177254174,9.08983911621557,12.4971753032233,12.740319199967,12.9951587552943,9.7286678921638,9.79785135003061,9.39520223960832,10.228090164393,9.75124276261793,8.74209264528592,8.66009060330815,10.205972619861,12.1069870557621,15.0002601606118,15.0002601606118,15.0002601606118,15.0002601606118,15.0002601606118,15.0002601606118,15.0002601606118
831,"GGY","Guernsey",NA,NA,NA,NA,NA,NA,NA,NA,NA,NA,NA,NA,NA,NA,NA,NA,NA,NA,NA,NA,NA,NA,NA,NA,NA,NA
324,"GIN","Guinea",17.1866499222871,17.0730868488352,17.6398353842629,18.4443286099562,18.7294005562249,20.7066710901615,19.5735908928202,18.7113151576062,17.7041834217861,18.8938344221617,19.6635631218678,19.8155556703609,20.6168131528276,21.2416236335929,23.0260104258153,21.3744260625411,22.2825287298609,22.8378522914226,26.8775463348394,28.0791562954535,28.0791562954535,28.0791562954535,28.0791562954535,28.0791562954535,28.0791562954535,28.0791562954535
624,"GNB","Guinea-Bissau",19.1368118740432,18.7747745288935,19.251218718663,19.3186374550802,19.8770825952694,20.4616996841348,22.0565621468884,22.8953270790971,23.8528957001761,24.1464121039783,25.1635046342334,24.8711937141342,24.3985806470173,24.1962808274057,24.7995831874996,23.0406492465918,13.5186739238682,9.53812600058244,4.35128483792398,3.52078514052502,3.52078514052502,3.52078514052502,3.52078514052502,3.52078514052502,3.52078514052502,3.52078514052502
328,"GUY","Guyana",33.8309626094015,44.5813388274368,49.1426795414187,48.1216340659154,20.5389205100564,13.3582624722506,8.66450233473415,8.54181709930704,7.81493688269993,7.67164350774621,7.53579153278348,7.44293331448428,6.63381860062452,6.68318554585817,6.30696214841619,6.63616324543356,7.09810871007969,7.29532502399253,7.62962292335807,7.30542714716523,7.30542714716523,7.30542714716523,7.30542714716523,7.30542714716523,7.30542714716523,7.30542714716523
332,"HTI","Haiti",24.1298507307783,20.2125637736762,17.3325957015692,17.5759465231872,20.6391932310385,24.6230233035408,30.8269964187292,31.5549728437249,33.126033056839,36.9593809248816,37.028995475534,35.975327170204,35.2592215504628,28.5816685581903,29.1719998496252,23.5686970109768,21.5463471869323,18.0330491211957,18.3483945585347,18.8662182021584,18.8662182021584,18.8662182021584,18.8662182021584,18.8662182021584,18.8662182021584,18.8662182021584
336,"VAT","Holy See",NA,NA,NA,NA,NA,NA,NA,NA,NA,NA,NA,NA,NA,NA,NA,NA,NA,NA,NA,NA,NA,NA,NA,NA,NA,NA
340,"HND","Honduras",15.6312676202678,18.7387110734748,15.0038421616711,15.7282025811492,12.325181208256,10.2146418564227,10.9632568363745,15.7893446033433,20.1341053467058,23.1498760159836,17.608504286013,11.6783557317991,10.7149880236408,8.27173996731763,11.2936091857329,11.794134565193,16.3451818916583,21.2361987971947,19.2584198311475,16.5346624768357,16.5346624768357,16.5346624768357,16.5346624768357,16.5346624768357,16.5346624768357,16.5346624768357
344,"HKG","Hong Kong",NA,NA,NA,NA,NA,NA,NA,NA,NA,NA,NA,NA,NA,NA,NA,NA,NA,NA,NA,NA,NA,NA,NA,NA,NA,NA
348,"HUN","Hungary",NA,NA,NA,NA,NA,NA,NA,NA,NA,NA,NA,NA,NA,NA,NA,NA,NA,NA,NA,NA,NA,NA,NA,NA,NA,NA
352,"ISL","Iceland",10.9052597611431,11.6410930941938,10.7777345691147,9.56735741298971,9.10764402377154,9.7547394751325,10.5788554554355,7.3637366004034,4.43708322850442,3.43345315893643,3.24844489412574,2.88797378969706,1.36636337018018,1.94019472179789,2.91578811940667,3.6273907876987,5.17467738293674,6.77797757277905,5.98289507135222,2.84948556461819,2.84948556461819,2.84948556461819,2.84948556461819,2.84948556461819,2.84948556461819,2.84948556461819
356,"IND","India",35.9933908644133,36.0891150824509,35.1663668411256,34.9026741512427,28.7632040360793,23.8462356758263,21.8488203117524,21.4402245942093,22.6726833017123,22.2957344617694,20.2910891685816,18.3692523781014,18.5203975562849,18.0227465421574,17.7151196053027,15.8078465700546,16.2455685863199,16.3728049433304,16.9253966903588,16.9958771356706,16.9958771356706,16.9958771356706,16.9958771356706,16.9958771356706,16.9958771356706,16.9958771356706
360,"IDN","Indonesia",22.2370649884811,22.4088695342589,21.8767912313589,20.937463936882,20.1566798110262,18.9852521713888,18.3347963902233,18.3889502148263,18.47783135548,18.0953004824707,17.8532884629036,18.096371790257,15.4858973290681,12.9333088617754,10.7231051202859,10.8955989158792,11.1079576320526,11.5081376375644,11.6014404157187,11.9188409570112,11.9188409570112,11.9188409570112,11.9188409570112,11.9188409570112,11.9188409570112,11.9188409570112
364,"IRN","Iran",31.1949774650466,32.9580200544561,35.0573498376374,33.6658795039438,29.6550915992635,20.2168259275525,11.7538177601241,6.9463189243793,4.8073978206682,4.86028350335266,4.82440153672491,5.49182543216256,5.93893709380558,6.33089421209876,6.10091117081083,6.63264213087714,8.29452198126798,9.67105551639283,10.1753018292347,10.2948506632743,10.2948506632743,10.2948506632743,10.2948506632743,10.2948506632743,10.2948506632743,10.2948506632743
368,"IRQ","Iraq",NA,NA,NA,NA,NA,NA,NA,NA,NA,NA,NA,NA,NA,NA,NA,NA,NA,NA,NA,NA,NA,NA,NA,NA,NA,NA
372,"IRL","Ireland",19.3963142452849,15.0603539241693,12.3269942995347,9.03684506623668,8.85474492828435,7.69800687541368,7.97688858982058,7.34087461139761,7.6270031735032,9.02458915074673,10.33808505739,10.0898146626994,10.16948889407,6.8786012852961,5.01282297944093,3.48443066162037,4.71464816166392,5.71023590927935,7.67690997468716,11.8317622654574,11.8317622654574,11.8317622654574,11.8317622654574,11.8317622654574,11.8317622654574,11.8317622654574
833,"IMN","Isle of Man",NA,NA,NA,NA,NA,NA,NA,NA,NA,NA,NA,NA,NA,NA,NA,NA,NA,NA,NA,NA,NA,NA,NA,NA,NA,NA
376,"ISR","Israel",NA,NA,NA,NA,NA,NA,NA,NA,NA,NA,NA,NA,NA,NA,NA,NA,NA,NA,NA,NA,NA,NA,NA,NA,NA,NA
380,"ITA","Italy",5.82612246545041,6.00976324913611,5.26685551206582,5.7722986749168,4.90832525281978,4.22453434726647,3.0838337285207,2.47112877311467,1.9936493205139,2.25073422528017,2.03931321769632,2.16179824541659,1.91822239240408,1.64027740211419,1.29417401620658,0.907130348651393,0.430163076510809,0.00211315399181444,0.249096045802858,0.578855126513488,0.578855126513488,0.578855126513488,0.578855126513488,0.578855126513488,0.578855126513488,0.578855126513488
388,"JAM","Jamaica",7.29280127318988,7.21741766350208,8.60879354659687,7.89284784333391,6.69970186924911,6.35682728222127,4.28070935822913,3.78289501941693,2.62646147865124,2.99662943995148,2.47343830769408,2.76691138607332,3.09240237153011,4.32226346362035,4.58131195829364,5.04810219610305,4.47568605001862,3.532383500075,2.03086367081268,0.694499408407509,0.694499408407509,0.694499408407509,0.694499408407509,0.694499408407509,0.694499408407509,0.694499408407509
392,"JPN","Japan",5.33947914821688,7.32718067205745,7.11875557614212,5.61333763528397,4.19396943622499,3.88204039640787,4.21877300884807,4.47021515392761,5.01338541894532,4.83191260321462,3.97939119888218,3.96371588973147,4.2355869473449,4.93929366158365,4.0136687971379,3.17009426970219,1.9058932267865,1.65573712366061,1.18567467827278,1.10346299823867,1.10346299823867,1.10346299823867,1.10346299823867,1.10346299823867,1.10346299823867,1.10346299823867
832,"JEY","Jersey",NA,NA,NA,NA,NA,NA,NA,NA,NA,NA,NA,NA,NA,NA,NA,NA,NA,NA,NA,NA,NA,NA,NA,NA,NA,NA
400,"JOR","Jordan",NA,NA,NA,NA,NA,NA,NA,NA,NA,NA,NA,NA,NA,NA,NA,NA,NA,NA,NA,NA,NA,NA,NA,NA,NA,NA
398,"KAZ","Kazakhstan",NA,NA,NA,NA,NA,NA,NA,NA,NA,NA,NA,NA,NA,NA,NA,NA,NA,NA,NA,NA,NA,NA,NA,NA,NA,NA
404,"KEN","Kenya",2.28684735129139,3.34047116525169,4.3621921517715,5.20260586356893,5.29498913078373,4.72411330387617,4.15185996290403,3.83762281749449,3.2051814594553,3.4252580957661,3.48113301709691,4.92910331824412,6.06611867876686,6.27537378251544,5.9242291096303,5.98725602842961,6.23940873452966,5.90692016927905,5.27281060443454,5.18065472773445,5.18065472773445,5.18065472773445,5.18065472773445,5.18065472773445,5.18065472773445,5.18065472773445
296,"KIR","Kiribati",25.0618456303393,30.5403107079092,32.8975821533292,34.4323737856176,28.0184896985249,26.580462655559,27.4474710664431,22.9033557551386,16.3698080624057,9.48983545651762,11.1086481033396,11.6798471204816,13.3194544833842,13.680312895763,16.8781456730664,11.8127028899026,11.9489073406067,12.434325827124,16.2448696967867,27.8902544177073,27.8902544177073,27.8902544177073,27.8902544177073,27.8902544177073,27.8902544177073,27.8902544177073
689,"XKX","Kosovo",NA,NA,NA,NA,NA,NA,NA,NA,NA,NA,NA,NA,NA,NA,NA,NA,NA,NA,NA,NA,NA,NA,NA,NA,NA,NA
414,"KWT","Kuwait",NA,NA,NA,NA,NA,NA,NA,NA,NA,NA,NA,NA,NA,NA,NA,NA,NA,NA,NA,NA,NA,NA,NA,NA,NA,NA
417,"KGZ","Kyrgyzstan",NA,NA,NA,NA,NA,NA,NA,NA,NA,NA,NA,NA,NA,NA,NA,NA,NA,NA,NA,NA,NA,NA,NA,NA,NA,NA
418,"LAO","Laos",NA,NA,NA,NA,NA,NA,NA,NA,NA,NA,NA,NA,NA,NA,NA,NA,NA,NA,NA,NA,NA,NA,NA,NA,NA,NA
428,"LVA","Latvia",16.9090906958998,17.4025671503118,17.5918760488821,17.2478110632774,16.8943298399451,17.3869706134534,18.9493237281962,19.7341720049121,21.8746610843798,22.8665435661078,23.0406492465918,23.143796695486,23.2032760558397,24.1796270380101,22.5143463327147,11.6369928753119,6.09476843782008,2.76538939387044,2.92972775455429,3.5340416357826,3.5340416357826,3.5340416357826,3.5340416357826,3.5340416357826,3.5340416357826,3.5340416357826
422,"LBN","Lebanon",NA,NA,NA,NA,NA,NA,NA,NA,NA,NA,NA,NA,NA,NA,NA,NA,NA,NA,NA,NA,NA,NA,NA,NA,NA,NA
426,"LSO","Lesotho",NA,NA,NA,NA,NA,NA,NA,NA,NA,NA,NA,NA,NA,NA,NA,NA,NA,NA,NA,NA,NA,NA,NA,NA,NA,NA
430,"LBR","Liberia",15.3535075667368,16.5471791256403,15.3225189904368,14.858361897768,14.0877050555207,14.0500547848359,14.4731808407788,16.1652772135584,17.3093928796214,17.1107813853629,16.0571699064722,15.9569912810391,16.2747058425766,16.5117797474891,16.2198243472204,13.9062975392123,13.3682044270496,11.3624931162749,12.9361368094253,15.9969283239887,15.9969283239887,15.9969283239887,15.9969283239887,15.9969283239887,15.9969283239887,15.9969283239887
434,"LBY","Libya",51.9824382158936,100,100,54.5441646231678,56.7783111712867,58.1465271736377,48.3661878512746,48.1216340659154,43.6561147995638,33.7822007394485,67.8172147475992,70.3112954248498,70.3112954248498,27.6768211852104,24.7639915693646,15.4974529460122,10.3203740905281,6.43902862239943,4.81357818606959,1.53853185761396,1.53853185761396,1.53853185761396,1.53853185761396,1.53853185761396,1.53853185761396,1.53853185761396
438,"LIE","Liechtenstein",NA,NA,NA,NA,NA,NA,NA,NA,NA,NA,NA,NA,NA,NA,NA,NA,NA,NA,NA,NA,NA,NA,NA,NA,NA,NA
440,"LTU","Lithuania",NA,NA,NA,NA,NA,NA,NA,NA,NA,NA,NA,NA,NA,NA,NA,NA,NA,NA,NA,NA,NA,NA,NA,NA,NA,NA
442,"LUX","Luxembourg",NA,NA,NA,NA,NA,NA,NA,NA,NA,NA,NA,NA,NA,NA,NA,NA,NA,NA,NA,NA,NA,NA,NA,NA,NA,NA
446,"MAC","Macao",NA,NA,NA,NA,NA,NA,NA,NA,NA,NA,NA,NA,NA,NA,NA,NA,NA,NA,NA,NA,NA,NA,NA,NA,NA,NA
450,"MDG","Madagascar",58.917975519989,44.7452840651023,79.52000439113,39.2369946968907,35.8519277114825,35.7302059194018,33.0361005423869,30.5177730509743,29.0565140076079,28.9993249318548,29.0565140076079,28.9142204668039,28.1566491793628,28.9708667987364,28.2086862503277,29.8666051789548,31.8244236824825,30.2844389052731,22.3908720884273,13.6511581841573,13.6511581841573,13.6511581841573,13.6511581841573,13.6511581841573,13.6511581841573,13.6511581841573
454,"MWI","Malawi",NA,NA,NA,NA,NA,NA,NA,NA,NA,NA,NA,NA,NA,NA,NA,NA,NA,NA,NA,NA,NA,NA,NA,NA,NA,NA
458,"MYS","Malaysia",20.5625252702799,20.5444908787033,20.4771600906935,20.8836330655619,21.016479299238,20.1466001177133,18.8262523755893,18.3257804940485,18.7952336762561,19.6561752489489,19.8645174919258,18.3419855537641,14.8799307435705,12.662614744163,11.1307926013337,10.6198788375584,10.3661568368117,10.5514576093927,11.0785650141713,11.1080605624559,11.1080605624559,11.1080605624559,11.1080605624559,11.1080605624559,11.1080605624559,11.1080605624559
462,"MDV","Maldives",18.7838769826717,16.4976590927009,16.5898439605171,16.8135772817946,19.3186374550802,19.386567712217,18.7384569735088,18.1935955555939,21.9781515928184,27.652265569505,39.1480065462304,37.9869835873218,22.794987038712,17.2554856662907,8.887853878692,10.7777345691147,8.87881201575875,12.1951392735939,8.52153201360608,8.5650564707997,8.5650564707997,8.5650564707997,8.5650564707997,8.5650564707997,8.5650564707997,8.5650564707997
466,"MLI","Mali",NA,NA,NA,NA,NA,NA,NA,NA,NA,NA,NA,NA,NA,NA,NA,NA,NA,NA,NA,NA,NA,NA,NA,NA,NA,NA
470,"MLT","Malta",23.0260104258153,29.1719998496252,29.7418677283083,22.8953270790971,22.5281713993454,21.5836208859699,23.2331645724019,26.6773963754635,29.8666051789548,30.5516085078587,30.2188738746228,21.2656234739871,16.3576640568986,8.97573257086057,20.8776247870273,34.976961186344,22.8521864359397,23.6154414012063,19.4845138128446,16.6614069509372,16.6614069509372,16.6614069509372,16.6614069509372,16.6614069509372,16.6614069509372,16.6614069509372
584,"MHL","Marshall Islands",32.7715992375937,32.1832203838022,38.0651016707475,24.0311207042214,18.1850735862552,17.9912742111304,22.2690775310697,22.5558857410965,15.2608617607263,12.282826513851,11.9498416066623,12.3269942995347,13.5999704365134,21.4722621090284,24.7285408769681,25.6992020715523,27.4582081052331,56.7783111712867,33.4013810885883,35.4329502539922,35.4329502539922,35.4329502539922,35.4329502539922,35.4329502539922,35.4329502539922,35.4329502539922
478,"MRT","Mauritania",16.3022732617936,16.8428576478005,22.6957590633765,22.486760078303,19.2416287794131,19.2416287794131,20.011859378574,21.9651496705916,22.0960264485965,22.9386765984948,20.935342502586,21.9651496705916,19.4746708444628,20.5389205100564,19.5537192568049,23.5067483828304,20.4507223061154,13.8378957637282,11.2912184427665,14.6723264425123,14.6723264425123,14.6723264425123,14.6723264425123,14.6723264425123,14.6723264425123,14.6723264425123
480,"MUS","Mauritius",24.0968196053414,26.1853487748107,27.976864881119,24.1962808274057,21.5711790699691,19.4452066995554,20.2018874639149,23.6467404635065,21.2536155121638,15.9503523924126,11.2912184427665,7.82296526945314,5.87240235374314,4.28251205377379,5.20060808037479,5.84445428779533,5.60512724081836,5.76325662234744,5.46001779454556,4.59810423629008,4.59810423629008,4.59810423629008,4.59810423629008,4.59810423629008,4.59810423629008,4.59810423629008
484,"MEX","Mexico",17.2482939352558,17.6079330156877,15.1207065959901,11.9579185534502,11.1883173874786,12.023203613361,13.4293133891488,13.4996977057034,12.9127535752183,11.8242591291765,12.513682799023,11.8913341983452,12.4158972691139,11.5824720849725,12.4841163076316,13.9436254839494,11.9078823242138,10.7039044682458,7.87550998877177,7.29160475940981,7.29160475940981,7.29160475940981,7.29160475940981,7.29160475940981,7.29160475940981,7.29160475940981
583,"FSM","Micronesia",18.3137627445644,13.7596145767726,10.8225363434051,14.7590494756194,23.0847098678353,19.2320491010317,16.1245838493853,15.7534408758403,15.3473012650777,25.4082414927757,28.2348186430071,25.6795077497731,14.540961501397,6.27762640211495,0,0,0,0,0,0,0,0,0,0,0,0
498,"MDA","Moldova",NA,NA,NA,NA,NA,NA,NA,NA,NA,NA,NA,NA,NA,NA,NA,NA,NA,NA,NA,NA,NA,NA,NA,NA,NA,NA
492,"MCO","Monaco",NA,NA,NA,NA,NA,NA,NA,NA,NA,NA,NA,NA,NA,NA,NA,NA,NA,NA,NA,NA,NA,NA,NA,NA,NA,NA
496,"MNG","Mongolia",NA,NA,NA,NA,NA,NA,NA,NA,NA,NA,NA,NA,NA,NA,NA,NA,NA,NA,NA,NA,NA,NA,NA,NA,NA,NA
499,"MNE","Montenegro",NA,NA,NA,NA,NA,NA,NA,NA,NA,NA,NA,NA,NA,NA,NA,NA,NA,NA,NA,NA,NA,NA,NA,NA,NA,NA
504,"MAR","Morocco",19.4097496534442,19.227811601419,17.8254701138593,17.0778521286972,17.0402045361676,18.9636442489874,19.8990047782248,19.5831123279104,18.8512671408649,19.8550678051924,20.3904174775154,18.9863410826842,18.2320654612871,19.4233903105147,22.3256941845064,21.2021708635864,19.4941987219455,19.5702445311754,21.360846873928,22.9368754071584,22.9368754071584,22.9368754071584,22.9368754071584,22.9368754071584,22.9368754071584,22.9368754071584
508,"MOZ","Mozambique",20.5278481030607,15.7794468677719,13.5999704365134,13.2055573847195,13.3682044270496,13.4030884654946,13.7908449674793,14.1634839313469,14.4282771387131,14.4900779605577,14.289387240163,12.474313484352,10.6887980197039,9.12930312892583,10.2078460579804,10.4882568115528,11.8821771317939,10.9241676114219,11.8737549155173,12.465315712014,12.465315712014,12.465315712014,12.465315712014,12.465315712014,12.465315712014,12.465315712014
104,"MMR","Myanmar",40.6902907826717,45.0824651416352,44.5813388274368,42.8176108282194,40.2791069321963,36.0376706020148,30.2188738746228,28.2348186430071,27.5790002374675,28.5816685581903,27.0135094110557,26.2480159896365,19.0051590829666,14.9706775597129,11.8737549155173,12.1777044120723,12.3004674904735,12.6378390861221,12.5420865599851,12.6424243732695,12.6424243732695,12.6424243732695,12.6424243732695,12.6424243732695,12.6424243732695,12.6424243732695
516,"NAM","Namibia",12.4159889515563,15.0543474748543,16.872234085027,16.6112528619783,16.8869585277636,17.9331148737257,16.4413981288549,16.7407925831145,16.254085838659,16.9758173648286,17.7203429533995,10.8412701182118,5.99816772325084,2.26091711440074,2.11538096226766,2.25660270009159,5.65542543083829,10.110530987267,17.4967212641459,16.7480444843875,16.7480444843875,16.7480444843875,16.7480444843875,16.7480444843875,16.7480444843875,16.7480444843875
520,"NRU","Nauru",7.84172621560599,46.1776275173696,52.7576628942847,62.9128578906045,73.7805001207961,22.1489175739156,14.7590494756194,60.6944304952437,13.036221856716,8.51285245483919,13.5846710055872,15.2608617607263,14.9409839337508,14.8466207449747,17.2324815647029,18.236327499989,9.83147444241355,7.93070407539167,7.89824608654605,16.0571699064722,16.0571699064722,16.0571699064722,16.0571699064722,16.0571699064722,16.0571699064722,16.0571699064722
524,"NPL","Nepal",NA,NA,NA,NA,NA,NA,NA,NA,NA,NA,NA,NA,NA,NA,NA,NA,NA,NA,NA,NA,NA,NA,NA,NA,NA,NA
528,"NLD","Netherlands",14.4378472313818,8.96304359249167,5.95425688503013,5.80946061228265,8.35646689884322,10.1020433043365,8.09509449031657,6.16795669265538,5.56847895332497,6.82332301851513,6.21533561324986,4.60343334428026,3.05129603914314,3.69411062639669,5.28537460801722,6.68322245253873,6.16429968293691,8.0154106171175,8.74500166531936,8.29534548487138,8.29534548487138,8.29534548487138,8.29534548487138,8.29534548487138,8.29534548487138,8.29534548487138
540,"NCL","New Caledonia",NA,NA,NA,NA,NA,NA,NA,NA,NA,NA,NA,NA,NA,NA,NA,NA,NA,NA,NA,NA,NA,NA,NA,NA,NA,NA
554,"NZL","New Zealand",12.8974556796656,13.3087296213477,12.3629539051258,11.8310129773961,10.9361390535052,10.3723333872243,9.52486374762545,8.71635850724921,8.4907246040936,6.80996026210165,5.38953628913171,4.09203442492742,3.21855583598048,2.46819873956532,1.83069393950146,2.03837263789492,2.0734673684033,2.10358887957766,3.39719686721773,7.3473915549956,7.3473915549956,7.3473915549956,7.3473915549956,7.3473915549956,7.3473915549956,7.3473915549956
558,"NIC","Nicaragua",27.8310492117511,25.0531269328539,25.04551346039,25.6924442967592,20.6998560845984,21.3238109667198,17.1238426504334,18.2605483137328,17.0786529646103,15.8792449338371,12.2007878018373,10.2236390070044,9.12826113194906,10.4101051794586,8.7360358398553,18.5532175794011,9.09881375551399,6.81557964464504,8.06761664488934,11.7138731066751,11.7138731066751,11.7138731066751,11.7138731066751,11.7138731066751,11.7138731066751,11.7138731066751
562,"NER","Niger",NA,NA,NA,NA,NA,NA,NA,NA,NA,NA,NA,NA,NA,NA,NA,NA,NA,NA,NA,NA,NA,NA,NA,NA,NA,NA
566,"NGA","Nigeria",22.5281713993454,19.9701730939008,21.0754022906009,20.5057442838542,21.9004217801905,23.4605665869574,21.3865972619023,20.0223113470985,19.0801520393359,20.7519405278834,20.1805729614005,19.4746708444628,18.4093244510749,18.3918735583732,15.6437504560708,13.90101727104,11.6780798075149,11.7483632470114,12.3447226028964,15.4974529460122,15.4974529460122,15.4974529460122,15.4974529460122,15.4974529460122,15.4974529460122,15.4974529460122
570,"NIU","Niue",NA,NA,NA,NA,NA,NA,NA,NA,NA,NA,NA,NA,NA,NA,NA,NA,NA,NA,NA,NA,NA,NA,NA,NA,NA,NA
408,"PRK","North Korea",2.82308784393562,4.54930996495791,9.33109009326726,10.345247712064,10.2333861127546,9.94437840122819,9.53929150501813,9.48297297923295,8.97250548552161,8.85449162449443,9.00888759292874,9.18315080241365,9.33258945332514,9.51476419648294,9.58210771445795,9.69430813176137,10.0055556698577,8.96129730277717,9.79807830726295,11.6435458669219,11.6435458669219,11.6435458669219,11.6435458669219,11.6435458669219,11.6435458669219,11.6435458669219
807,"MKD","North Macedonia",NA,NA,NA,NA,NA,NA,NA,NA,NA,NA,NA,NA,NA,NA,NA,NA,NA,NA,NA,NA,NA,NA,NA,NA,NA,NA
578,"NOR","Norway",12.9734413356602,13.6430582942996,14.0160349461293,13.9868444100004,12.312934174172,10.058531417189,8.388101608935,9.40989189879852,10.4750672041819,10.8258863996122,9.25544077892987,8.28019764669187,9.3306356523359,10.9900402567058,13.7205135372689,15.6720366880355,17.5521021572034,14.8878686540317,13.090010486844,11.9239787098483,11.9239787098483,11.9239787098483,11.9239787098483,11.9239787098483,11.9239787098483,11.9239787098483
512,"OMN","Oman",51.2260075001143,36.9722228264128,30.3109561874559,30.0811328689586,35.5610019894384,46.5910044954657,37.3758899800294,29.7721489141948,30.0983529500589,28.0976196953851,33.886007324084,28.4288336411389,25.1980415317528,20.5671657738239,19.7222319754558,15.6187998352883,17.0034496111672,17.9136905320289,26.0995374958871,25.724388848182,25.724388848182,25.724388848182,25.724388848182,25.724388848182,25.724388848182,25.724388848182
586,"PAK","Pakistan",23.263153199236,24.2632074973774,16.8428576478005,12.3847401008061,9.09837756574889,8.96355996909301,8.36941832438818,8.05897640721889,8.12242406934189,7.37391625303128,6.94146367291771,6.33639433029471,6.81139331388253,7.22492752684641,7.60345985548742,7.68481548806847,7.56956176525513,7.35102828898779,6.94874550887376,6.16345934819344,6.16345934819344,6.16345934819344,6.16345934819344,6.16345934819344,6.16345934819344,6.16345934819344
585,"PLW","Palau",22.4455394139893,24.0968196053414,25.2944541799064,24.4498779730327,19.8360177021076,18.2792643723285,18.3744566131145,22.0565621468884,22.8378522914226,20.4726905377319,18.2792643723285,18.4180626691218,20.3960363987842,23.8689521649581,18.5147501836059,13.5846710055872,13.6768622218695,20.1275076500176,23.7412995493182,26.5898571144592,26.5898571144592,26.5898571144592,26.5898571144592,26.5898571144592,26.5898571144592,26.5898571144592
591,"PAN","Panama",3.33005890918346,2.92875376830185,3.69052689744876,4.09922407778187,4.33022955291,8.50129928374798,7.91414338782438,8.75725200325779,5.12536655759222,3.9776136377352,2.74044121815422,0.856234031549491,1.38718364698188,0.793649419407132,2.2937724193016,2.02570201774213,7.07727960842546,8.03171487597039,9.90442417618364,6.23606923478158,6.23606923478158,6.23606923478158,6.23606923478158,6.23606923478158,6.23606923478158,6.23606923478158
598,"PNG","Papua New Guinea",24.4327461875075,24.5707272174682,23.5531696237327,20.4069468915558,19.5338916278016,18.0498138150303,17.7852743273449,17.9829425682572,18.0330491211957,19.0895704797764,19.0707434962402,19.8770825952694,20.7860434512292,21.2896878203616,24.8174321947267,26.6554311889079,27.4822365113026,26.6994155819563,13.5439998777587,3.06875649204578,3.06875649204578,3.06875649204578,3.06875649204578,3.06875649204578,3.06875649204578,3.06875649204578
600,"PRY","Paraguay",NA,NA,NA,NA,NA,NA,NA,NA,NA,NA,NA,NA,NA,NA,NA,NA,NA,NA,NA,NA,NA,NA,NA,NA,NA,NA
604,"PER","Peru",14.1309287028451,15.2057309740699,11.197059666757,13.0027357082783,14.0930966135583,22.8521864359397,23.7571569479919,24.0311207042214,26.1853487748107,26.9452697865597,26.5031654727315,24.9072149132327,23.2781852640164,24.9796950138811,26.227078143553,29.5276734621132,32.8151437058189,33.589766341794,30.0250112792704,25.0527666589448,25.0527666589448,25.0527666589448,25.0527666589448,25.0527666589448,25.0527666589448,25.0527666589448
608,"PHL","Philippines",20.6616293917882,19.2033714121093,20.1805729614005,17.7365317036199,17.2324815647029,18.1510665922825,17.6398353842629,17.3947654857581,15.5417257560129,15.9437184228921,15.5353876496307,16.9535198409156,17.5046123174624,19.1938325585628,19.6535214423101,16.4976590927009,12.5466230579148,8.32683236991258,8.15015087311858,8.52442707069048,8.52442707069048,8.52442707069048,8.52442707069048,8.52442707069048,8.52442707069048,8.52442707069048
616,"POL","Poland",22.4181640275587,50.2953364861217,26.4816230873482,20.2232528295533,19.1747852855782,24.7462486772333,20.2768903709925,10.6851114334824,6.07052037128486,2.3709148920416,0.499792989632724,1.45794973472586,1.5040966557948,1.53587828878297,0,0,0,0,0,2.60999389751358,2.60999389751358,2.60999389751358,2.60999389751358,2.60999389751358,2.60999389751358,2.60999389751358
620,"PRT","Portugal",5.80707660963171,3.39700244584552,1.31257567503884,1.28766264703687,1.18590449839814,1.04473268272559,0.551115760192104,0.246691021066667,0.258913341181483,0.770372216525558,0.826139970900769,1.02958271245065,0.901435701719237,0.567284431705488,0.897592896007851,1.45813070952202,2.30145804230804,2.27811720381784,2.47770532500724,1.57454873848259,1.57454873848259,1.57454873848259,1.57454873848259,1.57454873848259,1.57454873848259,1.57454873848259
634,"QAT","Qatar",NA,NA,NA,NA,NA,NA,NA,NA,NA,NA,NA,NA,NA,NA,NA,NA,NA,NA,NA,NA,NA,NA,NA,NA,NA,NA
178,"COG","Republic of Congo",NA,NA,NA,NA,NA,NA,NA,NA,NA,NA,NA,NA,NA,NA,NA,NA,NA,NA,NA,NA,NA,NA,NA,NA,NA,NA
642,"ROU","Romania",NA,NA,NA,NA,NA,NA,NA,NA,NA,NA,NA,NA,NA,NA,NA,NA,NA,NA,NA,NA,NA,NA,NA,NA,NA,NA
643,"RUS","Russia",24.7810717040961,26.6046871981321,31.4251228397982,33.0637406646486,29.5098103931661,27.4572909497174,13.8980279358421,7.41408477929822,2.84287089146154,2.44702503110982,2.85660069363206,2.90783230421971,2.39795081595001,1.77291918203154,5.16039309065032,5.86639641097591,11.3165254219452,6.42267733627465,6.67192089803513,3.84529174241781,3.84529174241781,3.84529174241781,3.84529174241781,3.84529174241781,3.84529174241781,3.84529174241781
646,"RWA","Rwanda",NA,NA,NA,NA,NA,NA,NA,NA,NA,NA,NA,NA,NA,NA,NA,NA,NA,NA,NA,NA,NA,NA,NA,NA,NA,NA
652,"BLM","Saint Barthelemy",NA,NA,NA,NA,NA,NA,NA,NA,NA,NA,NA,NA,NA,NA,NA,NA,NA,NA,NA,NA,NA,NA,NA,NA,NA,NA
659,"KNA","Saint Kitts and Nevis",NA,NA,NA,NA,NA,NA,NA,NA,NA,NA,NA,NA,NA,NA,NA,NA,NA,NA,NA,NA,NA,NA,NA,NA,NA,NA
662,"LCA","Saint Lucia",NA,NA,NA,NA,NA,NA,NA,NA,NA,NA,NA,NA,NA,NA,NA,NA,NA,NA,NA,NA,NA,NA,NA,NA,NA,NA
670,"VCT","Saint Vincent and the Grenadines",NA,NA,NA,NA,NA,NA,NA,NA,NA,NA,NA,NA,NA,NA,NA,NA,NA,NA,NA,NA,NA,NA,NA,NA,NA,NA
882,"WSM","Samoa",15.1206410870023,17.6719515938209,18.6572771260584,19.980576483234,20.2018874639149,18.7113151576062,19.1747852855782,11.8066608891429,8.05897640721889,5.21460193303346,5.70812159773814,8.96051940274924,9.15101475718747,12.2740190429245,11.7899656498875,12.8418467503635,10.0382325965765,8.01783842157519,8.10306627021869,8.62049294138677,8.62049294138677,8.62049294138677,8.62049294138677,8.62049294138677,8.62049294138677,8.62049294138677
674,"SMR","San Marino",NA,NA,NA,NA,NA,NA,NA,NA,NA,NA,NA,NA,NA,NA,NA,NA,NA,NA,NA,NA,NA,NA,NA,NA,NA,NA
678,"STP","Sao Tome and Principe",9.69844205011746,7.98233775810745,6.29115403449434,4.97768223026394,5.26274758924367,7.01944361698548,10.6116967022907,11.6124309161116,13.2398122321263,13.6204104309329,15.0363522662283,16.3715654660072,12.4383765229562,13.1035722359963,12.6240972975616,12.1385996660725,9.93934213502163,10.8075774952978,14.7532417330725,19.9494025102016,19.9494025102016,19.9494025102016,19.9494025102016,19.9494025102016,19.9494025102016,19.9494025102016
682,"SAU","Saudi Arabia",15.6295898017957,14.528949834076,15.6138683845738,16.056752675713,12.9571289467233,10.167814875953,8.1728140172701,8.90278731447154,9.07524623706063,9.4424299844774,8.76978350267647,8.69801171163412,8.76802516482891,9.42041358226832,9.37647523925334,8.71037237262925,10.8314500259112,12.2996746777305,12.8061931651135,12.2656907506736,12.2656907506736,12.2656907506736,12.2656907506736,12.2656907506736,12.2656907506736,12.2656907506736
686,"SEN","Senegal",11.8401450539625,11.4143244466602,11.5269908410579,10.3558311286821,10.117447094476,9.10455413868826,7.77490258061543,7.49440227081398,7.38410749282765,7.6558626683648,6.63616324543356,5.54472486763507,4.86730446808909,4.71086490475449,4.90781181623576,5.56134693100364,6.10360222397578,7.23495048669341,8.21704764356141,9.91563477910492,9.91563477910492,9.91563477910492,9.91563477910492,9.91563477910492,9.91563477910492,9.91563477910492
688,"SRB","Serbia",NA,NA,NA,NA,NA,NA,NA,NA,NA,NA,NA,NA,NA,NA,NA,NA,NA,NA,NA,NA,NA,NA,NA,NA,NA,NA
690,"SYC","Seychelles",16.8648809345596,13.6614309456813,11.971092057742,11.3823927496401,12.7022477899991,10.2991670730373,10.082919859478,13.3682044270496,16.1313532456663,17.7041834217861,13.6511581841573,10.0074254017142,10.2639332890556,9.20396323833886,7.39431034620114,6.6572927248199,7.6270031735032,10.3558311286821,10.5171487543287,8.89388686425262,8.89388686425262,8.89388686425262,8.89388686425262,8.89388686425262,8.89388686425262,8.89388686425262
694,"SLE","Sierra Leone",36.3560705602073,35.7302059194018,33.8799915036793,34.3856387865331,34.5961742224491,37.9869835873218,40.1791952675046,42.9520209170522,43.0884796129232,45.6133117896002,44.9122874166122,45.9855430235503,35.975327170204,31.8635872706107,29.1719998496252,31.1835878573177,32.1022359808928,33.8309626094015,32.1832203838022,31.1111243287252,31.1111243287252,31.1111243287252,31.1111243287252,31.1111243287252,31.1111243287252,31.1111243287252
702,"SGP","Singapore",NA,NA,NA,NA,NA,NA,NA,NA,NA,NA,NA,NA,NA,NA,NA,NA,NA,NA,NA,NA,NA,NA,NA,NA,NA,NA
534,"SXM","Sint Maarten",NA,NA,NA,NA,NA,NA,NA,NA,NA,NA,NA,NA,NA,NA,NA,NA,NA,NA,NA,NA,NA,NA,NA,NA,NA,NA
703,"SVK","Slovakia",NA,NA,NA,NA,NA,NA,NA,NA,NA,NA,NA,NA,NA,NA,NA,NA,NA,NA,NA,NA,NA,NA,NA,NA,NA,NA
705,"SVN","Slovenia",NA,NA,NA,NA,NA,NA,NA,NA,NA,NA,NA,NA,NA,NA,NA,NA,NA,NA,NA,NA,NA,NA,NA,NA,NA,NA
90,"SLB","Solomon Islands",40.2791069321963,42.0509546253451,40.2791069321963,33.2626486134533,31.1835878573177,27.0592931646357,29.4374216897396,37.3129960717739,38.7158682452113,40.6902907826717,40.4823385898392,42.8176108282194,40.7961066184581,40.3801461264103,41.5740514060154,32.7715992375937,13.7284927436878,6.15678876064672,3.24844489412574,9.194596606321,9.194596606321,9.194596606321,9.194596606321,9.194596606321,9.194596606321,9.194596606321
706,"SOM","Somalia",35.8519277114825,35.2592215504628,35.2020531064883,34.3337694827251,34.5961742224491,31.3302984615389,29.7109530249202,27.0592931646357,26.4173051930272,25.504181562686,25.256844182857,24.8353168562798,19.4256176669773,15.5544154450679,13.7026402659181,14.179806043976,14.9825826392064,14.858361897768,14.8524893967347,14.7590494756194,14.7590494756194,14.7590494756194,14.7590494756194,14.7590494756194,14.7590494756194,14.7590494756194
710,"ZAF","South Africa",3.61452983830807,4.43907664313402,5.97763585044387,6.6639836470728,7.28676752861487,10.2170340224499,12.8670323435312,16.7839987270879,17.7243837118188,17.8739010787777,16.7928785607578,12.5413755003634,10.4763601700655,9.05487484178033,9.4444021176874,8.8052807614996,10.047093685444,7.20205777719741,7.087630008448,7.78024951897117,7.78024951897117,7.78024951897117,7.78024951897117,7.78024951897117,7.78024951897117,7.78024951897117
410,"KOR","South Korea",17.2019010833966,15.0543474748543,15.0124147790727,17.0131037511869,21.4722621090284,22.6676090382317,23.7096687603796,21.3987850294472,21.0050985232213,20.148696047961,19.5735908928202,19.7240508648764,19.9701730939008,20.8661257594904,16.6542248570741,17.0881456249273,18.6572771260584,22.8378522914226,22.7239978741849,22.9968043935303,22.9968043935303,22.9968043935303,22.9968043935303,22.9968043935303,22.9968043935303,22.9968043935303
728,"SSD","South Sudan",NA,NA,NA,NA,NA,NA,NA,NA,NA,NA,NA,NA,NA,NA,NA,NA,NA,NA,NA,NA,NA,NA,NA,NA,NA,NA
724,"ESP","Spain",5.5467297564292,4.44246681220049,3.74875973028006,3.51550579452969,3.8708674958628,4.83452831540509,4.65084231646225,3.88535475161308,2.72863655583831,3.08414718164074,3.07685257554668,3.01196214557412,2.61415265736633,2.53045757798908,2.7178911655631,3.55690204241399,4.95556943175622,6.19860316577335,6.54629087840635,7.28636180908306,7.28636180908306,7.28636180908306,7.28636180908306,7.28636180908306,7.28636180908306,7.28636180908306
144,"LKA","Sri Lanka",29.6801446993077,29.8040192247714,30.089166867912,30.089166867912,29.9613121343494,29.085246116925,27.7014443332829,26.7436171221776,27.2214055351874,25.2193915130795,26.311124927802,20.9006672429864,18.5147501836059,14.6550821837691,12.375831853523,12.2476484952835,12.4338945280533,14.0072188847477,13.1665687966666,12.0351477224285,12.0351477224285,12.0351477224285,12.0351477224285,12.0351477224285,12.0351477224285,12.0351477224285
275,"PSE","State of Palestine",NA,NA,NA,NA,NA,NA,NA,NA,NA,NA,NA,NA,NA,NA,NA,NA,NA,NA,NA,NA,NA,NA,NA,NA,NA,NA
729,"SDN","Sudan",4.16074816995132,4.1678650940493,3.62236519014917,2.82800420933228,3.42361998287338,3.80850702740392,3.53901788620705,4.1678650940493,6.28213334228302,7.40708028488903,11.2400928889161,10.0967147796038,11.2754563861974,6.67611643785003,7.00232737428968,5.74625580838955,6.39326807018836,6.39326807018836,6.39326807018836,6.39326807018836,6.39326807018836,6.39326807018836,6.39326807018836,6.39326807018836,6.39326807018836,6.39326807018836
740,"SUR","Suriname",14.2016152508308,20.2232528295533,26.900063948238,26.3534460465929,23.0994450580268,21.3138170204051,20.4836949000319,21.0519063097286,15.8579211653486,12.1516156133559,10.041662170859,10.7405702519889,9.25094395052578,8.2844480152249,9.00623667669095,12.2520381963082,13.8221846757901,13.4080830133023,11.7483632470114,8.78292941249056,8.78292941249056,8.78292941249056,8.78292941249056,8.78292941249056,8.78292941249056,8.78292941249056
752,"SWE","Sweden",26.8885576738762,53.8321590000451,26.3228237817771,19.569629355449,15.6170552643503,14.5721316440877,15.0204062152285,10.4977277478601,10.5167363529145,10.3016582461451,10.5022014723891,10.5224929860099,10.2788946125826,16.4413061669925,16.1091277796706,11.2206386768401,7.55070261094008,4.88171018290355,5.23126902006382,5.92309777909568,5.92309777909568,5.92309777909568,5.92309777909568,5.92309777909568,5.92309777909568,5.92309777909568
756,"CHE","Switzerland",NA,NA,NA,NA,NA,NA,NA,NA,NA,NA,NA,NA,NA,NA,NA,NA,NA,NA,NA,NA,NA,NA,NA,NA,NA,NA
760,"SYR","Syria",NA,NA,NA,NA,NA,NA,NA,NA,NA,NA,NA,NA,NA,NA,NA,NA,NA,NA,NA,NA,NA,NA,NA,NA,NA,NA
158,"TWN","Taiwan",6.13902478620651,6.13015599840485,6.54981772710185,6.03317478196419,5.72716840023739,5.24265542628834,5.93072859905024,7.18993526532059,8.52442707069048,9.69844205011746,10.4057080739369,10.5533952876869,9.82477566722926,9.00929281113051,8.63513871612727,9.6523437995986,10.6703802496719,11.3585184915862,12.1472748614687,14.3391397595763,14.3391397595763,14.3391397595763,14.3391397595763,14.3391397595763,14.3391397595763,14.3391397595763
762,"TJK","Tajikistan",NA,NA,NA,NA,NA,NA,NA,NA,NA,NA,NA,NA,NA,NA,NA,NA,NA,NA,NA,NA,NA,NA,NA,NA,NA,NA
834,"TZA","Tanzania",15.4596782921917,18.4531010749486,19.2224796615848,20.672868591089,20.7066710901615,20.594488877481,20.4947128042825,20.8088511131546,20.9701525785254,20.3742552190373,17.2708546361595,14.082316742257,10.9849424693107,10.0932640564294,11.4785315358953,12.6012410825787,13.7233162727973,13.3632320696763,13.90101727104,13.90101727104,13.90101727104,13.90101727104,13.90101727104,13.90101727104,13.90101727104,13.90101727104
764,"THA","Thailand",13.8624258047488,12.9328070413089,11.2169587268366,10.4846343305599,10.5308996786525,10.1301728705052,8.85320274836386,6.83683266002534,5.64933678910678,5.6570879508299,5.58306865150253,5.55440999088896,4.47322136983006,4.48888058732385,4.23254293840917,3.74701265052786,3.86984099451358,4.13673618220731,3.81939479096995,3.27177498804635,3.27177498804635,3.27177498804635,3.27177498804635,3.27177498804635,3.27177498804635,3.27177498804635
626,"TLS","Timor-Leste",29.0278738079631,36.4211322222305,43.6561147995638,40.3801461264103,25.6011608357373,23.188369130473,20.1275076500176,20.5500066270961,16.4835606731949,16.9386856155446,18.2192102405265,18.7113151576062,18.5768267305055,18.6752535887784,18.6393366842594,18.6483024115683,18.9030587905649,18.8662182021584,18.8203796220158,18.6124932458762,18.6124932458762,18.6124932458762,18.6124932458762,18.6124932458762,18.6124932458762,18.6124932458762
768,"TGO","Togo",NA,NA,NA,NA,NA,NA,NA,NA,NA,NA,NA,NA,NA,NA,NA,NA,NA,NA,NA,NA,NA,NA,NA,NA,NA,NA
776,"TON","Tonga",43.2270503311782,32.9914707844157,27.7261353861996,24.8353168562798,24.6580578361048,24.6756266461034,24.9252800046134,26.227078143553,30.6882436974266,31.6694602731636,31.2566426587471,27.5304876518799,26.7436171221776,25.9389762230999,24.9979070916415,27.0135094110557,30.089166867912,37.0991555447492,13.1132352106406,6.2618699537491,6.2618699537491,6.2618699537491,6.2618699537491,6.2618699537491,6.2618699537491,6.2618699537491
780,"TTO","Trinidad and Tobago",10.302698089487,9.29817248614808,9.97672384730187,10.1312953569175,9.89199003198281,12.5784430670468,13.0410158324009,13.7440401377166,11.5513192063339,11.2205066889175,11.0653407123957,10.4846518653644,10.4594578022068,10.4558644306771,11.3466051932713,11.092301365647,9.81139313403456,9.23212207263744,9.14170332590996,9.81139313403456,9.81139313403456,9.81139313403456,9.81139313403456,9.81139313403456,9.81139313403456,9.81139313403456
788,"TUN","Tunisia",24.5360320933349,22.4181640275587,24.3645449859366,23.2481463301382,21.9133299763284,18.2277647795758,16.4064137136898,14.1201032124612,14.9291340027345,15.4220623433133,15.1813369481726,14.2508810754406,13.9221570539385,13.6871645348777,12.5330204540337,14.0179086616888,17.8342837640707,23.0553120413538,24.5014708983269,24.6230233035408,24.6230233035408,24.6230233035408,24.6230233035408,24.6230233035408,24.6230233035408,24.6230233035408
792,"TUR","Turkey",20.9876353485317,19.3770944622874,18.0671658898896,17.6986051408708,19.4971776346382,18.1904236213732,18.8091805465285,19.673700777309,19.8529130958961,14.6148466845109,12.286913762405,12.5844573482856,15.0474798180528,11.236370900024,10.5765955075118,12.0847589178789,13.6924037415503,8.34992618920501,3.89538014530078,2.35564419984141,2.35564419984141,2.35564419984141,2.35564419984141,2.35564419984141,2.35564419984141,2.35564419984141
795,"TKM","Turkmenistan",NA,NA,NA,NA,NA,NA,NA,NA,NA,NA,NA,NA,NA,NA,NA,NA,NA,NA,NA,NA,NA,NA,NA,NA,NA,NA
796,"TCA","Turks and Caicos Islands",NA,NA,NA,NA,NA,NA,NA,NA,NA,NA,NA,NA,NA,NA,NA,NA,NA,NA,NA,NA,NA,NA,NA,NA,NA,NA
798,"TUV","Tuvalu",36.3560705602073,23.6467404635065,41.6909169277296,36.1636751036985,41.1212712481058,27.3865073985279,28.4735072962097,20.9237691547446,21.5836208859699,17.2862500333445,17.0655669480587,18.108738690806,19.2993231005861,22.7807441054843,25.6402485949474,28.6362431640026,29.4374216897396,22.1224329548488,21.4477026876193,27.3153763342662,27.3153763342662,27.3153763342662,27.3153763342662,27.3153763342662,27.3153763342662,27.3153763342662
800,"UGA","Uganda",NA,NA,NA,NA,NA,NA,NA,NA,NA,NA,NA,NA,NA,NA,NA,NA,NA,NA,NA,NA,NA,NA,NA,NA,NA,NA
804,"UKR","Ukraine",2.27387284555843,2.07865880652498,5.36389035617935,9.29817248614808,13.3881215174419,12.6470120099027,12.2740190429245,12.5921149090381,12.6607890408266,13.0314304465575,9.72820246789662,6.83533828808774,3.73188976006787,3.27096035975669,2.62346511925158,2.27819559205271,2.0617607858299,2.38986640001153,3.54233692371356,11.7983093780555,11.7983093780555,11.7983093780555,11.7983093780555,11.7983093780555,11.7983093780555,11.7983093780555
784,"ARE","United Arab Emirates",21.9437294556709,18.6603507194716,18.719304112418,22.1926906627401,25.6262486854239,32.1441433150019,25.9242062705667,20.6400487723421,16.8499343843744,15.5904190136137,14.149395492707,13.1121280082615,12.1651907895604,12.6577850281994,13.7219200339696,13.9448908314862,14.0956063707618,13.4102777365332,13.7019605287445,13.4990229067635,13.4990229067635,13.4990229067635,13.4990229067635,13.4990229067635,13.4990229067635,13.4990229067635
826,"GBR","United Kingdom",12.3930593405397,11.3711832331245,10.7112108551507,11.4053809323708,13.2143266823195,12.5073665608278,9.8632418691146,8.76677445328231,6.57165239490793,8.40681248099034,8.92095744789771,8.65134092550907,8.39410046244998,8.96538640485601,9.39931424173639,8.41117075426534,8.32016790509198,7.03758585699497,8.51840696258262,13.065940864216,13.065940864216,13.065940864216,13.065940864216,13.065940864216,13.065940864216,13.065940864216
840,"USA","United States of America",12.3114363672734,11.7331446264299,12.3394969143722,9.92210068407002,10.3228405060283,10.3600821352736,12.7418294101621,12.9670095566434,14.0706306429308,13.154831998243,12.957961931906,11.1416853764779,9.47796314317108,9.09327530353256,7.15623254275201,10.3458563884035,12.1469582128173,14.6371142711998,11.9326975087752,8.86185072060897,8.86185072060897,8.86185072060897,8.86185072060897,8.86185072060897,8.86185072060897,8.86185072060897
858,"URY","Uruguay",37.3129960717739,39.5093923030418,40.5857109537558,17.410375618962,11.5635082238426,7.07591420432099,7.08084156421474,6.43444202806022,6.62913115221585,7.1327432273399,8.43511275592411,9.2415280655928,8.52442707069048,7.5669595280492,5.64282436784769,5.95677384167247,6.2618699537491,6.90997730844929,7.07591420432099,7.09563993517767,7.09563993517767,7.09563993517767,7.09563993517767,7.09563993517767,7.09563993517767,7.09563993517767
860,"UZB","Uzbekistan",NA,NA,NA,NA,NA,NA,NA,NA,NA,NA,NA,NA,NA,NA,NA,NA,NA,NA,NA,NA,NA,NA,NA,NA,NA,NA
548,"VUT","Vanuatu",28.1049128041904,27.0363720227718,23.8528957001761,26.0613150798531,27.4103438908359,27.4822365113026,28.5816685581903,27.8006197453421,27.5790002374675,27.4103438908359,28.0791562954535,28.8299173412643,30.1537854889168,34.1292459938321,20.7632937420665,37.9095411983402,16.4554302606953,14.5523083343491,13.338411620858,7.57216475901058,7.57216475901058,7.57216475901058,7.57216475901058,7.57216475901058,7.57216475901058,7.57216475901058
862,"VEN","Venezuela",23.9011517385956,19.5636495617304,17.7689972838722,15.7599352955864,15.0603539241693,14.2783685697973,14.185253367265,13.7388546726777,14.8760025470861,13.2496234514786,10.5026911287905,5.54887749130583,3.35834002410604,3.20358311784894,1.92494117851014,1.45137669093447,0.00111753914083579,1.02413069906275,0.61515039353641,0,0,0,0,0,0,0
704,"VNM","Viet Nam",36.8903034750136,39.4176691780221,40.3801461264103,41.1212712481058,40.7961066184581,40.9031880271049,40.9031880271049,40.4823385898392,40.0803862448636,41.3447994181428,42.9520209170522,45.432843077115,45.432843077115,46.779918365395,46.9900350437088,41.6909169277296,38.1439073435132,35.088799794258,35.2592215504628,35.2592215504628,35.2592215504628,35.2592215504628,35.2592215504628,35.2592215504628,35.2592215504628,35.2592215504628
876,"WLF","Wallis and Futuna Islands",NA,NA,NA,NA,NA,NA,NA,NA,NA,NA,NA,NA,NA,NA,NA,NA,NA,NA,NA,NA,NA,NA,NA,NA,NA,NA
732,"ESH","Western Sahara",NA,NA,NA,NA,NA,NA,NA,NA,NA,NA,NA,NA,NA,NA,NA,NA,NA,NA,NA,NA,NA,NA,NA,NA,NA,NA
887,"YEM","Yemen",18.3700024419198,17.6204240609709,15.4388664164802,14.8416195729503,14.1362967107135,14.1801013744607,14.2426527320034,17.1531494463089,19.8116907313827,24.3784544616267,28.069556864189,30.0293431127891,33.4703797800326,43.0108012603403,39.8510883194656,48.8076871562415,52.5308224136849,59.8373496161947,61.6167314760347,61.615034907085,61.615034907085,61.615034907085,61.615034907085,61.615034907085,61.615034907085,61.615034907085
894,"ZMB","Zambia",NA,NA,NA,NA,NA,NA,NA,NA,NA,NA,NA,NA,NA,NA,NA,NA,NA,NA,NA,NA,NA,NA,NA,NA,NA,NA
716,"ZWE","Zimbabwe",NA,NA,NA,NA,NA,NA,NA,NA,NA,NA,NA,NA,NA,NA,NA,NA,NA,NA,NA,NA,NA,NA,NA,NA,NA,NA
