"code","iso","country","GHP.ind.1995","GHP.ind.1996","GHP.ind.1997","GHP.ind.1998","GHP.ind.1999","GHP.ind.2000","GHP.ind.2001","GHP.ind.2002","GHP.ind.2003","GHP.ind.2004","GHP.ind.2005","GHP.ind.2006","GHP.ind.2007","GHP.ind.2008","GHP.ind.2009","GHP.ind.2010","GHP.ind.2011","GHP.ind.2012","GHP.ind.2013","GHP.ind.2014","GHP.ind.2015","GHP.ind.2016","GHP.ind.2017","GHP.ind.2018","GHP.ind.2019","GHP.ind.2020"
4,"AFG","Afghanistan",100,100,100,100,100,100,100,100,100,100,100,100,100,100,100,99.2993176339417,96.1838176332778,98.6730468968722,100,99.9571261194735,100,100,100,100,100,100
8,"ALB","Albania",70.2564023981837,71.8643321205832,75.0752686258349,74.2719490267923,68.6579195019285,67.9299948087639,66.5710671758785,63.8182159964249,62.4238802415588,63.0661489771442,62.6575022197236,63.9269697718283,64.3177038394916,63.1179615872271,63.499838910991,62.4090171622828,60.0181588898518,60.8393270859163,60.2989048589817,58.036515846023,59.1425630166429,58.3076149427763,58.2776567023451,58.2776567023451,58.2776567023451,58.2776567023451
12,"DZA","Algeria",36.2280172428766,37.0579975811825,41.2354683007507,39.450929037919,42.8049850511481,43.9349491094853,46.4997104834807,46.412504326189,44.8421914755531,46.4203523773265,43.3753361191847,44.31613176726,43.9586632730555,43.9420572614003,43.6587941074001,44.2606888237198,44.8296661535012,43.9434856097049,44.0280164118846,43.0697790065146,42.9321970127393,43.8136708181108,44.5511343227919,44.5511343227919,44.5511343227919,44.5511343227919
20,"AND","Andorra",26.7930988684467,25.479373018728,25.0127380986152,24.4029794507104,23.6812612794863,23.7058889325732,24.4108879385727,25.1397830774951,26.2493232400478,26.1846545448166,26.4411621556003,28.4920296890419,29.2027181009262,29.6562520675486,30.8991335382366,30.6771370021015,31.7304405557835,31.6360500151503,31.3142360929058,31.2119964830586,30.9575129874937,30.3017115926163,30.0384207981149,30.0384207981149,30.0384207981149,30.0384207981149
24,"AGO","Angola",42.8604910045441,43.5941920228929,46.5406855224609,46.4152559512258,49.1669468373016,52.4587275581289,52.9876931453833,52.1021249468992,53.0334526274568,50.4343626345399,51.1464277797108,53.2745385470574,52.3878659091661,53.9629651563587,54.4784144628097,53.6261587992574,54.0044993248983,54.6925213306776,57.0470402723891,58.1011596658773,58.1398111629033,59.0835657848168,60.2928193133043,60.2928193133043,60.2928193133043,60.2928193133043
660,"AIA","Anguilla",NA,NA,NA,NA,NA,NA,NA,NA,NA,NA,NA,NA,NA,NA,NA,NA,NA,NA,NA,NA,NA,NA,NA,NA,NA,NA
28,"ATG","Antigua and Barbuda",43.1782266728827,42.4054609491004,41.8809590355488,41.6790562967031,41.2875098151293,40.5287419636418,40.6323782715864,39.5449679218687,37.7695474245872,36.9637342991114,36.857577613216,36.4706012779627,35.5447113894445,35.4312555910573,34.4537993406299,35.2013095386433,35.9032000800773,35.6841612031905,36.001970279712,35.6096412268941,35.3537378487748,34.8189768704915,35.2173465822813,35.2173465822813,35.2173465822813,35.2173465822813
32,"ARG","Argentina",31.1205332994727,30.0769812391365,31.2229056949182,32.2540835519877,31.592721916004,32.0932890711185,32.8660632093461,34.0812787316051,31.7919713389818,29.7180516768076,29.7644999052267,28.5192086737675,28.720268400176,27.942337706361,30.1895676838518,30.4102218354352,30.4003299750223,30.4848678347733,30.7045397860197,29.665930038825,29.734779280544,29.6298258114831,29.8124838240315,29.8124838240315,29.8124838240315,29.8124838240315
51,"ARM","Armenia",83.1786484643132,87.9281137887385,83.0385646287277,82.3299514647289,84.3008239718903,81.1843828255719,80.6244067745138,82.1059694658528,79.175807905381,76.6317974679073,72.3214262257095,70.2855418623286,67.222076689653,64.8863376272193,69.3508520444661,69.7226382037162,66.432732030043,62.559944515359,62.785369748078,62.7078525409444,60.3454840710481,58.6365752120512,60.3361777305201,60.3361777305201,60.3361777305201,60.3361777305201
533,"ABW","Aruba",1.18198600318884,1.89730947323324,1.84202219518873,1.43949301548633,1.87967240726425,0,0,0,0,0,0,0,0,0,0,0,0,14.6994557642025,27.779388880176,27.5505122660316,27.0888308455206,26.3802397961745,26.6271525220558,26.6271525220558,26.6271525220558,26.6271525220558
36,"AUS","Australia",0,0,0,0,0,0,0,0,0,0,0,0,0,0,0,0,0,0,0,0,0,0,0,0,0,0
40,"AUT","Austria",24.990034419176,23.6209532173387,23.8077842365562,23.7026127206932,24.5063961838977,24.3962302406317,23.0875942489898,22.5704898224425,20.6189663707754,21.5246995388899,21.0724890708834,21.7248743043242,22.6964258952262,22.9873257018461,22.2960277451811,18.5296963134674,19.4062072616007,21.8901278879917,22.2087798647303,23.437509572751,23.2392989557914,23.2955237512157,22.9945855517358,22.9945855517358,22.9945855517358,22.9945855517358
31,"AZE","Azerbaijan",44.4208991114824,46.4655593570043,47.7977937873864,46.2972202816874,48.4143443684584,47.8335107276524,48.3249235095581,47.8747924249064,46.9296165070798,45.8264770753852,43.9303133892338,40.5959372891585,45.2331424890503,40.3837939914755,43.6471073263811,44.9293611113701,43.4854707392362,42.3624076344643,43.0547657380688,41.3572670943836,39.6132523456365,39.8032200002655,40.3245425966,40.3245425966,40.3245425966,40.3245425966
44,"BHS","Bahamas",32.5482703858416,32.7008862539468,37.5852543446645,32.9736776412831,33.3649976416165,33.9508701221559,35.650214264735,36.0687122022904,37.2115237572363,34.6402793734645,35.0196891845675,36.4560771521406,36.5589479039412,39.5489310043413,38.1752205660916,38.4347165851861,35.5748535393785,34.6395664607984,26.4910397261211,30.4643166408456,30.099777650839,29.5908390129847,29.9319991397652,29.9319991397652,29.9319991397652,29.9319991397652
48,"BHR","Bahrain",0,0,0,0,0,0,0,0,0,0,0,0,0,0,0,0,0,0,0,0,0,0,0,0,0,0
50,"BGD","Bangladesh",97.9226691997284,98.1624725898618,98.638742632222,99.5719190448281,98.8432713199534,98.6332465619962,97.8718808673186,97.6774435876004,97.6254676496589,97.693859738563,97.0945180358742,96.20530393954,96.0982554513253,94.8939093561056,94.57790656,93.6901747347822,93.183921591136,92.8587796363636,92.6217336604004,91.9158997996937,90.0819543863235,90.43012432714,89.7427293728107,89.7427293728107,89.7427293728107,89.7427293728107
52,"BRB","Barbados",55.6579482339755,55.0591046790224,53.9045327255442,47.7532591810672,46.2794763495635,46.7731358599401,46.443046343094,46.8789838073185,46.1539341974685,45.560719267948,44.6300164308591,44.658096622002,44.2132360830241,39.7647315082493,40.0573706161211,42.7652577476927,41.5071875132942,42.6647066128593,43.1373900066244,46.9174679579865,46.3275950832458,45.72788654567,45.6965571867495,45.6965571867495,45.6965571867495,45.6965571867495
112,"BLR","Belarus",28.5116691553442,28.6811698846148,28.987189193368,29.3949621215986,30.0173857614655,30.9014714822211,31.2550013296741,31.3528729989083,30.2770892590368,27.4656524493343,26.6224012247402,24.4041006325234,25.3822079764699,24.0849995183305,24.3131609276143,22.9771597652753,18.7388239832972,18.7602205452557,18.0267907579644,18.1037643221469,19.3065774526686,19.8551041933614,19.0367869809311,19.0367869809311,19.0367869809311,19.0367869809311
56,"BEL","Belgium",14.4237616063889,13.1659888089449,13.9458926190718,13.1574703975444,14.1762430498929,14.1180408640892,14.7157649387493,16.044442163105,14.9500450673289,15.3490423240374,16.190939260308,16.6110051789378,17.6792814164124,17.4170939431379,18.8805097066631,16.2342250937488,19.0686129501957,20.2114230172318,19.8880013400317,21.072017650659,19.9492963191688,20.0008295658264,19.586219120101,19.586219120101,19.586219120101,19.586219120101
84,"BLZ","Belize",64.9725101858816,69.7745509799889,65.6302739904227,66.8846462004924,68.2213692154816,67.1124634421296,64.9512226616158,63.8003209675688,62.1569733306112,69.9012142312291,68.5133702746699,68.2833049596983,66.7137939820419,69.007491924008,62.819731833961,65.5377752020514,62.4938561876909,67.7288258044303,64.4362007953871,66.3719323712789,62.9776064767951,62.3601922050146,63.1661650874045,63.1661650874045,63.1661650874045,63.1661650874045
204,"BEN","Benin",92.8651750734899,92.8055566267787,93.023080228077,92.7454253260898,92.4053745223188,91.7460319391119,92.657269110302,89.492128130803,91.0213068200535,92.3684831315237,89.875931733292,88.3658084023858,86.6577583118017,88.8059253291417,88.351048737784,87.4921939581202,87.3089720720271,87.8953782217735,87.5315388774111,87.2266982797784,87.4915205656789,86.1115892626588,85.6722076710832,85.6722076710832,85.6722076710832,85.6722076710832
60,"BMU","Bermuda",NA,NA,NA,NA,NA,NA,NA,NA,NA,NA,NA,NA,NA,NA,NA,NA,NA,NA,NA,NA,NA,NA,NA,NA,NA,NA
64,"BTN","Bhutan",71.6440516927294,69.7140709432522,68.4175218252154,69.0690097733623,69.1030486613879,70.1279801623665,71.9588803991049,71.4625904457677,72.8291569092435,74.7405584741318,71.5935277662211,72.3222458681989,71.9027305107762,72.6984124922631,68.5304291062195,66.791800580737,63.8684602764373,63.0684828383571,62.0327938309348,61.5763534521956,62.5406779020713,61.2903620801343,61.0578392188701,61.0578392188701,61.0578392188701,61.0578392188701
68,"BOL","Bolivia",46.2705021922863,39.8824220088324,32.682466305586,31.7481501485229,33.2432912671485,35.6142370292217,42.531207017017,44.3024103425833,42.3940767143635,35.8089676404475,33.5271362613545,31.9925593413693,32.7315193241137,32.061276999189,31.6623403756357,29.3541553068127,29.4442322681541,27.9165127393342,27.8773976552661,27.4631694199457,27.4327381593635,26.7141258907427,26.2891886247267,26.2891886247267,26.2891886247267,26.2891886247267
70,"BIH","Bosnia and Herzegovina",83.0043372399296,80.0256394927668,62.1758031065251,55.7358846550698,55.3941632116475,48.4965500564604,49.5222445729846,48.1061901781022,46.96013907469,44.4001717994932,43.0328197413375,40.5029671989208,40.4580001240948,36.7030623266509,35.2491357059368,34.0577885291319,30.4069907056554,31.7048160739633,31.4345615486878,30.7588886931972,31.2098352114465,29.6198227983185,28.6316382982244,28.6316382982244,28.6316382982244,28.6316382982244
72,"BWA","Botswana",25.5422445899399,25.8484922223726,27.5525426288147,29.0812976633079,30.3737901052953,30.5074082647944,23.5790133297602,23.0509443383217,43.959543897387,43.1465909694757,38.2800219500692,33.5530509646435,38.9649446795244,20.0966911666956,43.4709436310937,15.744869345418,13.0897849747245,35.0490556536056,36.9404706356377,37.7211404439108,40.3047210299388,41.2203227976829,30.526042191956,30.526042191956,30.526042191956,30.526042191956
76,"BRA","Brazil",49.1811527230119,49.2569354117583,48.6346003139317,48.2113296311081,48.192088601897,47.9016258026809,47.465216305683,47.089049018304,46.7627682782582,45.6673112447063,45.6011962587232,46.0369412866504,45.5030440243779,45.3296902547313,46.5149748938216,43.9969463335293,44.0473429909951,43.4016701852046,42.3080900835642,41.7778266164942,42.6207555117605,43.6667968771138,43.6145630376629,43.6145630376629,43.6145630376629,43.6145630376629
92,"VGB","British Virgin Islands",46.6384717752904,43.5202334634075,42.7935170757663,42.0317836756474,42.3020429073142,42.6701379736802,42.1596396207083,41.0753059248995,40.1411285847627,40.1271616641079,39.4363875562636,38.5908844873528,38.2390940175768,37.5050021051071,38.0789994331206,37.5562379534661,37.379103973042,37.7144592470778,37.9251922478076,37.0863363488418,36.7632737108771,36.0383323014217,36.3745518172399,36.3745518172399,36.3745518172399,36.3745518172399
96,"BRN","Brunei Darussalam",0,0,0,0,0,0,0,0,0,0,0,0,0,0,0,0,0,0,0,0,0,0,0,0,0,0
100,"BGR","Bulgaria",27.9515033786106,28.1401512054019,30.8224224074663,32.8167013196227,35.1794905555427,34.8499339731435,33.0881481171431,33.390190279298,31.5338813931499,31.7750823004964,31.1432420638371,30.8420869408979,28.6795903287395,29.4675536044742,33.6457192262376,32.3773987589632,28.9499920049515,31.3949377465465,34.0935393310937,32.2204158597806,30.2608471463738,31.3768923356984,29.7537185876273,29.7537185876273,29.7537185876273,29.7537185876273
854,"BFA","Burkina Faso",85.2412550458831,85.1941298164716,84.527088349515,84.9644165195747,85.8531878012363,84.556858535894,85.7319811992485,85.020834976197,81.5977821144228,80.8602382326546,79.8842070633872,81.0243511184264,80.1992390600015,80.0572543554734,79.8566046368817,79.3414839558255,79.889823534688,80.2320801562567,79.8020693899462,80.3911944221544,80.9026003827794,80.1000100688991,79.7248867547497,79.7248867547497,79.7248867547497,79.7248867547497
108,"BDI","Burundi",100,100,100,100,100,100,100,100,100,100,100,100,100,100,100,100,100,100,100,100,100,100,100,100,100,100
132,"CPV","Cabo Verde",100,100,100,100,99.5001441105475,97.616230352299,96.5482136135162,94.1803052192312,92.5328652247918,90.7000213360396,85.5499238434894,84.6154499243231,83.5245030307949,85.2162422651774,82.7577510549151,81.516023917918,81.1025518568778,85.6122651926383,85.9546707744278,86.6762488244047,79.0723886451364,77.7063268974948,77.3326215020064,77.3326215020064,77.3326215020064,77.3326215020064
116,"KHM","Cambodia",76.8148382403557,77.8765206982013,78.6327534278596,78.5953115115786,77.5987395252157,79.8103130131197,79.6704667892193,78.8856296908412,77.1873120480726,77.9612362330033,77.6782013929189,76.046934591629,75.6531247391195,75.6500838195404,73.5122638520177,73.5811004296946,72.6291640804693,73.5683623354958,74.77062389416,74.5756959984121,74.3216768948234,74.2670119143861,73.8117580595767,73.8117580595767,73.8117580595767,73.8117580595767
120,"CMR","Cameroon",54.5735068437218,57.8398858065694,60.7408820770482,62.127291006417,64.2557637325672,65.621704574245,67.2963879958978,69.6813503170743,69.4450157356226,70.7747670716385,70.163962954401,71.585939417232,71.2951114185067,72.4110907166481,72.6662549662156,74.9693551078128,77.6608946332215,78.3311684700034,78.3857142892806,79.5926633636118,79.8856031887028,80.3335188454218,80.6611915808528,80.6611915808528,80.6611915808528,80.6611915808528
124,"CAN","Canada",0,0,0,0,0,0,0,0,0,0,0,0,0,0,0.610990314235266,0.802214299500378,0.882890628846411,1.83363956218346,2.0377781965702,1.46676754342543,1.97281407510735,2.84285315449763,2.66982452479463,2.66982452479463,2.66982452479463,2.66982452479463
136,"CYM","Cayman Islands",NA,NA,NA,NA,NA,NA,NA,NA,NA,NA,NA,NA,NA,NA,NA,NA,NA,NA,NA,NA,NA,NA,NA,NA,NA,NA
140,"CAF","Central African Republic",39.4918572508023,41.1977528008094,41.6848863209883,39.5116697523775,43.8011416581229,40.1589572000033,41.6556042510259,46.9499832983992,37.5801494198601,43.65215283426,41.4934533146099,43.0274660437517,42.3332017005256,40.8375460079808,50.4206363322091,45.9451970081422,42.8520159087564,49.1259398952751,46.7784034211289,48.3272382920918,47.1811179825973,44.2159598307429,44.6605055792731,44.6605055792731,44.6605055792731,44.6605055792731
148,"TCD","Chad",68.1009579927969,67.9070020942906,68.1003754961331,69.1185353875436,68.4812551122319,66.8833820412438,70.0274288061162,67.944547347945,67.9009142339572,68.8705780976294,69.1660926081434,70.8243737997578,70.1147624100607,71.0243629457687,73.6613461160372,72.3803572918834,72.1198177840182,72.8772351699985,74.1247011279628,75.6347692998282,48.4296816035202,47.2450985818633,46.4855917671616,46.4855917671616,46.4855917671616,46.4855917671616
152,"CHL","Chile",49.5049163821729,46.7625203900209,43.826289573173,43.7598397942504,42.2045140333306,43.4232753339005,45.770968102068,45.403016567518,45.5241884390057,43.7049324709881,43.391256136765,42.5557615937331,40.1368202331737,39.9280526839413,42.0698924212113,41.2064124402743,39.2357499751439,38.8867528870089,39.0824730746845,39.405219314071,39.5355204819331,38.5342344305447,39.2132621587805,39.2132621587805,39.2132621587805,39.2132621587805
156,"CHN","China",54.794206416992,54.0030605766409,54.4464021808257,55.864494611408,55.6292482609252,55.1782667217551,54.7431825097412,52.3965038838289,48.3967726787987,44.6301533890102,41.5536939881959,38.8730415823746,37.1802940446951,35.47153471203,34.2797971521201,31.9029182273859,29.1992245368807,28.3691319403553,28.1032123628559,27.8764360539522,28.1222435909995,28.1510823932307,27.7423923651362,27.7423923651362,27.7423923651362,27.7423923651362
170,"COL","Colombia",55.45841329935,56.046247176794,55.0306924466442,55.1176324075436,59.0798722596318,58.770072333326,59.1883139989051,59.6581413414738,59.4523470847342,60.3917152658898,59.3565041731551,59.228001106016,59.1403110648496,58.3239763539905,57.369367328265,56.4934298108395,57.2691228068354,57.2892651597727,56.025780426901,57.2592345073375,57.4327248175872,56.3899906539069,57.2346242988474,57.2346242988474,57.2346242988474,57.2346242988474
174,"COM","Comoros",100,100,100,100,100,100,100,100,100,100,100,100,100,100,100,100,100,100,100,100,100,100,100,100,100,100
184,"COK","Cook Islands",NA,NA,NA,NA,NA,NA,NA,NA,NA,NA,NA,NA,NA,NA,NA,NA,NA,NA,NA,NA,NA,NA,NA,NA,NA,NA
188,"CRI","Costa Rica",65.7177733697044,66.4301914206967,66.1554401544769,65.9197239044316,67.0835882311446,68.7910586209618,69.2388766089604,68.3726362836688,67.7453640475714,67.8661768271859,68.2629423325795,67.888451127286,65.1580765939113,64.9049208136379,66.2852514807263,66.8486917346485,66.068033185091,66.769258097456,67.2743798652001,67.3292946102372,63.9967784122041,62.9117605248738,63.3416165037887,63.3416165037887,63.3416165037887,63.3416165037887
384,"CIV","Cote d'Ivoire",91.3818718366129,89.969047302444,90.6358333906365,92.6297589921847,94.4358221834984,93.8438193789463,91.8111606137804,90.6705844949638,96.3534616919538,94.5757444756488,91.960730597987,94.0820311136145,95.1447574272856,96.0239124932453,98.9985073809185,97.2886838720855,95.6424255123434,93.4245801209912,91.7674044488679,93.0857840020555,93.0722763747496,91.7196426209722,91.670190734358,91.670190734358,91.670190734358,91.670190734358
191,"HRV","Croatia",45.1410684341059,44.8860910910874,41.9696638591022,41.8180653134611,41.5373423425094,41.692789938939,39.5226147391016,38.0701504672592,36.4640026896024,35.8431934881652,35.8660770542106,34.7601585140405,33.0781745832627,34.216062013363,37.6722261502421,37.9799620404694,38.0902063586133,39.8258027132693,40.8897096000108,41.4005324369148,40.7376733618273,40.3476832040374,38.9149436030032,38.9149436030032,38.9149436030032,38.9149436030032
192,"CUB","Cuba",53.1077166320765,51.8990826184998,52.8493234281644,53.6366033898995,53.5615851333104,53.1861796363304,53.7638691221924,53.7317474907234,54.2386506785447,55.0253425083023,55.1559495307352,53.5831787917431,53.9035931893347,51.2080228216995,51.4764262915485,46.7193484763849,47.8864346304334,47.8396666216286,48.555103060289,48.5837951112823,48.5908394323787,48.0075667098739,48.3968811210751,48.3968811210751,48.3968811210751,48.3968811210751
531,"CUW","Curacao",NA,NA,NA,NA,NA,NA,NA,NA,NA,NA,NA,NA,NA,NA,NA,NA,NA,NA,NA,NA,NA,NA,NA,NA,NA,NA
196,"CYP","Cyprus",30.5611940204267,28.4657614600416,29.2986952119911,28.3774865682742,28.8328816737227,27.5687614064905,28.1741559336709,27.8271110611514,26.2205978905958,27.8649342630604,28.0248937264633,27.4814724846048,26.8367255649535,26.179564408128,27.5671278765815,29.1402722328756,30.3913414109585,31.9385639564571,34.6394777776165,33.4502254753513,33.138223468485,31.6847471799317,31.1908453025554,31.1908453025554,31.1908453025554,31.1908453025554
203,"CZE","Czech Republic",13.7185605337454,13.2834911099129,13.1684524260331,14.3497553447728,16.9327106199278,13.9690092357387,13.5360779277203,14.8010979230018,14.2764994933549,15.3299695291599,14.733698200228,14.1641216215739,14.3180873766688,15.9350221284134,16.7266841420773,17.0967268258957,18.1852510696132,19.5090128727823,20.2986269305933,20.7087896394602,20.2738676191875,19.7908158657322,20.4143704759509,20.4143704759509,20.4143704759509,20.4143704759509
180,"COD","Dem. Rep. Congo",97.7141541017158,100,100,100,100,100,100,100,100,100,100,100,100,100,100,100,100,100,100,100,100,100,100,100,100,100
208,"DNK","Denmark",13.3029597016381,7.76950117574255,11.6593740386728,12.6707116536279,14.2252466030059,16.0368199498785,15.4316454630034,16.20246946069,14.4351591870737,16.9825023923537,18.7941172832049,15.7189587000716,17.8738379408747,19.6377310533912,21.3490548041607,20.2654251346064,23.617231837167,26.0819785396735,25.2513804744882,28.49371995148,30.6006710008006,30.0937190778498,31.8048305667545,31.8048305667545,31.8048305667545,31.8048305667545
262,"DJI","Djibouti",78.4777578685207,78.2221953377045,78.1052813326003,79.5112651164354,79.6961472257286,79.5621072017605,78.3318686962537,78.7758770374912,78.4657629326767,78.5322531839984,78.6213757094212,79.2347861918539,77.6490666565762,76.7762904712756,77.7411713913088,76.9924520314147,78.2172379493624,76.4232196787247,76.3182231325024,75.0472264418569,74.6855899621359,75.1327802102056,74.7620624365247,74.7620624365247,74.7620624365247,74.7620624365247
212,"DMA","Dominica",74.3395633917025,75.9919979508776,74.1571565066221,74.6058884336091,73.566231668089,69.2019379896005,67.7216510382114,70.1211264464454,67.4471668085801,68.0214765787675,67.3471472378505,68.2704522957795,61.7447638276498,65.379908049319,65.4605287374871,64.1712284819795,65.5957619258401,64.3040184589025,64.8564961166845,64.4447505150749,63.7451276761295,63.4016443625101,63.5477020528575,63.5477020528575,63.5477020528575,63.5477020528575
214,"DOM","Dominican Republic",61.3712123382926,59.7968785033189,59.2752872225376,59.1730415021386,60.2224736157682,59.544609042159,59.4991102490345,57.8306944593807,58.2390932417763,61.194432177578,61.4650031365961,60.3635241982968,58.5926641949052,59.2106589338631,59.6253890271502,59.0247414588004,58.9956332066511,58.6578347397685,59.5709696464288,59.4968222366102,59.2896979096097,58.8307386495794,59.0693854602986,59.0693854602986,59.0693854602986,59.0693854602986
218,"ECU","Ecuador",50.8568146506491,50.2249207784108,54.8544701085818,54.6382373754736,56.7573576302045,59.870132668212,57.1721660411976,56.9123889604424,56.0120817879221,54.6644564083572,54.660645232602,55.8501807193478,54.9030761686278,54.1129585304155,52.7361185693261,52.4842216414538,52.2242894486824,53.128826217225,52.1774037327969,51.7631074197852,53.4056433680229,54.9594751582756,55.949072919545,55.949072919545,55.949072919545,55.949072919545
818,"EGY","Egypt",67.9088751763903,67.1696485407034,67.0639433075399,65.7407223468354,65.3631163609889,63.3880380012144,66.2241294165748,66.1098390632286,62.9121752279535,62.9970525619004,60.5074673796163,59.6274051800005,58.8134035060354,57.6827132906356,57.842522010699,58.5027114169724,57.3488504228262,58.2841724150168,58.9792536475713,60.656923902954,60.638924029268,60.2127153104896,60.4116147803147,60.4116147803147,60.4116147803147,60.4116147803147
222,"SLV","El Salvador",82.1408366395205,82.2931972756403,79.3126581628102,79.9306000484769,80.237462385797,80.9056163049915,79.4667035692449,79.2836291756123,78.3784129968423,78.4909288577567,77.8627859385797,76.6994827877334,76.3599957435505,77.2971698786104,78.3808316225878,79.0448260318255,79.4487617661219,78.9392935247608,81.7300390942486,81.2112603839314,77.0065488716871,76.7870413250166,76.8127694310787,76.8127694310787,76.8127694310787,76.8127694310787
226,"GNQ","Equatorial Guinea",28.4901073383133,30.1295352159886,23.1614306780024,22.068948352254,22.6038873147475,26.6577845259199,11.0587858808498,10.3182793524271,7.2364725942108,8.48841571281451,10.7552309054907,12.505747174387,13.0809349512005,15.6233174688995,18.7110440265071,19.3611958371566,16.9587528741898,27.1725547841136,22.3774302389874,23.1362416234045,22.5375353180256,23.4727060069549,24.7320511054171,24.7320511054171,24.7320511054171,24.7320511054171
232,"ERI","Eritrea",87.9589045034721,85.2026330704515,83.6647986657145,86.001911013275,86.1934297325651,85.7394083766685,88.1909953038765,89.2576239741277,88.7667326216234,89.0259869829628,89.3216033889261,92.2136586093542,91.0890999016866,92.5862957848797,92.7266294323343,94.0150656206072,93.1098037278605,93.2684813016937,93.6365536934843,93.9138320157735,94.4421556136803,94.8400712008631,94.9932705713966,94.9932705713966,94.9932705713966,94.9932705713966
233,"EST","Estonia",10.7849325213807,9.29401040235506,9.25081771450689,11.4859752032812,13.7924842856797,14.2466589548969,13.0056679294948,14.3322537600234,10.7138817749673,9.70315274530931,10.3056309255307,11.7143161229029,6.87350691829565,8.04209738004556,13.3382991292985,8.61467592084504,6.80330101338154,8.04501155944864,4.58764136505565,5.53125593479285,7.81641416921393,7.73615099275872,5.71573896440934,5.71573896440934,5.71573896440934,5.71573896440934
748,"SWZ","Eswatini",72.3857930830787,74.1389988656736,64.4143103604499,65.4010057333786,65.1575430971055,66.755919937027,68.0374590720507,68.1778152669013,68.6956113872226,68.1736466387082,68.5308777950857,69.8866793267872,68.1622374625542,68.8780882565871,70.6277382090763,71.5621212631035,71.7501288234074,69.7656011829236,70.8457045604892,69.8789082139149,70.3129940432072,70.614009660335,69.7419589916547,69.7419589916547,69.7419589916547,69.7419589916547
231,"ETH","Ethiopia",90.8589274567652,90.7003873325514,90.6609457474038,89.1845440895964,90.1763805413573,92.1173308297291,91.1966134228746,88.3989843195375,90.1213203877563,89.0476177522344,88.5113194067885,87.828477671435,85.5986695435387,85.1477516012308,84.5867891275635,84.0778392377028,84.6607570002219,84.227113296749,84.0695793330506,83.6889273142806,83.6426586624283,83.5604629126153,83.5096566695626,83.5096566695626,83.5096566695626,83.5096566695626
234,"FRO","Faeroe Islands",NA,NA,NA,NA,NA,NA,NA,NA,NA,NA,NA,NA,NA,NA,NA,NA,NA,NA,NA,NA,NA,NA,NA,NA,NA,NA
238,"FLK","Falkland Islands",NA,NA,NA,NA,NA,NA,NA,NA,NA,NA,NA,NA,NA,NA,NA,NA,NA,NA,NA,NA,NA,NA,NA,NA,NA,NA
242,"FJI","Fiji",66.816687982089,66.2761252352516,66.9988517838055,68.1261431544341,68.6235821169131,68.7369314043737,65.1778216752896,67.7016200784445,66.3160975246326,61.923028253475,65.5834586680082,64.3990392043085,65.1272518023352,68.8643359883417,71.2061285605071,65.4441627495327,67.286249205698,67.6809930471317,66.3486044282301,64.5617151812889,63.5906848112926,61.7335480751723,61.1801448697711,61.1801448697711,61.1801448697711,61.1801448697711
246,"FIN","Finland",13.0451010271047,10.0700173296929,10.401459143368,11.8062740392607,12.5310718542602,13.8181910584328,11.9541621180121,10.0696084627353,7.43811303303082,8.00164549997785,12.9773080404182,8.24941524673771,8.97252296750774,11.9611565028654,14.2707861658681,9.97910678040783,12.316272115848,15.4778201087637,16.3661825841464,17.1251329663953,18.6035654674266,17.0698235288613,18.7359621602622,18.7359621602622,18.7359621602622,18.7359621602622
250,"FRA","France",29.4323107751715,27.9177719489388,29.4396651709132,28.5833571024091,29.4756504816006,29.908420371974,29.1672620584821,29.7095482995425,29.7205088458687,29.8563952631054,30.0578602399398,31.0252951247973,31.3487867109333,31.7033319435698,32.6470492408508,32.4259591954548,33.9953806502533,34.0140368199406,34.08038063933,36.1819681141092,37.2951208387464,37.2364934859211,36.7138064835415,36.7138064835415,36.7138064835415,36.7138064835415
258,"PYF","French Polynesia",NA,NA,NA,NA,NA,NA,NA,NA,NA,NA,NA,NA,NA,NA,NA,NA,NA,NA,NA,NA,NA,NA,NA,NA,NA,NA
266,"GAB","Gabon",3.78472330173494,3.73857218185418,8.27642699974815,7.59576363778235,12.0862847097084,15.6250606248721,15.8270626480032,17.5623997590543,14.8581964500303,18.2713499252699,20.2388635366192,25.8115701114084,29.994113868466,29.4616130155644,30.9326891435301,30.7149688368217,33.7244156007065,35.0367735022256,37.6346559418038,40.7985726208585,43.9951671012937,46.3707064960928,49.2537961475509,49.2537961475509,49.2537961475509,49.2537961475509
270,"GMB","Gambia",95.0872567172989,94.8939711223915,96.9472525348509,96.3124044129241,97.4345362272985,96.3574300231651,96.8867160525273,97.4956343955749,97.5177100215179,95.8830290510556,95.916204314788,94.7803657827804,95.5086021740425,93.8801132914221,90.3463528664214,89.4244016005103,95.0661638691677,94.817787995956,94.5501468570597,93.5976953043982,93.6403744119654,93.9734578929183,93.7582739416269,93.7582739416269,93.7582739416269,93.7582739416269
268,"GEO","Georgia",87.7908671462171,78.0523761872362,75.2742470330413,73.8120019974623,74.3913022452421,72.4734964171162,77.0733240368853,76.788545618922,74.3327202324173,71.8218172281528,68.9995028366636,65.8161784011998,65.1534535406124,69.2672508753319,65.8528424264615,65.018697226215,59.770983178534,57.6342217977506,58.6710216412985,55.9316311981442,60.6635703008853,59.6645217881506,59.5395436663923,59.5395436663923,59.5395436663923,59.5395436663923
276,"DEU","Germany",16.2575333572798,15.6949213893849,16.7845648958893,17.6252684363972,18.8392092038964,18.6931390277989,18.2793139006885,19.210909900574,19.5014249155226,19.6701807590497,20.4366201741147,19.7636593584814,20.8215612437798,20.8154665356471,23.012905048288,21.3776752834775,21.7614515425942,21.5265479693812,21.1918450057202,22.8294342816984,23.0501949400299,22.8970810478324,23.1952185145615,23.1952185145615,23.1952185145615,23.1952185145615
288,"GHA","Ghana",95.3987976246679,95.8180049031544,94.9047260536886,94.2168715703776,96.1114177968883,95.1175421427119,94.8698993855008,94.8480965422162,95.3851574689414,97.4210473741011,94.969103609442,93.550889354795,94.0606371022664,95.4461846410014,98.070292018711,94.5976198578872,91.6599025034032,92.8425810948772,90.0157933410284,90.7361271897173,90.9405650635758,90.7181782646526,89.9385839965379,89.9385839965379,89.9385839965379,89.9385839965379
300,"GRC","Greece",23.8652723394707,23.3965628072774,22.5815532393664,21.5290648279582,21.6584010740573,20.8409975347927,21.2264154051778,20.7607939581797,20.324180623155,20.1318634339047,19.8105973800932,20.7313735518039,20.7774543493954,20.9736575805583,22.3274578873719,24.3229852031569,25.2506219479065,24.9935181350276,28.3103110065626,29.1434743862372,29.6264919448114,29.8509136241087,27.3807737766182,27.3807737766182,27.3807737766182,27.3807737766182
304,"GRL","Greenland",NA,NA,NA,NA,NA,NA,NA,NA,NA,NA,NA,NA,NA,NA,NA,NA,NA,NA,NA,NA,NA,NA,NA,NA,NA,NA
308,"GRD","Grenada",77.1422878808246,76.6137940123459,74.543057766198,73.5549002807153,71.1439839702821,69.880940079584,69.8120745688374,68.4981861488578,67.2569781167954,68.469232654151,66.9624682109664,65.3336847124601,64.5427081116607,63.1452089419206,63.269899746954,62.5349297967643,63.2027779879764,61.574628199018,58.6359600371748,64.2933703593172,63.8904880403371,63.2457011022871,63.375981285745,63.375981285745,63.375981285745,63.375981285745
320,"GTM","Guatemala",83.9502733761678,85.6278056330503,84.0150718125622,82.5470093464478,81.8884369107486,80.964359961338,80.1919637268352,79.8681719534335,81.0519037392505,80.0207992640344,78.9327199909514,79.0710783164358,79.1573704201131,81.0885545528145,80.0344386155625,79.8561112300117,79.8978190909766,80.0242783911444,78.7959292513775,74.474640034074,76.7380490722762,76.5168109025159,76.8860419077743,76.8860419077743,76.8860419077743,76.8860419077743
831,"GGY","Guernsey",NA,NA,NA,NA,NA,NA,NA,NA,NA,NA,NA,NA,NA,NA,NA,NA,NA,NA,NA,NA,NA,NA,NA,NA,NA,NA
324,"GIN","Guinea",83.1609517728394,85.3869291181024,86.6493428772672,84.7837632015637,84.8991299176448,83.9675401233768,82.2319998211063,79.9055093125078,80.676790731483,80.9681457940739,78.7763737515392,79.1159216100999,79.3253392003797,78.3092089796115,78.392166713113,75.5070249829586,74.2651942521862,73.6251619334286,73.9863820232989,74.0698809433923,73.8628782900433,71.0444781110426,72.698157220588,72.698157220588,72.698157220588,72.698157220588
624,"GNB","Guinea-Bissau",83.5922572166151,85.641121519028,86.36532998907,87.5438082681084,85.6229235287832,86.7156233082403,83.477751977254,82.4360808652561,82.5509944912894,83.9352036539562,85.2060960281732,83.4703501332412,83.8466202587076,85.7759028372104,85.0395812111592,84.5814999916389,85.3849235347183,83.8123041738601,85.2297048749188,86.0768679820331,84.7770764254789,85.9077365241276,85.1473888527139,85.1473888527139,85.1473888527139,85.1473888527139
328,"GUY","Guyana",49.4288172835847,49.0278042614146,47.685361486213,47.7319416432568,46.2504784795704,48.9479629589945,48.4684527141309,49.3214996231281,47.9625706717847,47.2864791443771,50.533923912341,52.2821337168428,49.3459308277362,48.1370528262386,48.1983266640477,46.2770684070255,45.5085186132698,43.4631317729688,42.8092537559448,41.6077906687994,41.2243555514112,43.3178653812387,42.6929128654353,42.6929128654353,42.6929128654353,42.6929128654353
332,"HTI","Haiti",100,99.3363935359624,97.9581435225652,98.5495891937633,98.3658841638649,97.7526211077465,97.2946869490399,97.1054912290106,97.6813026062402,97.0180708100103,91.0837206837283,91.0451026826886,90.3261439287564,90.0940059027429,90.3441685121367,90.8520961751819,89.9484596528907,89.7264403470308,88.9146985518544,87.6589428228023,87.2153938294568,86.6577777804397,86.3999668162853,86.3999668162853,86.3999668162853,86.3999668162853
336,"VAT","Holy See",NA,NA,NA,NA,NA,NA,NA,NA,NA,NA,NA,NA,NA,NA,NA,NA,NA,NA,NA,NA,NA,NA,NA,NA,NA,NA
340,"HND","Honduras",79.2982903416634,80.2780755754573,80.0782671322141,79.7500158626052,81.8811475804265,81.0224445938066,79.9352399819132,79.5337837172959,76.4037793839535,75.6643148962084,75.1862310855609,77.2639259047401,74.2480761293648,75.3906026559066,76.9596626312414,77.3075148809981,75.5268062570258,76.0898866973082,76.0297359627145,75.9095296853718,75.0047000635647,74.4126834682242,74.8000991903535,74.8000991903535,74.8000991903535,74.8000991903535
344,"HKG","Hong Kong",43.4708512745819,47.1168057163833,45.8818901634709,39.0128710212851,36.6293822861896,38.5091163697853,40.4497910013852,39.3748221354646,36.7411849638532,38.119783947056,36.7823137847947,38.2555518170754,37.5044954502556,37.5704817533335,38.8204964970334,40.1305536317484,38.1747787228925,38.7123419998683,37.8374523560016,38.6364384353295,38.6431567033976,38.1340192824667,36.5127774840292,36.5127774840292,36.5127774840292,36.5127774840292
348,"HUN","Hungary",34.1609320082685,32.8648241206099,33.1654370439355,34.1804973439357,34.2428647844564,35.115124302572,34.4531418158781,33.3236137407085,32.626045962552,32.9155308251504,33.1790268680803,33.4651429929776,33.8390966467809,34.4384280415804,37.8759940522502,36.9599496597761,37.8232341667596,39.1964287082589,39.9749173072503,38.5857658195792,37.2570012304679,37.9443667549609,35.8269904345727,35.8269904345727,35.8269904345727,35.8269904345727
352,"ISL","Iceland",17.5545180239092,15.0396729826789,16.0603832445592,15.3708834221959,14.8064258305053,14.2803038375362,14.0557452284702,13.3363545147743,13.873820306986,13.419308603557,14.0093532793649,13.1585789946056,12.5351731586733,9.43675520630092,11.1901183214183,11.6258153281457,11.9245721322422,11.6058592749544,10.2213482881048,10.1105268091836,8.87862012088581,8.54871479404105,8.42084861354039,8.42084861354039,8.42084861354039,8.42084861354039
356,"IND","India",80.3343863506763,79.4418499557648,79.2359231683442,79.3138852453407,78.5497833140109,78.6166795126617,79.0334720775823,79.3979582902314,78.7873954118681,77.9429762903476,77.2971494626074,76.347624545813,75.0927878815046,73.4062224930436,71.7258644660162,72.1955805995129,71.1382422770282,69.7476173590595,69.8211901833705,68.0591191885948,67.6841909370701,67.1002547085112,66.524925849606,66.524925849606,66.524925849606,66.524925849606
360,"IDN","Indonesia",68.2840101258426,66.4301123904856,65.5877641662829,70.1207837044897,69.1472608849404,68.1990947348597,66.826415456936,66.3761739852442,66.0553141034262,65.0623698492514,64.9897164591746,64.8119122440214,63.3852968788524,61.6188654925064,60.164132237013,60.8330136700768,54.6254210153869,53.6677692511494,58.6364093756422,59.7242440121514,59.5616016109994,59.3732928658435,58.5381538587456,58.5381538587456,58.5381538587456,58.5381538587456
364,"IRN","Iran",36.0328056967134,36.036051598134,37.2052918860587,36.0368467828805,32.0010829750474,32.8441791100078,31.898007482492,31.9043419725821,30.3410402768967,28.4564359917369,27.4475847518329,25.5583522223996,25.1738136941823,24.9193368638696,24.6573094427392,24.102926492713,23.870005012425,23.4863480136721,22.9555487769025,22.2189154968032,22.572487942551,22.481316528569,21.7638463045713,21.7638463045713,21.7638463045713,21.7638463045713
368,"IRQ","Iraq",43.5312574657915,46.7276157906921,44.7066213295591,43.8174975506476,44.2574300698873,45.4855025886394,42.763124746886,44.70515949621,45.6060095348902,40.1136572611894,41.0723787004043,44.4273813589597,54.1103167906761,46.4071020758237,43.4784338816838,41.9834456436112,38.8397494721153,37.222661029022,37.3195783703479,37.9928563745008,38.8797543059999,36.9105982276016,37.0128517563962,37.0128517563962,37.0128517563962,37.0128517563962
372,"IRL","Ireland",8.10115274855373,7.35596219411435,7.03501334825174,6.25150314112845,5.49134171249644,4.6632348283173,4.02797017770089,4.72655445363782,6.03355432597294,6.39605790984876,7.42393583410684,8.22691098926144,8.97061821131268,10.476966220562,12.0490850428464,12.4548842930175,15.0126747505226,14.3741771587979,14.5096574106245,14.4397920408595,13.5572846607331,12.8042033864951,13.2657077215234,13.2657077215234,13.2657077215234,13.2657077215234
833,"IMN","Isle of Man",NA,NA,NA,NA,NA,NA,NA,NA,NA,NA,NA,NA,NA,NA,NA,NA,NA,NA,NA,NA,NA,NA,NA,NA,NA,NA
376,"ISR","Israel",24.1050698225316,23.568413891573,22.8185842332907,22.481174484982,23.8674722494429,22.1358298080713,21.3006754061489,23.586984557223,22.6719587838582,24.1184963610721,25.3217411680638,23.3699073488173,23.4301526643552,22.0140919012259,24.4666139557899,23.1207730699628,23.2463309263232,21.6640821339818,25.1451756366464,26.3911928349755,25.8207262745935,26.5458817078316,26.6623647154491,26.6623647154491,26.6623647154491,26.6623647154491
380,"ITA","Italy",27.6811249722579,27.8903584482073,27.5518467246844,26.9745865246634,26.7545547780716,26.2130324468969,26.5196818515811,26.3531168463117,25.8344063748426,25.8639650150509,26.0098743215701,26.7102208558926,27.2152600473154,28.4361550732703,31.5455678523964,31.1682920152919,31.8504954160853,33.7066049494671,35.8392069336296,38.0374866584048,36.9555139852952,36.8215289047945,36.6084131369269,36.6084131369269,36.6084131369269,36.6084131369269
388,"JAM","Jamaica",50.7723396680424,49.7611478462179,49.088431709552,50.3392761698655,49.8115208094243,48.376034449044,48.1180157097868,49.0103842896868,48.013896942573,48.5920804615879,49.3180499430346,47.4692025601282,52.1768540512932,50.9503322717965,57.9739211032349,60.1734965201455,58.4257702052538,59.6856717873204,57.5885671615583,59.6462138352497,59.336309496547,58.9432172152808,59.315692498761,59.315692498761,59.315692498761,59.315692498761
392,"JPN","Japan",22.7489689057162,22.5684834224854,22.895817542023,24.0327029315385,23.390594773547,23.0700926719418,23.4035485173688,23.1411824919393,22.7019540151456,22.2717435536192,22.6403906608947,22.5687998318139,22.3026565647437,23.4010832346025,25.7321422908114,23.7183840864983,23.5185693875334,22.3711871920767,21.7134269537394,22.3380607210124,23.0178277869945,23.2332634125503,23.0302928494753,23.0302928494753,23.0302928494753,23.0302928494753
832,"JEY","Jersey",NA,NA,NA,NA,NA,NA,NA,NA,NA,NA,NA,NA,NA,NA,NA,NA,NA,NA,NA,NA,NA,NA,NA,NA,NA,NA
400,"JOR","Jordan",58.5457063498967,58.3624206808255,58.5140983854577,58.8212631962058,59.0771606409777,58.1261285614022,57.9282881202295,56.2475119364615,56.1786314077316,54.6655901973259,53.1099597256341,54.1873437145919,53.9083966369984,55.8992802114951,57.027834286345,59.3175710686986,59.7869854018007,58.6008585997274,60.1713588305235,59.2404888688329,66.7540098817945,67.8489181369958,68.6857824819418,68.6857824819418,68.6857824819418,68.6857824819418
398,"KAZ","Kazakhstan",12.9268968964921,17.0539698577528,18.9487687620044,19.6106112502101,21.2949761098148,20.4592839625396,18.2342710985061,16.4165350801156,15.7902146073589,10.5650115454674,10.2519009700357,7.53570593407308,4.91445151105691,4.59901649804638,7.43317849603275,3.66950444552384,3.26476427017697,1.33627009257135,0,2.08819453984184,3.04607219606713,3.43280725472164,2.09893142892129,2.09893142892129,2.09893142892129,2.09893142892129
404,"KEN","Kenya",84.0738867994959,84.5388206260991,86.0399267765637,84.9420652460796,84.5181636085634,86.3208829019011,87.676500155589,88.5961355768273,88.7604302250352,87.7632535042504,88.2463830513432,88.744173047032,80.6150985872601,80.9751393715083,81.4619428017346,82.0931416021918,81.6066812484128,82.7449003049306,83.5287265366557,83.1527840726293,83.5636569258619,82.7647767652212,84.2803269758066,84.2803269758066,84.2803269758066,84.2803269758066
296,"KIR","Kiribati",100,100,100,100,100,100,100,100,100,100,97.9052966117743,96.0085959495914,100,100,100,99.9542505553562,100,100,100,98.816016140086,98.1608959914324,95.7623609402339,95.4123993091918,95.4123993091918,95.4123993091918,95.4123993091918
689,"XKX","Kosovo",NA,NA,NA,NA,NA,NA,NA,NA,NA,NA,NA,NA,NA,NA,NA,NA,NA,NA,NA,NA,NA,NA,NA,NA,NA,NA
414,"KWT","Kuwait",0,0,0,0,0,0,0,0,0,0,0,0,0,0,0,0,0,0,0,0,0,0,0,0,0,0
417,"KGZ","Kyrgyzstan",74.9553923504643,72.338048438815,73.3816163695751,72.6081930980015,76.7219195851206,76.9487383241288,79.7104289594548,76.4664610180944,74.8222981111273,74.0227485669475,75.0551083619262,75.7682220478151,72.6507081194194,69.8916339856238,71.1859012748089,72.2573606301434,69.2936631358099,64.458767774234,65.5139791676266,66.2451251565226,66.8157385599025,67.1557476910965,68.0533924973894,68.0533924973894,68.0533924973894,68.0533924973894
418,"LAO","Laos",83.1895491226554,82.7239171710999,81.8718111388763,83.7060560113529,83.7152468811991,82.7223048992666,82.4758509096513,81.6445808788423,81.580148183617,80.4437332190517,80.8196041935187,80.6787324274666,81.779786791451,81.7416839518986,80.5443069339156,78.9096398417748,79.7858314959107,78.3726137990301,79.1416456261808,78.2371039064237,77.8149926326848,77.164809793431,77.2713422138318,77.2713422138318,77.2713422138318,77.2713422138318
428,"LVA","Latvia",43.495124246259,43.9140786154933,45.2572833174955,46.1457728372672,48.9676655720418,50.5300362004534,47.7263269986325,47.5210518835582,45.8374744231619,44.7134215773915,43.3427936358541,41.2191160771203,39.6497261393909,39.7610255641022,40.9529510621572,37.7534683121496,38.7804974399538,38.4905527067364,38.0595907315799,37.514252932182,36.9646298706553,35.5294058280865,35.2825414923625,35.2825414923625,35.2825414923625,35.2825414923625
422,"LBN","Lebanon",53.8467605709717,53.4036479766485,49.26854076084,47.3381613928954,47.607683142674,50.0800807376143,49.411016655285,51.1792867518119,48.8673012347422,52.0151116657877,53.8760139582851,57.3844914688756,59.4729383528351,52.9754769728833,48.1190355209066,50.1335065377354,51.041635381127,49.9491013400274,52.380232331996,52.3208049657553,61.9707156527326,63.3473548751415,63.8548774353904,63.8548774353904,63.8548774353904,63.8548774353904
426,"LSO","Lesotho",78.3559958463313,78.8286269710362,79.3543595316585,80.24563666016,75.6219911186274,76.1180401962956,75.9355923697628,77.4225448743417,76.5464899967425,76.2013943473405,74.4864717523358,74.6062474654,73.944298947441,74.0655291110698,73.2901138890654,72.9760872971178,72.3930736761806,72.0809762721686,72.6972561028218,72.7510801522442,72.6587908389109,72.6372647414965,70.5123864688019,70.5123864688019,70.5123864688019,70.5123864688019
430,"LBR","Liberia",100,100,100,100,100,100,100,100,100,100,100,100,100,100,100,100,100,100,100,100,100,100,100,100,100,100
434,"LBY","Libya",2.11703961328297,3.80480905503323,8.44174434827765,11.2224530731263,13.9727398353182,13.8953554557541,14.975368500335,15.7674896728158,13.9525203295876,14.0960448419708,12.7449250063112,12.6872407033709,14.7953440834303,12.8577508142686,13.3962600413717,11.6518879078919,26.4084675527588,17.0155679401505,15.5207052016061,15.5919165459766,18.1762766542648,19.210150607477,18.6382783804409,18.6382783804409,18.6382783804409,18.6382783804409
438,"LIE","Liechtenstein",34.6158498527697,34.8575456543813,32.2678179571903,32.3218429819088,33.6673885312132,35.6291147426419,34.4425673980767,34.4170701809738,34.5896858602412,34.6385926687756,34.2225397494292,32.885633849011,35.7178927715501,32.8044538384391,32.9932944462212,37.3208077602569,38.7072591738804,38.298728738663,35.2573718591916,40.9911876698497,42.3390124219573,44.240044761937,43.0768468360665,43.0768468360665,43.0768468360665,43.0768468360665
440,"LTU","Lithuania",35.5656423058557,35.5070635441549,35.767215560161,34.3470604780606,37.4859945831174,39.1805602124125,37.9726134882956,37.5309927625651,37.2569294738352,35.9918563043296,34.6875813178812,33.4120778300178,29.7501344434783,29.7211650884666,34.0730537473276,31.8231531508223,29.017577578195,27.3355332498547,29.8871161391118,28.8310753508255,27.5057028131235,26.2926332408019,24.9470230962027,24.9470230962027,24.9470230962027,24.9470230962027
442,"LUX","Luxembourg",0,0,0.664495748388617,3.12330219168493,2.18996750220514,1.10197754821672,0,0,0,0,0,0,0,0,0,0,0,0.706318436426997,2.73859355646948,4.65428963528831,6.41095479516683,7.47143071216648,7.31087720867771,7.31087720867771,7.31087720867771,7.31087720867771
446,"MAC","Macao",58.1739853776342,53.9846506676602,53.1938443272106,52.4004353588237,53.5725479794238,52.8154455134626,52.5639842092175,56.6062814325134,57.0729517436718,54.5712576192383,53.0742936874779,56.6226497907336,56.5383724009612,60.6605901063179,49.5404365198373,60.3895112223794,59.6855762522813,63.0925840798433,65.8387483533008,64.2805439186829,63.4478219734062,60.5655634244174,60.1458825973924,60.1458825973924,60.1458825973924,60.1458825973924
450,"MDG","Madagascar",74.101968237405,75.519033948422,76.4940059972507,76.5171635416019,77.6832630961204,79.2174486803703,80.3108861318811,83.9656382238755,81.4903421589279,83.8917386984704,80.8058668050117,82.7542130458783,81.5017064968971,83.5770448008387,83.750292580793,84.3050954375713,85.2420343352335,85.0149404065347,86.9379633560835,87.5939074335177,88.4050102977269,88.0431869872521,89.3856989895819,89.3856989895819,89.3856989895819,89.3856989895819
454,"MWI","Malawi",100,100,100,100,100,100,100,100,100,100,100,100,100,100,100,100,100,100,100,100,100,100,100,100,100,100
458,"MYS","Malaysia",32.3397339934328,32.0824910646841,32.603686410149,34.7997793687663,36.6679985449146,33.7242031391992,33.3215398193911,32.9189059822274,29.7534171179722,28.8066484273621,27.6433807569333,29.1990869887345,27.4325808061736,25.1303282183808,26.4698035313103,25.2712445838276,25.7992347998157,26.1071355048393,24.1381634174769,23.7443492314072,22.8138525199182,23.5781343806138,23.7209444289668,23.7209444289668,23.7209444289668,23.7209444289668
462,"MDV","Maldives",94.044141179889,90.2761752395515,87.2115871780019,90.0873482306224,81.1570105131448,80.5040992955041,80.483134510352,73.9172924327801,79.3016883442437,72.0498105762306,75.8144219531271,69.6463992356094,69.4251860006622,67.9109504719959,67.3592431988063,66.6353700726155,66.2492821140733,64.0758098131674,66.0720031597402,61.326444168779,64.5328729989577,64.719636364529,64.6946738263375,64.6946738263375,64.6946738263375,64.6946738263375
466,"MLI","Mali",76.9389790723929,77.6118974431456,77.8855256380405,76.7180590208824,75.4626725063392,75.5165778691355,74.1759764598387,74.3846675809814,75.6902363813453,72.6175635634115,73.9987018841417,74.2493575866916,75.1407655129663,73.9983722670114,76.2040967383985,74.0538454159197,74.8987311616726,75.3389411285275,75.2494165367764,75.5561702691831,75.6405482236779,73.3146533057748,73.0351068323084,73.0351068323084,73.0351068323084,73.0351068323084
470,"MLT","Malta",40.3478327276948,38.9699736547758,35.5371324566436,40.3394413180551,37.8060436678932,41.5770535966147,36.4257542072784,38.5662030966038,35.3943736164361,35.4878423729211,34.0742184997685,35.1326452368968,33.474998577283,35.0960196513678,36.97722717583,35.2109358895128,35.2993255268538,34.202479695118,38.0022602960462,38.2340287203841,36.3650889320731,35.9065900105828,35.5782462245456,35.5782462245456,35.5782462245456,35.5782462245456
584,"MHL","Marshall Islands",82.0603598651988,82.0154686828961,81.8732133814589,80.3984674990508,81.6826176871518,77.6334251543163,76.843251355216,76.361217587357,76.9355872817676,76.3941434438753,77.8186565088622,75.8302534473701,73.8278160882562,73.6308378599567,72.3709224002375,72.1117167864172,72.4241635457152,72.3904215481626,72.4074439381161,69.647026453258,68.5837932982941,65.4018442076103,64.5304553200398,64.5304553200398,64.5304553200398,64.5304553200398
478,"MRT","Mauritania",61.6580572547215,60.2332399935933,59.6168245461651,58.9888083694643,57.8355080972185,56.9392675305697,56.5200481370166,57.6178972411693,57.9769229354663,58.2531093744964,58.5090875965851,57.3908895997558,57.9931234831035,60.9311881634269,59.8839405306978,59.2288919631106,59.7001986655332,59.2698367708659,59.1390578237058,59.4407903260224,58.8335115500261,58.2840696955114,58.6395586647958,58.6395586647958,58.6395586647958,58.6395586647958
480,"MUS","Mauritius",70.805519719123,70.9444564935343,71.8371542079155,71.1239741701963,68.9720923335876,66.4337900160735,65.0218975982949,65.037154248804,63.6414307580605,63.3998430081892,61.8175229340299,59.3925362383753,58.8765284535985,58.1695149217201,58.5782451774297,57.2122232036521,57.0838937109783,56.7733339777841,55.9431912590849,54.7546126850435,53.9086094133938,53.038714992832,52.3575811523684,52.3575811523684,52.3575811523684,52.3575811523684
484,"MEX","Mexico",42.9609469705728,41.6673020863103,39.8362888349511,38.9999996185142,39.9583859816671,40.0812887651473,39.9867140830685,40.4835462784428,39.2655674190673,39.6390085759837,38.3765879587424,37.7102872513742,37.1306706482459,35.2185917367554,36.5422439331923,37.4911551869678,38.8726421627645,39.1624188112179,39.7182317469579,40.3358833996596,40.3481249337076,39.2003438392248,39.2648385868708,39.2648385868708,39.2648385868708,39.2648385868708
583,"FSM","Micronesia",84.2398635219751,84.5080401620629,83.8165079174818,82.5343995186848,83.7083347023742,81.0070656598731,74.2740488285725,77.9990891360595,77.9608549783505,77.8788964701197,81.3106728431562,81.0834268790528,77.6951202852859,81.1006783999272,73.6428457858559,80.9722738940595,79.3618267915419,77.2751331708149,76.3822339086406,75.8163073678068,75.2079872057467,72.4248055100682,72.031606312725,72.031606312725,72.031606312725,72.031606312725
498,"MDA","Moldova",51.4721028225314,51.1402603312259,63.0203292702795,66.3767979116973,73.1328261599308,78.4233665487093,77.2498355350656,76.0277914849374,74.3249783981971,73.6135165410546,72.6835535269372,72.4293605782651,72.64410162848,72.5103509590611,75.850414385568,74.1659616939589,73.2322775620612,74.2396411072463,73.6369198948097,73.8325358543948,68.7875818048775,68.0505453147435,67.4034163427276,67.4034163427276,67.4034163427276,67.4034163427276
492,"MCO","Monaco",40.897588905941,39.8503097358639,41.0760483129145,42.1510173532753,42.8265235729072,43.4841028089101,43.267302862673,43.6271423198646,44.5601233309474,45.7156224007573,46.4835236935031,47.944461330059,47.5885660053526,48.1574145654668,48.9993246748991,49.3641312656637,49.9969463932556,50.3507692665599,50.5969085783252,52.8825766117952,51.3490635354029,51.7831479053702,51.9874558696131,51.9874558696131,51.9874558696131,51.9874558696131
496,"MNG","Mongolia",21.2330697272312,20.9444626945512,20.4598694677984,20.3473768190479,20.1287651784544,20.0122726846878,22.77923248821,25.6907177409394,26.4168099349008,26.4239095047701,24.3075765784426,21.62474834246,17.0762176815827,17.1024714230617,15.0828182456614,14.4267727876631,6.2111796081315,3.65000909847512,0,6.55144238320365,4.27737946941386,2.09995461498765,1.11963595193261,1.11963595193261,1.11963595193261,1.11963595193261
499,"MNE","Montenegro",44.8571429164529,42.3850337395787,39.8849179995385,39.5469260779422,48.5152243731383,47.1686415166502,43.0532136023007,41.7932865825002,40.672412390812,38.3712923959168,38.5190622490402,37.9751487901958,38.4125823399232,34.8211710340851,42.4555492362183,35.6530704442533,35.5115149325766,37.3421324865706,37.7700840386568,37.6951774051531,35.9175382661065,34.79907684502,34.2384072434515,34.2384072434515,34.2384072434515,34.2384072434515
504,"MAR","Morocco",80.7887484443754,80.193772727997,79.8631106025934,80.1203751232625,79.4005298757969,79.1405498387146,77.1880304149827,77.0686333059163,77.6078143097927,74.608027872331,73.7060156978882,72.9026040504608,72.1678889168357,71.308255384416,71.8035921810369,70.5880408256856,70.076868355892,68.8040314636838,70.2200804463651,70.3114206590304,70.3913051104605,70.829254703911,69.9400528833332,69.9400528833332,69.9400528833332,69.9400528833332
508,"MOZ","Mozambique",84.7292945592797,88.7048861631578,91.533198302066,89.1712843669093,90.8434233244028,92.9423043662463,87.6167297567591,87.0377104218776,86.6245592472999,86.9504540748587,85.6163821709188,87.2508302398716,86.4806085516831,85.5146318010845,88.658413162227,86.4436523075512,88.186810100012,87.212401361241,86.9440607820837,83.7553520999941,85.0228204732488,87.0356075082726,86.5810069428696,86.5810069428696,86.5810069428696,86.5810069428696
104,"MMR","Myanmar",82.6425424976704,83.2294330974354,83.8254284699193,83.5349116481148,81.8096434225897,80.9478999519215,81.6150989116697,81.4068522040793,80.2326196707798,78.4675826980222,78.040199810965,76.5407163092245,75.9322046017118,76.9663796080003,76.5294696085721,75.5322819654887,75.6620249677297,76.7919727869227,75.7668513771239,72.8793881297672,72.2915968553504,71.3332789218851,70.5509640202075,70.5509640202075,70.5509640202075,70.5509640202075
516,"NAM","Namibia",40.8666268120809,44.0860415115906,45.3197665992743,43.5015625134534,44.7980638066382,42.8950172038753,40.6393197641163,46.3338552118681,45.8999010520032,44.6801922076841,40.3347846671943,36.7179059640766,40.3300272950385,44.1216391281065,37.525126461708,40.1042616306809,32.7827780547179,30.2276400605682,46.7560091943303,46.4409741807022,46.8938886347259,48.5875118252106,42.4587781070547,42.4587781070547,42.4587781070547,42.4587781070547
520,"NRU","Nauru",23.578817131488,24.5487629968245,24.4732246972137,25.3962569473614,27.2599280110863,29.3664584417797,30.257894898428,31.1815386804262,35.2086686665312,34.916744251189,36.3387061451053,45.8269564026232,45.8605236690678,46.0197818005043,48.4237495576062,46.3108973522073,48.7940437984806,49.4699675488618,48.7911445712373,49.5153649644061,49.916049368069,47.7803077499357,46.5407128708217,46.5407128708217,46.5407128708217,46.5407128708217
524,"NPL","Nepal",92.2021574023631,91.8868042754537,91.9089924832981,92.7033725719818,92.0493984940509,92.4408126416064,92.5913923102973,93.5168778640396,93.4197732545766,93.5691580069371,93.2449740220977,93.7178039504242,93.8879769128477,92.5579273038897,91.290098180494,90.4668316668844,89.5231098818664,88.765711568582,87.8369107617911,86.3021721554267,86.477362746319,85.8857649333925,85.5057116082498,85.5057116082498,85.5057116082498,85.5057116082498
528,"NLD","Netherlands",10.0636249879288,9.31168287379374,10.7665536523553,11.0099666679353,12.1872717231006,12.5051237192341,13.094466987089,13.0222227438928,13.103476942848,12.8322137808863,13.5142535984619,13.5276301413985,14.0182603702758,14.8677009512917,15.6768707442355,14.250415616718,15.8515408196758,16.1019718356534,15.9002669871454,17.1029411083312,16.0320930298677,16.0171094471105,17.029640708538,17.029640708538,17.029640708538,17.029640708538
540,"NCL","New Caledonia",NA,NA,NA,NA,NA,NA,NA,NA,NA,NA,NA,NA,NA,NA,NA,NA,NA,NA,NA,NA,NA,NA,NA,NA,NA,NA
554,"NZL","New Zealand",0.886422154298458,0.975005499296515,0.359680158175735,1.36850153348611,0.137746725289048,0.292141681369714,0,0.293683967022105,0.394578929728752,1.08797985073552,1.86872133864405,2.41393956765127,2.46356840542005,2.95141980754784,3.65808448735234,4.08745725855198,4.38123464712237,3.23869120355532,3.90198419935408,3.70789453686682,4.18508682510343,5.41058129120711,5.46055515832373,5.46055515832373,5.46055515832373,5.46055515832373
558,"NIC","Nicaragua",74.3005671124613,75.1432050978054,73.4675832232378,73.5352473309521,70.5653984561454,70.0982361781862,69.9758989423257,69.4697348154887,68.0637072641434,69.0829449904489,68.9029592914804,68.696854808769,68.7254745614607,69.5368651691529,69.4753467760001,69.3374019978758,67.3655787034893,67.3419514002997,67.2744023267631,66.070735164144,64.1957234103188,64.2725936239254,65.2150014743706,65.2150014743706,65.2150014743706,65.2150014743706
562,"NER","Niger",83.7759118638549,83.2954004244857,83.3347450566037,83.0513535487415,82.9249237541402,83.1918152372167,84.0625508298078,83.0561405726303,82.9742973447317,82.4645271256631,82.5061726499349,82.5943500318088,82.3965244472806,82.1424023452066,81.9010517023954,81.7090047537232,83.1504869421084,82.3837281842492,82.1509387066137,81.8076712320224,82.3436863446708,82.0542902614779,81.8872988596503,81.8872988596503,81.8872988596503,81.8872988596503
566,"NGA","Nigeria",64.4099242605924,62.8572960516951,66.5622821326715,70.9603690503459,73.8057587606322,70.3972241226424,69.7423282780728,72.0705302282185,70.0283434011761,70.8683040343778,71.5087765355198,73.8186702008217,75.5847222202317,76.567583541242,80.3520405173972,78.2781399977244,78.0175122624069,78.1693707418359,80.2581410789508,81.4107126765852,80.6361950881095,80.214598407375,80.8880390945677,80.8880390945677,80.8880390945677,80.8880390945677
570,"NIU","Niue",NA,NA,NA,NA,NA,NA,NA,NA,NA,NA,NA,NA,NA,NA,NA,NA,NA,NA,NA,NA,NA,NA,NA,NA,NA,NA
408,"PRK","North Korea",47.3451792060282,50.9784861294113,53.4529225529758,57.0477709431093,54.8588922266053,52.8664412837479,52.0597578754216,53.6706672676985,53.3069708191095,52.8306457981035,51.6370162392034,51.288804904767,56.0381482082898,53.5384988011689,53.8907826023903,55.3021448530803,62.1939980370842,61.7659526229758,67.0313712208559,64.9910854665597,64.3452185255899,62.1131199865698,61.5389863378304,61.5389863378304,61.5389863378304,61.5389863378304
807,"MKD","North Macedonia",37.3773427697332,35.3012396086618,38.0036887205575,33.9701549639667,36.3072232213135,35.7567153241588,36.0408586471552,38.4376496657729,37.679482763904,37.6595027817172,37.2934920890589,37.86189781226,40.6593694477439,40.776541820549,43.5733704933018,42.6220156076209,40.2993189246364,42.1279565835193,44.9527297109442,45.6989877582092,45.9163456070243,45.7262516035057,44.2902968303627,44.2902968303627,44.2902968303627,44.2902968303627
578,"NOR","Norway",11.3565219922489,10.8616749602426,9.32570457204601,8.74841694737219,7.74290927749271,7.65163131650922,6.61499660412716,8.75176572611653,5.41591733826762,6.33724746444564,7.09457100293747,6.9557871899751,6.62484943293191,3.26589882024567,5.2230458875481,4.44050619367809,10.3446655166416,9.11258303607117,6.78153164217723,11.3015595624379,11.5312764830946,12.8669218552159,13.2783544567791,13.2783544567791,13.2783544567791,13.2783544567791
512,"OMN","Oman",9.67904131238313,10.9670035650467,10.096797429326,12.2050222562053,8.50709339136382,7.41526114627641,6.92878825834758,3.29909972335679,0,1.97101096628275,1.49345054143167,0,0,0,0,0,0,0,0,0,0.34366638168423,1.42773553332367,2.70056548531421,2.70056548531421,2.70056548531421,2.70056548531421
586,"PAK","Pakistan",80.3137532677752,79.2192543117854,79.6835092238632,79.6541578124454,79.5495631779343,78.8785715020753,79.1385403396639,79.1856866142235,78.3428041445098,77.3005464000707,76.9252895423051,76.0262057417786,75.1838565036592,75.2826635510111,75.3437602466122,75.9880561369644,75.9114956416134,76.3962460462238,76.0896787436862,76.1033856284862,75.7765920565342,74.7116660028328,73.9205254878925,73.9205254878925,73.9205254878925,73.9205254878925
585,"PLW","Palau",15.4947584264211,16.163799769741,16.5593400522748,17.2582016211738,17.3372808382098,17.0142256200747,16.9862765919077,17.9314366030435,17.7058131242033,17.8034191574775,16.792047895917,15.9050894476227,15.7681469146987,15.8516284999712,16.0096152323448,14.5503468875326,14.1743223649901,13.9842996666751,13.4441738339698,13.1159386940576,11.7694412032288,7.87043713306909,7.01703778944598,7.01703778944598,7.01703778944598,7.01703778944598
591,"PAN","Panama",68.839849768413,62.6549805679569,60.4252945533561,59.6647960914495,61.4086494044211,61.7357467544328,57.4545430466957,61.4272670949071,61.2104894529986,63.0796783531206,60.1853671948169,59.1657555449199,60.4851807367255,60.1755246805189,57.4653250113971,56.5232110337195,54.7968973158012,55.2415707348138,54.44732158634,59.6678749515502,56.076958381312,55.8154015708571,56.5758232397,56.5758232397,56.5758232397,56.5758232397
598,"PNG","Papua New Guinea",86.1427025285682,86.7688357112875,84.6112401855471,77.1373393740057,86.2271217048538,84.3037942827975,84.0465399783857,82.5031157514664,81.9773183563077,79.7864126300887,77.8528209874387,77.1327476478874,75.3623867565451,77.0298817797751,81.2013859952849,83.8276694070897,82.9392000992722,84.1545693403728,80.5554503802931,80.5973530288089,80.4145621175885,79.2298675499215,79.0387434607375,79.0387434607375,79.0387434607375,79.0387434607375
600,"PRY","Paraguay",43.3157794462342,45.0192159565083,45.0276652517079,45.2257932653299,45.6314142680065,48.3673673358627,46.8004649908207,48.1843412799647,46.2498341989105,48.8691192198531,48.4036852559904,47.9917749596554,45.6209913419785,46.9538373615511,45.999988098409,44.3018110100645,43.8972103349176,43.4148453680216,42.6491531717631,41.4772984583419,42.1198259678888,42.4880709401117,42.4865963534814,42.4865963534814,42.4865963534814,42.4865963534814
604,"PER","Peru",74.3770912159656,74.3575477076762,72.9535740065332,73.0713502167804,72.2033976077054,71.9805720199684,74.0530899255813,73.9723818706149,74.4589834145921,71.8336051118542,69.0687207929155,70.35829060265,66.7654758763961,67.9924196730211,63.4435381263559,61.1073338538861,63.5013819883321,61.8540507817398,61.8414246212721,60.6188026949271,59.1343314722351,58.2326368380706,59.4191090808871,59.4191090808871,59.4191090808871,59.4191090808871
608,"PHL","Philippines",78.79461457674,78.4816623166985,77.0081054390008,79.6210187282935,78.5027021187167,78.0635566880874,78.8621912011284,79.0860285520234,79.586077942139,79.2994057219412,79.8428711149683,81.5701401673977,80.94439731291,79.9741395109776,80.39337260001,79.4589467360853,79.6195194564141,79.105928145856,78.1762933254204,77.5950921021683,76.5767145086478,75.4605528393353,74.0995208445016,74.0995208445016,74.0995208445016,74.0995208445016
616,"POL","Poland",19.0685981210745,18.5481999473879,18.8075537687118,21.4382105359166,22.3579496608954,22.3125978517011,22.3514780593643,23.0128416644635,22.3490540861145,22.4656892173861,22.4971310263461,21.0686947797566,21.4006850546442,21.545647343669,23.3436210538376,21.6035209110666,21.4070256595911,22.3615314135318,21.9718472465636,23.1464167307204,22.4477551304628,21.4614457501926,20.6025847005036,20.6025847005036,20.6025847005036,20.6025847005036
620,"PRT","Portugal",37.394806133344,38.0457676560669,36.9606737027667,34.970262190409,32.3521011551132,33.1864333883553,33.765692084876,31.9732934993093,34.2654954377197,33.383415921929,32.5803249622716,34.6463549587589,35.2093824859179,36.1636288147258,34.7968887312822,34.7898332521774,34.5536465643652,34.2674208171748,33.7169648147763,32.9100176010624,30.843466183297,30.5461308572596,28.1398306722534,28.1398306722534,28.1398306722534,28.1398306722534
634,"QAT","Qatar",0,0,0,0,0,0,0,0,0,0,0,0,0,0,0,0,0,0,0,0,0,0,0,0,0,0
178,"COG","Republic of Congo",49.9081679624047,48.4468167191959,47.9655106912704,50.2572235678411,52.9648351351218,55.3970383105666,58.1911163953317,66.9985539321109,61.581085632124,62.6151544716632,58.6851869863432,56.9374700747174,61.7859836566848,63.5343094977055,60.9217686145059,59.4397639580196,63.0381314703631,63.0653223427266,63.0321374003991,64.8848210113155,65.6594304596299,66.4556507247835,68.8081609893422,68.8081609893422,68.8081609893422,68.8081609893422
642,"ROU","Romania",34.6997011621109,34.5788761422423,37.4370217469483,40.8542056701678,43.8464348359611,43.2337940645163,41.4882456938983,40.9027861153628,39.7042008974822,39.8936173755351,39.9351685366573,38.1119017136302,37.9813953261611,38.6534132388008,43.4618310876164,43.4983449007985,42.0487136008163,43.0263219656342,46.3439846533337,46.5953632799578,46.2320086692521,46.4481848527692,45.1935393772124,45.1935393772124,45.1935393772124,45.1935393772124
643,"RUS","Russia",13.0938761095767,13.5980440787139,15.1629161996653,15.8502045008766,14.9549146726988,14.2994163386252,13.9610509357396,13.7671609605409,12.6638724219377,12.135466580524,11.9873664967121,10.8078225239232,10.7302716180136,10.2271406623486,12.5401137367649,10.6093545936479,9.08765177078533,7.17455883506808,7.82386859167022,9.38653734308691,10.2102584579498,9.79525464054218,9.19991038967288,9.19991038967288,9.19991038967288,9.19991038967288
646,"RWA","Rwanda",100,100,100,100,100,100,100,100,100,100,100,100,100,100,100,100,100,100,100,100,100,100,100,100,100,100
652,"BLM","Saint Barthelemy",NA,NA,NA,NA,NA,NA,NA,NA,NA,NA,NA,NA,NA,NA,NA,NA,NA,NA,NA,NA,NA,NA,NA,NA,NA,NA
659,"KNA","Saint Kitts and Nevis",56.133688030619,55.3696410602081,53.2142833414975,52.1785120584563,50.5606396607179,48.7856363297506,48.4102679596318,46.3719307688137,46.7006938205179,45.0939627940063,47.2576631998148,47.1646719951186,45.3596066822034,45.3537667379881,44.7464023461703,45.3889348098254,44.3227156944006,46.8262953007196,46.7524042162263,46.2707081459881,45.8691361523781,45.3055290914967,45.6312984792536,45.6312984792536,45.6312984792536,45.6312984792536
662,"LCA","Saint Lucia",60.5111738850466,58.7901540214762,59.8073131232561,63.0036449857578,62.4421096855611,62.1196280568044,60.4189173997482,63.8314493703628,61.9137971853784,62.30217314512,61.9065686079448,62.2861195844637,61.4572862999816,61.2926467360035,62.2905797345787,61.5641767149695,61.3299935736785,61.3960344477484,61.3239112828715,60.9101914665385,60.5841837844749,60.2339923279096,60.4941978435976,60.4941978435976,60.4941978435976,60.4941978435976
670,"VCT","Saint Vincent and the Grenadines",80.9396524549958,80.3599306685965,80.270387730388,75.1571939406083,74.6453514704335,77.091829265691,72.5636021460009,72.8094144993409,71.521725194495,68.7867483285215,68.7462949709021,68.6616345595625,67.5744884384274,67.4802864274859,59.3053317304177,68.1894639546534,70.5277909315276,64.6292396992028,69.5847953899631,69.6789236456373,69.1448606037042,68.3742166227819,68.5396928344719,68.5396928344719,68.5396928344719,68.5396928344719
882,"WSM","Samoa",79.7410976567456,79.0055209618971,78.7530448579715,78.2502206084572,77.3512384917064,75.4277450955562,73.8809342880259,75.9102979942043,75.1823145818034,75.4135790057784,74.7347399544787,74.611771719597,74.7949197444263,74.6683190631966,73.6286627166267,72.9527981591702,71.5638121987609,71.973249993209,71.8522912219362,70.0535728686874,68.4041637232263,67.5906545116562,67.2603287806842,67.2603287806842,67.2603287806842,67.2603287806842
674,"SMR","San Marino",28.6122019240199,28.7136918781102,28.364004641488,27.5417064348104,27.2644158592811,26.5620938181663,26.8769424103186,26.8524562157545,26.3818620336832,26.4100983023395,26.7496140974576,27.1739538468404,27.7475496394271,28.8186044894763,31.8870476148932,31.5508022208523,32.50659823558,34.5185164547541,37.6931205533397,39.9463703893305,36.8124139002762,37.5417441515132,38.0949367604593,38.0949367604593,38.0949367604593,38.0949367604593
678,"STP","Sao Tome and Principe",100,100,100,100,100,100,100,100,100,100,100,100,100,100,100,100,99.9589667058144,98.4159004796269,98.2727828269011,98.4632029243061,96.1096265951768,95.7150791519369,95.8413178613823,95.8413178613823,95.8413178613823,95.8413178613823
682,"SAU","Saudi Arabia",8.8847782532619,7.11734462621045,11.7767436144891,13.6459723656278,12.7921482294441,6.30922727928547,6.5850916041846,5.19814315518292,5.39886641025474,1.66926343234762,2.18350990946406,0.769835146494259,4.26464535085606,2.08096733607302,1.18783132741284,0,0.497181980086268,0,0.097891004885156,0,0,0,0,0,0,0
686,"SEN","Senegal",80.7351188038349,80.2440384306487,82.2522929436792,83.005653019249,81.5302500097851,80.3910464749784,80.0149127320975,80.7515568350608,83.545115493327,82.1131248419968,81.0902457842589,81.7888148383231,84.0690051379142,82.7341931633005,85.5784399475668,80.4109078816052,80.0858747664101,82.8256996405697,82.0847505053532,82.2758314547408,83.6187932851189,82.1749584706054,82.3696027205588,82.3696027205588,82.3696027205588,82.3696027205588
688,"SRB","Serbia",35.0766413976738,31.0117877729269,28.9246213074642,27.7399678926388,36.5973758384818,34.0696090787831,32.2627669123472,30.4559162517467,29.0272381139223,26.1444431234418,27.5108487586,25.5526285415079,25.7264258028663,25.8351005798054,28.0369084721198,27.8676171924335,25.761179892884,27.6491127228808,27.0886389766019,30.5424057271275,25.2474174593837,23.7881923792418,23.0851068370478,23.0851068370478,23.0851068370478,23.0851068370478
690,"SYC","Seychelles",58.5704027344971,55.2532879357858,45.518164844891,40.2248914147305,36.2426203039621,32.6480708076648,29.7685706431363,34.8037371146409,33.6560233408898,25.4170976150352,27.4168982197106,26.4047090978072,29.8599451349077,28.1130970280806,35.6318887027037,40.7330282478079,46.1426431051158,40.3423688193661,42.4027539971364,37.6305744898133,41.3468612212472,42.4427097293955,43.5015598595775,43.5015598595775,43.5015598595775,43.5015598595775
694,"SLE","Sierra Leone",100,100,100,100,100,100,100,100,100,100,100,98.2281610173142,100,100,100,100,100,98.111403079821,97.8713245941799,98.32612936134,99.9154637293052,97.4440732906782,99.2561578847192,99.2561578847192,99.2561578847192,99.2561578847192
702,"SGP","Singapore",15.7895209499577,12.0672216141968,8.04542786223234,13.5508052699235,12.9810065599089,12.4484627858539,11.85874157615,16.0601222523284,25.2507350833463,27.1915923262802,25.8613375895924,25.6903114993845,35.5159972403818,24.3290398427072,14.8711669409782,15.2216162917728,20.8642015143748,26.5846688228928,16.6102416590961,16.448917481686,15.0359471848274,13.4867291125821,11.942086470366,11.942086470366,11.942086470366,11.942086470366
534,"SXM","Sint Maarten",NA,NA,NA,NA,NA,NA,NA,NA,NA,NA,NA,NA,NA,NA,NA,NA,NA,NA,NA,NA,NA,NA,NA,NA,NA,NA
703,"SVK","Slovakia",26.2783640551691,26.4004412624631,26.8852297944901,27.3869146026862,28.0231830962997,29.7687559975603,27.7955493055596,27.5715938572682,27.4632128668727,27.3835169837819,27.5804792685191,27.1759106291343,29.0125707280331,28.3252539011815,30.8215191925949,28.3393020618755,29.7106789177239,30.9051777541037,31.0183136416734,32.8484774715917,32.2912452842902,32.0733515850513,30.5386373534785,30.5386373534785,30.5386373534785,30.5386373534785
705,"SVN","Slovenia",25.0461305370951,24.23518979941,23.0298395148141,23.9452697342144,24.3856706369955,25.5965860337636,24.3603293562612,23.9789896137513,23.6336533890086,23.1043217831404,22.7457824406905,22.3282709587143,22.6818630546077,21.3134203975077,24.8280317731365,24.866964407638,25.2274975465293,26.1651770427798,27.5044372285603,30.3153707905482,29.9443782430177,28.1853085592769,28.2256572374334,28.2256572374334,28.2256572374334,28.2256572374334
90,"SLB","Solomon Islands",100,100,100,100,100,100,100,100,100,100,100,100,100,100,100,100,100,100,100,100,100,100,100,100,100,100
706,"SOM","Somalia",60.8707594238359,60.9613963132718,61.3444477284232,62.5414162491809,63.4703247588773,64.2668940047615,64.6254349523352,65.1978041637657,65.9149365526474,66.1663398816152,66.5269712614213,68.8782474324377,71.0624558334236,71.8446934008415,72.6393654655488,73.1854353393468,73.8517232868893,74.3415307402467,74.8094817116453,75.4436760825656,76.0222993260703,77.2876976227453,77.9823096599115,77.9823096599115,77.9823096599115,77.9823096599115
710,"ZAF","South Africa",20.0204939090789,20.2388286822166,18.9829253009849,20.0947594385246,20.8010817411401,21.1179316462699,22.136008980066,23.1292361570174,20.4960178501361,18.2519722392232,19.9064180326212,18.5247590836478,17.8078558774383,16.8664747364004,17.2293510911989,18.9883757804795,19.7268519175474,20.2600978991247,20.4289090253976,19.7467365821621,20.897188337846,21.1866291099145,22.0168823115619,22.0168823115619,22.0168823115619,22.0168823115619
410,"KOR","South Korea",26.2680327507082,24.2097189019115,22.5405318363998,27.0082318336733,24.3559771442315,21.4575020878008,21.6780034752613,21.0524071533266,21.4265169700946,20.6066177993194,21.5199628657107,21.2927158656438,20.2893778378078,19.9301725174652,20.1746625713913,17.1394521385359,16.3485794391978,16.6534788452478,16.4762621794953,16.9246232486163,16.6187556539539,16.4430754880692,15.9032025590925,15.9032025590925,15.9032025590925,15.9032025590925
728,"SSD","South Sudan",28.8845818399384,30.0104015804825,30.2270384793883,29.5246843283668,30.365836562718,29.6485147259572,34.7840284327381,30.7268779346868,33.1315505729818,34.6584999207482,34.1871009467075,39.3709759770289,37.0385139059971,39.3977766790741,39.9248144290452,44.4975061801423,43.628841016063,44.795039375539,45.6904618928098,45.5050693090692,45.1850003471444,44.936138547956,45.7999704418832,45.7999704418832,45.7999704418832,45.7999704418832
724,"ESP","Spain",32.6148145155726,33.2101800680318,31.3672731778326,30.4259196099707,28.7697042180468,27.8833558444906,27.8725004321874,26.9843410389846,26.85208041772,26.0223789628866,25.7325672959099,26.6626864110823,26.4827308936277,29.0558556951683,32.471187461538,33.9047356304814,34.1792078639819,34.6349099452667,37.1812875834355,37.1944067281141,36.0645960615734,36.8314784646334,35.4790071816198,35.4790071816198,35.4790071816198,35.4790071816198
144,"LKA","Sri Lanka",100,100,99.247587683644,100,98.3541659990218,96.1103412262811,96.3341933764004,95.2428675710507,95.3764088062468,94.2151583416746,93.6215744534017,94.0988333726752,94.2811435039319,93.0794914993571,92.6372518688727,92.0137408327912,89.609379148725,88.7380282637609,89.5399524966505,86.9961122600064,82.6492970210559,81.0104905922615,80.1888592532118,80.1888592532118,80.1888592532118,80.1888592532118
275,"PSE","State of Palestine",NA,NA,NA,NA,NA,NA,NA,NA,NA,NA,NA,NA,NA,NA,NA,NA,NA,NA,NA,NA,NA,NA,NA,NA,NA,NA
729,"SDN","Sudan",66.7863443172075,66.5778044360448,66.0834923992908,66.188427292423,65.7405593085514,64.9524714227481,64.7525464563712,64.1389669282268,63.8008294177815,63.6066296697483,63.7268902309151,64.2849294855347,63.8190057620151,64.2319402372085,64.320946561085,64.9194532164801,66.3240421216977,66.0752323791114,66.294115358151,67.040234555081,67.3618110790412,67.5997431174825,67.6822809030666,67.6822809030666,67.6822809030666,67.6822809030666
740,"SUR","Suriname",34.3595819512382,34.2282952370762,34.9040699364593,35.741700075057,38.6677860918216,39.2323638931408,37.7995533259072,49.1951597149945,48.9900120522447,48.5921132390307,49.423936510446,47.3514371710745,48.0287559222729,45.3694247497494,44.2774476130756,40.5866130684364,44.9440908599741,42.7757109731305,46.695621366583,45.6572382000704,42.4695702032306,41.4725547479647,41.643477030166,41.643477030166,41.643477030166,41.643477030166
752,"SWE","Sweden",28.3383693935747,27.9965957703823,29.3862518467157,29.1276144172303,30.1428882955218,30.6429510348296,29.9225360404265,27.5998926062195,28.8733588743155,28.9278633487897,27.671229549592,27.4090107799285,28.7546146322625,29.3229506386673,33.1932541203964,29.2441898180633,30.2361823524253,31.691745761901,33.6122430906013,34.4004088582455,35.9347493072012,35.5649505608601,37.0354096962592,37.0354096962592,37.0354096962592,37.0354096962592
756,"CHE","Switzerland",36.8001894622639,36.4855175460043,35.7951054013196,35.7057120906369,36.5348460792267,37.6855145866492,35.3674231534156,36.9038297972184,37.4171634849362,37.3531096724884,36.6800719309668,35.7285207779603,36.3317439669356,34.7421994520989,34.2408962101098,36.0918193963485,37.8824974678849,37.8071113902903,36.8809769258858,40.0816169063308,40.1953680507585,41.476653699528,41.4823319541768,41.4823319541768,41.4823319541768,41.4823319541768
760,"SYR","Syria",44.9227840207975,45.9758530419937,48.6016174316772,46.2349893440466,46.9441633158376,48.718168020114,52.1554652958966,57.961279170211,51.4467136176065,53.7154210172835,54.5939409050774,54.5171875119235,50.8289018848766,52.169720900745,54.7036177819866,55.3924351256339,56.8373596000295,62.024997660701,66.0659925750133,68.6654020746647,58.505264499649,58.704817788634,58.5863425599434,58.5863425599434,58.5863425599434,58.5863425599434
158,"TWN","Taiwan",28.5074141160946,27.230464839945,25.1487174478544,25.0308822195041,24.1449835491563,22.5742115527637,21.6473352382861,20.556215933433,19.561541322614,17.9354937099332,18.355046272723,17.4080727251825,16.4368926429644,18.2382805322432,20.0103052632782,17.3730632405364,17.3495797072985,18.2696002482429,18.2740457039858,17.8712704310211,18.1236293578377,17.2938748730869,15.9646579059634,15.9646579059634,15.9646579059634,15.9646579059634
762,"TJK","Tajikistan",82.9161858762183,84.9873372084885,88.3954420053482,89.5723219939824,90.5347203811912,92.365960157977,93.5703824276135,96.6756592796522,95.3425218601454,91.6420437978435,91.7144553786871,89.5840671378712,87.56156923318,87.8464631988736,88.8571698005063,89.1399069948181,91.2422772149761,89.0261106652124,87.2080566789971,83.4145839529186,85.7894954553453,86.0574529161063,86.5279431181806,86.5279431181806,86.5279431181806,86.5279431181806
834,"TZA","Tanzania",81.6091064523111,84.6315617115002,85.7971333208381,84.1017058318458,83.989907241248,85.8191090066215,83.5132641338833,82.9901048246894,81.0927471983573,82.222134350789,81.0133949914231,83.1734286112572,82.5240816810875,82.310826247636,82.7005384537435,81.9879150466994,81.6521951036871,81.1552075801667,80.3937284291633,80.6825660397576,80.5678855543654,81.1333007629918,81.6074742169821,81.6074742169821,81.6074742169821,81.6074742169821
764,"THA","Thailand",52.0415633733695,50.194303277742,49.6424225929942,52.6769578042517,51.3229124243318,51.202769336799,49.8567592589234,48.6119921110132,46.6298566369109,44.9645686623974,44.6554622930602,44.2927263760879,43.6510893202802,43.6603232673758,42.3170374637909,40.7867444173844,41.3186925391523,39.973367135178,39.8803452444877,39.1195374770819,38.9052744490028,38.3742339706708,37.6694986484412,37.6694986484412,37.6694986484412,37.6694986484412
626,"TLS","Timor-Leste",94.6031464483103,92.9350966876886,91.2299844543969,89.3827674883186,84.6214001811097,79.0858946909578,82.3525995247568,83.7504329459073,84.7201770449571,73.2237106542063,80.147914667944,77.9423606918015,72.1587493367626,72.3491583454529,70.8313975611994,73.3962256395793,71.2674472046245,71.2912069487046,68.7539439145219,67.9356011533291,67.8233665626287,66.9959986297685,67.1873023594811,67.1873023594811,67.1873023594811,67.1873023594811
768,"TGO","Togo",97.0917506890215,96.1209153923875,97.16745115179,92.8052102486403,91.6066495999283,94.2735118713428,96.4603298349369,94.5635354253804,92.8816381978561,95.0295240393272,91.269782533814,95.247301066766,96.5160108327661,96.4934575569209,90.707794424106,91.8712906136707,90.6818505465648,93.3043900546535,93.1235772430693,94.1409556897884,90.6662497014744,91.2478989285859,91.3581349334985,91.3581349334985,91.3581349334985,91.3581349334985
776,"TON","Tonga",77.1391372030492,79.3915864033345,76.1305192405423,78.1776649796863,74.3274116758667,76.5180329444092,77.9314144951508,75.9441371579404,70.814123100417,74.5970602180945,74.3498199568726,72.6823416128809,75.1937327359206,74.2917473729709,69.4983454577557,72.2078544036211,76.4888674088967,73.4606728952525,72.1287062248423,73.3482406707527,72.3604991779919,70.2400323971765,69.8588915721705,69.8588915721705,69.8588915721705,69.8588915721705
780,"TTO","Trinidad and Tobago",2.61145921104462,0,0,0,0,0,0,0,0,0,0,0,0,0,0,0,0,0,0,0,0,0,0,0,0,0
788,"TUN","Tunisia",66.9369647879514,65.2620731695489,65.5842068097435,64.3030224840894,63.8387867999083,62.5204002727363,61.8770816191451,62.069276831705,61.8418237241376,61.0818856016463,60.6343626215357,60.4374760102306,59.6462074496889,59.0458779898071,59.0807045057436,57.0335845755022,58.7577927212036,58.3241460500174,58.2701939529059,57.4171083192988,60.6973722969573,62.1084006407608,60.9932335226682,60.9932335226682,60.9932335226682,60.9932335226682
792,"TUR","Turkey",50.3708855118159,48.836057404442,47.7788191071417,47.6901165165087,48.528222625678,46.9439913394925,50.0059586120304,49.3501226917144,48.3244886224168,48.1204026929922,47.1952195540103,45.1370485028701,43.3663056248491,43.6439946514406,43.9922050623035,42.6123317425966,41.1593794790352,39.6866612549376,40.8670578492599,39.8297612030829,40.1208829607389,39.2085039520413,38.4955745770498,38.4955745770498,38.4955745770498,38.4955745770498
795,"TKM","Turkmenistan",16.7906883164931,18.1552750564246,23.7171045934802,22.4071300777419,16.1453821198823,13.3448832599557,12.1377152464413,9.7038207010502,6.21496662646204,5.92849313722807,4.73952766638827,3.91342571863893,2.8812606422234,2.13078509034634,8.96043973104527,5.98799348773036,3.12932766615813,1.76334139539753,1.32284381579233,1.14070395689379,0,0,0,0,0,0
796,"TCA","Turks and Caicos Islands",60.4899369259783,61.6620509121553,58.6628085428593,57.7854409565595,55.6926134603765,55.6737752330012,56.1321881640968,49.694268043852,50.6313951728648,52.4390836773325,49.3499661183543,45.711641708821,42.4463484851772,40.6603465480162,41.2859686357145,40.1941286839967,40.8129053365846,40.3459668920719,40.7714006421133,40.2370043312752,39.9817782916043,39.5765779868352,40.0919018444142,40.0919018444142,40.0919018444142,40.0919018444142
798,"TUV","Tuvalu",80.1858829524621,80.223607352938,79.9128835900348,79.8966022335631,79.6777553970843,79.8026582156526,80.0123044379829,73.9367292192597,74.2503156513508,74.6379250745879,74.9436253864159,81.123019083256,75.1796772162454,75.2831152585191,75.3933873992036,81.5530328602536,81.6180091305193,75.8967839048244,76.1357936930099,76.3203062554302,75.842384959407,73.9595883818317,73.7272162450565,73.7272162450565,73.7272162450565,73.7272162450565
800,"UGA","Uganda",99.1390241143934,99.8500708346019,99.1744545092378,98.2032298127669,99.5987131010275,99.799263306991,99.4154873224718,99.4526687495981,97.8264385302219,98.4740409939023,96.2859026427771,99.7624326523913,96.8915511836807,92.3528053001614,93.291896090154,92.2910603445933,93.127808844136,92.9273154042523,93.0200932509646,93.4376174666705,93.4631830403508,92.9049910990694,93.3393067307896,93.3393067307896,93.3393067307896,93.3393067307896
804,"UKR","Ukraine",19.7907953183507,22.6360113536468,26.8112105349482,27.8137949722192,27.2540010941265,27.5383451951498,27.6422855166942,27.5606884718764,25.4994664033008,25.8613952339669,26.1660592235995,26.8366756579527,26.8129695083174,27.5116303810044,32.6973193894655,28.4491465726853,29.0596104070318,28.4376391163663,30.910713151924,35.6422581314426,41.6453275626195,39.0536644072104,42.454488847261,42.454488847261,42.454488847261,42.454488847261
784,"ARE","United Arab Emirates",0,0,0,0,0,0,0,0,0,0,0,0,0,0,0,0,0,0,0,0,0,0,0,0,0,0
826,"GBR","United Kingdom",17.8218688577265,17.3216808438431,18.4881294613045,18.5309562789435,19.2807739435943,19.2794465522767,19.5419079286731,20.5603175819107,20.3433700950845,20.8658393695447,21.0898866083057,21.5430174279418,22.4366630415869,23.2822466218257,26.322416452269,25.5393116812133,28.4221822758799,27.6875256773627,28.7080768627277,31.2778128027216,32.5314239033499,34.2464299842503,35.0879651907257,35.0879651907257,35.0879651907257,35.0879651907257
840,"USA","United States of America",0,0,0,0,0,0,0,0,0,0,0,0,0,0,1.65846359778882,1.01102559027451,1.57405433398043,2.6876874823374,2.73832720259415,2.53846271261237,3.31266987463168,4.0823266966633,4.47347975998859,4.47347975998859,4.47347975998859,4.47347975998859
858,"URY","Uruguay",26.1488022221571,24.9767325052964,25.4850780255823,26.207891127577,25.3649015974168,27.4957774569837,27.6736996148713,27.3936601653411,26.4678257753599,24.6339611734596,24.3218256005647,22.5349647628888,23.5760430879432,20.0620181433131,20.5822086898654,22.93748518567,21.7509084907124,21.2720107615976,22.033039636176,22.4937608194828,21.3107715853446,20.6242370671858,21.0233084931581,21.0233084931581,21.0233084931581,21.0233084931581
860,"UZB","Uzbekistan",38.3601110801915,38.2996168988101,38.1425799780736,36.6498272359289,36.6760345298329,36.9902795141147,36.6984182233614,35.5607177896339,36.4557590535041,36.6298500477497,38.2597620427953,37.6862542223333,38.0254808542555,37.2872818134283,41.4937311143206,42.4398256040546,40.8643913900919,40.508834360475,42.7487125432431,42.6316786906515,43.7944786150717,43.7438382303778,43.1641285601389,43.1641285601389,43.1641285601389,43.1641285601389
548,"VUT","Vanuatu",63.7464061267973,63.1139937788454,63.6931645684298,64.2981690112723,64.6553083885846,66.640320308592,68.5101444470388,69.3399506823049,69.0688788935226,71.0275495427689,71.2161369527657,72.0296899489922,65.5642640787325,66.0291840307096,67.2791910210032,67.2804501174686,66.8918526136147,68.3290063588955,69.433324777108,67.7277240568501,67.9961609668006,67.9055572723594,68.286018125694,68.286018125694,68.286018125694,68.286018125694
862,"VEN","Venezuela",25.4418658415129,27.6748715515298,26.2630008112569,22.2970942421162,22.8066740005427,25.7639420422737,23.7404354127847,22.483477605223,23.2864394602224,28.0374231754867,26.589505308804,26.5081941953601,28.0449753450874,25.9139367173875,26.3824666414736,26.4077967824861,28.0336022244585,25.1279684195936,27.7054274608383,27.7706481022003,29.0236835866265,29.9886059151598,30.2397776955038,30.2397776955038,30.2397776955038,30.2397776955038
704,"VNM","Viet Nam",86.4963107761045,84.6187316442453,82.394632517268,81.1644683720275,80.7497719382853,79.5718201303563,78.7413548484832,76.6484316682212,74.9625464798684,72.0175175053953,70.7648220840176,70.144634501718,69.6990532280013,68.6559374193517,66.5635308157777,65.2611037746249,64.5165169027266,66.0373342177896,64.541514673242,62.816811922708,60.0281610825692,58.8990281263077,58.9534550320295,58.9534550320295,58.9534550320295,58.9534550320295
876,"WLF","Wallis and Futuna Islands",NA,NA,NA,NA,NA,NA,NA,NA,NA,NA,NA,NA,NA,NA,NA,NA,NA,NA,NA,NA,NA,NA,NA,NA,NA,NA
732,"ESH","Western Sahara",NA,NA,NA,NA,NA,NA,NA,NA,NA,NA,NA,NA,NA,NA,NA,NA,NA,NA,NA,NA,NA,NA,NA,NA,NA,NA
887,"YEM","Yemen",84.4215928306913,84.7501170002503,81.716934471338,84.2814898026505,82.302743934492,81.2071447295828,80.7100799577002,82.0242884369243,79.3755213030136,79.0205860802912,77.2745697984832,74.8734068105976,72.6343150267927,74.2469672356938,71.7272101854584,73.1102298909221,77.4054891725513,79.8382791395645,73.6804011068722,75.4558619958734,77.4262664135686,78.0573304690423,78.310955399839,78.310955399839,78.310955399839,78.310955399839
894,"ZMB","Zambia",60.099438838918,64.996985223499,64.8928154570546,63.8373846107528,66.5641812069253,68.3813463403746,64.405239668516,65.3936857452467,63.5842246991785,64.033146226626,63.6045032040305,66.9785127428001,66.9898882585688,67.2922247797967,69.3232884646024,67.6063169338559,68.8170450469231,66.9022151902268,67.3499454837446,68.2394823183418,68.2283073279562,69.2863691937235,70.5313894889669,70.5313894889669,70.5313894889669,70.5313894889669
716,"ZWE","Zimbabwe",67.040417088471,65.7880065384996,66.9542372943815,66.6222622900578,64.5465910012739,67.2466432402007,67.9248997035652,70.3463291946933,72.0580251244895,73.178649488972,71.726215839895,72.6680752390435,72.9653723792364,75.9058484957853,78.143891358328,74.5800233607716,72.6045034588088,76.0243129191179,73.1555472896524,74.9934866131827,74.4763100454779,75.1486334737536,73.7556441391203,73.7556441391203,73.7556441391203,73.7556441391203
