"code","iso","country","GIB.ind.1995","GIB.ind.1996","GIB.ind.1997","GIB.ind.1998","GIB.ind.1999","GIB.ind.2000","GIB.ind.2001","GIB.ind.2002","GIB.ind.2003","GIB.ind.2004","GIB.ind.2005","GIB.ind.2006","GIB.ind.2007","GIB.ind.2008","GIB.ind.2009","GIB.ind.2010","GIB.ind.2011","GIB.ind.2012","GIB.ind.2013","GIB.ind.2014","GIB.ind.2015","GIB.ind.2016","GIB.ind.2017","GIB.ind.2018","GIB.ind.2019","GIB.ind.2020"
4,"AFG","Afghanistan",68.8692747017673,68.8692747017673,68.8692747017673,68.8692747017673,68.8692747017673,68.8692747017673,68.8692747017673,68.8692747017673,68.8692747017673,67.2620986664076,73.7103365990286,72.1921552638123,77.9631591343155,61.1704621003123,56.6008484056055,52.1201963532712,41.7168961469623,38.9929924564465,40.6912112481,40.3206220934668,43.2271633062188,44.2490998888262,50.6310315310535,50.6310315310535,50.6310315310535,50.6310315310535
8,"ALB","Albania",95.3108535676684,95.3108535676684,95.3108535676684,95.3108535676684,95.3108535676684,94.9409092400295,82.1806651223216,72.4740967570059,64.3452390869719,54.2126144575302,51.0790272301272,59.0696045320747,66.9919495655786,76.7335130620461,81.5379684905369,84.4155002645895,82.7038706878001,76.6706267737653,66.2311916750713,53.2571932284936,43.2834381823422,37.2686899804382,36.3722701305613,36.3722701305613,36.3722701305613,36.3722701305613
12,"DZA","Algeria",36.7784356159792,36.7784356159792,36.7784356159792,36.7784356159792,36.7784356159792,56.4324362326411,77.4589444058503,86.8294402713531,90.8736568629335,93.7479197712179,85.9871543434435,77.040955271944,70.8612354841224,59.1093048105878,50.0834356340487,43.7640910975368,42.5929307453067,41.1727601593509,39.3498802268446,40.6435261946441,38.633781528149,39.7946907447107,41.0389143626269,41.0389143626269,41.0389143626269,41.0389143626269
20,"AND","Andorra",NA,NA,NA,NA,NA,NA,NA,NA,NA,NA,NA,NA,NA,NA,NA,NA,NA,NA,NA,NA,NA,NA,NA,NA,NA,NA
24,"AGO","Angola",38.6054474460835,38.6054474460835,38.6054474460835,38.6054474460835,38.6054474460835,62.2944704894104,83.6762300053522,99.9959581786609,96.4162142889,91.2122512303553,85.616004764111,87.2518574473484,92.7638675659772,97.7923151072197,98.4755441804255,97.2726222726197,91.9964775983767,88.5747463581313,85.3319139917927,76.8353992386223,67.7646109140202,60.4645458544919,53.9417992705189,53.9417992705189,53.9417992705189,53.9417992705189
660,"AIA","Anguilla",NA,NA,NA,NA,NA,NA,NA,NA,NA,NA,NA,NA,NA,NA,NA,NA,NA,NA,NA,NA,NA,NA,NA,NA,NA,NA
28,"ATG","Antigua and Barbuda",44.8879598191625,44.8879598191625,44.8879598191625,44.8879598191625,44.8879598191625,41.8245175945818,36.8734510395857,30.1120117432439,24.7601615229804,25.4024380368773,24.7756674129539,30.2189876578667,37.7926134511583,43.8333026966548,39.2409854029854,33.3554706560205,24.6693458508222,15.6278820639982,6.30056009957273,0,0,6.79657895401209,22.0030855456227,22.0030855456227,22.0030855456227,22.0030855456227
32,"ARG","Argentina",69.8261877830623,69.8261877830623,69.8261877830623,69.8261877830623,69.8261877830623,60.2497780262182,51.300507899502,38.2554876013938,29.7480981045655,23.136544041608,20.4877551283036,19.1650121779767,28.4975704334158,41.2094569394355,49.1033926739836,60.9806665865937,70.9774301068173,70.9969332020019,68.2546089808074,58.2528506900669,51.028609298954,41.147174735684,36.2401539705964,36.2401539705964,36.2401539705964,36.2401539705964
51,"ARM","Armenia",46.0625719947888,46.0625719947888,46.0625719947888,46.0625719947888,46.0625719947888,68.6158681086159,90.1394708131552,74.7966157229988,82.7201224867961,88.3436764702756,83.8132610635157,90.6926663966018,87.8046383946356,82.0479143503633,76.626591356386,66.1344670037167,52.0136533374011,42.5089503616956,36.6680659934004,32.9533742555053,25.4133546289855,18.7876005121078,22.9578104624123,22.9578104624123,22.9578104624123,22.9578104624123
533,"ABW","Aruba",63.0469148639129,63.0469148639129,63.0469148639129,63.0469148639129,63.0469148639129,41.2022713932018,18.6533066911354,6.0794653837164,0,0,0,0,0,12.4615676715942,23.1320283489459,24.9827786777623,27.689647239135,59.5357449760166,100,100,100,100,100,100,100,100
36,"AUS","Australia",53.8208982042555,53.8208982042555,53.8208982042555,53.8208982042555,53.8208982042555,52.1735118573283,46.9880155421833,42.7952309700016,47.6837907442397,48.5813134184547,54.4516386151143,55.4168986810512,58.7082062214028,63.4915643436967,63.6769319345833,63.9728686342099,50.7064713272823,40.130704938684,48.8979933930651,51.501198908255,58.4271582805673,62.2231679794373,62.5165529684853,62.5165529684853,62.5165529684853,62.5165529684853
40,"AUT","Austria",49.4873254207788,49.4873254207788,49.4873254207788,49.4873254207788,49.4873254207788,50.3435979254457,46.2257895164101,45.7048019153824,41.201738906374,40.5376715886073,38.5585926308605,36.9391167066944,38.7997104645348,41.591831036626,42.6804728379603,39.2208659084687,37.4343847510283,39.6877409919187,37.1150009238635,38.056623798502,36.8634205123379,38.0057477845831,42.7272444509175,42.7272444509175,42.7272444509175,42.7272444509175
31,"AZE","Azerbaijan",51.5935687330816,51.5935687330816,51.5935687330816,51.5935687330816,51.5935687330816,68.6652841886322,88.1286612200395,100,100,100,100,100,100,100,100,100,100,100,100,92.5585911149372,62.8791232150444,35.2980451403963,27.6801906504828,27.6801906504828,27.6801906504828,27.6801906504828
44,"BHS","Bahamas",61.8367265845517,61.8367265845517,61.8367265845517,61.8367265845517,61.8367265845517,65.7223158591084,71.1851681711636,70.8593292128454,68.8982432978877,59.5304870447496,51.2172990154905,45.0721353318241,46.7885388398833,42.878626455117,34.8741095943509,29.4861659439957,22.5576834165627,18.201843930308,0,0,0,0,0,0,0,0
48,"BHR","Bahrain",40.4685874355836,40.4685874355836,40.4685874355836,40.4685874355836,40.4685874355836,25.728664565433,40.3400375734008,55.3614341740635,61.9857715124689,65.3372853806644,65.8012554906739,67.2805025994941,51.2757892823837,32.0628354878344,18.6746833296895,6.74257003731915,12.3957698684725,20.6472066013275,25.4372837396228,32.9548298700123,49.8846378661967,70.0827264734347,76.9513260667155,76.9513260667155,76.9513260667155,76.9513260667155
50,"BGD","Bangladesh",53.300744319941,53.300744319941,53.300744319941,53.300744319941,53.300744319941,54.2199959521826,54.2100542052476,53.4765543827349,54.5174979869881,55.4624004472306,54.4938909960437,53.5524313390737,54.8418006552329,57.2129750727769,58.5266570035625,59.2950702354853,59.4989453083622,59.5701405037118,59.9970298668038,60.5071296504242,59.0669746084953,59.729430575719,62.2194925796531,62.2194925796531,62.2194925796531,62.2194925796531
52,"BRB","Barbados",47.8139895491829,47.8139895491829,47.8139895491829,47.8139895491829,47.8139895491829,43.8298694394092,27.4115671594399,18.397556538326,2.27485703404767,7.93553473627057,12.3868235029911,22.8827848832086,35.1929065068596,30.3694679383524,21.0158334202377,20.1024866087869,14.8692483296963,14.1685906961556,14.2708124220616,21.5195105904663,28.7612274469321,39.227548693869,49.5956073234516,49.5956073234516,49.5956073234516,49.5956073234516
112,"BLR","Belarus",65.1623385783816,65.1623385783816,65.1623385783816,65.1623385783816,65.1623385783816,75.3224178286363,83.7392042563024,91.931234557807,98.225584966171,100,96.4744590188857,88.7745363874166,87.4567776600095,87.9813776600143,85.5803366015376,84.0854289669318,76.3045548706368,68.8592695975478,59.3509308327388,49.1701119877764,40.1714083042439,30.2616197879689,26.4312606829005,26.4312606829005,26.4312606829005,26.4312606829005
56,"BEL","Belgium",40.1434219456748,40.1434219456748,40.1434219456748,40.1434219456748,40.1434219456748,45.0037683505713,48.789930646353,54.1585193891937,56.5435176767138,58.9724332309542,61.3943060706371,60.5013224577313,63.0926263519826,60.6250699230508,59.5616521390005,53.8125003659064,52.7920002647793,54.506167214079,50.9918712673635,50.0862190291713,47.9348969334606,46.31711302606,47.0554865192214,47.0554865192214,47.0554865192214,47.0554865192214
84,"BLZ","Belize",68.0239339436962,68.0239339436962,68.0239339436962,68.0239339436962,68.0239339436962,66.7359608286846,60.1562398107778,54.0378232702858,49.5318070952265,57.6711842623179,61.429261699829,70.4675724409021,64.5238911342756,61.8072637419482,49.2607787243518,45.058706250766,31.0243277413733,25.1813003221413,10.686619262068,17.842407010474,17.8824882941366,18.1098055298364,17.7068211476649,17.7068211476649,17.7068211476649,17.7068211476649
204,"BEN","Benin",43.165537053622,43.165537053622,43.165537053622,43.165537053622,43.165537053622,45.0894052641471,48.1247462976615,44.7042169590567,43.8362537529476,41.8515122571203,37.3487011111847,30.7942057466182,25.1237354655725,25.1779657223991,24.6346882081413,22.665194762726,24.5101666793207,23.8909522233902,28.2770838457358,37.8230426437725,41.5798775769826,40.2189131769582,37.245705719003,37.245705719003,37.245705719003,37.245705719003
60,"BMU","Bermuda",NA,NA,NA,NA,NA,NA,NA,NA,NA,NA,NA,NA,NA,NA,NA,NA,NA,NA,NA,NA,NA,NA,NA,NA,NA,NA
64,"BTN","Bhutan",29.6993079558093,29.6993079558093,29.6993079558093,29.6993079558093,29.6993079558093,38.750206140729,48.9333292616027,60.9724310710698,76.7837004971107,95.4410893157756,100,100,100,100,94.00477260387,84.7636758572567,74.6070788122058,64.1170215255601,54.1050021416813,49.1633596680798,43.3140321785248,40.0827735335251,44.5078597207025,44.5078597207025,44.5078597207025,44.5078597207025
68,"BOL","Bolivia",0,0,0,0,0,0,0,24.7237438743405,37.8475026919924,42.7166526893004,50.4504286379317,48.3645807864852,36.9654992642108,24.9148464164914,13.1368639902145,2.38430757787285,8.91632603249674,21.1113480754945,35.4800263662501,40.3503942288534,43.0619738480974,43.034156706715,45.2126873556693,45.2126873556693,45.2126873556693,45.2126873556693
70,"BIH","Bosnia and Herzegovina",100,100,100,100,100,81.3997435001126,67.5264299974791,58.9482272830966,53.1496497080444,25.2484508958594,8.27219815920287,25.4686743579932,31.8935000226286,30.9737845790883,31.6882371660203,21.8660213853061,12.0954547184052,7.98888694261275,7.81699000252925,8.06704807197114,15.7502960801136,22.048887457524,32.8324240579553,32.8324240579553,32.8324240579553,32.8324240579553
72,"BWA","Botswana",74.8897497982216,74.8897497982216,74.8897497982216,74.8897497982216,74.8897497982216,74.6481268196076,63.4204023574899,54.1052147910784,81.2776323713958,98.6197376012487,100,93.5906755411106,99.7182426306096,70.9869469023429,83.1905271340936,45.0333157045637,0,0,15.4667924169683,52.3067905777894,80.0257611739998,99.9223484949968,100,100,100,100
76,"BRA","Brazil",33.9145888508447,33.9145888508447,33.9145888508447,33.9145888508447,33.9145888508447,34.3525336456019,32.6121531179267,29.8417353967738,27.5206468221252,27.0299172670731,28.5893011564823,33.093329929245,38.8380572527229,43.9468385343124,48.2489720609622,50.9841297324661,52.9916589064998,52.6925521564563,48.9681946338344,42.8613520073562,35.4143786449526,29.1916520476286,24.710430235607,24.710430235607,24.710430235607,24.710430235607
92,"VGB","British Virgin Islands",NA,NA,NA,NA,NA,NA,NA,NA,NA,NA,NA,NA,NA,NA,NA,NA,NA,NA,NA,NA,NA,NA,NA,NA,NA,NA
96,"BRN","Brunei Darussalam",60.2479185575618,60.2479185575618,60.2479185575618,60.2479185575618,60.2479185575618,53.2129524713219,46.0663889869557,43.9998079896311,42.1879967531113,41.0868921317468,40.9934979774058,40.2370126911293,21.1745259339746,0,0,0,0,0,0,0,7.69252654199839,15.9653179519363,11.1244737146373,11.1244737146373,11.1244737146373,11.1244737146373
100,"BGR","Bulgaria",70.7243271545029,70.7243271545029,70.7243271545029,70.7243271545029,70.7243271545029,74.7868761552919,79.7253438661399,85.6502129127874,76.1833919240594,77.1757891966547,76.7082791037584,75.0946959849098,72.891258007069,78.6319010664951,84.2586887874811,85.1712961039283,76.1635499381591,72.8076040055652,70.0168544442106,64.7040785155272,57.5477421020392,55.629611696167,50.3271739394476,50.3271739394476,50.3271739394476,50.3271739394476
854,"BFA","Burkina Faso",58.8806857119112,58.8806857119112,58.8806857119112,58.8806857119112,58.8806857119112,59.3743043162259,64.2707063893258,64.1965130927268,58.4935033185888,49.0633130086422,40.8852614422313,39.284596658477,36.3348699560747,37.2589562724524,40.9210122071338,40.6924089813631,46.8048269159959,53.5304347923202,54.9997446931649,54.9016321333219,54.5060418028502,55.5302793841153,55.1838607690092,55.1838607690092,55.1838607690092,55.1838607690092
108,"BDI","Burundi",0,0,0,0,0,0,0,6.30358433296981,12.0732845811487,17.6679618096053,19.2365352334623,16.7390244610905,12.6881869177404,13.7849157062357,19.3674637290091,24.5550159938591,24.7443338257426,28.5426579070534,28.5655723173142,28.0229779990819,23.6232471098819,21.5459210384243,20.8099942138873,20.8099942138873,20.8099942138873,20.8099942138873
132,"CPV","Cabo Verde",98.4574223355387,98.4574223355387,98.4574223355387,98.4574223355387,98.4574223355387,100,95.6040825984746,79.1497845275118,58.6578833221234,48.1821364467715,30.0836504611259,21.5023876689569,21.1885570384703,28.8771855560689,30.3695614222439,33.5380642307459,36.5262770009317,45.1211757343829,50.503883101968,56.3234067200621,39.406967367648,23.687852808567,15.2436787098633,15.2436787098633,15.2436787098633,15.2436787098633
116,"KHM","Cambodia",9.73243779077659,9.73243779077659,9.73243779077659,9.73243779077659,9.73243779077659,33.3388334513305,47.1789468300994,54.3844064022316,80.3034292373683,87.9063891046316,91.3601974605715,93.4178335248852,94.5314749379582,92.1639361848183,81.8810394461946,77.6329436466857,72.842310659833,69.365726581345,66.2850437058659,66.4758031348015,70.0735292763962,73.8442739924323,79.1916078705818,79.1916078705818,79.1916078705818,79.1916078705818
120,"CMR","Cameroon",0,0,0,0,0,0,39.4913761408719,77.6536152418485,100,100,92.3153870028029,84.5799980356945,77.9863151538125,71.8834159710516,65.7843882865225,62.7571919007901,64.7004422323444,69.4002228754318,71.597863209671,77.9335690710634,79.8632975626229,81.5167124336909,79.7284672001348,79.7284672001348,79.7284672001348,79.7284672001348
124,"CAN","Canada",38.4790508824264,38.4790508824264,38.4790508824264,38.4790508824264,38.4790508824264,42.811876618,47.1312660397649,50.3596018547743,51.215247355034,53.1176167715499,55.9302059318002,58.4007560452641,61.2976150809987,62.6410040262685,62.4443965842853,61.5148339718767,60.5605780480581,61.0818688916657,58.5885286004292,54.8535689263988,51.2636434333086,50.2906451168436,50.5608287380776,50.5608287380776,50.5608287380776,50.5608287380776
136,"CYM","Cayman Islands",NA,NA,NA,NA,NA,NA,NA,NA,NA,NA,NA,NA,NA,NA,NA,NA,NA,NA,NA,NA,NA,NA,NA,NA,NA,NA
140,"CAF","Central African Republic",45.3827208095061,45.3827208095061,45.3827208095061,45.3827208095061,45.3827208095061,45.1143319430352,47.3732374110965,53.9830345090668,36.0909761668999,34.3825828788934,30.8624479162078,30.7257083165693,32.6339647859121,28.2433134571584,53.8801888440655,59.045149813707,61.3353153177557,86.2924431100427,55.1413704469936,40.1107187186755,20.4683983080201,2.56783620997042,0,0,0,0
148,"TCD","Chad",31.2038871908743,31.2038871908743,31.2038871908743,31.2038871908743,31.2038871908743,23.0701937744725,30.3179843690281,39.9389326152342,42.9557044871323,64.1350112391569,86.2388112437478,100,100,100,100,100,98.0568781885768,82.7076725817461,68.2524862058937,68.6188884377881,24.316445302232,0,0,0,0,0
152,"CHL","Chile",31.3724022881806,31.3724022881806,31.3724022881806,31.3724022881806,31.3724022881806,23.5441584562565,27.5919321936557,34.7190585757631,44.0233356486689,49.879703755709,56.9443690414241,61.2005002099849,58.5317840160633,56.2063148419303,49.4129143789222,45.3068557694644,44.0121196594159,43.4094845568214,45.1968095809531,46.1482679980837,48.245701897434,48.586437005195,46.1927736139765,46.1927736139765,46.1927736139765,46.1927736139765
156,"CHN","China",100,100,100,100,100,100,99.8640161102798,96.4092126366963,89.2466882819436,78.8889510604918,65.5743100637923,52.9869704001219,46.2388947138653,44.6330965894075,46.3593711608154,50.2045190565776,55.4864618068464,61.7586430254922,66.5854917517488,69.1814756787497,71.3364363287617,73.4294973187896,77.2933597104518,77.2933597104518,77.2933597104518,77.2933597104518
170,"COL","Colombia",59.4649931699163,59.4649931699163,59.4649931699163,59.4649931699163,59.4649931699163,58.7847900365511,57.4817943956121,54.3316019776448,50.4095630074688,50.0775844469476,52.5574114672868,56.8135222993314,60.1796241695195,59.2485238573599,57.6282277844886,54.1219082133224,53.9256171110989,53.7793328751239,51.2553230572025,54.3553621640984,55.5771712302297,55.244003798845,57.2189389682604,57.2189389682604,57.2189389682604,57.2189389682604
174,"COM","Comoros",17.3160039117787,17.3160039117787,17.3160039117787,17.3160039117787,17.3160039117787,25.7189650051382,26.5879548753382,32.1751371388896,37.3667824869669,34.9844489295188,34.6905734051723,29.1341948613306,32.3666603165372,30.7533302184675,25.8647411530235,26.3055002491629,28.2169241451764,31.2922325855398,32.1487325853401,31.2875340648146,29.8128495324943,24.7680973819954,28.8392672477833,28.8392672477833,28.8392672477833,28.8392672477833
184,"COK","Cook Islands",NA,NA,NA,NA,NA,NA,NA,NA,NA,NA,NA,NA,NA,NA,NA,NA,NA,NA,NA,NA,NA,NA,NA,NA,NA,NA
188,"CRI","Costa Rica",61.6625394519436,61.6625394519436,61.6625394519436,61.6625394519436,61.6625394519436,67.8923244147865,70.2254083551791,69.5840541455135,68.8190132266017,62.6565736302847,62.1031890706218,61.1547602466039,56.587214154746,52.4164946313988,49.7642748142437,52.0437692351356,54.0325698355724,56.0685148765107,56.8621102343138,57.7505062392202,53.343950890445,49.8044510915308,45.5137669932352,45.5137669932352,45.5137669932352,45.5137669932352
384,"CIV","Cote d'Ivoire",22.9263881077657,22.9263881077657,22.9263881077657,22.9263881077657,22.9263881077657,26.055508714106,25.8388498957774,24.1610139665853,27.1181324366198,28.2378337255873,19.0505969056659,14.1384391408594,12.9941512899368,19.4763491554524,35.6597215942908,44.1361489194491,40.029269603171,31.643531397286,33.0234042073201,36.7481939662661,36.9293660235698,38.9802035268849,43.539370309964,43.539370309964,43.539370309964,43.539370309964
191,"HRV","Croatia",38.9338795257008,38.9338795257008,38.9338795257008,38.9338795257008,38.9338795257008,42.6817388789774,43.0551126093501,42.4771198815616,41.6879789195264,41.8481200032755,42.2081004530363,45.540403991672,45.8968559360404,48.6078299720751,50.1893588113762,52.080277044361,52.3103283914763,52.6320594727691,52.4493461367878,51.9310056957042,52.0698419631068,52.3170950603516,49.7445511694346,49.7445511694346,49.7445511694346,49.7445511694346
192,"CUB","Cuba",97.7432987838764,97.7432987838764,97.7432987838764,97.7432987838764,97.7432987838764,94.1149751301363,86.4538879637811,77.145308131301,76.70316879529,72.0513594916861,77.3708759954127,82.3209368551223,88.73175594033,87.6674895355058,85.5261332486662,73.8405491935598,64.9769081101372,54.3513331757561,45.6233701154229,38.6916751010364,38.3688583502673,39.3100873152402,46.0607578528196,46.0607578528196,46.0607578528196,46.0607578528196
531,"CUW","Curacao",NA,NA,NA,NA,NA,NA,NA,NA,NA,NA,NA,NA,NA,NA,NA,NA,NA,NA,NA,NA,NA,NA,NA,NA,NA,NA
196,"CYP","Cyprus",37.7180480231894,37.7180480231894,37.7180480231894,37.7180480231894,37.7180480231894,43.2107475784108,47.1810534883788,50.0640342378575,45.6783445541464,45.1985911138604,51.486831619673,51.6852529434833,51.9661913084276,50.3814015363902,49.8720184227533,50.5303480634762,53.0619277349825,53.8956879414343,49.9901919359934,45.1169236545244,42.2077558496851,39.6655690701222,37.9413627884328,37.9413627884328,37.9413627884328,37.9413627884328
203,"CZE","Czech Republic",77.4459521259458,77.4459521259458,77.4459521259458,77.4459521259458,77.4459521259458,74.772296438045,66.5644674489174,63.0131888633778,58.6038869425487,59.3335205734419,63.1347889349159,67.4107106278883,69.9179349209289,73.6331467134652,76.8694636384951,74.8744716375406,72.1335471551555,69.9244152056575,65.2886319382083,63.3327518630782,61.929259592333,59.7514218421561,60.6657556494924,60.6657556494924,60.6657556494924,60.6657556494924
180,"COD","Dem. Rep. Congo",0,0,0,0,0,0,0,0.828883079656535,0,0,0,0.344164219811788,15.3809117614323,30.4125242055526,49.3796330899579,64.882083504386,72.829658878357,78.1942436104681,78.9535112845616,80.3359258511584,81.9139555461824,79.8448265326627,82.0335640860798,82.0335640860798,82.0335640860798,82.0335640860798
208,"DNK","Denmark",48.7360491803787,48.7360491803787,48.7360491803787,48.7360491803787,48.7360491803787,63.231138578802,65.6083182725888,71.7796292895773,69.4098758300295,69.9309087719483,75.6817407631369,63.8435581592079,60.5414474744069,58.5952160716986,57.1896610932203,57.3077738681365,60.6508860595485,66.1996597279409,62.7226028846076,67.6623135594573,77.3979676697723,78.7004771153577,82.784685648069,82.784685648069,82.784685648069,82.784685648069
262,"DJI","Djibouti",0,0,0,0,0,0,0,1.61355982474872,4.90006377650376,13.6474813717449,22.354108475364,31.5383079078653,36.6737267790117,42.7240378339786,49.1959912268926,52.6449712811792,56.8613489096713,57.5618318404376,56.6326302777423,78.6046576973778,95.7058368187878,100,100,100,100,100
212,"DMA","Dominica",37.0428810283419,37.0428810283419,37.0428810283419,37.0428810283419,37.0428810283419,30.4720263897464,22.1532859704011,20.1732867365312,17.4113223674601,17.099359873377,13.6666690574059,20.6629172873098,17.7138730417691,31.0147244118662,42.3230681631125,44.2326577064638,44.4767193170693,42.9575098096782,39.3023060236703,39.1830766638827,34.0884483147869,34.15239667442,20.5978794292314,20.5978794292314,20.5978794292314,20.5978794292314
214,"DOM","Dominican Republic",34.8953094093301,34.8953094093301,34.8953094093301,34.8953094093301,34.8953094093301,41.1115960955185,42.7534352651656,45.9615882467213,48.7621425220601,56.2607811584706,59.9619054568518,61.214646944943,61.4748864316899,62.8579286931574,65.861436696622,68.9735697039797,69.9718590177139,65.9402999013792,60.3434438343314,59.6241959343578,62.8162495032519,66.7626885374209,69.2000878281986,69.2000878281986,69.2000878281986,69.2000878281986
218,"ECU","Ecuador",51.0374569105253,51.0374569105253,51.0374569105253,51.0374569105253,51.0374569105253,56.1670183596608,60.8754104864048,57.2725231802233,46.3997108413971,51.7851609730634,47.319794605455,41.9910356043019,42.7960472912062,43.5864458212277,39.6183059478403,41.3686396664256,41.6454640099282,45.2406996181466,45.6343429186165,45.4477089370894,47.3841132985523,52.4330933169445,56.0977370982362,56.0977370982362,56.0977370982362,56.0977370982362
818,"EGY","Egypt",31.651803179881,31.651803179881,31.651803179881,31.651803179881,31.651803179881,34.9228438017848,42.031140206668,47.7507565020958,42.1243895319731,42.3607264264152,36.680416659079,32.1769033024361,30.6350604011972,29.0118192848101,30.3243124043276,32.3483726943261,37.6415174800483,44.745775125452,46.7964946496072,52.1949848494643,53.1608538552564,53.0764086768157,53.4352431779147,53.4352431779147,53.4352431779147,53.4352431779147
222,"SLV","El Salvador",24.948758475701,24.948758475701,24.948758475701,24.948758475701,24.948758475701,30.8708016060342,28.6007915630804,28.9398300144414,29.7610368040643,28.2264100564669,29.2480468495912,30.91523295444,28.1916063407236,30.3321850887187,33.8506682242534,40.6366268108751,46.329334981465,50.9115868216016,58.2451509569703,62.5363918713957,57.6298529386277,51.7528459017426,45.198843778187,45.198843778187,45.198843778187,45.198843778187
226,"GNQ","Equatorial Guinea",0,0,0,0,0,0,52.5711349858077,100,100,100,100,100,100,100,100,100,100,100,98.6979075670479,76.7012806003491,50.900016319311,21.4710769200381,0,0,0,0
232,"ERI","Eritrea",83.1000318966988,83.1000318966988,83.1000318966988,83.1000318966988,83.1000318966988,62.6815990444736,56.9778888957999,35.108516348007,21.3774599876806,19.3828588703381,20.1717686804206,24.5752341550313,26.4286224665722,28.1748203802637,30.3232425118355,24.3262536314938,28.0375228521679,36.201085450966,40.3043244991169,68.453752859344,90.9517307097707,100,100,100,100,100
233,"EST","Estonia",100,100,100,100,100,100,100,100,100,100,99.3033739451858,96.8497607942475,89.2502221711471,81.5351386875088,72.9748769087407,59.595118344214,46.1695191795211,41.9585214842526,28.1834717258599,19.2050848787825,21.725073384242,34.1487595194933,41.087427527671,41.087427527671,41.087427527671,41.087427527671
748,"SWZ","Eswatini",20.1545383046287,20.1545383046287,20.1545383046287,20.1545383046287,20.1545383046287,14.0159885689487,11.2859525812497,13.0762153850071,30.1494687709872,38.2103828902995,52.0689844192199,74.5566550727152,75.0190451543506,74.6203321410117,73.5334274271147,74.1345258490942,73.4176437911794,69.511515237889,68.1164353624344,61.6485069578103,57.0328621489883,55.9422760420053,50.1557183993538,50.1557183993538,50.1557183993538,50.1557183993538
231,"ETH","Ethiopia",56.1509404056963,56.1509404056963,56.1509404056963,56.1509404056963,56.1509404056963,62.667770949227,62.6189060901012,45.990393805626,39.2324511490777,36.6203754370549,38.9814102397561,47.6874109284292,55.1281990458375,56.5562529494308,59.6901043292784,69.1519404183,81.6041475067107,85.1283877412316,86.4356459224284,88.2435222984762,91.3913337011492,94.4889700906233,94.8015935862686,94.8015935862686,94.8015935862686,94.8015935862686
234,"FRO","Faeroe Islands",NA,NA,NA,NA,NA,NA,NA,NA,NA,NA,NA,NA,NA,NA,NA,NA,NA,NA,NA,NA,NA,NA,NA,NA,NA,NA
238,"FLK","Falkland Islands",NA,NA,NA,NA,NA,NA,NA,NA,NA,NA,NA,NA,NA,NA,NA,NA,NA,NA,NA,NA,NA,NA,NA,NA,NA,NA
242,"FJI","Fiji",43.5050901311137,43.5050901311137,43.5050901311137,43.5050901311137,43.5050901311137,44.7947863294465,41.6466198087284,45.2218996851536,43.9275347818834,38.0609975132343,37.7339930161368,35.5850653551251,31.9580244337898,36.3679073139966,47.6410147424453,47.0690694660553,44.5458873027948,48.7053247879925,49.6714108481889,42.9440056732183,42.3036619824253,36.4392312976944,31.3558502645099,31.3558502645099,31.3558502645099,31.3558502645099
246,"FIN","Finland",43.4332913265082,43.4332913265082,43.4332913265082,43.4332913265082,43.4332913265082,59.140850407209,64.7758754057302,68.854231492724,63.7172956075659,55.7773880188643,60.7461426787461,51.1485322049218,46.3580444586309,49.6812168031572,52.685866025018,53.3652662494865,56.6200875039059,59.4846592542296,55.4180921536607,51.5296163732432,58.6139525366724,54.4610818382073,56.0947501294564,56.0947501294564,56.0947501294564,56.0947501294564
250,"FRA","France",53.3195551305825,53.3195551305825,53.3195551305825,53.3195551305825,53.3195551305825,56.4684306791581,54.8716200633646,55.0510966676061,52.6963329781067,53.8271484514487,53.7994894185808,51.5886907476036,52.1166117729565,50.537822344766,49.6149979860069,49.9923014999729,51.5898082443168,51.9058435127256,50.0992108010995,51.4921062292882,53.277126160802,55.2734475264415,56.7158447474754,56.7158447474754,56.7158447474754,56.7158447474754
258,"PYF","French Polynesia",NA,NA,NA,NA,NA,NA,NA,NA,NA,NA,NA,NA,NA,NA,NA,NA,NA,NA,NA,NA,NA,NA,NA,NA,NA,NA
266,"GAB","Gabon",86.4853999286425,86.4853999286425,86.4853999286425,86.4853999286425,86.4853999286425,77.5925444663996,79.9798550635379,76.2896493225017,64.6518687383627,61.2105992456976,57.9277721069463,57.3897348642974,71.4935926122365,74.8420021133784,75.921751380486,78.4304789013547,83.9477528990567,88.7556243859856,87.4088853467551,89.5395198788873,93.1300654012306,99.2272410291943,100,100,100,100
270,"GMB","Gambia",41.3318068602144,41.3318068602144,41.3318068602144,41.3318068602144,41.3318068602144,42.7963406221422,44.7158600482878,44.7347180982797,47.6462608802656,46.6577121920228,40.1693128124159,27.7312569603794,22.0055189928441,14.5552276841493,7.98221362292581,2.9596794546194,6.85581137723085,10.3614732909566,17.0433198447354,20.3190021516806,23.1326296067664,22.7952038595627,25.5760334936305,25.5760334936305,25.5760334936305,25.5760334936305
268,"GEO","Georgia",30.3479298323311,30.3479298323311,30.3479298323311,30.3479298323311,30.3479298323311,74.1699682541171,100,100,89.3474619086684,73.183959711241,81.8174481588236,76.7785131768555,75.6232069293403,78.2488855347867,70.9671559574953,59.7366065658508,52.1319699496716,46.2929800874343,45.4205000747878,39.2538816311097,42.1568489079431,41.0720455109743,45.8612118809107,45.8612118809107,45.8612118809107,45.8612118809107
276,"DEU","Germany",66.5725012046774,66.5725012046774,66.5725012046774,66.5725012046774,66.5725012046774,61.6738132952528,59.8363934381705,60.4591771366201,58.874275704593,57.489014997503,56.454865643234,52.5809141854061,52.3044081777602,52.2773441741903,53.7068608899474,53.6228800584039,55.3357475301274,55.5364007200314,52.7569268264221,52.5051208088067,52.1599802971615,50.5864680474361,52.1826074744217,52.1826074744217,52.1826074744217,52.1826074744217
288,"GHA","Ghana",46.5998306714281,46.5998306714281,46.5998306714281,46.5998306714281,46.5998306714281,45.9590712481184,45.0379998361609,45.5194089588401,47.2146792031458,52.62124599657,53.3346958988994,53.3754608234103,52.4617448618491,54.8646457280078,64.4790930568346,65.5586237001382,64.3396481085359,66.3003169426344,64.199435635919,66.2473209009989,62.7481667659534,55.4573931053575,48.4134735915812,48.4134735915812,48.4134735915812,48.4134735915812
300,"GRC","Greece",35.2716097562741,35.2716097562741,35.2716097562741,35.2716097562741,35.2716097562741,36.3724159298285,41.4318029159749,45.6710331880133,50.069845847862,54.0859296206229,55.6676289729958,59.8228417579148,63.2172287970435,63.046243762178,61.1485800951771,56.9685461366742,49.2584181723566,36.7156583431361,30.6829040252701,28.6659768930167,26.1072358562546,28.3193216900461,28.7950941408937,28.7950941408937,28.7950941408937,28.7950941408937
304,"GRL","Greenland",NA,NA,NA,NA,NA,NA,NA,NA,NA,NA,NA,NA,NA,NA,NA,NA,NA,NA,NA,NA,NA,NA,NA,NA,NA,NA
308,"GRD","Grenada",3.90760133412043,3.90760133412043,3.90760133412043,3.90760133412043,3.90760133412043,12.5680645957861,21.3928594696888,27.8520366212957,36.2941194296775,38.9033982727122,43.1023126887409,41.1942373738925,38.807961765028,38.0576390748571,32.5697500485065,26.1360326666756,20.2482775900745,10.0613248334652,0,8.66214916989342,24.9468329319149,35.5412663778734,49.673784206443,49.673784206443,49.673784206443,49.673784206443
320,"GTM","Guatemala",31.7004455585238,31.7004455585238,31.7004455585238,31.7004455585238,31.7004455585238,30.5179115364786,29.266641890411,25.5608255014319,26.7558708466107,24.2013693861282,21.6258195644756,25.65568354489,30.7834522580383,38.4785282210222,41.8309014840777,43.5075773705304,43.8463940592065,43.7650457453474,43.5430030943099,34.4450311566907,29.1152415394987,25.2685384513402,24.7107378357146,24.7107378357146,24.7107378357146,24.7107378357146
831,"GGY","Guernsey",NA,NA,NA,NA,NA,NA,NA,NA,NA,NA,NA,NA,NA,NA,NA,NA,NA,NA,NA,NA,NA,NA,NA,NA,NA,NA
324,"GIN","Guinea",46.4332326144784,46.4332326144784,46.4332326144784,46.4332326144784,46.4332326144784,44.9955685673141,39.6144024379667,33.4632765580009,29.2193697062461,24.6048922632071,14.839374049574,11.4399820477443,16.7473866397525,19.3565693850806,22.4160934262436,21.493617049813,19.6097604664477,17.3893093652819,19.0045255380795,23.2927827858422,24.6425888112817,25.388549234226,36.6790996331579,36.6790996331579,36.6790996331579,36.6790996331579
624,"GNB","Guinea-Bissau",33.9049484377965,33.9049484377965,33.9049484377965,33.9049484377965,33.9049484377965,25.0372991012233,13.4135972698232,0,0,0,0,0,18.4594637136416,28.3047343072705,32.987715845973,42.3723572637196,49.7089391606556,45.9535438176845,42.8613094573324,41.5662236092987,42.2898647800013,42.4429638076402,42.1189402597917,42.1189402597917,42.1189402597917,42.1189402597917
328,"GUY","Guyana",43.1219215368618,43.1219215368618,43.1219215368618,43.1219215368618,43.1219215368618,44.9974044016514,43.5257005789401,46.8363578368321,47.7098652319398,46.0728615802137,45.1531060960424,51.7718595974825,55.3231943068744,54.6325496392188,52.6661825580104,51.5248987564451,50.4674271790669,49.0671783313088,44.289433037585,36.5452245092825,32.851495171824,40.2117186488613,44.3887517589678,44.3887517589678,44.3887517589678,44.3887517589678
332,"HTI","Haiti",0,0,0,0,0,4.96186053789589,12.0065317178719,13.8638277561183,17.2252818081953,12.7380586890485,0,0,0,0,0,0,0,5.88762083936741,18.6373771325224,28.0213766758435,26.4264981332453,24.8275809917635,23.156208565271,23.156208565271,23.156208565271,23.156208565271
336,"VAT","Holy See",NA,NA,NA,NA,NA,NA,NA,NA,NA,NA,NA,NA,NA,NA,NA,NA,NA,NA,NA,NA,NA,NA,NA,NA,NA,NA
340,"HND","Honduras",41.0891237977519,41.0891237977519,41.0891237977519,41.0891237977519,41.0891237977519,42.5886182546132,37.6895013347978,32.7978954158846,31.4757981252495,27.0108222020841,23.7385327889103,27.9839030850404,28.6928076824298,32.1637382566345,37.1562367030392,44.2227010992843,46.2060319768234,49.6584486366003,47.0599071965137,43.6104441370534,38.898307599019,39.7317697765526,38.4751949970438,38.4751949970438,38.4751949970438,38.4751949970438
344,"HKG","Hong Kong",37.6240447696417,37.6240447696417,37.6240447696417,37.6240447696417,37.6240447696417,32.8545746651414,31.8206063165677,24.0117294246728,12.410169923059,17.6991021940609,25.5783267876749,46.7629573103008,69.085815512529,72.6224731664919,68.6638094470453,73.2122558468765,75.7461722406522,74.2760455943138,65.0244811347097,61.1310810982355,55.6027895941317,53.2545560292781,49.1052242961543,49.1052242961543,49.1052242961543,49.1052242961543
348,"HUN","Hungary",54.7418760387583,54.7418760387583,54.7418760387583,54.7418760387583,54.7418760387583,58.9965133549023,60.8020737694819,65.028871298142,65.2393109852106,68.6588081845366,71.9505200646303,71.1937282067981,68.8039095572288,67.9275319646873,67.0925160841486,65.5191384315418,64.5480842880106,62.5528065594527,60.4889959657366,57.9938223158185,55.238226024563,55.4048657557311,52.494665828306,52.494665828306,52.494665828306,52.494665828306
352,"ISL","Iceland",64.5954188161367,64.5954188161367,64.5954188161367,64.5954188161367,64.5954188161367,55.5533325774624,46.3499473573767,47.771847370249,46.5023036016589,48.772862020836,53.5519455304591,52.9133864539237,55.4384282364802,51.9962013844779,46.7163860436711,40.3601742326967,35.9070274489504,28.8158926963726,22.1493050586013,19.0598976585768,20.22254746089,25.0768364517943,34.361979683589,34.361979683589,34.361979683589,34.361979683589
356,"IND","India",55.9194929435511,55.9194929435511,55.9194929435511,55.9194929435511,55.9194929435511,60.0555409144848,62.0215775341669,63.1468671109009,64.2740445489152,65.0466088727872,66.4356068438865,67.2014326829754,65.8240129056202,61.1228157243485,56.4727726427673,54.9978817691437,53.0879750256392,50.0283762557395,49.8404780781303,49.297643612473,51.9298498880609,56.7520429827768,62.1858265299428,62.1858265299428,62.1858265299428,62.1858265299428
360,"IDN","Indonesia",50.872026354687,50.872026354687,50.872026354687,50.872026354687,50.872026354687,49.1756482104698,42.9820008737886,35.2680225583996,28.4767528229843,26.3065601835231,30.3497292995981,36.1375145987381,41.6958005781124,45.1473455861662,44.6268236003751,47.1863044912451,38.2415461640996,30.9738049331328,36.1677670781743,43.1971767122196,51.3835150699557,60.5437152398651,67.5579952313631,67.5579952313631,67.5579952313631,67.5579952313631
364,"IRN","Iran",23.6312226949997,23.6312226949997,23.6312226949997,23.6312226949997,23.6312226949997,17.9425459346656,13.9756255817109,16.5368436620122,23.7068757766405,22.8908015201109,25.1626162794826,30.3155728057731,39.6134205068282,45.5014508129569,40.0125886682164,39.4015687795077,36.1468185841153,30.6187956923187,24.8973715910553,43.8440572405564,58.0478565675586,73.0880286802386,86.1073729039637,86.1073729039637,86.1073729039637,86.1073729039637
368,"IRQ","Iraq",97.6886397017752,97.6886397017752,97.6886397017752,97.6886397017752,97.6886397017752,100,100,100,83.0689635365787,60.4077927094283,35.5901612187435,27.2612782567598,37.1397252167598,45.2409805070606,55.9346377407825,67.4319041978787,69.9491326706941,72.1486096450023,48.6425073714357,33.6692938430769,19.5879550398789,17.9205175177863,33.0476870168644,33.0476870168644,33.0476870168644,33.0476870168644
372,"IRL","Ireland",77.971250483092,77.971250483092,77.971250483092,77.971250483092,77.971250483092,82.9824255772645,84.2204615043448,85.8378197916822,85.2228502528209,83.0466047491766,83.3373315172848,82.3429352228616,82.7161934784831,79.1202444026494,73.7199611109243,68.5601248273462,64.5664870018284,58.5626664593255,52.9140236348004,51.7004812186965,61.5561145450792,69.5140813344199,80.420993385152,80.420993385152,80.420993385152,80.420993385152
833,"IMN","Isle of Man",NA,NA,NA,NA,NA,NA,NA,NA,NA,NA,NA,NA,NA,NA,NA,NA,NA,NA,NA,NA,NA,NA,NA,NA,NA,NA
376,"ISR","Israel",33.2465276530593,33.2465276530593,33.2465276530593,33.2465276530593,33.2465276530593,33.8403269511562,35.4241022912787,36.5943493544623,34.546517637505,36.1390956007715,41.0083750085134,43.2179934976433,45.7021885718735,44.8051297358923,49.2629302133665,51.1638419860057,49.9373823907645,47.0477584126103,47.507523249702,52.2739025227455,56.8017242775186,59.5376206963096,62.765674265729,62.765674265729,62.765674265729,62.765674265729
380,"ITA","Italy",39.7941479273361,39.7941479273361,39.7941479273361,39.7941479273361,39.7941479273361,39.5616845608954,40.0435374782305,40.1886768537031,38.6644663545036,38.9461639372815,37.6244792112484,38.714947448062,40.5516854029187,42.2015355892392,44.9789433444369,47.1616977261978,50.9327731888039,54.0356273606141,55.7246855033733,58.4551662475748,56.8698070607518,55.2602453420004,53.2882328676754,53.2882328676754,53.2882328676754,53.2882328676754
388,"JAM","Jamaica",16.5434693279529,16.5434693279529,16.5434693279529,16.5434693279529,16.5434693279529,9.44577705236689,5.0274505505308,5.84973679945109,12.1253608250796,21.7921407758107,29.7763308124037,33.4364590796977,43.4925690175243,49.0836803096959,61.8236139646955,70.6641200941877,72.3812548285937,74.2286814397827,68.4341240475366,64.7383624537327,58.7823596780737,46.9035266343512,42.833942972085,42.833942972085,42.833942972085,42.833942972085
392,"JPN","Japan",31.4391628953095,31.4391628953095,31.4391628953095,31.4391628953095,31.4391628953095,32.2484565165045,35.435074025926,36.7560172111195,37.8653322944131,36.2885811575401,35.6997970027371,36.1236436224961,37.2041700177444,40.2081163543458,41.6650948940384,41.5326385100685,40.9955344038618,38.0137848426821,34.4186414487655,32.149748997273,32.940984510643,34.3988743129134,36.2069964310477,36.2069964310477,36.2069964310477,36.2069964310477
832,"JEY","Jersey",NA,NA,NA,NA,NA,NA,NA,NA,NA,NA,NA,NA,NA,NA,NA,NA,NA,NA,NA,NA,NA,NA,NA,NA,NA,NA
400,"JOR","Jordan",41.5659549038458,41.5659549038458,41.5659549038458,41.5659549038458,41.5659549038458,40.6914856791081,42.3686201074288,40.5144815394523,42.2075139134984,40.2696562245384,40.1229715055085,42.141599053314,44.6042730927373,51.0314213121503,58.2806340068387,64.3721118128954,67.8607374280511,63.6100951159929,59.326922790283,50.4264332078221,51.486935998435,54.0119701733198,55.4483931060391,55.4483931060391,55.4483931060391,55.4483931060391
398,"KAZ","Kazakhstan",77.5663312297438,77.5663312297438,77.5663312297438,77.5663312297438,77.5663312297438,91.58251731237,99.8911886585248,100,100,88.9408286187572,78.0788001379016,70.4164743741247,63.1597620336234,53.6791286930638,50.3552433089901,44.5497452349891,42.9895280643281,40.3522071639674,40.5608759757315,40.7390648204385,44.9442755163118,48.0594007683921,47.7410992574058,47.7410992574058,47.7410992574058,47.7410992574058
404,"KEN","Kenya",35.9523475690448,35.9523475690448,35.9523475690448,35.9523475690448,35.9523475690448,35.1211002460883,40.267875421462,42.8860008803013,43.2161338618416,42.2559960612213,43.6410900209666,47.8861545866961,39.6226660040801,29.3866502596289,19.7047006005398,16.8761316674436,18.4684561067371,23.8673395332802,32.5085015977216,40.3573606750581,52.3843401653186,66.8832618093213,70.0654501639737,70.0654501639737,70.0654501639737,70.0654501639737
296,"KIR","Kiribati",19.115972703684,19.115972703684,19.115972703684,19.115972703684,19.115972703684,27.331282851539,38.1250993733475,31.936135017024,24.1464733618721,14.2700810998654,0,0,0,0,0,0,6.61090920380094,11.545343350453,22.5855270032632,26.1269918152382,24.3127854944164,14.3174985678465,16.3137699806247,16.3137699806247,16.3137699806247,16.3137699806247
689,"XKX","Kosovo",NA,NA,NA,NA,NA,NA,NA,NA,NA,NA,NA,NA,NA,NA,NA,NA,NA,NA,NA,NA,NA,NA,NA,NA,NA,NA
414,"KWT","Kuwait",13.6604926563742,13.6604926563742,13.6604926563742,13.6604926563742,13.6604926563742,22.395501511193,25.4901764138684,36.7945442046736,50.4986577311738,59.6206554313184,57.5555340710819,60.5199272682327,59.8051772988943,61.1565682786894,53.7298845333037,44.6447402780615,36.3809448967786,25.8913103835106,22.2492838001538,26.4400316109719,24.2472620693207,27.9209042947295,33.2478847432289,33.2478847432289,33.2478847432289,33.2478847432289
417,"KGZ","Kyrgyzstan",55.2907160032311,55.2907160032311,55.2907160032311,55.2907160032311,55.2907160032311,74.2146745542052,94.4233630177687,92.0363889270014,85.1659263870628,74.0303121215026,69.6873647930869,61.6218165938894,54.6555011491904,42.1657752419877,39.6476137819272,39.1352806723694,42.9339681089408,29.913900515123,24.8623267222827,24.0092522521981,26.0866354003921,32.257897977974,39.1826671641685,39.1826671641685,39.1826671641685,39.1826671641685
418,"LAO","Laos",67.4372483913101,67.4372483913101,67.4372483913101,67.4372483913101,67.4372483913101,67.8626151077779,69.0169804174666,67.3039087397549,67.1759372971011,64.9869738060276,64.8069810780107,65.7497583447565,68.2825312576452,73.5592181707277,78.0493747121162,79.0397308990451,82.0639689323563,81.5418855180414,82.8378174625687,80.3550044186644,78.033015344754,75.4355216324682,76.0539478890461,76.0539478890461,76.0539478890461,76.0539478890461
428,"LVA","Latvia",100,100,100,100,100,100,100,100,100,100,100,93.8748888064024,88.3191924386842,80.1999148812007,68.297055719629,52.9832854944497,41.6193200488952,35.0133527258821,29.8137349069877,26.9989834323327,28.774416068378,32.3387708532257,41.7118907442691,41.7118907442691,41.7118907442691,41.7118907442691
422,"LBN","Lebanon",42.0091699793978,42.0091699793978,42.0091699793978,42.0091699793978,42.0091699793978,20.2908876244732,18.4015534769854,19.1452879190779,17.6188245734318,25.5986417703922,34.7387828529663,54.0197883304116,71.1074191526005,74.7264097672535,70.1615333805281,72.8888366248798,69.9205559296505,62.1299876506409,47.8003356873804,35.1058889203378,39.0733439905663,47.9266766467319,63.721524995834,63.721524995834,63.721524995834,63.721524995834
426,"LSO","Lesotho",58.5251648493645,58.5251648493645,58.5251648493645,58.5251648493645,58.5251648493645,51.4933616180214,46.9271932814893,43.5747211990266,40.8516303421041,39.8889409145564,38.780101448859,42.3989605276492,48.578199380302,59.1370842315434,57.4663346200551,58.1196784116378,59.3317787120211,62.8897662313208,66.2482190608708,67.92709056478,65.6949334265811,63.7497836598508,54.3992238215363,54.3992238215363,54.3992238215363,54.3992238215363
430,"LBR","Liberia",0,0,0,0,0,0,0,25.265938605497,0,0,0,0,0,0,0,5.59307087782396,25.9209708421857,52.7265078568332,59.5176068916305,59.2162289286647,49.8606219905404,36.9629676177239,28.5247500090186,28.5247500090186,28.5247500090186,28.5247500090186
434,"LBY","Libya",49.2864549450466,49.2864549450466,49.2864549450466,49.2864549450466,49.2864549450466,49.2864549450466,40.2415087442657,36.2527135695888,44.3559472706579,49.4013294178746,55.0628658248939,59.2554090206258,66.8612795635596,66.1335503369072,66.3973506452423,63.8356719389758,30.1529158924279,27.5656511780947,14.3750682649466,0,0,0,0,0,0,0
438,"LIE","Liechtenstein",NA,NA,NA,NA,NA,NA,NA,NA,NA,NA,NA,NA,NA,NA,NA,NA,NA,NA,NA,NA,NA,NA,NA,NA,NA,NA
440,"LTU","Lithuania",99.3777129026355,99.3777129026355,99.3777129026355,99.3777129026355,99.3777129026355,100,100,100,100,99.6167330535352,97.7200356054856,94.2366017197628,89.3772701528891,82.0714151358856,73.6736176401993,64.4028417912988,53.0485843157512,42.1249169481267,42.2815308051222,42.4126594167906,42.6081139183757,44.1315340989516,45.2163393645924,45.2163393645924,45.2163393645924,45.2163393645924
442,"LUX","Luxembourg",100,100,100,100,100,100,100,95.5469109930727,77.2546882946683,53.4600565603352,39.284433465369,27.2527285738366,26.3083902570395,30.7426961563862,37.0154811256451,44.2727424184663,51.6572218583172,56.6708292693524,62.8689421443689,64.8003145294556,66.4464095019924,70.415318058608,75.6934011402417,75.6934011402417,75.6934011402417,75.6934011402417
446,"MAC","Macao",5.51741849039489,5.51741849039489,5.51741849039489,5.51741849039489,5.51741849039489,0,0,3.99238698455326,22.9578123130314,46.951146669855,72.9043643486289,97.8804382460087,100,100,100,100,100,100,100,100,100,100,77.5128612237013,77.5128612237013,77.5128612237013,77.5128612237013
450,"MDG","Madagascar",42.0779430236843,42.0779430236843,42.0779430236843,42.0779430236843,42.0779430236843,52.5791267407407,60.0461455785888,61.4539552368275,59.7479781090925,60.8568180099752,54.5462786306432,52.5161876745528,49.3710795495026,49.8196940203629,46.4996304729813,44.9436653393836,47.0952308721761,44.6226099385421,42.7662715615855,46.5983797036686,45.0243987440732,46.1341336857624,47.8333141118061,47.8333141118061,47.8333141118061,47.8333141118061
454,"MWI","Malawi",57.9000850598534,57.9000850598534,57.9000850598534,57.9000850598534,57.9000850598534,57.7784367430896,56.1751896063121,45.2222333433018,37.7844918891068,26.5668310673329,22.4356857168316,21.7324337716825,25.2474359505024,28.553667413072,38.2465864263497,43.9487208247861,47.4390346911197,46.9881186605602,45.9599528579813,43.4879927436387,40.9824509119461,36.3378669543745,33.4292290078837,33.4292290078837,33.4292290078837,33.4292290078837
458,"MYS","Malaysia",33.7892256991477,33.7892256991477,33.7892256991477,33.7892256991477,33.7892256991477,40.2640102963121,42.0928312406695,46.1525024042326,39.3135319473589,37.7963383830141,29.74996019489,29.4828838514427,31.2288598383251,27.7710557551173,30.9647613971288,33.7043500365891,37.5113872524191,44.4198996070126,44.1014199115715,45.0268419513181,44.1858074951391,50.0126656916781,55.8105438102043,55.8105438102043,55.8105438102043,55.8105438102043
462,"MDV","Maldives",2.2941274310305,2.2941274310305,2.2941274310305,2.2941274310305,2.2941274310305,0,0,0,0,0,0,0,0,11.6459202163488,11.3524045171255,14.7573950953122,18.3518034393047,7.34027440800762,21.0539969911252,16.97940414699,16.553526234161,18.8610038514395,25.8461298623269,25.8461298623269,25.8461298623269,25.8461298623269
466,"MLI","Mali",49.6254239966285,49.6254239966285,49.6254239966285,49.6254239966285,49.6254239966285,43.6297600259588,47.1761110225486,46.9853751271945,51.3066464414684,47.5139916918646,45.5860064851529,46.5928533115609,49.2693021938462,49.4238089371067,51.8469252097428,47.17817505941,46.4225643325934,42.8749451618647,43.879746114918,39.6661067257315,40.0152042627489,37.4495230327808,36.758859073515,36.758859073515,36.758859073515,36.758859073515
470,"MLT","Malta",69.9464947573709,69.9464947573709,69.9464947573709,69.9464947573709,69.9464947573709,77.0965186726229,76.1033763844775,80.2352106106577,63.018577511483,49.7242443986341,44.2681516799474,39.4965744835753,27.4891283554607,30.7653360346806,31.8452760825813,41.8385138970826,42.0191269034884,45.942541660462,52.5456804309499,60.068901083945,63.9213032281697,67.7194936676973,68.0713586019212,68.0713586019212,68.0713586019212,68.0713586019212
584,"MHL","Marshall Islands",15.0636056207157,15.0636056207157,15.0636056207157,15.0636056207157,15.0636056207157,5.081467914591,0,0,0,0,9.35049814788056,14.4208201100845,15.3712317821796,10.8697875848239,9.73146591482084,7.44374866775765,8.47911511327189,9.8754242170909,14.0139223229881,12.0313615703589,14.9340022062182,11.3899013750223,9.107890404516,9.107890404516,9.107890404516,9.107890404516
478,"MRT","Mauritania",32.2228097718706,32.2228097718706,32.2228097718706,32.2228097718706,32.2228097718706,26.2468794841639,18.7661650961027,13.9810265114598,14.7512557894312,16.321387356355,28.3280021497128,45.6681859527993,56.8184145960209,68.3145939336096,73.1011539878235,71.3380681992199,66.7661606293021,59.9981407897328,53.5337672971624,47.7313259913197,40.2553255168212,36.3137053330558,33.7178302374633,33.7178302374633,33.7178302374633,33.7178302374633
480,"MUS","Mauritius",50.8887798389351,50.8887798389351,50.8887798389351,50.8887798389351,50.8887798389351,48.690613997941,44.6392846674991,38.1706824071055,32.0707557876898,34.4585821002977,28.2719367341935,22.6688160802802,24.136911204091,29.5391827452795,34.2017272130948,37.369957523415,40.435656532882,44.012497342747,46.7775522230439,49.8569970096238,49.6577631983542,46.0775046223832,43.5102845556759,43.5102845556759,43.5102845556759,43.5102845556759
484,"MEX","Mexico",28.7480684220787,28.7480684220787,28.7480684220787,28.7480684220787,28.7480684220787,31.070164637369,32.7710732043706,35.9310100378642,36.0943194410282,39.1238271964072,36.2191809131261,33.8883891893001,29.9935308538944,22.6388791032435,17.1207038116832,19.2988983983706,24.7326242624731,31.920389392351,37.0272602151878,45.3488561914819,51.523808497407,55.4276465671645,57.8548270490406,57.8548270490406,57.8548270490406,57.8548270490406
583,"FSM","Micronesia",29.6257849852624,29.6257849852624,29.6257849852624,29.6257849852624,29.6257849852624,24.3382043420656,10.2061363009177,5.96653554731805,8.84441458212881,9.40316849556096,22.3410556417313,33.6065045012458,32.690676097794,36.9108544547468,32.0259438305103,41.803186742994,36.5492422666932,31.6450383402698,23.2262261917659,10.489733577947,9.13759401338335,5.4629836062792,0,0,0,0
498,"MDA","Moldova",100,100,100,100,100,100,100,100,100,100,100,98.6674605610662,89.0678442131194,77.9159661333955,72.6106007926687,73.9639560385313,73.7785871957198,72.8756834504232,71.9605182714907,72.2466813318256,61.5030437416265,51.7666785543555,43.4433609836426,43.4433609836426,43.4433609836426,43.4433609836426
492,"MCO","Monaco",NA,NA,NA,NA,NA,NA,NA,NA,NA,NA,NA,NA,NA,NA,NA,NA,NA,NA,NA,NA,NA,NA,NA,NA,NA,NA
496,"MNG","Mongolia",42.1410435420731,42.1410435420731,42.1410435420731,42.1410435420731,42.1410435420731,53.8699447107666,58.4253663918439,63.5136567356447,70.3162093473955,81.7798331835847,88.5886908664963,89.5671709602369,83.2513569298713,77.8437328061721,63.4744790980221,46.4485011689534,25.7834843421541,13.3359499819683,0.510817498908708,16.1884578344726,26.5263911208991,31.4968919371617,33.3188744808886,33.3188744808886,33.3188744808886,33.3188744808886
499,"MNE","Montenegro",100,100,100,100,100,100,67.5347826566845,45.1520909482633,33.8477182094728,26.157209443195,25.8987254879478,29.6208842802694,29.8596835764283,27.6941725123134,46.7593040712695,53.0312586990501,53.2408802735985,52.3377196845308,51.3313691559256,46.5368514766813,40.3621367241104,35.9102948168273,37.0134643954948,37.0134643954948,37.0134643954948,37.0134643954948
504,"MAR","Morocco",35.617846588483,35.617846588483,35.617846588483,35.617846588483,35.617846588483,35.7853695749195,38.1682956519273,39.2871241030006,40.7882294103311,40.8583465759448,35.6430538644696,36.9749157565275,35.0039273396959,37.4439093959408,40.228971071914,40.8148888191161,41.2370808902475,39.8780859956628,46.0184030550824,47.8691997688048,49.0245662681209,50.709053892902,50.2028292763422,50.2028292763422,50.2028292763422,50.2028292763422
508,"MOZ","Mozambique",100,100,100,100,100,100,100,100,94.6244258391852,84.1743751027513,66.6387733743522,61.4709629604996,62.6952112148502,59.9495989964356,69.1058247198609,75.2948003608936,77.9939540664387,78.4955203171776,77.0728477771455,71.0364110443393,64.7329291350481,65.0790942199278,62.118210064096,62.118210064096,62.118210064096,62.118210064096
104,"MMR","Myanmar",72.6072211945817,72.6072211945817,72.6072211945817,72.6072211945817,72.6072211945817,77.7082451604809,84.270869670758,92.2047035322918,99.2562324039353,100,100,100,100,100,100,100,100,100,100,100,92.5322213959561,82.5378744634516,73.1975521411448,73.1975521411448,73.1975521411448,73.1975521411448
516,"NAM","Namibia",66.8142915069981,66.8142915069981,66.8142915069981,66.8142915069981,66.8142915069981,61.751663984013,52.2693895897937,57.5202708350865,58.6948542576482,59.3963962747347,50.7732986180811,43.4189716685103,47.7300448626163,54.3669385052368,48.6605350433744,46.4025393816807,25.4081736394786,15.081050827056,39.5730756695597,65.1517490646447,80.8192934352844,88.6208419642692,86.9950066698403,86.9950066698403,86.9950066698403,86.9950066698403
520,"NRU","Nauru",100,100,100,100,100,100,100,100,100,100,100,100,100,100,100,100,100,100,100,100,100,100,100,100,100,100
524,"NPL","Nepal",51.8075825100432,51.8075825100432,51.8075825100432,51.8075825100432,51.8075825100432,51.6740919459503,53.2752012545192,55.1821560545194,55.7403527031426,58.8629130287222,58.5776779935368,58.3421748551122,58.1009586182707,57.172316023593,53.2463757341679,50.9335321020248,48.6550236692201,46.6730638232119,44.6990168603522,43.6879520834248,43.5584165773845,42.5646941210625,45.0191445037258,45.0191445037258,45.0191445037258,45.0191445037258
528,"NLD","Netherlands",55.6621977922087,55.6621977922087,55.6621977922087,55.6621977922087,55.6621977922087,62.9685910374683,67.8647903873117,70.6268350979971,70.0451314957775,68.1645782324067,63.7355507331077,57.4295419113056,55.0300979296163,54.2225076279408,53.8562751060731,51.6287010540082,53.250949263612,51.9582650831224,47.8870912040279,44.9665731899022,41.1269391819848,38.5650812922983,40.8574177882386,40.8574177882386,40.8574177882386,40.8574177882386
540,"NCL","New Caledonia",NA,NA,NA,NA,NA,NA,NA,NA,NA,NA,NA,NA,NA,NA,NA,NA,NA,NA,NA,NA,NA,NA,NA,NA,NA,NA
554,"NZL","New Zealand",48.8180016920183,48.8180016920183,48.8180016920183,48.8180016920183,48.8180016920183,50.1005975956518,49.2581076664997,48.8567869885183,49.9168603943416,53.2107514893711,57.4724003464157,61.9302530992171,63.5369569341838,63.392498222259,61.1871114121217,58.548719938902,54.9795873752165,49.9888919053613,46.4863451401025,44.311857448971,44.7174920550836,48.2250426135562,51.478916928021,51.478916928021,51.478916928021,51.478916928021
558,"NIC","Nicaragua",44.3985320090281,44.3985320090281,44.3985320090281,44.3985320090281,44.3985320090281,41.1036387135863,46.7602670054278,44.3940317093938,34.8241903283076,28.6038470870706,29.1112784340599,34.5834605734331,39.5815206723144,47.3834127487672,48.1571029368901,49.6317506184459,49.4668279817692,49.2210969886947,46.4091317760074,45.1637744981346,42.0167204973255,40.7176084407757,43.7887037609216,43.7887037609216,43.7887037609216,43.7887037609216
562,"NER","Niger",14.1856067525162,14.1856067525162,14.1856067525162,14.1856067525162,14.1856067525162,17.3701248554483,25.8833562364185,26.5900816718543,26.848170796963,24.9850885510083,23.794350712824,23.5411464574491,22.4555067399922,28.1727286210362,28.3119473171201,28.2269398191919,33.5569532594196,38.9822960848934,44.4451593431303,46.6742576449448,48.7178313726212,50.2330483160785,49.3624405557785,49.3624405557785,49.3624405557785,49.3624405557785
566,"NGA","Nigeria",55.3666860743118,55.3666860743118,55.3666860743118,55.3666860743118,55.3666860743118,61.7561336630803,64.6667809771827,76.0178287207662,79.4104005313715,85.0948924810342,86.5709669554217,85.0998572998978,88.3772628379115,96.6373884398143,100,100,100,100,98.9495089885422,95.4460802511163,86.1529440983078,73.4189320784822,61.4740510919651,61.4740510919651,61.4740510919651,61.4740510919651
570,"NIU","Niue",NA,NA,NA,NA,NA,NA,NA,NA,NA,NA,NA,NA,NA,NA,NA,NA,NA,NA,NA,NA,NA,NA,NA,NA,NA,NA
408,"PRK","North Korea",NA,NA,NA,NA,NA,NA,NA,NA,NA,NA,NA,NA,NA,NA,NA,NA,NA,NA,NA,NA,NA,NA,NA,NA,NA,NA
807,"MKD","North Macedonia",33.8677366793767,33.8677366793767,33.8677366793767,33.8677366793767,33.8677366793767,22.4922802779305,26.1942371202041,37.8523119835522,46.0971775064883,52.9881743087665,57.9560166679925,60.2865764002909,73.053544870643,77.575380245891,87.3352326438465,92.5354786875921,87.5520754217893,85.4903251338192,84.2780529047546,82.4423516342452,78.3566038751632,72.8611503541868,68.4727754626249,68.4727754626249,68.4727754626249,68.4727754626249
578,"NOR","Norway",50.331568903572,50.331568903572,50.331568903572,50.331568903572,50.331568903572,46.1501221529927,40.933280796417,43.0910680357547,35.4221301836123,33.6064855559545,35.5316123717302,38.8589241345292,41.5551586668772,36.9543108249361,33.1814241671882,28.943267202765,34.1763083331644,41.0621075209357,35.9342391552498,42.2640205874132,50.1231272111661,59.1625572805484,67.9142911215483,67.9142911215483,67.9142911215483,67.9142911215483
512,"OMN","Oman",79.3751454351141,79.3751454351141,79.3751454351141,79.3751454351141,79.3751454351141,66.7756843921826,56.949206886753,40.3176780285854,12.642172726826,0.980056102168462,0,0,0,0,0,5.9175225857925,16.168378968004,23.0930864672595,18.8139557587754,23.4085784616399,28.7968920603715,28.6919175586633,26.9971548065741,26.9971548065741,26.9971548065741,26.9971548065741
586,"PAK","Pakistan",32.5354829891401,32.5354829891401,32.5354829891401,32.5354829891401,32.5354829891401,29.3255782384147,28.4728159225196,30.4584285109931,30.5739258780577,30.7849079603477,34.8656511935055,37.8691299696421,39.6954711718912,40.2863950320975,40.8171733653533,40.89160484606,40.2179463022597,40.6410603264992,40.22182454679,40.7056227005268,43.0268447581318,44.5411773538675,45.130575915482,45.130575915482,45.130575915482,45.130575915482
585,"PLW","Palau",77.5571210717499,77.5571210717499,77.5571210717499,77.5571210717499,77.5571210717499,77.5571210717499,77.5571210717499,79.6757864417908,52.0123545268154,51.9990724223319,50.734271177031,44.7996158955961,43.5819727741793,40.0563119947935,35.6768331676258,27.6076240729971,25.1493607173986,26.9818575973606,24.2397458594858,26.5990198498544,32.8625606647865,30.050525859587,26.2085111621392,26.2085111621392,26.2085111621392,26.2085111621392
591,"PAN","Panama",39.6640741887155,39.6640741887155,39.6640741887155,39.6640741887155,39.6640741887155,41.6382670998069,35.0240891910737,31.3176860086111,32.5154272432954,37.565174100463,50.7990922488112,54.1383252993796,60.7569548439757,68.4189095976231,71.2436069758804,72.9601238255249,64.0918340181598,63.7098025183967,61.2545497334885,72.4376640221352,71.3557026152105,68.5442023019963,72.9231097434066,72.9231097434066,72.9231097434066,72.9231097434066
598,"PNG","Papua New Guinea",46.8696762308086,46.8696762308086,46.8696762308086,46.8696762308086,46.8696762308086,25.4993820642486,6.43105267823745,0,0,0,0,0,6.40430768319405,0,19.647474150755,43.3712692502583,60.5039639322373,74.3076713076576,78.4369279220531,81.8319578701718,82.8725609092075,77.9873578430883,68.0437155436459,68.0437155436459,68.0437155436459,68.0437155436459
600,"PRY","Paraguay",33.1271640782302,33.1271640782302,33.1271640782302,33.1271640782302,33.1271640782302,31.9984994275336,31.7455172197717,31.8545157303687,28.2868817941601,30.4558283018651,30.4815062388057,33.7779208628038,35.7456030570114,41.7874231587192,42.5284964194098,47.3702477679844,46.9430358168786,44.2660496077213,40.1775410641979,40.7905979234886,41.8711704848334,44.9638202344846,45.7681169576555,45.7681169576555,45.7681169576555,45.7681169576555
604,"PER","Peru",50.5391606214236,50.5391606214236,50.5391606214236,50.5391606214236,50.5391606214236,45.1030166651326,44.5751368999511,43.9727838015681,41.6441735837991,41.3410432054681,40.6051476434291,45.8590926229427,47.3177881170536,52.9836700255169,46.1940769665173,38.1987171117015,40.0426530536887,42.3435889580539,48.7123267225338,49.0170425158597,43.5258690783534,42.8677690199062,41.3807748410181,41.3807748410181,41.3807748410181,41.3807748410181
608,"PHL","Philippines",25.0347818430965,25.0347818430965,25.0347818430965,25.0347818430965,25.0347818430965,29.2056688977582,34.041837485585,38.0179124221237,43.8451294835997,48.4136025297886,52.6211238536787,60.5384439897868,65.2290404301889,69.1864458073093,68.5779331720824,66.3148490519449,63.6080979594235,60.2536310175718,57.077741198091,53.9826503749411,50.9421531159516,51.5467697100635,52.1072948772432,52.1072948772432,52.1072948772432,52.1072948772432
616,"POL","Poland",100,100,100,100,100,100,100,95.956839930923,90.0280343180358,86.7285077064507,81.5978138033735,73.7035932047191,68.6297386902686,68.3443910827269,72.3579131514783,73.746897740141,73.918010252309,74.5586706050066,71.4839460902906,71.1334552777363,69.1685675452471,63.5574619596689,59.8576235102281,59.8576235102281,59.8576235102281,59.8576235102281
620,"PRT","Portugal",24.7441686243694,24.7441686243694,24.7441686243694,24.7441686243694,24.7441686243694,27.1970696725635,32.5139617489197,31.486517864452,34.194537016584,35.2259932603838,32.7815617407158,37.730632527285,44.3001136572336,49.8356205463413,45.8152150565475,44.8657979520786,43.5159099863378,35.347025555524,29.3655753118217,22.1715798042072,11.4737764492066,7.74429809982794,6.13521670072677,6.13521670072677,6.13521670072677,6.13521670072677
634,"QAT","Qatar",23.1387653257346,23.1387653257346,23.1387653257346,23.1387653257346,23.1387653257346,46.9559486409226,56.9746320261278,61.1987911622214,57.2150995321666,60.2153892713626,60.7607521791827,60.7044724310006,62.5043624675862,76.3692599663556,87.3628022411205,95.5671325035048,94.7165933800511,87.2668242563235,82.2021327487311,96.1226101732121,96.5642401284158,93.6698934926358,90.835163518068,90.835163518068,90.835163518068,90.835163518068
178,"COG","Republic of Congo",14.8628666510885,14.8628666510885,14.8628666510885,14.8628666510885,14.8628666510885,24.6334412528401,41.2799623689506,72.0111608067154,85.3357003270158,91.8319178295388,89.402353103656,79.7542416801466,68.5251654985429,61.0047186257147,47.4896948810238,37.6643484907486,37.720311741727,54.7795543376007,59.1708741398446,68.8744670140685,71.3105531480104,65.805210430615,63.4612132732212,63.4612132732212,63.4612132732212,63.4612132732212
642,"ROU","Romania",80.3904034466702,80.3904034466702,80.3904034466702,80.3904034466702,80.3904034466702,81.744224805105,82.7733633626711,80.5045250002391,75.2301250869,76.7135787281023,76.8507909939777,74.9697160417844,74.5469157470539,80.6428380858273,91.6317434193988,94.6024038514467,90.9351919638227,87.9743465146169,86.2707338915129,86.5494883679503,85.0903276250546,81.858443113732,78.717204880996,78.717204880996,78.717204880996,78.717204880996
643,"RUS","Russia",22.5634995740642,22.5634995740642,22.5634995740642,22.5634995740642,22.5634995740642,33.4278986246802,44.9863381524043,53.994912514734,61.6554442447191,68.5104230676348,74.6648105865925,77.3568395276856,83.3707143100933,83.8102901221953,79.9980683138918,74.7178711735768,67.3286328438679,57.4242681546852,48.9306847983629,44.0612934718864,40.2268098737652,36.3945839950335,36.1665270039671,36.1665270039671,36.1665270039671,36.1665270039671
646,"RWA","Rwanda",0,0,0,0,0,6.84123036605588,25.3380169487219,55.4873115019425,80.3232620041965,63.4234029349847,61.5879975946554,61.9474497703386,62.1112634594834,63.8067603583405,60.1976056054179,60.5880923405624,63.7445106526715,72.1233117288039,74.5194026538867,75.3119656551634,73.7283557991662,73.0942945219231,71.4956592853032,71.4956592853032,71.4956592853032,71.4956592853032
652,"BLM","Saint Barthelemy",NA,NA,NA,NA,NA,NA,NA,NA,NA,NA,NA,NA,NA,NA,NA,NA,NA,NA,NA,NA,NA,NA,NA,NA,NA,NA
659,"KNA","Saint Kitts and Nevis",32.8427802144111,32.8427802144111,32.8427802144111,32.8427802144111,32.8427802144111,31.6954168621561,30.4002153702896,26.0001591855599,22.2388147878227,18.1016156756816,24.4997105200887,32.8725172752601,36.363480888416,40.0600053189261,37.4563728505107,35.5663497974103,34.5061487457869,33.3278799144546,31.4594381114936,28.636519381161,33.2936277361826,38.9268744383016,39.0074274048255,39.0074274048255,39.0074274048255,39.0074274048255
662,"LCA","Saint Lucia",0,0,0,0,0,0,6.66280409573532,22.5780618841144,35.1936279473812,45.6289326123759,45.2146165508554,43.9771720920434,39.6748636135417,44.6726469911416,48.6725476204886,48.560207495432,42.329643136221,40.3564719882771,34.062092815423,31.5859715013958,26.5288038503564,26.2308630734205,26.5476815065567,26.5476815065567,26.5476815065567,26.5476815065567
670,"VCT","Saint Vincent and the Grenadines",0,0,0,0,0,1.96415358807866,5.0557822846643,16.2765607821661,25.3194914863184,24.2465318558677,26.7265932751802,33.4012061965075,41.774030371486,42.6903976224356,27.1129469076293,33.6394133247002,35.3189903410915,29.4385794622874,35.9589501748218,38.7436987254843,40.7566823855901,45.5720169486062,50.3841077934063,50.3841077934063,50.3841077934063,50.3841077934063
882,"WSM","Samoa",38.921198717582,38.921198717582,38.921198717582,38.921198717582,38.921198717582,40.2705920327596,39.69724244978,43.701942508641,48.1813658924771,49.9754038176088,53.3277815946674,57.2415054390666,61.7860281097738,63.3548770071671,56.3113568525636,45.8970605119265,33.8469077157918,24.9943676700768,16.4010608116407,7.95607737876806,1.43715727546588,0.676851147570503,5.88816476977533,5.88816476977533,5.88816476977533,5.88816476977533
674,"SMR","San Marino",81.953524793102,81.953524793102,81.953524793102,81.953524793102,81.953524793102,64.7708493722214,64.8111878564813,58.531172130982,54.3529436233006,53.3880762498131,52.8515669316641,53.4949483700957,55.2263960981776,57.6995484716728,57.9285182725895,51.1045107837187,41.5053780064007,29.5180792421642,21.482937829324,18.2004933702839,9.98113521651429,7.63905067429354,13.1654211523866,13.1654211523866,13.1654211523866,13.1654211523866
678,"STP","Sao Tome and Principe",41.4430735850128,41.4430735850128,41.4430735850128,41.4430735850128,41.4430735850128,32.8220512785669,24.0738898543619,12.07863728191,0.579744563828655,0,0,0.502375886907245,9.49348183455665,24.719597375569,38.4854445384091,44.7096835985414,50.8707335045183,49.6707139546994,45.5656928617267,67.0970427610617,79.7816665572549,90.3809781244639,97.3541109936398,97.3541109936398,97.3541109936398,97.3541109936398
682,"SAU","Saudi Arabia",56.6086191531424,56.6086191531424,56.6086191531424,56.6086191531424,56.6086191531424,55.9378589100756,46.5175746432784,31.4905001409212,17.5695333724712,0,0,0,0,14.4949678569272,24.2520606641721,23.1276899814799,28.5565956933077,24.2751010602955,29.3388895494169,26.6203655581171,27.474099232394,25.5897070525727,30.6559558280086,30.6559558280086,30.6559558280086,30.6559558280086
686,"SEN","Senegal",45.2807768859376,45.2807768859376,45.2807768859376,45.2807768859376,45.2807768859376,47.5901415450394,48.8205346992301,48.773315383318,53.4464680415421,52.2152287075966,52.2614825128,49.6221125837934,53.9456892889849,57.33252293492,62.5783968128907,54.2215303153835,43.3889850085177,37.5570949469143,36.5338527168853,36.2316223421354,38.5559969441547,39.213248577156,46.8397432802842,46.8397432802842,46.8397432802842,46.8397432802842
688,"SRB","Serbia",39.9481417788516,39.9481417788516,39.9481417788516,39.9481417788516,39.9481417788516,50.0921651851825,50.9211805289853,50.6584797999689,49.2307040613706,47.38612182498,58.2514428901977,59.3769981523233,61.361895582215,61.8456726001601,69.8628807940811,74.223081534297,72.1797809640524,70.5525017993067,65.7128067724509,61.7491798445187,53.8920243307087,42.9395014622242,34.9155696805444,34.9155696805444,34.9155696805444,34.9155696805444
690,"SYC","Seychelles",0,0,0,0,0,0,0,0,0,0,0,0,0,15.3624283773697,41.5498384594446,69.6464555087081,99.8094491239492,100,100,100,100,100,95.7567646701294,95.7567646701294,95.7567646701294,95.7567646701294
694,"SLE","Sierra Leone",16.2332194854131,16.2332194854131,16.2332194854131,16.2332194854131,16.2332194854131,28.979597453493,33.1770097681179,35.4849126843204,36.7785068914203,34.1860299631689,28.7741654508845,21.8545864853101,23.0063603933058,30.2514262997433,37.7788775542685,48.8038599974937,45.1474190536392,49.7962204931142,61.8035135160917,70.0968953269943,62.3341546045827,42.2296407055259,36.411870821341,36.411870821341,36.411870821341,36.411870821341
702,"SGP","Singapore",80.0646927562934,80.0646927562934,80.0646927562934,80.0646927562934,80.0646927562934,80.5423641789307,75.489537221928,74.9188044920226,90.6080531535411,99.0640626154409,100,100,100,100,100,77.5987415281404,51.8888604583548,39.1292564484292,25.0780923667309,20.6426602368706,15.2670574925892,12.1730081863862,34.6257447973804,34.6257447973804,34.6257447973804,34.6257447973804
534,"SXM","Sint Maarten",NA,NA,NA,NA,NA,NA,NA,NA,NA,NA,NA,NA,NA,NA,NA,NA,NA,NA,NA,NA,NA,NA,NA,NA,NA,NA
703,"SVK","Slovakia",90.1819967905958,90.1819967905958,90.1819967905958,90.1819967905958,90.1819967905958,88.7940037365609,83.4853572600727,77.1778968080743,71.4327276543591,69.6057115213361,68.5842117618399,70.1453860440019,79.5094166816159,87.5266800529643,91.5935017504943,92.5782117130185,90.2962847218587,87.0147823756372,80.9558335308419,76.4797501904119,71.5993526629634,65.8566046819403,64.236813074534,64.236813074534,64.236813074534,64.236813074534
705,"SVN","Slovenia",75.3809392006545,75.3809392006545,75.3809392006545,75.3809392006545,75.3809392006545,71.3123972363261,68.5223033727219,68.4736962470164,66.8013094602923,65.4829928122944,64.3230575043033,62.1394850623658,60.7579828176964,58.2853050366915,57.5714941595838,58.823061352015,57.8385647636013,55.3627762334923,53.0392871600146,55.8678771778786,56.881545937913,55.3775454601105,58.4087673613268,58.4087673613268,58.4087673613268,58.4087673613268
90,"SLB","Solomon Islands",67.384788362315,67.384788362315,67.384788362315,67.384788362315,67.384788362315,44.0851744839598,16.2886512998941,0,0,0,0,0,7.97612593682393,27.5517098285214,41.6904657461297,48.3998330542177,54.4127126299574,56.0942783407441,56.7083612824115,55.7128957562337,55.0821626467398,52.1675863139484,48.3669529806721,48.3669529806721,48.3669529806721,48.3669529806721
706,"SOM","Somalia",NA,NA,NA,NA,NA,NA,NA,NA,NA,NA,NA,NA,NA,NA,NA,NA,NA,NA,NA,NA,NA,NA,NA,NA,NA,NA
710,"ZAF","South Africa",25.6297296013485,25.6297296013485,25.6297296013485,25.6297296013485,25.6297296013485,31.990607202475,37.8244963004224,47.1253288750234,49.4991788701851,47.8491301789323,48.6694804052839,49.2255065414344,46.7862171569304,42.9308482948217,38.2126961414719,38.6067331488514,42.5636691277643,49.7879619656056,51.9804569017114,48.2537922272171,49.9715711628545,49.6856438460933,50.1620073294313,50.1620073294313,50.1620073294313,50.1620073294313
410,"KOR","South Korea",42.9980503156391,42.9980503156391,42.9980503156391,42.9980503156391,42.9980503156391,42.6808861777347,46.7853914256249,52.5382112445716,54.8517565612835,57.2778396076549,61.485554596382,64.2524081975887,63.729015280482,64.7018428130227,63.9744805025956,56.9870838948898,50.0919808153707,45.2674703775613,41.5775531824426,39.2976025723841,39.8010180249781,42.2362112609335,44.8148045747313,44.8148045747313,44.8148045747313,44.8148045747313
728,"SSD","South Sudan",51.4985714229931,51.4985714229931,51.4985714229931,51.4985714229931,51.4985714229931,51.4985714229931,51.4985714229931,51.4985714229931,51.4985714229931,51.4985714229931,51.4985714229931,51.4985714229931,51.4985714229931,51.4985714229931,51.4985714229931,100,68.0985722020926,0,0,0,0,0,0,0,0,0
724,"ESP","Spain",33.3912828387917,33.3912828387917,33.3912828387917,33.3912828387917,33.3912828387917,33.5902061692473,35.0662839956094,34.4761330622236,36.3739773190116,35.283492693769,34.0867778279948,37.996936302479,39.9775174705235,45.4544058750528,51.3873225970738,57.9599345369454,63.2476215157855,63.8805219182516,66.0188718296001,64.7755444194998,60.493237187216,58.8526520611696,53.2657707975688,53.2657707975688,53.2657707975688,53.2657707975688
144,"LKA","Sri Lanka",56.1440272529232,56.1440272529232,56.1440272529232,56.1440272529232,56.1440272529232,53.0058802704548,50.5953118862809,43.9451523480266,42.3918913261408,40.0787014768713,40.295187552321,43.7502892276343,50.1004790931779,59.2453920463451,64.92578429914,69.3233751227564,68.986580103687,67.8403879060011,68.4814418679467,62.9285393040526,50.3127024632671,39.6476086071047,31.9289102145029,31.9289102145029,31.9289102145029,31.9289102145029
275,"PSE","State of Palestine",NA,NA,NA,NA,NA,NA,NA,NA,NA,NA,NA,NA,NA,NA,NA,NA,NA,NA,NA,NA,NA,NA,NA,NA,NA,NA
729,"SDN","Sudan",37.3907167401318,37.3907167401318,37.3907167401318,37.3907167401318,37.3907167401318,39.3639253353079,45.095856263459,49.4748926579257,54.5965802267027,52.5971259751344,52.9690551419202,56.7335279067381,64.4934956152565,73.2193754533055,77.5952071663134,79.6553153061899,78.8647547257619,73.1388166099589,67.1305393541348,58.8979183776382,51.6498597195639,48.0016933237665,47.0251301040723,47.0251301040723,47.0251301040723,47.0251301040723
740,"SUR","Suriname",37.2511937423133,37.2511937423133,37.2511937423133,37.2511937423133,37.2511937423133,49.7125406347904,55.0738530246074,77.0854520460013,92.7355526409925,100,100,100,100,100,87.3052126787902,64.2847162278411,44.7561326014401,40.0249659700971,43.8551155530819,45.8628459051416,41.5466818842478,30.5708965191688,25.6014793971106,25.6014793971106,25.6014793971106,25.6014793971106
752,"SWE","Sweden",49.3254070109685,49.3254070109685,49.3254070109685,49.3254070109685,49.3254070109685,59.4842195559868,64.5605158689642,65.0438123848443,64.2011392328858,62.0043057059689,57.554192038357,51.8163959880942,51.2496021465968,49.8262679568319,54.0238819960061,55.2013037815271,57.1035480925261,54.8145874606176,56.5613124601533,59.8981118076762,63.238367926078,64.0627891861631,68.3599989660391,68.3599989660391,68.3599989660391,68.3599989660391
756,"CHE","Switzerland",47.7838707930892,47.7838707930892,47.7838707930892,47.7838707930892,47.7838707930892,52.2485206863685,49.9591753312251,48.3276715566058,48.0323342932271,47.1093618770711,47.4140531778698,45.6959056864722,44.9754949117231,41.1951903646074,35.6070413909546,38.6140392117763,39.9940852091459,41.9482006336381,41.6952018704467,47.7650004188384,51.9656091585626,56.5317827301539,62.0316847287275,62.0316847287275,62.0316847287275,62.0316847287275
760,"SYR","Syria",NA,NA,NA,NA,NA,NA,NA,NA,NA,NA,NA,NA,NA,NA,NA,NA,NA,NA,NA,NA,NA,NA,NA,NA,NA,NA
158,"TWN","Taiwan",43.5857258251937,43.5857258251937,43.5857258251937,43.5857258251937,43.5857258251937,42.4336307119489,37.6646224358887,33.23025313393,28.6476175874262,27.411204329904,31.4387835378106,37.2273366407305,42.2674683446215,50.3798491917043,59.140520553247,66.0372837322038,68.9715567848677,71.0170355036542,69.5085758758697,90.1124068615499,100,100,100,100,100,100
762,"TJK","Tajikistan",0,0,0,0,0,31.2636445143245,63.5347056555864,78.8456969497279,97.3091591816598,100,100,100,91.5551036601789,80.039871185325,67.6670224487747,59.2416077749344,58.7136881732836,63.3802552872316,66.9948676291233,61.1163360640055,62.042490918845,61.4263825294636,59.7741599432,59.7741599432,59.7741599432,59.7741599432
834,"TZA","Tanzania",42.6062528130968,42.6062528130968,42.6062528130968,42.6062528130968,42.6062528130968,47.9913086252041,49.6539060232904,51.1704435044365,49.1206933359693,50.7840588874707,46.1243108594148,51.5612617536949,57.9390021481759,59.9760029914053,61.8254713348125,65.7200114487127,65.996463194915,64.1519710741027,57.997885458888,55.7496330293177,51.9093273281847,54.328135005913,57.5901437608725,57.5901437608725,57.5901437608725,57.5901437608725
764,"THA","Thailand",27.0285430808021,27.0285430808021,27.0285430808021,27.0285430808021,27.0285430808021,25.0314744790662,22.7196862515225,22.8052448686518,23.9755369000219,26.7541010653135,31.4924476561877,37.3000271921066,40.4734881258396,43.3377937566866,41.1746567422099,41.2704471108864,40.5997993930312,40.8652691366701,40.8637648197897,38.4067925293614,37.4734810078368,38.1274151154154,40.3965660176544,40.3965660176544,40.3965660176544,40.3965660176544
626,"TLS","Timor-Leste",100,100,100,100,100,100,100,91.4116983412033,60.2742025066071,69.4260270179037,100,100,100,100,100,100,100,100,58.6910604884337,0,0,0,0,0,0,0
768,"TGO","Togo",32.476030752821,32.476030752821,32.476030752821,32.476030752821,32.476030752821,33.934579476166,36.8622435771867,33.3011150576265,16.7042751094631,12.5639752581678,4.30655505950681,8.34618727404892,24.9618316022013,31.1174547292799,25.1904660835889,27.5228707285643,32.3132797813616,38.4617551783348,42.6027123112113,52.3674169073022,46.6337158000838,50.0604001081359,55.3737016203084,55.3737016203084,55.3737016203084,55.3737016203084
776,"TON","Tonga",44.6023191928968,44.6023191928968,44.6023191928968,44.6023191928968,44.6023191928968,45.0939038492019,44.9899225789033,47.7228066256596,37.9363704486913,35.2699977761049,34.5677041754996,33.9215580435894,28.4001815260702,27.7921004136062,13.9186440139146,14.5741240511095,30.5370517238602,39.1007742333162,34.1441645558659,39.4462615033504,44.8391988019123,43.0410879303915,42.632170662874,42.632170662874,42.632170662874,42.632170662874
780,"TTO","Trinidad and Tobago",58.3961623958808,58.3961623958808,58.3961623958808,58.3961623958808,58.3961623958808,52.2311842042341,41.8779711911461,30.722797315468,23.0798093526067,17.5527919952632,12.5598137947831,3.10068794487496,5.87527519445452,14.2217990333213,16.4588275736223,18.1422078865154,19.3575360446012,24.9860114950215,25.8321685696314,26.8847377027372,22.9503250541917,16.8370044666287,10.7523917387412,10.7523917387412,10.7523917387412,10.7523917387412
788,"TUN","Tunisia",46.8081970980851,46.8081970980851,46.8081970980851,46.8081970980851,46.8081970980851,52.3206524904877,50.4072763290346,50.5324233693038,46.6654995874111,46.3391889306449,46.8794527291931,47.4276373859457,50.5253000376394,51.6931692546356,53.8167630540756,51.1071441552059,48.4993867358056,45.4861133863923,43.4283671355907,40.9736431928803,43.6698325369582,48.6987115366332,51.4206778715121,51.4206778715121,51.4206778715121,51.4206778715121
792,"TUR","Turkey",33.3652551955997,33.3652551955997,33.3652551955997,33.3652551955997,33.3652551955997,32.8304871331924,32.6244889722193,33.4665802108593,36.7652949073837,41.6049834318424,46.8936974371813,49.9207988154642,51.4892725941648,52.1277271559591,46.9050786670043,41.7228517438591,38.8414657523401,35.0762736059061,36.2483927192554,39.9007468349658,47.8120759385457,52.6846541012763,56.5547858310399,56.5547858310399,56.5547858310399,56.5547858310399
795,"TKM","Turkmenistan",22.549635959974,22.549635959974,22.549635959974,22.549635959974,22.549635959974,18.2497648726172,11.8845008946603,12.14122308011,12.7355384628084,6.28023384981827,1.47422590868855,7.23636274514655,19.8136827384088,39.2509336945367,68.1182394418221,87.7500718134634,100,100,100,100,97.1232755577518,87.7881840633501,76.3496790268238,76.3496790268238,76.3496790268238,76.3496790268238
796,"TCA","Turks and Caicos Islands",0,0,0,0,0,0,0,0,0,0,0,0,0,0,0,0,0,0,2.88103610732811,24.1877843534713,36.3672683761346,41.0969424864814,46.3546114950151,46.3546114950151,46.3546114950151,46.3546114950151
798,"TUV","Tuvalu",57.5999648111136,57.5999648111136,57.5999648111136,57.5999648111136,57.5999648111136,58.5008346492907,56.6203937460836,46.0644147645029,35.3545949962398,29.6429361469062,18.9049617619556,16.3442921865004,9.60182665019484,17.3117369932299,21.6500384909181,35.6842976551861,53.5788905963214,49.0932278219382,44.5497685023746,38.6132037990854,32.0939521307352,34.9008881558323,30.2066643573787,30.2066643573787,30.2066643573787,30.2066643573787
800,"UGA","Uganda",79.2035931635417,79.2035931635417,79.2035931635417,79.2035931635417,79.2035931635417,78.4554625388829,74.7045780843604,69.6229757744879,61.8829838425292,57.285499963355,52.1552275844687,59.5384341534526,60.6599918187099,52.560451800131,51.6479729035167,48.6084823749259,48.7868571052364,49.654668795765,47.2378956865854,47.5699491173592,43.8999025628132,49.0973094103248,51.6479035199394,51.6479035199394,51.6479035199394,51.6479035199394
804,"UKR","Ukraine",0,0,0,0,0,11.9689651909381,34.0277006832578,52.3399448997667,69.7152737794062,86.6459663148918,92.1460614492133,95.8228413061644,100,100,100,89.5498101041432,81.4984383205849,70.5370295440695,61.0027492173481,59.3738950362781,60.6365518125035,59.9924069946868,68.2209242919723,68.2209242919723,68.2209242919723,68.2209242919723
784,"ARE","United Arab Emirates",44.8954203734921,44.8954203734921,44.8954203734921,44.8954203734921,44.8954203734921,40.9329922425555,38.2408542963876,44.4867867919262,37.1192414978382,29.3746644416739,25.8327148918776,34.0424527466545,45.7149824418577,40.1860932415678,32.5288093680463,16.4562168525864,8.58910346542592,10.8796878743027,12.3746383645157,9.25094364293936,8.80127841665826,13.5013376137275,19.7988697208144,19.7988697208144,19.7988697208144,19.7988697208144
826,"GBR","United Kingdom",67.2976118765092,67.2976118765092,67.2976118765092,67.2976118765092,67.2976118765092,71.3335274480512,71.5632939400549,71.7225895800137,71.2189492760058,70.4180923815033,69.7548728843943,66.9443404347376,66.5397479180663,64.828699000218,64.9159973159638,62.1656243157247,63.4137559817238,62.8209845175722,62.5725685467949,66.1077654083044,70.0301189994352,74.8451703266566,79.3346691389403,79.3346691389403,79.3346691389403,79.3346691389403
840,"USA","United States of America",51.6776119738662,51.6776119738662,51.6776119738662,51.6776119738662,51.6776119738662,53.873921227218,55.095352101303,55.4616728151224,54.9374648021183,54.6000776315756,54.3393892742392,54.4482970681016,53.1669313588143,52.8481810132884,53.4405808875311,52.1411538710016,51.6345302811383,52.2428546998361,52.1521151083841,51.4251751590622,52.5783930287019,55.2360625478885,56.746480197808,56.746480197808,56.746480197808,56.746480197808
858,"URY","Uruguay",59.1244448761168,59.1244448761168,59.1244448761168,59.1244448761168,59.1244448761168,61.2687794976449,57.2000181650052,46.7491185029562,35.2409613133698,27.9108111387513,22.7075643899535,16.4031890622319,21.3313987193803,27.4423635138999,33.9122523685032,50.9503237907267,64.1822230854411,69.9945506071816,74.4699071196011,76.1477106093108,74.7391833080902,67.7239919514333,64.6691377939266,64.6691377939266,64.6691377939266,64.6691377939266
860,"UZB","Uzbekistan",25.2345379335276,25.2345379335276,25.2345379335276,25.2345379335276,25.2345379335276,29.6320484398654,35.3795849838189,41.6982542761159,46.3690477899805,51.3196664294452,60.6374605988893,68.1381407004584,77.7951042730988,83.5992530175513,95.9928943025247,100,100,100,100,100,100,100,97.0547682945272,97.0547682945272,97.0547682945272,97.0547682945272
548,"VUT","Vanuatu",41.901164380828,41.901164380828,41.901164380828,41.901164380828,41.901164380828,49.9376500500554,55.7655844159531,55.6040121145627,51.1396871359555,53.3967305791054,54.7800207408307,56.6359115123362,47.8569402283629,43.5819585687821,40.1925740710208,40.9374376993933,39.4463447404373,35.989905329951,33.0117300717266,30.1519596076483,28.525939691973,33.4376171473008,29.3683970020252,29.3683970020252,29.3683970020252,29.3683970020252
862,"VEN","Venezuela",9.11545111337522,9.11545111337522,9.11545111337522,9.11545111337522,9.11545111337522,1.69503967102784,0.0266833479228126,0,0,4.17151413265579,16.5235585974786,36.1160751532911,61.0970255939877,72.6682205446638,74.9118651094184,79.215905394802,82.4127631200288,69.3858294082343,50.9284787409099,43.3023995709078,34.1820340407418,20.1298386982774,6.84654628540827,6.84654628540827,6.84654628540827,6.84654628540827
704,"VNM","Viet Nam",49.1484430172191,49.1484430172191,49.1484430172191,49.1484430172191,49.1484430172191,46.145549327663,43.4965108103772,42.3087797778547,42.3098593085639,37.8593458287484,36.6949804725175,37.9353100491767,40.2677023266031,41.9292116660463,42.0075466083322,42.678028636765,45.2936631519005,50.6483595268487,53.5606784612173,51.7988455210185,47.1867407666612,44.0593776937361,45.5835803654016,45.5835803654016,45.5835803654016,45.5835803654016
876,"WLF","Wallis and Futuna Islands",NA,NA,NA,NA,NA,NA,NA,NA,NA,NA,NA,NA,NA,NA,NA,NA,NA,NA,NA,NA,NA,NA,NA,NA,NA,NA
732,"ESH","Western Sahara",NA,NA,NA,NA,NA,NA,NA,NA,NA,NA,NA,NA,NA,NA,NA,NA,NA,NA,NA,NA,NA,NA,NA,NA,NA,NA
887,"YEM","Yemen",24.8566719127458,24.8566719127458,24.8566719127458,24.8566719127458,24.8566719127458,19.5172464518158,19.3130130375699,24.5807182955178,32.4764376505605,27.9423427294799,24.6658824123827,19.3985942248774,6.948260423128,7.3994399374758,2.61785504599874,5.56118013000061,7.92997031534051,19.8360031969315,18.0598194204619,20.5630324985071,15.1474008734203,0,0,0,0,0
894,"ZMB","Zambia",59.4941038101674,59.4941038101674,59.4941038101674,59.4941038101674,59.4941038101674,67.5944335877072,66.0239484126738,63.247760423063,60.334118424303,52.6438249892606,45.5036271565126,55.702001238857,65.6623104166386,70.2795554243755,82.856232090422,94.8486437281958,98.6108037409162,97.7168171415694,91.4047127098811,84.2663670278334,72.3077120774175,66.4554204691341,61.589245834441,61.589245834441,61.589245834441,61.589245834441
716,"ZWE","Zimbabwe",61.1980566070242,61.1980566070242,61.1980566070242,61.1980566070242,61.1980566070242,59.5959284625008,62.6444941851977,52.5904407669132,38.0948729844094,22.8824125143225,6.7816124192498,0,0,0,0,0,12.6779979541471,45.7427884159476,62.9518207312693,79.8099558461999,85.7729917448562,87.7815915333868,82.6198851362986,82.6198851362986,82.6198851362986,82.6198851362986
