"code","iso","country","GRL.ind.1995","GRL.ind.1996","GRL.ind.1997","GRL.ind.1998","GRL.ind.1999","GRL.ind.2000","GRL.ind.2001","GRL.ind.2002","GRL.ind.2003","GRL.ind.2004","GRL.ind.2005","GRL.ind.2006","GRL.ind.2007","GRL.ind.2008","GRL.ind.2009","GRL.ind.2010","GRL.ind.2011","GRL.ind.2012","GRL.ind.2013","GRL.ind.2014","GRL.ind.2015","GRL.ind.2016","GRL.ind.2017","GRL.ind.2018","GRL.ind.2019","GRL.ind.2020"
4,"AFG","Afghanistan",65.9736372674862,65.9736372674862,65.9736372674862,62.8571832915259,58.5647714793413,61.3767635987157,59.8523201181552,58.935652156669,59.8254026884906,63.0597759402229,63.3276657730941,67.6521534060959,69.4128902048218,67.8813993362306,64.7939361679719,61.7930387527119,60.6188575785126,60.0726918102599,60.7341057468876,57.3899043088446,60.9461701245695,60.9461701245695,60.9461701245695,60.9461701245695,60.9461701245695,60.9461701245695
8,"ALB","Albania",77.1890849699269,77.1890849699269,77.1890849699269,70.1964833560466,61.043645211678,56.1580429917899,52.4380478168074,51.0309380986242,51.6604624540986,53.8971730112834,59.1253319085586,64.788537282056,62.0026167118571,50.529853619702,48.7924906872019,48.3732953745261,48.7075022041858,51.3416777814213,64.479815512302,72.8972115813988,70.1964833560466,70.1964833560466,70.1964833560466,70.1964833560466,70.1964833560466,70.1964833560466
12,"DZA","Algeria",66.4575767562928,66.4575767562928,66.4575767562928,66.4575767562928,59.6263302931657,59.6263302931657,39.8720831164571,35.1930978781163,2.8655177895791,0,0,0,0,0,8.92421056896904,24.8555342145697,28.4449374047735,34.4020735330405,52.4239864062631,63.2590131647728,69.1706002657589,69.1706002657589,69.1706002657589,69.1706002657589,69.1706002657589,69.1706002657589
20,"AND","Andorra",100,100,100,100,58.2293644429587,58.2293644429587,58.2293644429587,58.2293644429587,53.2603354369647,66.6935500830727,66.6935500830727,66.6935500830727,58.2293644429587,66.6935500830727,58.2293644429587,58.2293644429587,42.8541187271005,44.7488913776461,44.7488913776461,46.9891927754537,46.9891927754537,46.9891927754537,46.9891927754537,46.9891927754537,46.9891927754537,46.9891927754537
24,"AGO","Angola",66.0818062638753,66.0818062638753,66.0818062638753,57.2211096366804,45.7207925960068,38.854534253825,37.5417205890347,36.3958662574319,35.5431902036691,36.1230438037793,41.0799660307828,42.2186715900554,43.2435243292938,44.7601814766156,42.4007141571471,40.4013079235974,39.9251806761947,38.4794151012361,39.0461071004005,45.0623245035999,49.2914989223516,49.2914989223516,49.2914989223516,49.2914989223516,49.2914989223516,49.2914989223516
660,"AIA","Anguilla",66.9580114642145,66.9580114642145,66.9580114642145,58.4953737717744,53.5268647832397,47.2561396019128,41.4795786118395,43.1212448742842,45.0159427785903,45.0159427785903,49.9965764577107,66.9580114642145,66.9580114642145,66.9580114642145,100,100,100,100,66.9580114642145,58.4953737717744,58.4953737717744,58.4953737717744,58.4953737717744,58.4953737717744,58.4953737717744,58.4953737717744
28,"ATG","Antigua and Barbuda",57.8130743020696,57.8130743020696,57.8130743020696,55.9247438106545,54.287857636191,51.5504695995909,51.5504695995909,54.287857636191,37.646715422879,33.9107396945372,34.5110375720214,33.6212198325613,32.791391331613,38.8986119182704,37.646715422879,36.5104308787863,36.8776641539531,37.2561869350132,36.8776641539531,40.7943210222325,39.8100219110255,39.8100219110255,39.8100219110255,39.8100219110255,39.8100219110255,39.8100219110255
32,"ARG","Argentina",55.9917316347662,55.9917316347662,55.9917316347662,49.652816796091,43.1725842984565,39.5113061856738,37.466650257566,36.1196004376315,36.7111662526399,37.597727108313,39.9241749553089,40.0812777690142,39.6098591558559,36.4381654396238,37.2246568417547,37.2079927648902,37.8355524151449,39.1782417797231,44.0285888590099,44.5828408949404,47.2623069286152,47.2623069286152,47.2623069286152,47.2623069286152,47.2623069286152,47.2623069286152
51,"ARM","Armenia",100,100,100,79.1740462073006,62.804871214816,62.2679653580241,55.7051659673699,53.0154209835916,54.3904736896531,59.3572184302521,50.65476385798,48.7620896536082,46.3050614910167,42.2675089466355,42.423792961979,46.233418071909,52.8309443279142,42.2675089466355,46.233418071909,45.881323173778,45.7776283934075,45.7776283934075,45.7776283934075,45.7776283934075,45.7776283934075,45.7776283934075
533,"ABW","Aruba",100,100,100,60.299508121587,60.299508121587,60.299508121587,60.299508121587,60.299508121587,100,100,100,100,100,60.299508121587,43.292376479388,43.292376479388,34.7676999734126,27.8812469556084,13.2371590546175,4.43799896031314,3.92488635712137,3.92488635712137,3.92488635712137,3.92488635712137,3.92488635712137,3.92488635712137
36,"AUS","Australia",43.0938531171445,43.0938531171445,43.0938531171445,38.3347053772146,33.2095179381089,32.2287762714077,29.7536956447535,28.6483810652108,28.3732674776619,29.9094858713051,31.2941094993368,34.2240610749496,35.0868981825295,35.9183903817543,36.6355394637615,36.6827521697372,37.2709408408735,37.8646741916244,39.1714886793619,40.331637086675,43.9727213932585,43.9727213932585,43.9727213932585,43.9727213932585,43.9727213932585,43.9727213932585
40,"AUT","Austria",57.0395246619175,57.0395246619175,57.0395246619175,56.3662337673713,55.5018353487143,62.2088472657394,57.2959228692541,54.1350241409853,49.751051796406,45.4801256101483,45.7907723502978,47.8945227771373,49.9699568019092,53.6526328858565,64.6463234055038,65.533209983387,66.9445106780395,68.6567016077417,78.0631565747127,69.3264055868489,69.9028014695928,69.9028014695928,69.9028014695928,69.9028014695928,69.9028014695928,69.9028014695928
31,"AZE","Azerbaijan",73.4863045817721,73.4863045817721,73.4863045817721,64.936970572477,60.7897042756658,61.0866814734914,49.8175377249898,46.7442958042729,47.6522849505724,48.7056964993508,46.7755970037828,50.1016550167121,51.6763444769604,48.7792344854741,48.7424105964326,52.4962901460677,57.5416519640299,58.1578656634836,67.5181400990953,63.6381771106242,65.2140161899722,65.2140161899722,65.2140161899722,65.2140161899722,65.2140161899722,65.2140161899722
44,"BHS","Bahamas",70.7905309682072,70.7905309682072,70.7905309682072,66.457971943054,50.7856687096451,47.8650823425066,44.4429615048199,44.9985362940697,44.4429615048199,50.6725339953869,54.4674718259738,60.4705887008412,57.790043308172,58.4074808926496,57.5909241541115,57.5909241541115,61.2429844492806,65.2969921128898,72.6557989806994,83.9293572403967,97.9965400518288,97.9965400518288,97.9965400518288,97.9965400518288,97.9965400518288,97.9965400518288
48,"BHR","Bahrain",NA,NA,NA,NA,NA,NA,NA,NA,NA,NA,NA,NA,NA,NA,NA,NA,NA,NA,NA,NA,NA,NA,NA,NA,NA,NA
50,"BGD","Bangladesh",7.19717864836313,7.19717864836313,7.19717864836313,5.74139292584472,4.17725568303405,14.1271621015653,8.84584264520959,8.47224171380198,8.36683393569986,9.5570951624052,10.0800293913024,16.9584762306871,20.8050857932529,25.9099283430654,28.7737828100934,32.8360547359069,36.3088501900582,39.5528713203232,44.2428181625632,44.5221630483053,47.2522937222503,47.2522937222503,47.2522937222503,47.2522937222503,47.2522937222503,47.2522937222503
52,"BRB","Barbados",16.9499069021939,16.9499069021939,16.9499069021939,20.0438308472174,30.4730144654999,35.4620913877785,43.9861530712762,43.9861530712762,43.9861530712762,35.4620913877785,21.9414775783494,21.9414775783494,16.9499069021939,13.4080697599165,12.422583416672,10.6606978490417,9.86607664843172,9.86607664843172,11.5101556832392,13.4080697599165,21.9414775783494,21.9414775783494,21.9414775783494,21.9414775783494,21.9414775783494,21.9414775783494
112,"BLR","Belarus",68.1597737795286,68.1597737795286,68.1597737795286,68.1597737795286,65.44401021263,72.7747435943362,52.616619773439,45.0590244483625,41.8291937960627,41.043118963377,40.4101465602862,43.3790628832321,47.3364861958282,45.2151788060837,45.4371760948917,46.0944391647107,47.7156493130296,49.5831386131633,62.1804217132813,65.773327015938,68.7829867119762,68.7829867119762,68.7829867119762,68.7829867119762,68.7829867119762,68.7829867119762
56,"BEL","Belgium",68.164522831057,68.164522831057,68.164522831057,65.2954808778355,65.6666359883173,64.4706279384722,58.9584890651853,55.0048066321494,50.8319749264581,48.5997016409765,49.3441829802518,52.0167618752434,54.4874273695262,60.6754284039725,68.0116274121473,67.7114166734429,65.5416704727366,68.4761296220316,73.4659130428407,72.775734855055,73.7048450655213,73.7048450655213,73.7048450655213,73.7048450655213,73.7048450655213,73.7048450655213
84,"BLZ","Belize",48.2532003847474,48.2532003847474,48.2532003847474,44.7186701095111,38.0914927261588,34.3617505962653,32.9335852852489,29.563162387225,29.1844568107643,30.9168837663778,34.7462625138758,36.6426792693305,44.7186701095111,47.6818035464044,48.2532003847474,50.146097500862,39.4444068147899,39.7337875466309,40.6451174593791,38.6149594441095,39.4444068147899,39.4444068147899,39.4444068147899,39.4444068147899,39.4444068147899,39.4444068147899
204,"BEN","Benin",6.91347627816296,6.91347627816296,6.91347627816296,7.317206958417,7.94876253373594,7.94876253373594,7.11368706112299,19.6697025400637,18.5985207526219,15.8513451278292,13.6066533949405,13.269319169599,19.6697025400637,19.1224675123596,19.6697025400637,22.843644608355,23.5899126763989,20.8430223009323,19.6697025400637,21.4744577543519,20.8430223009323,20.8430223009323,20.8430223009323,20.8430223009323,20.8430223009323,20.8430223009323
60,"BMU","Bermuda",NA,NA,NA,NA,NA,NA,NA,NA,NA,NA,NA,NA,NA,NA,NA,NA,NA,NA,NA,NA,NA,NA,NA,NA,NA,NA
64,"BTN","Bhutan",51.0903428602848,51.0903428602848,51.0903428602848,50.7847411802113,50.585140552692,67.0603710893934,70.275560888726,68.352012255015,64.36079665901,62.8646387468609,63.9144567788397,68.1442645084345,68.7783277699679,68.670357227118,71.7022353516027,69.795188752797,68.0416903732588,69.9135363865814,80.0263936054057,79.4972386062266,88.1499888163899,88.1499888163899,88.1499888163899,88.1499888163899,88.1499888163899,88.1499888163899
68,"BOL","Bolivia",43.9207616175953,43.9207616175953,43.9207616175953,38.982867125097,34.1893000197971,34.7526158555031,33.4964845393103,33.9170200398849,35.3501202811303,36.4123292009927,38.7604997516313,41.4184001245476,41.1509969791245,41.0997331643462,45.3322673760068,45.6773052056426,45.4501944989394,44.2595012847488,45.8805073144431,46.4779099683126,47.5966857706605,47.5966857706605,47.5966857706605,47.5966857706605,47.5966857706605,47.5966857706605
70,"BIH","Bosnia and Herzegovina",78.1995738573969,78.1995738573969,78.1995738573969,78.1995738573969,72.7384383468468,74.3770256064375,64.9144729913109,63.3876827786787,59.6937647665642,59.4306502422843,57.5065364254853,54.2913593785789,53.0679695249464,48.7836457554866,46.3086781947903,46.1527227548285,48.4057328797329,49.2587012192834,53.3427481897011,46.8120923830751,47.3126180383021,47.3126180383021,47.3126180383021,47.3126180383021,47.3126180383021,47.3126180383021
72,"BWA","Botswana",56.3511708485904,56.3511708485904,56.3511708485904,55.1596287200483,38.4206394184249,24.0714048501168,22.9613444986066,20.5633467719335,18.9652534256676,16.8233031948388,22.4555812010268,23.4722836771553,24.4825397594924,25.0628034012296,30.9147949115506,30.4480893595235,30.976128654396,34.4566807844123,38.5625362839497,45.228299803543,49.5312921185713,49.5312921185713,49.5312921185713,49.5312921185713,49.5312921185713,49.5312921185713
76,"BRA","Brazil",66.3514826755681,66.3514826755681,66.3514826755681,62.5128564237418,59.1991192812859,59.0254656181273,59.9770438266146,59.3971687645345,60.1053373762118,58.4065748633141,58.6276562917437,59.2274309021667,58.9297155483222,58.728954217053,61.3873688225222,60.8882743246722,60.872919024082,60.6206119904859,61.9772921876197,61.8409669713566,65.5444407538815,65.5444407538815,65.5444407538815,65.5444407538815,65.5444407538815,65.5444407538815
92,"VGB","British Virgin Islands",50.7313618081624,50.7313618081624,50.7313618081624,100,100,100,50.7313618081624,50.7313618081624,50.7313618081624,50.7313618081624,42.2154889567197,42.2154889567197,37.2291461756618,37.2291461756618,37.2291461756618,42.2154889567197,42.2154889567197,50.7313618081624,50.7313618081624,50.7313618081624,42.2154889567197,42.2154889567197,42.2154889567197,42.2154889567197,42.2154889567197,42.2154889567197
96,"BRN","Brunei Darussalam",NA,NA,NA,NA,NA,NA,NA,NA,NA,NA,NA,NA,NA,NA,NA,NA,NA,NA,NA,NA,NA,NA,NA,NA,NA,NA
100,"BGR","Bulgaria",76.6438767387426,76.6438767387426,76.6438767387426,75.957723372165,70.6249979400669,69.3905612133068,54.4930679504112,52.8553700448106,48.2239343774382,46.1609341345368,45.3567657398354,45.0818321848026,36.6956513790627,34.0332409321398,32.5913865304722,32.4151785603663,33.705116311822,40.4280744083688,47.6748882173257,50.0352687682529,51.7792508557015,51.7792508557015,51.7792508557015,51.7792508557015,51.7792508557015,51.7792508557015
854,"BFA","Burkina Faso",53.917420910746,53.917420910746,53.917420910746,43.5230369783418,40.6880051111893,39.5542269660438,40.6710728594023,40.2343586314212,45.78823921079,47.3016485200615,50.8088977985487,49.3749573672534,51.6987909362491,50.3244777361577,52.1163600316578,51.3900590717845,53.2417142055715,54.3348565849205,58.7086235359205,61.3649658249497,65.6824082187156,65.6824082187156,65.6824082187156,65.6824082187156,65.6824082187156,65.6824082187156
108,"BDI","Burundi",99.6672769343954,99.6672769343954,99.6672769343954,87.5977690361838,82.2277813746032,76.0136964793976,52.2592912610428,47.8586271888919,46.052366932557,40.6047278225763,38.5975929048401,40.9917123787314,42.0397366964161,41.8509451977629,44.89013646177,48.9342126532168,51.570019949308,53.951926208974,58.4299219829833,69.0380178819868,66.5401143686271,66.5401143686271,66.5401143686271,66.5401143686271,66.5401143686271,66.5401143686271
132,"CPV","Cabo Verde",100,100,100,100,100,100,100,100,100,95.1545015182648,70.8683419022559,70.8683419022559,68.1604597733161,61.6923479454179,57.9947850576021,60.9937589424416,60.9937589424416,62.4329657584132,68.1604597733161,82.6188062765017,87.3559257290675,87.3559257290675,87.3559257290675,87.3559257290675,87.3559257290675,87.3559257290675
116,"KHM","Cambodia",36.784089225417,36.784089225417,36.784089225417,36.3166167685954,36.3166167685954,52.353214615324,50.7721408628053,37.2700111767543,23.4976882242107,20.6686042896124,19.8755633237977,20.2997233591969,21.478706227578,30.3267611315329,36.3166167685954,36.569399328272,35.4706345159084,39.1660265467094,42.8089591847382,43.9171396750268,51.0449178614765,51.0449178614765,51.0449178614765,51.0449178614765,51.0449178614765,51.0449178614765
120,"CMR","Cameroon",72.5797920823322,72.5797920823322,72.5797920823322,73.0272850298863,72.9515644100373,94.5985447217034,73.4130340723185,70.9366301793084,68.8217350029628,65.9892325353412,64.7267261414853,67.6880251376465,66.9244949006043,61.4792603289935,60.1555014184138,58.1855131009031,55.0839100394281,55.1548706964514,54.2628247392471,46.7368777946782,47.7666515175206,47.7666515175206,47.7666515175206,47.7666515175206,47.7666515175206,47.7666515175206
124,"CAN","Canada",44.9702835728192,44.9702835728192,44.9702835728192,43.5167233322963,41.2121641112335,45.9060720583849,35.7037030196135,32.8421060315266,30.1955222457104,28.6121547106156,26.6966077261575,28.8832925123493,28.830487838872,28.1241219131943,28.4476902091939,31.4060874380699,33.7263222548161,37.4709031582319,45.1240098950315,56.8352901319376,60.197286617241,60.197286617241,60.197286617241,60.197286617241,60.197286617241,60.197286617241
136,"CYM","Cayman Islands",100,100,100,100,100,100,100,100,100,100,100,100,100,100,100,100,100,100,100,100,100,100,100,100,100,100
140,"CAF","Central African Republic",99.5490814686416,99.5490814686416,99.5490814686416,96.562366661333,95.3029751028076,91.5940315123581,87.8608950188787,84.2647029045511,76.3008189264249,72.4173525394857,71.7604376534242,68.3366850413989,68.8738842228254,71.8423734633629,73.6071892181121,74.7150259543275,82.7133908491226,83.8218709620493,86.617562332319,91.4585046208586,95.8682762939342,95.8682762939342,95.8682762939342,95.8682762939342,95.8682762939342,95.8682762939342
148,"TCD","Chad",45.4017337874115,45.4017337874115,45.4017337874115,40.1037460369255,33.9577441140767,24.8445315463095,24.8242204616696,24.8099115367567,25.5923216187674,27.7458281656414,42.4810542414376,42.5982344200433,43.0423735374991,40.9005752325109,40.5966282012873,41.6371288619168,44.2865740845597,44.1877162781911,48.6274772605657,49.7680093479092,52.1255008023593,52.1255008023593,52.1255008023593,52.1255008023593,52.1255008023593,52.1255008023593
152,"CHL","Chile",63.9153431245393,63.9153431245393,63.9153431245393,62.3138970747424,58.3798477290612,61.6577125243225,53.8878944978603,48.8879237693076,46.050213469979,43.2957788396794,43.3336915970605,44.2368213774787,46.0944804650796,43.3260997015204,45.0038905559173,43.9407634722652,44.9894033892909,45.1028579038756,50.7092441426866,52.0618441549822,55.7449855575065,55.7449855575065,55.7449855575065,55.7449855575065,55.7449855575065,55.7449855575065
156,"CHN","China",48.6852294158686,48.6852294158686,48.6852294158686,46.4882846513047,41.2632429923104,40.5880286386498,39.2576392866958,39.0942204864854,39.0002220964864,40.3654999149458,43.5189558540844,46.7119544853903,47.3392014060806,47.2201691059282,49.5674432779526,49.2313145026531,49.5687915019478,50.5118922013808,52.1031905669662,52.8711784179083,56.124807666673,56.124807666673,56.124807666673,56.124807666673,56.124807666673,56.124807666673
170,"COL","Colombia",68.1980125740286,68.1980125740286,68.1980125740286,65.0568407414263,59.3719364395553,54.4921579771931,53.4046139932926,53.7646495978211,54.614329690246,56.8130343973193,64.6520725925242,67.7744341518523,66.9214498729261,65.4335644766708,66.8042789052039,65.1584458844728,65.0602141069634,66.3127742685474,66.3053063835855,60.3079249209369,62.0413858113291,62.0413858113291,62.0413858113291,62.0413858113291,62.0413858113291,62.0413858113291
174,"COM","Comoros",100,100,100,100,100,100,100,100,100,100,100,100,100,100,100,100,100,100,100,100,100,100,100,100,100,100
184,"COK","Cook Islands",NA,NA,NA,NA,NA,NA,NA,NA,NA,NA,NA,NA,NA,NA,NA,NA,NA,NA,NA,NA,NA,NA,NA,NA,NA,NA
188,"CRI","Costa Rica",31.1391424919608,31.1391424919608,31.1391424919608,34.7794055333252,40.2815331642242,41.6121573010731,29.8575609637151,26.4528860420468,25.5627202029555,26.1489577113372,22.9117749255368,27.4124515031636,29.8575609637151,30.1310523630448,29.5900121021991,37.474188560889,42.7138903663844,48.489295071077,55.8245226534976,56.9922900326827,58.2825160514603,58.2825160514603,58.2825160514603,58.2825160514603,58.2825160514603,58.2825160514603
384,"CIV","Cote d'Ivoire",16.4910455030809,16.4910455030809,16.4910455030809,17.6371082901668,19.2381906984445,22.3319690289077,8.5167271121187,7.55323948462291,6.90844965996132,6.29574970995797,3.24125865249994,11.4081631044266,11.2284193894668,12.1545834530025,13.3665804644486,21.4826618202215,24.2295065613157,30.0143355758601,36.2997368252565,41.2865502696479,46.2703666730789,46.2703666730789,46.2703666730789,46.2703666730789,46.2703666730789,46.2703666730789
191,"HRV","Croatia",71.2239171550706,71.2239171550706,71.2239171550706,70.1920325310994,65.6838447768303,68.5713209322848,59.4805085690181,57.3877762038492,55.8286591915597,55.2269901409485,53.1390296319744,56.6246011349102,57.475568538273,54.2400115304618,49.6083637070968,49.5156950713842,49.1967389658141,49.6083637070968,47.6754238647746,48.1619405460672,49.332424076862,49.332424076862,49.332424076862,49.332424076862,49.332424076862,49.332424076862
192,"CUB","Cuba",62.5149846836403,62.5149846836403,62.5149846836403,61.4988151325459,53.0968070669912,51.4692882819749,48.5831846458794,47.396076683419,46.2135225486309,50.0546135280864,50.5161866872758,51.6484495136884,48.9918973913317,50.1912779311454,49.8079347644841,50.3063351268661,53.6909017165254,60.4016806348857,62.0863595626783,63.2863734894038,65.4570980583419,65.4570980583419,65.4570980583419,65.4570980583419,65.4570980583419,65.4570980583419
531,"CUW","Curacao",26.0910292164463,26.0910292164463,26.0910292164463,25.437316361528,29.4099911324181,30.6416767390539,31.3070284674926,24.2256105971655,23.1225301525241,21.9492736907607,19.8927784430619,16.798845804196,17.6708031023342,16.9045231019905,15.1285954918525,15.3137363740885,17.2271080051473,18.9804536822609,20.4461553671348,22.9479213450045,25.0200249867664,25.0200249867664,25.0200249867664,25.0200249867664,25.0200249867664,25.0200249867664
196,"CYP","Cyprus",100,100,100,100,100,100,44.9622265902448,44.9622265902448,44.9622265902448,34.5426450669425,34.5426450669425,41.4258358783781,41.4258358783781,17.77656901853,19.5498283038427,19.5498283038427,19.207840605134,19.207840605134,52.1807121269626,54.9175564482141,54.9175564482141,54.9175564482141,54.9175564482141,54.9175564482141,54.9175564482141,54.9175564482141
203,"CZE","Czech Republic",62.3466645715229,62.3466645715229,62.3466645715229,61.5273115132495,58.3947258553082,58.1412534324303,55.2876981821139,52.7763018570408,49.869972592392,47.2480054082136,48.4207853425267,49.6162856160651,52.4559544986216,56.325138241262,65.8325188014169,65.8325188014169,70.7128982967334,73.5161032332274,78.3861673191392,75.4023152886166,75.6078555439669,75.6078555439669,75.6078555439669,75.6078555439669,75.6078555439669,75.6078555439669
180,"COD","Dem. Rep. Congo",54.3838675401879,54.3838675401879,54.3838675401879,52.9878821971426,51.1630309893337,60.0332658310209,54.6125201964009,50.916980850084,45.7729637440861,42.5608152506247,41.757188527208,41.924886924779,42.5196877495584,43.1060951926012,45.5858250090697,46.693048594228,47.2927475579203,48.204511926329,52.1191888996203,48.1429464017291,49.1558406945804,49.1558406945804,49.1558406945804,49.1558406945804,49.1558406945804,49.1558406945804
208,"DNK","Denmark",80.6830201791132,80.6830201791132,80.6830201791132,77.8986721561251,62.0203706092481,62.7265768411424,57.1058914020282,52.733405702326,52.47779966816,57.4798967893083,57.7680494951887,64.6076485048995,83.4766721585341,86.0866845433611,87.0960250846937,86.0866845433611,87.0960250846937,83.4766721585341,87.0960250846937,72.3705306422549,72.6928435955362,72.6928435955362,72.6928435955362,72.6928435955362,72.6928435955362,72.6928435955362
262,"DJI","Djibouti",82.5275546990086,82.5275546990086,82.5275546990086,90.5603000993328,90.5603000993328,51.6643893609445,36.3718417976175,19.9162075360854,19.7529098456236,19.6452355253919,20.3058740731455,22.463878866036,46.7660868697415,43.3934720580871,40.9487157849824,39.8871379367336,41.3586199841718,44.2854849329423,42.6771698379943,45.2471971552573,47.7763420222145,47.7763420222145,47.7763420222145,47.7763420222145,47.7763420222145,47.7763420222145
212,"DMA","Dominica",100,100,100,100,100,100,100,100,100,100,100,100,100,100,100,100,100,100,100,100,100,100,100,100,100,100
214,"DOM","Dominican Republic",62.3992672440107,62.3992672440107,62.3992672440107,59.8395071386112,51.8942983563815,49.8051589009951,46.4224525034645,44.6097311821136,41.2131318344182,34.4117479839123,33.5224232328726,33.7845803775052,33.4958482149636,33.662890879069,41.0895529913657,43.2477738654794,45.6330021873689,48.8453581072672,56.3315019079444,59.7832645973006,63.4112877439116,63.4112877439116,63.4112877439116,63.4112877439116,63.4112877439116,63.4112877439116
218,"ECU","Ecuador",52.0838094942367,52.0838094942367,52.0838094942367,52.6298193292592,52.3129122037607,54.5111661090973,58.8759830105757,61.8799471905064,60.8313108084597,63.5232047460802,61.9392563831739,56.7522001376527,51.145765042905,44.7042665889049,42.6989070306349,40.7334747930302,39.6656823412535,39.8422807030914,39.4388705168566,35.0390652549987,36.1992426744531,36.1992426744531,36.1992426744531,36.1992426744531,36.1992426744531,36.1992426744531
818,"EGY","Egypt",46.1766921795275,46.1766921795275,46.1766921795275,37.6548157850158,37.6548157850158,37.6548157850158,46.1766921795275,46.1766921795275,100,100,100,100,100,100,100,100,100,100,100,100,100,100,100,100,100,100
222,"SLV","El Salvador",28.3020618612039,28.3020618612039,28.3020618612039,31.318709334995,30.022122094713,32.0220753869304,33.562178364962,32.7680647287406,32.0220753869304,32.7680647287406,30.6533580066077,30.6533580066077,31.318709334995,30.6533580066077,30.6533580066077,32.7680647287406,33.562178364962,36.3075203046155,35.3228146653226,41.2943299529745,42.9360352321574,42.9360352321574,42.9360352321574,42.9360352321574,42.9360352321574,42.9360352321574
226,"GNQ","Equatorial Guinea",100,100,100,100,2.56859944059033,2.56859944059033,2.56859944059033,2.56859944059033,2.56859944059033,100,100,100,100,100,100,100,100,100,100,100,100,100,100,100,100,100
232,"ERI","Eritrea",53.8126153288539,53.8126153288539,53.8126153288539,49.0248910210278,45.6192862831539,45.2976640423757,41.8422612588711,41.7281131148494,43.8209679135311,46.0030113379113,51.2582342246852,60.8415717981104,57.7015769833347,48.9380173672801,47.7820622761299,46.5204278348023,46.1352652190098,47.7427196108911,54.1572956814747,42.2377582087847,42.8709940947674,42.8709940947674,42.8709940947674,42.8709940947674,42.8709940947674,42.8709940947674
233,"EST","Estonia",100,100,100,100,100,100,71.2553771029009,62.1628816976227,51.4219784684476,50.8103465075357,48.9910573924851,49.9861410260179,51.785625033496,60.747289291094,56.5744825512973,59.1378731073673,61.5361737038513,61.9504152350816,64.7796387558291,61.5361737038513,63.0514221529071,63.0514221529071,63.0514221529071,63.0514221529071,63.0514221529071,63.0514221529071
748,"SWZ","Eswatini",100,100,100,97.9541308583576,97.9541308583576,97.9541308583576,81.3627034083715,63.3149564663418,62.6992614648798,59.6944581655559,54.418021059541,53.8197201304936,57.8077545995903,58.3581098544413,58.3581098544413,54.5206264054697,55.3737829160803,55.7095980362363,56.1720904705496,58.2181978817577,72.6070628996927,72.6070628996927,72.6070628996927,72.6070628996927,72.6070628996927,72.6070628996927
231,"ETH","Ethiopia",72.2232815686977,72.2232815686977,72.2232815686977,66.4383441477406,54.8677497560702,51.1000387217498,49.6100719011279,48.0185126856541,48.2090705251871,50.0967018802477,51.4339683449707,50.7625916068079,48.4502138394576,44.2346389834796,44.1574885107272,43.5205217907048,43.4443027062085,45.6830431380182,49.1401429973476,49.3930722388701,53.0426755186957,53.0426755186957,53.0426755186957,53.0426755186957,53.0426755186957,53.0426755186957
234,"FRO","Faeroe Islands",82.6198049677115,82.6198049677115,82.6198049677115,82.6198049677115,80.79567232762,82.6198049677115,100,100,100,100,100,100,100,100,74.3456682657315,73.380357117287,73.380357117287,73.380357117287,73.380357117287,100,100,100,100,100,100,100
238,"FLK","Falkland Islands",81.0595543278768,81.0595543278768,81.0595543278768,75.757376073628,66.9203186703515,61.2916775493571,58.4853106286101,56.649470542573,56.4115661104601,53.6196529114286,55.9945886706348,59.9335395377119,61.2567061243953,63.0585857347501,78.2634480098271,77.9886077692224,77.5875178600734,80.8863876456883,80.8863876456883,86.1741103722145,91.3518219909893,91.3518219909893,91.3518219909893,91.3518219909893,91.3518219909893,91.3518219909893
242,"FJI","Fiji",NA,NA,NA,NA,NA,NA,NA,NA,NA,NA,NA,NA,NA,NA,NA,NA,NA,NA,NA,NA,NA,NA,NA,NA,NA,NA
246,"FIN","Finland",88.3987557680212,88.3987557680212,88.3987557680212,88.3987557680212,88.3987557680212,33.7662819561815,33.464118588961,32.5380428106487,32.5380428106487,31.7054864065833,52.1685722402364,52.1685722402364,55.4468851126613,53.2774218547834,56.9148567729979,59.6465933660645,61.4392154838774,63.5380084729379,66.0695434109591,48.751254113076,48.982967984002,48.982967984002,48.982967984002,48.982967984002,48.982967984002,48.982967984002
250,"FRA","France",54.2743935338586,54.2743935338586,54.2743935338586,52.9494888134827,50.6032834011454,52.8603934045829,53.5337062978426,54.6108695944894,53.9191952345038,54.0279360661808,54.2791361688514,56.7560543176961,55.4423803795297,54.1846287979583,54.5840968006354,55.1716690680371,56.5861190999608,60.1278060889773,66.0022661322063,69.7267095937381,70.5609524469335,70.5609524469335,70.5609524469335,70.5609524469335,70.5609524469335,70.5609524469335
258,"PYF","French Polynesia",NA,NA,NA,NA,NA,NA,NA,NA,NA,NA,NA,NA,NA,NA,NA,NA,NA,NA,NA,NA,NA,NA,NA,NA,NA,NA
266,"GAB","Gabon",75.7283875031567,75.7283875031567,75.7283875031567,76.2507374111041,67.7361246008632,59.5501470410157,57.1814605797744,56.1486147729966,55.8396654654241,56.8458448773459,63.7718737193532,68.8543636276999,75.4752934661841,70.4120989948339,75.2272968485285,73.4049249779364,60.7778187233967,57.9416156173857,59.2782402280479,42.5738433496426,42.8010241102404,42.8010241102404,42.8010241102404,42.8010241102404,42.8010241102404,42.8010241102404
270,"GMB","Gambia",33.6899242110308,33.6899242110308,33.6899242110308,28.700345699814,33.6899242110308,33.6899242110308,22.4127309015026,22.4127309015026,25.1595049123285,0,0,0.352594719370117,0.770029476482421,0.770029476482421,100,100,100,42.2154889567197,33.6899242110308,33.6899242110308,33.6899242110308,33.6899242110308,33.6899242110308,33.6899242110308,33.6899242110308,33.6899242110308
268,"GEO","Georgia",51.9952777590215,51.9952777590215,51.9952777590215,51.4784974162158,50.8616031670441,69.7470795299756,71.0707932621414,69.6084134968349,70.0291859548796,72.5541360362524,73.8456328819825,69.6084134968349,61.4442696932632,58.104240326524,57.4707363990323,57.3173250166911,58.8294381888742,59.6613556652955,64.1334858154338,51.2280190710741,51.5737561362972,51.5737561362972,51.5737561362972,51.5737561362972,51.5737561362972,51.5737561362972
276,"DEU","Germany",49.4670879773225,49.4670879773225,49.4670879773225,48.5091203036174,44.4016584821915,46.010305936137,46.3992518536763,44.7523518973655,42.2937165586556,41.3056648155377,42.4261087845991,44.1063619369332,46.762966163039,51.2733238645076,65.7233337590479,66.3806040345033,67.0626360502369,70.2778177365415,73.2843466614985,64.8193570873072,65.3537422197799,65.3537422197799,65.3537422197799,65.3537422197799,65.3537422197799,65.3537422197799
288,"GHA","Ghana",15.6897033611138,15.6897033611138,15.6897033611138,15.4249280678657,0.679831130993847,0.548699505724741,0.239566408484038,0.163480697362218,0,12.2149016593177,13.6398431974019,18.2597465430308,20.5483082342157,24.4024307037116,27.7043747719884,30.933284254535,33.3004664036837,38.2885777442389,37.7418212587321,40.7564605613612,43.8461694383236,43.8461694383236,43.8461694383236,43.8461694383236,43.8461694383236,43.8461694383236
300,"GRC","Greece",77.6023010823195,77.6023010823195,77.6023010823195,73.2555895648178,67.852836756462,64.8416919762961,65.6191542668199,63.2384133572656,63.7918504834434,66.5273235217843,71.9687980566228,72.7246307668602,72.9872485869508,68.8546524679167,67.4230846950128,65.8399947764247,65.692328579934,66.5273235217843,68.1180765404129,64.5039008143183,62.9413671596131,62.9413671596131,62.9413671596131,62.9413671596131,62.9413671596131,62.9413671596131
304,"GRL","Greenland",100,100,100,100,100,100,100,100,100,100,100,100,100,100,100,100,100,100,100,100,100,100,100,100,100,100
308,"GRD","Grenada",49.5049230354902,49.5049230354902,49.5049230354902,49.5049230354902,38.2429789682889,34.1037449551346,38.2429789682889,38.2429789682889,38.2429789682889,49.5049230354902,100,100,49.5049230354902,49.5049230354902,49.5049230354902,49.5049230354902,49.5049230354902,58.0051462513632,58.0051462513632,49.5049230354902,49.5049230354902,49.5049230354902,49.5049230354902,49.5049230354902,49.5049230354902,49.5049230354902
320,"GTM","Guatemala",63.4767269999783,63.4767269999783,63.4767269999783,63.5717018000593,59.2031726651898,58.9385685915017,50.7065371870352,47.1235113901024,46.1131318470359,45.3953854502354,43.5945587743013,44.0939751529518,42.2918137982405,40.6754099429184,39.3263795804216,38.6656189468163,39.0760512741173,39.77363479282,38.4406240146683,38.3542243320124,39.5683210232296,39.5683210232296,39.5683210232296,39.5683210232296,39.5683210232296,39.5683210232296
831,"GGY","Guernsey",15.1548743718928,15.1548743718928,15.1548743718928,15.1548743718928,15.1548743718928,15.1548743718928,100,100,32.218963583198,27.2290202158088,27.2290202158088,27.2290202158088,27.2290202158088,40.7456218112082,100,100,100,100,100,100,100,100,100,100,100,100
324,"GIN","Guinea",100,100,100,52.4239864062631,52.4239864062631,52.4239864062631,25.4074073820133,25.4074073820133,25.4074073820133,20.8808422276613,16.8746080901212,18.3246554227633,12.347279922745,10.5853929504447,6.73927116670609,7.04330396809604,6.73927116670609,6.44256453435382,5.59307061165121,8.68742409121755,9.41189724380514,9.41189724380514,9.41189724380514,9.41189724380514,9.41189724380514,9.41189724380514
624,"GNB","Guinea-Bissau",54.6224954937504,54.6224954937504,54.6224954937504,54.6224954937504,54.6224954937504,54.6224954937504,46.1138425183041,43.3714284579566,43.3714284579566,43.3714284579566,36.143023003624,32.6035275397993,33.6741598359291,29.8575609637151,29.8575609637151,30.7066172486003,37.5918978511435,36.143023003624,43.3714284579566,43.3714284579566,54.6224954937504,54.6224954937504,54.6224954937504,54.6224954937504,54.6224954937504,54.6224954937504
328,"GUY","Guyana",72.7339860450186,72.7339860450186,72.7339860450186,69.8719852074571,68.0917909615357,66.0591786285968,65.1562497421901,64.7284579279772,66.0591786285968,66.0591786285968,64.7284579279772,58.8290913000054,54.6700353246054,52.6211821645166,52.6211821645166,53.603045075703,57.829196530789,67.0335924770823,76.469259241801,80.2735913095911,85.8074754330821,85.8074754330821,85.8074754330821,85.8074754330821,85.8074754330821,85.8074754330821
332,"HTI","Haiti",90.7260477611431,90.7260477611431,90.7260477611431,82.5499755454869,62.0846253918864,58.3066267480604,56.0283708927666,54.1659968969666,52.3670645424305,54.5750101041399,56.4874726001713,57.6567140551931,59.05909136187,62.1699525487962,67.6512493764546,68.6724167109039,65.5288393306429,67.2999549034976,68.3382233673959,67.6067855726753,67.8760090713709,67.8760090713709,67.8760090713709,67.8760090713709,67.8760090713709,67.8760090713709
336,"VAT","Holy See",NA,NA,NA,NA,NA,NA,NA,NA,NA,NA,NA,NA,NA,NA,NA,NA,NA,NA,NA,NA,NA,NA,NA,NA,NA,NA
340,"HND","Honduras",78.6421185521075,78.6421185521075,78.6421185521075,74.4264286338745,71.4659281990039,66.4842682879681,61.9360490054866,60.5595476439026,59.4531296976703,52.3985643301039,50.5655017168221,50.3110691043516,49.1408459667543,47.5834266134875,50.8581665690432,51.9230556529398,52.7388604838275,53.1283352815829,55.7658720487263,55.4274142447975,58.4990340657774,58.4990340657774,58.4990340657774,58.4990340657774,58.4990340657774,58.4990340657774
344,"HKG","Hong Kong",9.9702345253432,9.9702345253432,9.9702345253432,7.58782557574258,1.16202708033431,0,0,2.07452497481363,2.51962329954034,9.69661425939873,21.8172219196876,22.1847132096903,20.1282290864922,19.2159086963183,19.8165512905543,28.3486813074634,27.1756228779629,27.1756228779629,43.1594808881574,48.1418190855661,51.673808796334,51.673808796334,51.673808796334,51.673808796334,51.673808796334,51.673808796334
348,"HUN","Hungary",78.9619677753974,78.9619677753974,78.9619677753974,77.632841867111,72.5453002032499,72.8263164080725,67.0374415549563,58.9840450510497,55.0288109888745,51.702953243438,51.6519264530104,52.6319535638511,56.5226134896497,59.1701691515534,67.2163704794267,68.8523942967094,71.7387960773193,72.0018049890792,81.8484167332313,75.6939754730046,76.0580922923931,76.0580922923931,76.0580922923931,76.0580922923931,76.0580922923931,76.0580922923931
352,"ISL","Iceland",100,100,100,99.270157382879,97.7094982215703,96.3245738169961,98.3102402385664,100,100,100,100,100,100,100,100,100,100,100,100,100,100,100,100,100,100,100
356,"IND","India",41.6288671523822,41.6288671523822,41.6288671523822,39.8215363840537,38.0650981401433,44.0153110377076,40.0487903464496,38.4441742543219,37.5564721649751,36.8827058741739,37.4009110251951,41.913420143483,44.7473828771629,48.2588623194679,54.114418777156,56.3645905853915,52.898609545591,52.9954657260885,53.8038948148257,47.3203123189406,47.8220010655605,47.8220010655605,47.8220010655605,47.8220010655605,47.8220010655605,47.8220010655605
360,"IDN","Indonesia",75.5916612959903,75.5916612959903,75.5916612959903,63.1596242202188,58.2987232565054,57.9175811467203,54.1138136420294,51.02286541801,47.9549484919062,47.4234658302926,44.6736463119094,47.1269627874052,50.244042533292,56.3762462462027,49.896789738271,52.29205256929,49.7267678487646,48.6422310642348,47.5845693089811,42.9029597713671,43.8384729790952,43.8384729790952,43.8384729790952,43.8384729790952,43.8384729790952,43.8384729790952
364,"IRN","Iran",43.6728180167302,43.6728180167302,43.6728180167302,42.4408657056486,36.5898020552062,34.6220531712518,32.9317310969095,31.6854066753613,31.1842771799639,33.7456681124626,37.7428949882098,39.5553518510678,43.3457458885127,43.1555190320775,43.4696048758661,42.9776753160939,46.7488828267286,47.3459516930038,50.3959014976089,48.1109465310782,52.0883872474032,52.0883872474032,52.0883872474032,52.0883872474032,52.0883872474032,52.0883872474032
368,"IRQ","Iraq",61.1217723553743,61.1217723553743,61.1217723553743,58.4989859111615,50.2174958569579,44.6305071601433,33.7800004175652,31.6646564114965,28.4536264655707,24.7200393350212,22.9286344913302,24.8660398170777,25.3656024542825,26.874658846302,31.579915177838,37.7446617677905,42.8506648590391,43.5320512000696,47.0885457716266,47.6539399450753,49.3704111553063,49.3704111553063,49.3704111553063,49.3704111553063,49.3704111553063,49.3704111553063
372,"IRL","Ireland",58.5128471477693,58.5128471477693,58.5128471477693,57.5658127442541,51.8064772391723,47.5843682334197,46.7029492681184,46.4685231618851,44.4813059009857,44.314189791959,47.7695061601365,49.3689916902305,51.6829652393813,54.5969172241238,57.9161118249312,57.9452716732563,59.1464154558082,60.4631791510934,63.2576983698106,67.4841700081751,71.2313176780996,71.2313176780996,71.2313176780996,71.2313176780996,71.2313176780996,71.2313176780996
833,"IMN","Isle of Man",60.9763004753312,60.9763004753312,60.9763004753312,59.3431657406956,45.1222279829313,45.8672108173306,40.8831043537946,38.2762737247082,36.3603772322967,36.7204484491369,36.8428505834089,40.8831043537946,44.8835904020316,50.102756087653,66.3675319968234,67.800642253223,67.800642253223,63.9216420268008,56.013224071732,61.8819982634236,61.8819982634236,61.8819982634236,61.8819982634236,61.8819982634236,61.8819982634236,61.8819982634236
376,"ISR","Israel",100,100,100,100,100,100,34.0653855465253,29.9249949220723,29.9249949220723,29.9249949220723,29.9249949220723,45.333391233849,45.333391233849,36.8106272061885,36.8106272061885,36.8106272061885,36.8106272061885,36.8106272061885,45.333391233849,45.333391233849,45.333391233849,45.333391233849,45.333391233849,45.333391233849,45.333391233849,45.333391233849
380,"ITA","Italy",63.0787608893734,63.0787608893734,63.0787608893734,62.3964062909638,58.7466584197938,65.2747243699529,61.9616437487124,59.6332698008774,54.5145158117613,51.4341976616435,51.5712200970286,51.5436933605658,50.6938352955109,50.7366802719568,53.3255375698864,53.6692449154469,55.3345175263079,58.7631202880352,67.1100790512774,70.2323719122783,71.6956969305793,71.6956969305793,71.6956969305793,71.6956969305793,71.6956969305793,71.6956969305793
388,"JAM","Jamaica",64.4414482263657,64.4414482263657,64.4414482263657,64.4414482263657,66.4770691429109,66.4770691429109,60.4671041363974,55.0570382446779,37.179235166131,36.2895928051006,35.1953323446531,35.1083859635438,35.9139305274538,50.0826022794248,50.6815553850892,55.0570382446779,57.4673167162343,56.9460387551164,54.6268309253619,54.6268309253619,49.2354905546659,49.2354905546659,49.2354905546659,49.2354905546659,49.2354905546659,49.2354905546659
392,"JPN","Japan",29.3031048549086,29.3031048549086,29.3031048549086,32.4345779520422,33.1543601591591,35.2502319097207,34.9036476452763,34.733946283057,35.3384239315903,37.7775133412118,30.4977595603026,29.1415220867251,26.6765894437334,23.9036874994108,21.4112308221606,21.8472913763352,21.0177181520003,21.4398259938424,17.2975991547243,17.8197801868843,19.6324669889465,19.6324669889465,19.6324669889465,19.6324669889465,19.6324669889465,19.6324669889465
832,"JEY","Jersey",100,100,100,100,100,100,100,100,100,100,100,100,100,100,100,100,100,100,100,100,100,100,100,100,100,100
400,"JOR","Jordan",100,100,100,100,100,100,100,100,100,100,100,100,100,100,100,100,100,100,100,45.9871683370456,45.9871683370456,45.9871683370456,45.9871683370456,45.9871683370456,45.9871683370456,45.9871683370456
398,"KAZ","Kazakhstan",56.8385202643634,56.8385202643634,56.8385202643634,52.0912806074755,41.6987629890196,33.7650302477588,31.9703566479614,31.6748241246818,31.9609484793484,33.5606063590798,41.3857068549441,45.2942472982536,46.7614442052172,44.8332729959226,44.0118463546627,38.9350143602973,37.9850264944684,38.3906512733905,39.3157221398294,41.8509489568212,49.9191266820513,49.9191266820513,49.9191266820513,49.9191266820513,49.9191266820513,49.9191266820513
404,"KEN","Kenya",62.0857151636838,62.0857151636838,62.0857151636838,60.4525149052161,58.0459892352752,50.042568227555,44.5318685647099,45.0340129239265,44.6367300289965,44.1543779636488,47.8931134786476,53.7450238168948,50.7080445182894,46.6551382145182,46.6220417623588,45.3494055025485,46.7609629307458,49.8648411274646,52.9761016976396,50.0604828401461,53.1880490599926,53.1880490599926,53.1880490599926,53.1880490599926,53.1880490599926,53.1880490599926
296,"KIR","Kiribati",NA,NA,NA,NA,NA,NA,NA,NA,NA,NA,NA,NA,NA,NA,NA,NA,NA,NA,NA,NA,NA,NA,NA,NA,NA,NA
689,"XKX","Kosovo",88.1225152814746,88.1225152814746,88.1225152814746,88.1225152814746,83.4020030886109,77.3340612308778,71.6733381953411,71.6733381953411,61.1455393053331,50.5806009448771,51.1386340013026,46.0643031502789,42.7672008525225,38.1235247738429,39.3753645854384,39.4856641119201,42.4812873261345,45.8767047224099,63.2447406136551,71.6733381953411,68.9681538561271,68.9681538561271,68.9681538561271,68.9681538561271,68.9681538561271,68.9681538561271
414,"KWT","Kuwait",NA,NA,NA,NA,NA,NA,NA,NA,NA,NA,NA,NA,NA,NA,NA,NA,NA,NA,NA,NA,NA,NA,NA,NA,NA,NA
417,"KGZ","Kyrgyzstan",43.3265575310004,43.3265575310004,43.3265575310004,40.6427280974632,33.9825229076338,33.4899823289105,34.3312989644939,33.6189112729064,34.2223202855265,37.3508810651424,38.9365700428596,40.1397741281158,38.7763410188234,37.2602917482009,39.4045915691076,39.4950704797935,41.6434185637984,44.0805314849756,46.5493363409877,44.659512173316,47.060368627552,47.060368627552,47.060368627552,47.060368627552,47.060368627552,47.060368627552
418,"LAO","Laos",26.6727760531311,26.6727760531311,26.6727760531311,26.6727760531311,26.2370348063431,49.0451712719517,55.0879280684497,66.4742545134872,66.4742545134872,75.8337388838352,75.8337388838352,70.9406007134797,70.9406007134797,70.9406007134797,72.365962279597,73.9781787604966,78.0193879176226,78.0193879176226,78.0193879176226,43.0447639095489,43.0447639095489,43.0447639095489,43.0447639095489,43.0447639095489,43.0447639095489,43.0447639095489
428,"LVA","Latvia",82.8704824349328,82.8704824349328,82.8704824349328,82.3460645331036,79.5967217645874,88.1383884761852,75.4516437880446,65.2695196442666,56.230528715743,55.2827745018019,53.7817452625773,54.45597661848,57.0581907482377,62.4191713680851,51.8690403323847,52.6724447257869,53.3844663658086,54.0883486554361,52.1310605278066,43.1831195889616,43.247311593187,43.247311593187,43.247311593187,43.247311593187,43.247311593187,43.247311593187
422,"LBN","Lebanon",100,100,100,100,100,100,100,100,100,100,9.04433345911565,4.29578094339958,0,0,0,8.00321671394505,14.9767809633661,100,100,100,100,100,100,100,100,100
426,"LSO","Lesotho",72.2670736460234,72.2670736460234,72.2670736460234,62.1345475757145,53.5035133701402,36.4154135064287,34.0223148324219,32.7632683284355,31.5822017506795,31.3776037672948,39.7319032295475,44.095651316649,47.4333525382979,53.9580710922037,58.3008545303955,57.1647144160224,57.4390738660306,58.8662319202812,58.2372581500245,52.7361577996564,54.0029642921914,54.0029642921914,54.0029642921914,54.0029642921914,54.0029642921914,54.0029642921914
430,"LBR","Liberia",19.8165512905543,19.8165512905543,19.8165512905543,21.4603809047429,25.6021947433114,26.4513996093133,24.8077948977413,26.4513996093133,26.4513996093133,28.3486813074634,21.4603809047429,22.0609935078904,17.9188197994935,18.3665438954429,18.3665438954429,24.0615530005865,30.5924938975485,50.3806073812868,45.4003598953158,36.8776641539531,36.8776641539531,36.8776641539531,36.8776641539531,36.8776641539531,36.8776641539531,36.8776641539531
434,"LBY","Libya",9.64699706316324,9.64699706316324,9.64699706316324,3.18802341653748,0,0,0,0,1.34345895975051,15.0974007273683,19.2693178864424,24.7351331714152,29.0715205762671,28.7694880529872,33.759048322815,43.9580155415475,51.9700537449182,51.9700537449182,63.1889162667872,100,100,100,100,100,100,100
438,"LIE","Liechtenstein",51.8459987428535,51.8459987428535,51.8459987428535,51.8459987428535,51.8459987428535,60.3388940424532,100,51.8459987428535,38.3462381072812,29.8180530724915,28.8329686393923,28.8329686393923,30.8888491202123,36.4500832120202,60.3388940424532,100,100,100,100,100,100,100,100,100,100,100
440,"LTU","Lithuania",92.6222558355727,92.6222558355727,92.6222558355727,91.124388044041,83.8746083441331,84.6833676229752,76.8937028879041,74.8524237715313,59.9563052475492,60.2976471371387,60.6487215413961,61.8969967335059,62.4340345553736,83.1157096406127,74.8524237715313,74.8524237715313,75.2345026524281,75.6288175449446,76.0361781639463,64.2018305459469,64.3612739535515,64.3612739535515,64.3612739535515,64.3612739535515,64.3612739535515,64.3612739535515
442,"LUX","Luxembourg",67.1852042665602,67.1852042665602,67.1852042665602,66.2109294371043,67.1852042665602,64.4670040975167,57.2818155431277,54.1013444208982,51.5760126659226,50.2258105170807,51.5760126659226,55.9910302963378,62.9396981238677,73.7173554527568,100,100,100,100,100,100,100,100,100,100,100,100
446,"MAC","Macao",11.8068491126102,11.8068491126102,11.8068491126102,20.3404851517621,100,100,11.8068491126102,6.81457851503573,6.81457851503573,0.524809451250732,0,0,0,0,0,0.524809451250732,0.524809451250732,3.27239137376968,3.27239137376968,11.8068491126102,11.8068491126102,11.8068491126102,11.8068491126102,11.8068491126102,11.8068491126102,11.8068491126102
450,"MDG","Madagascar",60.9739461485361,60.9739461485361,60.9739461485361,56.653021498772,49.1320704061981,47.2933259124304,45.7154020914928,44.5651185953161,43.5265461543303,40.299466061326,41.4000262856981,41.9204353721518,41.7815043383145,41.845722971414,46.2006452479309,47.6668747135625,49.6963370462832,52.7374852355876,57.7970934271288,68.549806625128,70.1985369961009,70.1985369961009,70.1985369961009,70.1985369961009,70.1985369961009,70.1985369961009
454,"MWI","Malawi",54.0663950551015,54.0663950551015,54.0663950551015,53.4231776411587,50.419179432282,59.8611545756933,35.3352823612873,30.1755731698158,27.2998426449307,26.1335682251251,25.230460230956,29.8413158451683,31.6419695676222,31.2808963652666,32.9622146583629,33.9343424629436,32.6600362951406,34.7713824436033,38.4355787369686,37.129019051767,37.9419619235333,37.9419619235333,37.9419619235333,37.9419619235333,37.9419619235333,37.9419619235333
458,"MYS","Malaysia",100,100,100,100,100,100,100,100,100,100,6.2905533582629,6.2905533582629,100,100,100,100,28.3486813074634,28.3486813074634,14.8247828306869,14.8247828306869,14.8247828306869,14.8247828306869,14.8247828306869,14.8247828306869,14.8247828306869,14.8247828306869
462,"MDV","Maldives",100,100,100,100,100,100,100,100,100,100,100,100,100,100,100,100,100,100,100,100,100,100,100,100,100,100
466,"MLI","Mali",41.3795231343618,41.3795231343618,41.3795231343618,34.9186278096338,32.4485888299752,34.0067721395887,32.6338859031982,32.8912203571162,36.9798500902491,39.5367882919892,42.4520852199021,47.1554962359324,43.5743376271135,39.6333823695235,38.3759819137804,38.2878531595492,38.3711184063713,41.9212213584592,48.1509675632321,53.8933039176629,58.1036928041398,58.1036928041398,58.1036928041398,58.1036928041398,58.1036928041398,58.1036928041398
470,"MLT","Malta",0,0,0,0,0,100,100,100,100,100,100,100,100,100,100,100,100,100,100,100,100,100,100,100,100,100
584,"MHL","Marshall Islands",NA,NA,NA,NA,NA,NA,NA,NA,NA,NA,NA,NA,NA,NA,NA,NA,NA,NA,NA,NA,NA,NA,NA,NA,NA,NA
478,"MRT","Mauritania",50.4913957498686,50.4913957498686,50.4913957498686,42.5845200701396,38.1416326783417,31.6791064198593,27.9801949325013,28.1423454396601,29.2355798340067,30.4780736850147,33.9412680749013,38.1667258663009,38.8627613281627,36.0866320715234,35.7113767570362,30.4875737787809,31.1447206393322,31.5613098993418,34.2194131633781,35.3813475263876,53.5979515870202,53.5979515870202,53.5979515870202,53.5979515870202,53.5979515870202,53.5979515870202
480,"MUS","Mauritius",100,100,100,100,100,100,20.3404851517621,18.4427732213584,16.798845804196,16.798845804196,10.821345211227,9.90890242765401,8.26479893576453,7.51835164845949,6.81457851503573,9.90890242765401,18.4427732213584,25.3316603081517,33.8620111929607,42.3874392738605,100,100,100,100,100,100
484,"MEX","Mexico",77.4966197210652,77.4966197210652,77.4966197210652,74.3096888115163,69.4985467571641,65.3680056956079,61.8929303339534,59.2222468729537,58.8958932930577,58.5068407003039,60.5139130403228,62.4299995434999,65.2974592726532,65.3362097804894,67.4019518484591,67.1663717437208,67.7318068976575,68.2303761788565,67.2774007057001,66.9794868909962,68.0399405407024,68.0399405407024,68.0399405407024,68.0399405407024,68.0399405407024,68.0399405407024
583,"FSM","Micronesia",NA,NA,NA,NA,NA,NA,NA,NA,NA,NA,NA,NA,NA,NA,NA,NA,NA,NA,NA,NA,NA,NA,NA,NA,NA,NA
498,"MDA","Moldova",78.3735364669523,78.3735364669523,78.3735364669523,78.3735364669523,65.0919277280911,70.0226597787484,70.0226597787484,65.0919277280911,61.5806276375188,61.5806276375188,61.5806276375188,58.851615863405,61.5806276375188,65.0919277280911,56.6190492034662,56.6190492034662,58.851615863405,58.851615863405,58.851615863405,100,100,100,100,100,100,100
492,"MCO","Monaco",NA,NA,NA,NA,NA,NA,NA,NA,NA,NA,NA,NA,NA,NA,NA,NA,NA,NA,NA,NA,NA,NA,NA,NA,NA,NA
496,"MNG","Mongolia",62.3035510219769,62.3035510219769,62.3035510219769,59.2439583822747,52.9208884029379,46.167129865138,43.2003964000558,42.730606142378,42.0582867547729,42.979182932374,48.6919055914848,54.4257951786575,57.1018425208294,58.4029593603833,59.1950773482778,58.8592266590352,59.0566206051018,59.6368848196113,63.8160605201761,66.9183590530448,71.3942284906308,71.3942284906308,71.3942284906308,71.3942284906308,71.3942284906308,71.3942284906308
499,"MNE","Montenegro",68.4114158259946,68.4114158259946,68.4114158259946,67.0836309627582,64.4495898583874,69.3834700280442,51.4637201422448,50.7752906247454,48.7242084940174,48.1700579733712,48.4440162353709,56.1449198179148,44.1917226283268,40.0643339988703,38.2019332456063,38.2421943709993,38.9475768450939,45.6474029936034,54.3793248042067,45.428613221408,44.8634946834586,44.8634946834586,44.8634946834586,44.8634946834586,44.8634946834586,44.8634946834586
504,"MAR","Morocco",16.26458291256,16.26458291256,16.26458291256,14.4651298041051,4.13652116575906,0.507502762841611,0,0,0,0,3.31821726184153,12.7860595866892,14.2870504274832,23.4321885539353,27.1868603195677,32.2243734121422,35.3495728678745,37.196400508099,43.817223180896,63.5753874456298,70.3146436855439,70.3146436855439,70.3146436855439,70.3146436855439,70.3146436855439,70.3146436855439
508,"MOZ","Mozambique",67.0956328287426,67.0956328287426,67.0956328287426,59.5024165853544,54.1914610891593,51.957588644448,51.39089296325,50.335984673188,47.6386029482255,47.2818550905257,46.6492254191428,46.8434534308237,44.5156405734487,43.6166010668877,41.0894111722742,41.2789848333618,40.5689194100983,41.9591481819076,42.6017793452421,43.9456671402269,45.2081504118438,45.2081504118438,45.2081504118438,45.2081504118438,45.2081504118438,45.2081504118438
104,"MMR","Myanmar",37.0505407898784,37.0505407898784,37.0505407898784,35.0561008802447,27.0736651804184,30.6743453776445,29.5123676306097,28.8021468183522,28.413440766045,35.7439440650619,34.8664306840572,37.7360139576757,39.6702801044202,43.0023096256574,45.365277029623,51.6632930954174,52.087773159616,57.8038063345491,60.2058307089276,54.5548171887921,55.0941417615934,55.0941417615934,55.0941417615934,55.0941417615934,55.0941417615934,55.0941417615934
516,"NAM","Namibia",73.3395285633231,73.3395285633231,73.3395285633231,69.6963836217213,64.9044994206724,63.35477740227,61.7141850299431,61.715243654967,61.4130270365803,55.5439193620543,56.1667822866047,52.8073874178666,51.5248691712052,49.0081951165474,46.0183580279235,45.6083341181964,47.7700359692359,48.9784305751469,51.9255922942343,61.4637485487769,65.3116788663761,65.3116788663761,65.3116788663761,65.3116788663761,65.3116788663761,65.3116788663761
520,"NRU","Nauru",NA,NA,NA,NA,NA,NA,NA,NA,NA,NA,NA,NA,NA,NA,NA,NA,NA,NA,NA,NA,NA,NA,NA,NA,NA,NA
524,"NPL","Nepal",71.4268510050569,71.4268510050569,71.4268510050569,70.2229111008653,67.7788067409779,72.4629871660358,66.7277498940857,64.6340880325652,63.959111381168,62.2165290072438,63.3660738972909,68.0963570929452,70.4990696335328,71.7936197064316,79.7556394174508,83.7830047267152,83.7830047267152,87.6047329706699,84.7213938080742,73.2404294876551,73.380793289185,73.380793289185,73.380793289185,73.380793289185,73.380793289185,73.380793289185
528,"NLD","Netherlands",41.5088441134794,41.5088441134794,41.5088441134794,41.5693531999512,40.3847194416612,44.8516534469376,43.27789123131,39.213612109278,37.2968648517587,36.9002966402611,37.3355127555213,41.0351865154281,47.3640284480393,53.8464623001557,69.6212871903066,71.1306933098838,72.3241572883748,76.4958042236695,86.6850623706057,81.2307548080244,82.6803863745013,82.6803863745013,82.6803863745013,82.6803863745013,82.6803863745013,82.6803863745013
540,"NCL","New Caledonia",69.8541332432708,69.8541332432708,69.8541332432708,69.8541332432708,69.8541332432708,100,100,100,100,100,100,56.4488220745754,46.0506690198744,28.5681364662444,6.86909981723706,6.23025569638786,6.43954263165938,6.72424271924886,8.41990554743177,42.9619265463672,100,100,100,100,100,100
554,"NZL","New Zealand",53.9192375030533,53.9192375030533,53.9192375030533,52.4016002046545,50.9999456600449,54.1072501316243,54.235202887624,53.5841949250454,52.3630007866757,51.9885024444937,51.7968481970988,52.7532242630866,52.2098018099754,52.9955990650558,54.2771504828473,55.6774368580974,56.7080617342995,60.2386651263029,63.5173376701926,58.4974995946808,59.9999043075167,59.9999043075167,59.9999043075167,59.9999043075167,59.9999043075167,59.9999043075167
558,"NIC","Nicaragua",84.9074018121277,84.9074018121277,84.9074018121277,82.550048392105,78.8686603652604,76.0383040904721,72.2577862740917,68.8296766497008,65.5972707683554,62.8213454627371,59.1167403191759,57.6837962165203,56.9245434845066,55.355447411948,53.9638851161605,52.9054249732712,54.0696026950685,55.1799158037608,56.9916641978736,51.6659262409413,54.8928115739677,54.8928115739677,54.8928115739677,54.8928115739677,54.8928115739677,54.8928115739677
562,"NER","Niger",39.0134076899393,39.0134076899393,39.0134076899393,34.891206065204,32.7045609311142,37.2285812460443,35.6040224228173,33.7430605036119,36.5988222120499,37.8783829693657,37.8375198537729,38.5024942021585,36.7233487178347,33.4814578047141,32.3022858086455,31.8806667664392,32.5007826488456,35.5716420061791,39.820962777048,44.4302283914903,53.1420500474105,53.1420500474105,53.1420500474105,53.1420500474105,53.1420500474105,53.1420500474105
566,"NGA","Nigeria",28.5908694609397,28.5908694609397,28.5908694609397,25.0142432011702,23.1063220893865,26.2311571353907,26.090279864706,28.2400905050409,28.3577123430955,23.9467356769186,23.3230362079839,24.2777768970163,22.2785326640838,22.2413417004962,26.0306678487084,26.8557226618884,27.5860072309691,29.1307578003324,33.035133510074,35.3397185833772,37.9546706482558,37.9546706482558,37.9546706482558,37.9546706482558,37.9546706482558,37.9546706482558
570,"NIU","Niue",NA,NA,NA,NA,NA,NA,NA,NA,NA,NA,NA,NA,NA,NA,NA,NA,NA,NA,NA,NA,NA,NA,NA,NA,NA,NA
408,"PRK","North Korea",40.8943581391705,40.8943581391705,40.8943581391705,38.6521939796994,35.7040085541936,36.7560900736434,34.2474549021852,30.5590878714182,20.4309090062095,17.0803803701519,14.3064992549165,13.2096272295742,13.1019102556321,14.6421864554701,16.1669511950148,18.4088042447156,20.4309090062095,21.5925460424597,26.7773809099391,26.2671161309229,27.2757545786063,27.2757545786063,27.2757545786063,27.2757545786063,27.2757545786063,27.2757545786063
807,"MKD","North Macedonia",89.0669999662163,89.0669999662163,89.0669999662163,82.369775923665,73.7192553992645,71.3944009296633,66.8836625421067,65.6849965443725,57.8031524905089,55.772145809304,54.4042032851428,52.7664580400147,51.8048857614266,50.629495777666,50.0813607289613,51.3211853189341,53.809527431784,55.1903597488635,64.5927316972754,72.0150906833529,70.518356493584,70.518356493584,70.518356493584,70.518356493584,70.518356493584,70.518356493584
578,"NOR","Norway",79.707949923836,79.707949923836,79.707949923836,76.9319271574322,71.4718366657994,66.2997653482438,65.7570258354299,64.5899784330905,65.1246056268342,64.9438051627333,68.9748641666516,64.2069607088113,54.951335599632,46.6980160740476,40.0893292678855,39.4269267491848,39.5984673433475,41.6810729941003,46.0264498264111,53.0723633512212,55.9672017657959,55.9672017657959,55.9672017657959,55.9672017657959,55.9672017657959,55.9672017657959
512,"OMN","Oman",0,0,0,0,0,4.95100449412863,10.1181894668772,10.1181894668772,10.1181894668772,9.75780100845519,11.0901629969966,53.3730641326367,53.3730641326367,53.3730641326367,66.8054095488629,66.8054095488629,66.8054095488629,66.8054095488629,66.8054095488629,100,100,100,100,100,100,100
586,"PAK","Pakistan",61.9108251482335,61.9108251482335,61.9108251482335,57.5640977623052,50.0917887063553,50.5673223075195,47.3973324414864,46.9728481621868,45.6856543273276,47.840454612944,46.7624611130636,49.3410428327946,49.0503425790789,50.3221485664564,52.1338911259396,53.7591487586463,54.2507535623313,55.9898067032914,59.3022777631565,54.1934665944051,56.1815859126787,56.1815859126787,56.1815859126787,56.1815859126787,56.1815859126787,56.1815859126787
585,"PLW","Palau",NA,NA,NA,NA,NA,NA,NA,NA,NA,NA,NA,NA,NA,NA,NA,NA,NA,NA,NA,NA,NA,NA,NA,NA,NA,NA
591,"PAN","Panama",38.6844100475973,38.6844100475973,38.6844100475973,39.3434334921519,39.686661562377,45.8892910663065,45.1443109905394,46.0827978223433,47.5298321297515,42.9940707524398,41.9750541106744,37.4635815089539,35.3342498416933,34.0951417302244,34.1690382378171,34.3181750921154,37.5608195602872,39.9209131747078,39.5711859426866,42.8432315344919,45.1443109905394,45.1443109905394,45.1443109905394,45.1443109905394,45.1443109905394,45.1443109905394
598,"PNG","Papua New Guinea",72.4178067280963,72.4178067280963,72.4178067280963,72.4178067280963,68.6589487978994,66.4416267340511,61.723615445575,67.8746329712399,66.4416267340511,64.5633051194838,66.4416267340511,66.7845492994768,61.4951978837675,55.9427757998545,54.0736840605581,52.5603255562949,53.9504349586874,54.5793998331659,56.9957410291296,37.8434917729885,38.3511251666962,38.3511251666962,38.3511251666962,38.3511251666962,38.3511251666962,38.3511251666962
600,"PRY","Paraguay",89.9633615079223,89.9633615079223,89.9633615079223,83.3930708923737,77.0771971176551,70.7926323540025,68.0845054847185,66.9253131934986,65.3685467674288,64.0961010607435,66.2090210282331,66.8793032969719,65.4910187100223,62.1986216778417,61.9191979231531,60.8608975600337,61.261722503455,59.6033882329102,61.1170683802604,53.7917234889672,54.7824660361979,54.7824660361979,54.7824660361979,54.7824660361979,54.7824660361979,54.7824660361979
604,"PER","Peru",73.4301798650256,73.4301798650256,73.4301798650256,66.7836082535319,59.2200115200704,55.9516095380249,54.3209717454112,52.4017820033431,52.2740932514827,54.1463061820652,57.309675561969,58.5427120947639,60.8915613811043,59.3403647593793,57.7484855961316,56.3213801651139,54.1867055498045,52.0045304757247,52.7137480193073,53.607067469962,55.4587820088289,55.4587820088289,55.4587820088289,55.4587820088289,55.4587820088289,55.4587820088289
608,"PHL","Philippines",100,100,100,100,100,100,100,100,100,100,100,100,100,100,100,100,100,100,100,100,100,100,100,100,100,100
616,"POL","Poland",74.5332676659972,74.5332676659972,74.5332676659972,73.0076473197926,69.4496507962759,68.6688267710971,66.0985527177317,63.3846939055853,60.7135925745217,59.7601338608542,60.7798601239004,63.605595093631,65.1785960810751,67.9345765587456,67.8556315076169,67.9742396958674,67.4302551801217,69.4496507962759,68.5850476550224,65.2739390957455,65.795291453192,65.795291453192,65.795291453192,65.795291453192,65.795291453192,65.795291453192
620,"PRT","Portugal",83.6165891881433,83.6165891881433,83.6165891881433,86.9736662956884,55.4753112358997,54.0645682328505,48.7378169516114,44.7783214448109,43.3585274774382,43.8138423227544,43.0277601324655,37.7195660296238,38.7512867638598,35.0596583403768,33.2610726787445,33.7633557026756,39.2213642140436,40.2190414362133,47.5829233927808,70.4678480447185,70.4678480447185,70.4678480447185,70.4678480447185,70.4678480447185,70.4678480447185,70.4678480447185
634,"QAT","Qatar",NA,NA,NA,NA,NA,NA,NA,NA,NA,NA,NA,NA,NA,NA,NA,NA,NA,NA,NA,NA,NA,NA,NA,NA,NA,NA
178,"COG","Republic of Congo",68.441767485084,68.441767485084,68.441767485084,67.9792132432526,45.9630076645302,35.8761427577683,34.1924565996475,33.1389064095822,32.8853765448312,35.2100014389292,43.3154530855494,43.5977311075762,43.7448578939301,37.5554831559239,38.1539053983062,38.6237773908917,37.0993052350851,37.7748698293442,36.0070376813117,28.084802574024,28.3322796514875,28.3322796514875,28.3322796514875,28.3322796514875,28.3322796514875,28.3322796514875
642,"ROU","Romania",76.6209662667729,76.6209662667729,76.6209662667729,72.1624556985857,68.2454670067845,67.005300001036,59.3848636559249,56.0083222967271,51.4381135574481,47.0346123851175,45.7701034536551,45.8545145452223,44.1983779527139,44.3259659995563,46.6414417355482,47.0146528294624,48.0907398881814,52.0031045501813,57.0292918476151,57.5342688206943,60.4656921681567,60.4656921681567,60.4656921681567,60.4656921681567,60.4656921681567,60.4656921681567
643,"RUS","Russia",59.9251699170806,59.9251699170806,59.9251699170806,57.4927341040277,52.8469350387939,48.5992503501882,44.6704988497608,43.2661433862734,41.1042294764682,40.2216985414944,40.7638031743507,42.8283421392747,42.4281906342383,41.5180892539437,41.0896805843825,42.8623127120279,43.5014243348613,45.4459052177071,50.3855948161294,52.8532872883835,55.1304700176955,55.1304700176955,55.1304700176955,55.1304700176955,55.1304700176955,55.1304700176955
646,"RWA","Rwanda",59.3848846913404,59.3848846913404,59.3848846913404,25.8412624012932,25.8412624012932,25.8412624012932,6.24308700263146,0.10680355180574,1.54467536590398,1.54467536590398,1.54467536590398,11.3723385607916,64.338608178517,72.7573420033154,72.7573420033154,59.3848846913404,50.8888246199765,41.389084741863,42.3732017253409,35.4906356453795,36.7218598369942,36.7218598369942,36.7218598369942,36.7218598369942,36.7218598369942,36.7218598369942
652,"BLM","Saint Barthelemy",NA,NA,NA,NA,NA,NA,NA,NA,NA,NA,NA,NA,NA,NA,NA,NA,NA,NA,NA,NA,NA,NA,NA,NA,NA,NA
659,"KNA","Saint Kitts and Nevis",54.6224954937504,54.6224954937504,54.6224954937504,46.1138425183041,46.1138425183041,46.1138425183041,46.1138425183041,54.6224954937504,100,100,54.6224954937504,54.6224954937504,54.6224954937504,46.1138425183041,41.1299123698911,46.1138425183041,41.1299123698911,37.5918978511435,37.5918978511435,37.5918978511435,34.8468202701433,34.8468202701433,34.8468202701433,34.8468202701433,34.8468202701433,34.8468202701433
662,"LCA","Saint Lucia",NA,NA,NA,NA,NA,NA,NA,NA,NA,NA,NA,NA,NA,NA,NA,NA,NA,NA,NA,NA,NA,NA,NA,NA,NA,NA
670,"VCT","Saint Vincent and the Grenadines",100,100,100,100,100,100,100,100,100,100,100,100,100,100,100,100,100,100,100,100,100,100,100,100,100,100
882,"WSM","Samoa",NA,NA,NA,NA,NA,NA,NA,NA,NA,NA,NA,NA,NA,NA,NA,NA,NA,NA,NA,NA,NA,NA,NA,NA,NA,NA
674,"SMR","San Marino",NA,NA,NA,NA,NA,NA,NA,NA,NA,NA,NA,NA,NA,NA,NA,NA,NA,NA,NA,NA,NA,NA,NA,NA,NA,NA
678,"STP","Sao Tome and Principe",NA,NA,NA,NA,NA,NA,NA,NA,NA,NA,NA,NA,NA,NA,NA,NA,NA,NA,NA,NA,NA,NA,NA,NA,NA,NA
682,"SAU","Saudi Arabia",23.3528739342211,23.3528739342211,23.3528739342211,23.3528739342211,20.7851339612306,22.8935040266704,6.77493383698841,2.89933290868493,2.60939473355252,2.74911847186121,0,0,0,0,0,1.42636532685897,9.54983917120508,10.0004382803312,24.1254865795717,26.6010513344798,38.4683836868156,38.4683836868156,38.4683836868156,38.4683836868156,38.4683836868156,38.4683836868156
686,"SEN","Senegal",52.4930579060975,52.4930579060975,52.4930579060975,49.9713768392922,45.4216892762577,42.1902332214759,38.0636176694631,34.4990173988341,34.3275594154959,29.4670892265227,29.3318466997029,31.3978069864136,33.8755970627173,34.4034683785909,44.0633160331315,46.4071604575553,47.1614374435714,50.0615679520228,51.2609726755968,43.1847009063135,46.4239912668908,46.4239912668908,46.4239912668908,46.4239912668908,46.4239912668908,46.4239912668908
688,"SRB","Serbia",100,100,100,90.5599376356315,84.0984004909728,85.8998430339654,58.3745576171616,55.4352523448399,51.8458024342563,47.5155091973991,46.0589275242459,49.1677960659256,41.3843043751207,39.1466110103698,40.527250331725,40.9483223731836,41.3843043751207,50.5709953359928,63.2797446005563,57.6689647251112,58.796682531015,58.796682531015,58.796682531015,58.796682531015,58.796682531015,58.796682531015
690,"SYC","Seychelles",100,100,100,100,100,100,100,100,100,100,100,100,100,100,100,100,100,100,100,100,100,100,100,100,100,100
694,"SLE","Sierra Leone",67.1460807034189,67.1460807034189,67.1460807034189,67.1460807034189,66.1717698358034,41.2912658176747,38.7222943705971,34.7135680664781,30.9751145872366,28.0687394835937,30.1439959888345,29.5077224959579,30.043942201014,32.2776092439565,34.5688216175267,37.6604767770465,40.6854179655717,45.2058883656615,50.4447908972967,59.7492814838997,63.6404459906555,63.6404459906555,63.6404459906555,63.6404459906555,63.6404459906555,63.6404459906555
702,"SGP","Singapore",NA,NA,NA,NA,NA,NA,NA,NA,NA,NA,NA,NA,NA,NA,NA,NA,NA,NA,NA,NA,NA,NA,NA,NA,NA,NA
534,"SXM","Sint Maarten",100,100,100,100,35.4620913877785,26.9324245791586,21.9414775783494,21.9414775783494,18.3999523329988,20.0438308472174,24.1858011431727,30.4730144654999,30.4730144654999,43.9861530712762,100,100,100,43.9861530712762,24.1858011431727,21.9414775783494,21.9414775783494,21.9414775783494,21.9414775783494,21.9414775783494,21.9414775783494,21.9414775783494
703,"SVK","Slovakia",66.5529408181092,66.5529408181092,66.5529408181092,64.8890831036749,63.6559851000635,65.6929304816321,47.7807261794273,41.7643441267058,38.9412503795204,38.4467430417405,38.5991541045472,42.9718447496303,47.4616516623676,52.1596793156025,51.8859713153146,52.7260522822784,55.5349997454336,60.9304156058092,67.1615733808736,67.1615733808736,68.1349372743907,68.1349372743907,68.1349372743907,68.1349372743907,68.1349372743907,68.1349372743907
705,"SVN","Slovenia",80.9679269224791,80.9679269224791,80.9679269224791,80.9679269224791,78.3108958152075,84.3606655123566,57.8452974412443,50.7906480793738,48.2571291222502,46.3337665784991,45.4741437564508,48.4670797109152,53.3384890232415,52.429361783405,56.153061696071,56.554821486419,56.153061696071,57.3999418069994,66.771101881669,68.8022599588365,68.8022599588365,68.8022599588365,68.8022599588365,68.8022599588365,68.8022599588365,68.8022599588365
90,"SLB","Solomon Islands",NA,NA,NA,NA,NA,NA,NA,NA,NA,NA,NA,NA,NA,NA,NA,NA,NA,NA,NA,NA,NA,NA,NA,NA,NA,NA
706,"SOM","Somalia",54.8008932018487,54.8008932018487,54.8008932018487,40.2468036613608,26.9160134948259,23.85187590676,20.7156750376526,19.8833790023419,21.134500621466,25.3247299632564,27.6045514942922,33.2175399482083,34.2937219104675,30.834060094725,31.9890732598189,30.6579794034287,30.9260312871736,32.3600607274773,37.3559260941157,40.1690581805259,50.3113051744196,50.3113051744196,50.3113051744196,50.3113051744196,50.3113051744196,50.3113051744196
710,"ZAF","South Africa",61.4144665464991,61.4144665464991,61.4144665464991,56.2451248434779,51.6895460191298,45.266780751707,44.2264390105443,43.6792692358248,43.2746486063797,41.2781697580092,45.8426800573686,46.60031188655,46.3885132529194,47.0859273615745,50.8881630042397,49.6607467622222,50.0571272297427,51.2274959983003,52.5400632113561,54.3785078133742,58.3361713207367,58.3361713207367,58.3361713207367,58.3361713207367,58.3361713207367,58.3361713207367
410,"KOR","South Korea",26.0752195875042,26.0752195875042,26.0752195875042,26.663921130124,27.319540445701,29.7975883758901,33.7563968772261,35.3722715354818,32.1607578343161,31.7787427867278,31.5129533352623,25.2260038916948,21.543537648045,19.4205905931387,16.7089622457601,13.7953051942299,13.2106532070999,13.0687268634231,10.8769903525431,9.69544792388768,11.2567816591597,11.2567816591597,11.2567816591597,11.2567816591597,11.2567816591597,11.2567816591597
728,"SSD","South Sudan",69.5006979068059,69.5006979068059,69.5006979068059,68.2475784777426,61.6179297471808,56.2579169795756,50.5642376363749,50.3475280115481,50.4996288260259,51.8879935198928,56.0160189500136,63.0045584711172,55.6925176259377,46.1029118821893,44.2925871878157,41.7160584385714,35.6717861528478,34.7975583390965,36.0770255014227,35.7226274511357,37.6290095885588,37.6290095885588,37.6290095885588,37.6290095885588,37.6290095885588,37.6290095885588
724,"ESP","Spain",51.3796701092131,51.3796701092131,51.3796701092131,49.7807647307571,47.3183790066094,48.332854000654,47.5439928993102,47.3145904436143,46.3952113400553,46.4940397615864,46.8390313821855,49.2952736454133,48.3699406072186,47.7424025551457,48.2467505073517,49.6244118874526,49.8876698905697,53.2482390040392,56.669135433015,56.1926454107929,56.8567926028909,56.8567926028909,56.8567926028909,56.8567926028909,56.8567926028909,56.8567926028909
144,"LKA","Sri Lanka",19.8855390209549,19.8855390209549,19.8855390209549,19.8855390209549,14.8658903876572,12.3548031793029,15.3777649675005,14.9217258283766,14.0573877486115,18.0237548613048,27.5294979783092,37.5467583956357,40.7383906590442,50.7025132214023,64.1534691064366,64.1534691064366,67.657539572533,67.657539572533,72.5739340167718,40.7383906590442,40.7383906590442,40.7383906590442,40.7383906590442,40.7383906590442,40.7383906590442,40.7383906590442
275,"PSE","State of Palestine",100,100,100,100,100,100,100,100,100,5.17043589029926,5.17043589029926,5.17043589029926,5.17043589029926,0,2.42288136243171,2.42288136243171,2.42288136243171,2.42288136243171,100,35.7585502228787,35.7585502228787,35.7585502228787,35.7585502228787,35.7585502228787,35.7585502228787,35.7585502228787
729,"SDN","Sudan",46.4038169138433,46.4038169138433,46.4038169138433,40.0739425349236,33.8950182207683,28.0013098988333,25.6965345123577,26.0136737121282,26.5944310599957,26.9892704872823,32.6163081330451,36.598851161193,36.9664153519608,37.8389950848091,41.8966966037974,39.6868607443175,38.8173634615837,40.0453881842014,40.8189291235745,40.8105316587702,44.9552489184667,44.9552489184667,44.9552489184667,44.9552489184667,44.9552489184667,44.9552489184667
740,"SUR","Suriname",51.2255035083421,51.2255035083421,51.2255035083421,51.2255035083421,35.8280940854191,31.4395371535291,26.4494174196004,27.008981181044,27.008981181044,30.2666421006329,31.856715119867,40.8151331331045,41.7263509574925,41.7263509574925,47.6931392712126,100,100,100,100,100,100,100,100,100,100,100
752,"SWE","Sweden",98.996716927788,98.996716927788,98.996716927788,91.7264188495644,87.3597193374201,80.8500485980496,70.1159182958235,67.2764892484932,66.1319827952733,63.5498332848292,62.6704915494818,61.4164092295695,51.3828162987296,43.7942343902631,36.9717827693891,35.4677087881446,35.2674522547,37.0657293464418,40.4342342520226,41.4178185200175,44.4474768794645,44.4474768794645,44.4474768794645,44.4474768794645,44.4474768794645,44.4474768794645
756,"CHE","Switzerland",61.8035251341739,61.8035251341739,61.8035251341739,61.5922350150796,59.868274114493,65.0340494267807,64.6700905802953,58.4912637594854,52.6564932040508,48.2561055885964,48.2089118871591,48.4107463768255,49.4596999558898,52.1759312241974,58.1433804563553,58.9615421670443,61.0459021090418,66.8732437522522,72.3114027397813,64.987961907182,65.6494337709807,65.6494337709807,65.6494337709807,65.6494337709807,65.6494337709807,65.6494337709807
760,"SYR","Syria",100,100,100,70.5734450425805,63.7659947670364,58.2410517680655,52.9058439375163,38.7056550393928,33.4175890020908,30.6421262237922,30.4077136213946,30.4077136213946,31.6271242627362,31.4996036574514,29.192611941465,29.5122915272407,32.1508377069019,30.8810879780268,34.8297562772426,44.3937228437194,45.5289468958406,45.5289468958406,45.5289468958406,45.5289468958406,45.5289468958406,45.5289468958406
158,"TWN","Taiwan",100,100,100,100,100,100,100,100,100,50.110782855345,41.5939554830365,41.5939554830365,41.5939554830365,41.5939554830365,41.5939554830365,50.110782855345,41.5939554830365,41.5939554830365,33.0679123747119,36.6072938753671,36.6072938753671,36.6072938753671,36.6072938753671,36.6072938753671,36.6072938753671,36.6072938753671
762,"TJK","Tajikistan",53.4698887685024,53.4698887685024,53.4698887685024,50.8823344215025,44.869020710175,48.1488764346433,49.8717943603666,49.7021607484432,51.0090672843342,60.7894788579169,60.4461016219552,60.7894788579169,56.2429169104559,51.0365736686082,50.0831211750725,48.6252700157404,46.5157102832231,48.2243498303927,52.1164652601484,48.9168391015475,51.9778738007429,51.9778738007429,51.9778738007429,51.9778738007429,51.9778738007429,51.9778738007429
834,"TZA","Tanzania",69.4015329055967,69.4015329055967,69.4015329055967,57.4958396926257,51.1060272728098,48.8794886545004,44.5180621885999,41.1468865220497,40.6407331223912,39.1468688737796,38.9638387628338,40.3426253706926,40.152317745568,39.5640897680097,41.0087402866519,41.8980827390522,41.9760463337884,44.7509967824423,47.4211703508002,46.0156580632432,47.002402454815,47.002402454815,47.002402454815,47.002402454815,47.002402454815,47.002402454815
764,"THA","Thailand",28.2671223348641,28.2671223348641,28.2671223348641,27.5224273985271,27.0873079341261,41.7579994935059,32.0323743093578,30.5754911465335,28.8502801478954,28.1439223075023,25.3778148788977,31.6843187490622,33.1397732197268,36.2633185075921,36.6240965872732,43.0862663633542,41.8696039522296,42.7204892907589,41.6107497899693,36.4544172562983,38.6922438760194,38.6922438760194,38.6922438760194,38.6922438760194,38.6922438760194,38.6922438760194
626,"TLS","Timor-Leste",100,100,100,100,100,100,100,100,100,100,100,100,100,100,100,100,100,100,100,100,100,100,100,100,100,100
768,"TGO","Togo",31.7207030753869,31.7207030753869,31.7207030753869,35.2604036915391,3.68631168377043,3.07053455197011,1.65368108338653,1.65368108338653,0.875752495091646,18.1981278004681,20.4426476050959,35.2604036915391,35.2604036915391,100,100,100,100,48.7664401579577,48.7664401579577,40.2477030764296,40.2477030764296,40.2477030764296,40.2477030764296,40.2477030764296,40.2477030764296,40.2477030764296
776,"TON","Tonga",NA,NA,NA,NA,NA,NA,NA,NA,NA,NA,NA,NA,NA,NA,NA,NA,NA,NA,NA,NA,NA,NA,NA,NA,NA,NA
780,"TTO","Trinidad and Tobago",64.3668409970434,64.3668409970434,64.3668409970434,45.9375505413063,47.3846238107163,44.6427895725676,38.1184801752853,34.946787857214,32.8913723088513,31.9794717692017,25.0920972805721,22.5991392701116,19.6891251427563,19.6891251427563,18.7536775755148,21.6138126771677,23.8960894428951,28.5495067162838,28.5495067162838,29.5901650876626,31.5476557485643,31.5476557485643,31.5476557485643,31.5476557485643,31.5476557485643,31.5476557485643
788,"TUN","Tunisia",25.3316603081517,25.3316603081517,25.3316603081517,25.3316603081517,25.6513876685531,31.3070284674926,32.9501640155527,29.4099911324181,1.32930675562014,0,0,0,0,0.630502333715967,8.42367294359188,16.798845804196,21.3258415842324,22.5219337544945,50.5922641062359,70.258127898527,61.8179029858829,61.8179029858829,61.8179029858829,61.8179029858829,61.8179029858829,61.8179029858829
792,"TUR","Turkey",82.5956501763864,82.5956501763864,82.5956501763864,79.7525553277394,56.5942606215377,53.6818344049092,51.6049036765612,48.1884708798742,47.4685888228482,49.8771672943144,48.2279847200468,46.6180102592717,47.7969683974682,42.9435708296726,42.3483620166502,43.6950443589072,44.4528250210003,43.5374300930359,48.9373341306774,51.9213249649381,53.6178024641384,53.6178024641384,53.6178024641384,53.6178024641384,53.6178024641384,53.6178024641384
795,"TKM","Turkmenistan",40.727409146934,40.727409146934,40.727409146934,30.3995638375995,25.5897679185416,25.9407232387855,24.6374638784398,24.0365021377029,27.9468358136661,32.2860218289175,34.2036589551075,36.4374240095955,38.1529648414121,37.9624913088887,39.8382085189804,41.653109415207,45.3208209007757,47.1198047136218,54.0350123096226,54.9244325549322,58.0336974759433,58.0336974759433,58.0336974759433,58.0336974759433,58.0336974759433,58.0336974759433
796,"TCA","Turks and Caicos Islands",52.2215954828007,52.2215954828007,52.2215954828007,42.724277838686,42.724277838686,42.724277838686,39.425690862775,44.7776696583234,57.1925472500987,57.1925472500987,57.1925472500987,100,100,100,100,100,100,100,100,100,100,100,100,100,100,100
798,"TUV","Tuvalu",NA,NA,NA,NA,NA,NA,NA,NA,NA,NA,NA,NA,NA,NA,NA,NA,NA,NA,NA,NA,NA,NA,NA,NA,NA,NA
800,"UGA","Uganda",46.6785483576733,46.6785483576733,46.6785483576733,46.4143188938453,44.9746447077423,40.5324804821346,36.56847479656,41.1448050952023,40.6870507026429,37.3867203266493,40.3966948905763,48.2029536740751,49.2311025769046,49.0252917828621,65.5639911046984,60.5058673835205,59.5501377968417,59.8742197811871,60.723827944694,54.8265903823518,59.1954588946515,59.1954588946515,59.1954588946515,59.1954588946515,59.1954588946515,59.1954588946515
804,"UKR","Ukraine",59.1256012622305,59.1256012622305,59.1256012622305,54.923521840291,45.6123433704509,43.8105869619273,42.9090363887706,41.6353125375977,40.3381981151705,40.9199414185263,42.1949997087531,43.0557692754877,44.27108414606,46.3074118631165,52.9010805351244,53.1666114138331,54.8617613577871,56.2286152713631,60.31334635874,59.796793004531,62.6570226378161,62.6570226378161,62.6570226378161,62.6570226378161,62.6570226378161,62.6570226378161
784,"ARE","United Arab Emirates",0,0,0,0,0,1.51038499632779,1.51038499632779,12.792342479035,12.792342479035,12.792342479035,12.792342479035,21.3258415842324,100,100,100,100,100,100,100,100,100,100,100,100,100,100
826,"GBR","United Kingdom",35.8866482173654,35.8866482173654,35.8866482173654,34.4462652324873,32.0497139180912,34.1001978375833,34.0664603775102,36.8663474397217,37.7936805538816,40.6051047915358,43.4798974374964,47.8365408089032,52.8385021365761,56.585609411368,63.8316485243641,64.4378914479791,65.0670924560008,67.6020886233489,72.0264937323194,70.2524488259232,72.8002166156995,72.8002166156995,72.8002166156995,72.8002166156995,72.8002166156995,72.8002166156995
840,"USA","United States of America",51.4965705966272,51.4965705966272,51.4965705966272,48.7546973027598,44.4047026578017,41.2177717875387,40.6453348426465,41.0240427521846,41.5752722751522,43.7864003081458,49.874343916945,53.4378706824374,53.4587497840589,52.8072536836279,52.7317604487691,52.846957518711,53.4217816311028,55.0481006978168,55.5730246078021,57.9773979835591,59.2582029122483,59.2582029122483,59.2582029122483,59.2582029122483,59.2582029122483,59.2582029122483
858,"URY","Uruguay",86.6221153626917,86.6221153626917,86.6221153626917,83.186772799393,78.3555362347355,76.9264409340228,73.9404302898486,72.5843953822343,73.239329690038,70.0180076879437,70.1206371498694,72.409404388334,66.3556309642379,65.4063574544089,68.9047670164139,69.0992566012403,69.4520644977181,79.2740123273281,81.6053322586596,78.5993128528152,81.5704616560736,81.5704616560736,81.5704616560736,81.5704616560736,81.5704616560736,81.5704616560736
860,"UZB","Uzbekistan",43.4650953195038,43.4650953195038,43.4650953195038,39.5044170078475,33.5911108011748,35.550636979036,33.4354705549585,31.4483009692956,31.4582379445878,34.4144730949815,34.7784137736302,38.0295424388521,41.4402646006851,42.9552442414063,44.6867487698545,45.1614816761172,44.9887602002877,46.124594759427,49.6078756982277,49.8600228715302,52.1878609684206,52.1878609684206,52.1878609684206,52.1878609684206,52.1878609684206,52.1878609684206
548,"VUT","Vanuatu",100,100,100,100,100,100,100,100,100,100,100,100,100,100,100,100,100,100,100,100,100,100,100,100,100,100
862,"VEN","Venezuela",58.5027843774958,58.5027843774958,58.5027843774958,56.0469790633355,49.480863762977,47.923339209341,47.411604552894,48.0031104624421,48.7315523739687,49.5299458982449,52.4063224143651,52.0116556332845,51.5904265739013,50.9079571479641,55.2446472917703,54.6407686767889,56.0381937070384,55.2076494099678,55.9943606997718,54.9812482149345,57.2767246538819,57.2767246538819,57.2767246538819,57.2767246538819,57.2767246538819,57.2767246538819
704,"VNM","Viet Nam",19.527400867279,19.527400867279,19.527400867279,19.5637693549535,18.7988765876206,30.5602194017771,35.0553513404095,36.6008347038245,33.6062004868925,33.759048322815,33.4177706757002,37.2471051843975,37.5572224597008,40.836371338742,40.7682465701133,40.5661048437888,39.35761448767,39.7265873588413,38.0375530872737,38.5373834132032,39.7265873588413,39.7265873588413,39.7265873588413,39.7265873588413,39.7265873588413,39.7265873588413
876,"WLF","Wallis and Futuna Islands",NA,NA,NA,NA,NA,NA,NA,NA,NA,NA,NA,NA,NA,NA,NA,NA,NA,NA,NA,NA,NA,NA,NA,NA,NA,NA
732,"ESH","Western Sahara",NA,NA,NA,NA,NA,NA,NA,NA,NA,NA,NA,NA,NA,NA,NA,NA,NA,NA,NA,NA,NA,NA,NA,NA,NA,NA
887,"YEM","Yemen",21.8408246285099,21.8408246285099,21.8408246285099,18.1178471246091,14.0717278384939,16.5563348316452,9.86461878310052,9.22411119150088,10.5639798374057,13.1796116335908,12.4949060209513,16.2639487763307,16.9617371423005,13.6480297904979,12.3386476093347,14.0612183792,20.8175387203697,22.9137246711041,31.8168844962703,40.2113528391227,46.0594019819434,46.0594019819434,46.0594019819434,46.0594019819434,46.0594019819434,46.0594019819434
894,"ZMB","Zambia",52.9589548934141,52.9589548934141,52.9589548934141,48.5636815750836,43.7174521439235,44.9665897651284,43.3826538634521,41.9538349729996,41.9282873034307,42.8969291245726,39.3941760573153,39.5352068384492,37.5234574873582,34.6337393622649,31.7386692874449,33.221851430446,34.4968973813971,37.5592018439936,43.3826538634521,58.0776358496157,61.6203030582211,61.6203030582211,61.6203030582211,61.6203030582211,61.6203030582211,61.6203030582211
716,"ZWE","Zimbabwe",53.181654529091,53.181654529091,53.181654529091,42.965638144532,24.8670807205606,19.9319686100595,18.0997538932221,12.0703013967077,10.4005465837935,11.8590059320613,13.769774001395,14.3562438721151,17.790171630356,17.5489980867909,18.9109823213189,19.2661052646732,20.1896135579923,25.6354601704246,36.5974028459759,44.5566166097427,47.8277656074584,47.8277656074584,47.8277656074584,47.8277656074584,47.8277656074584,47.8277656074584
