"code","iso","country","HAD.ind.1995","HAD.ind.1996","HAD.ind.1997","HAD.ind.1998","HAD.ind.1999","HAD.ind.2000","HAD.ind.2001","HAD.ind.2002","HAD.ind.2003","HAD.ind.2004","HAD.ind.2005","HAD.ind.2006","HAD.ind.2007","HAD.ind.2008","HAD.ind.2009","HAD.ind.2010","HAD.ind.2011","HAD.ind.2012","HAD.ind.2013","HAD.ind.2014","HAD.ind.2015","HAD.ind.2016","HAD.ind.2017","HAD.ind.2018","HAD.ind.2019","HAD.ind.2020"
4,"AFG","Afghanistan",0,0,0,0,0,0,0,0,0,0,0.422061315891639,0.85899605426863,1.29593079264551,1.73286553102238,2.16980026939929,2.60673500777617,3.17047652951432,3.73421805125247,4.29795957299065,4.8617010947288,5.42544261646695,5.88802926258553,6.35061590870401,6.81320255482251,7.27578920094109,7.27578920094109
8,"ALB","Albania",19.826532790985,19.826532790985,19.826532790985,19.826532790985,19.826532790985,19.826532790985,20.8274439387053,21.8283550864255,22.8292662341458,23.8301773818661,24.8310885295863,25.8319996773066,26.8329108250268,27.8338219727471,28.8347331204674,29.8356442681877,30.3734594624447,30.9112746567018,31.4490898509588,31.9869050452159,32.5247202394729,33.0408303640676,33.5569404886625,34.0730506132572,34.5891607378519,34.5891607378519
12,"DZA","Algeria",44.5139953803098,44.5139953803098,44.5139953803098,44.5139953803098,44.5139953803098,44.5139953803098,46.4327812583973,48.3515671364847,50.2703530145722,52.1891388926596,54.1079247707472,56.0267106488347,57.9454965269221,59.8642824050096,61.7830682830971,63.7018541611845,65.4554441117316,67.2090340622785,68.9626240128257,70.7162139633727,72.4698039139197,74.080708630944,75.6916133479683,77.3025180649925,78.9134227820168,78.9134227820168
20,"AND","Andorra",95.1725148719574,95.1725148719574,95.1725148719574,95.1725148719574,95.1725148719574,95.1725148719574,95.9229970563956,96.6734792408338,97.423961425272,98.1744436097103,98.9249257941485,99.6754079785867,100,100,100,100,100,100,100,100,100,100,100,100,100,100
24,"AGO","Angola",3.6284869851814,3.6284869851814,3.6284869851814,3.6284869851814,3.6284869851814,3.6284869851814,4.21304960324376,4.79761222130611,5.38217483936845,5.96673745743082,6.55130007549316,7.13586269355551,7.72042531161787,8.30498792968021,8.88955054774256,9.47411316580491,10.4102003413871,11.3462875169694,12.2823746925515,13.2184618681337,14.1545490437159,15.0743695053991,15.9941899670822,16.9140104287653,17.8338308904485,17.8338308904485
660,"AIA","Anguilla",NA,NA,NA,NA,NA,NA,NA,NA,NA,NA,NA,NA,NA,NA,NA,NA,NA,NA,NA,NA,NA,NA,NA,NA,NA,NA
28,"ATG","Antigua and Barbuda",55.9629534933213,55.9629534933213,55.9629534933213,55.9629534933213,55.9629534933213,55.9629534933213,56.6333814261058,57.3038093588903,57.9742372916748,58.6446652244593,59.315093157244,59.9855210900285,60.655949022813,61.3263769555975,61.996804888382,62.6672328211665,63.3724122276521,64.0775916341378,64.7827710406234,65.4879504471092,66.1931298535948,67.0935423523711,67.9939548511474,68.8943673499239,69.7947798487002,69.7947798487002
32,"ARG","Argentina",45.379048685914,45.379048685914,45.379048685914,45.379048685914,45.379048685914,45.379048685914,46.2910086196282,47.2029685533425,48.1149284870568,49.026888420771,49.9388483544853,50.8508082881995,51.7627682219138,52.6747281556281,53.5866880893423,54.4986480230566,55.2886634118726,56.0786788006886,56.8686941895045,57.6587095783205,58.4487249671365,59.0515848028663,59.654444638596,60.2573044743258,60.8601643100556,60.8601643100556
51,"ARM","Armenia",27.5358529868028,27.5358529868028,27.5358529868028,27.5358529868028,27.5358529868028,27.5358529868028,29.3602589392611,31.1846648917195,33.0090708441778,34.8334767966363,36.6578827490947,38.482288701553,40.3066946540114,42.1311006064697,43.9555065589281,45.7799125113864,47.3169900727067,48.8540676340269,50.3911451953471,51.9282227566674,53.4653003179876,54.3518647195038,55.2384291210201,56.1249935225363,57.0115579240525,57.0115579240525
533,"ABW","Aruba",NA,NA,NA,NA,NA,NA,NA,NA,NA,NA,NA,NA,NA,NA,NA,NA,NA,NA,NA,NA,NA,NA,NA,NA,NA,NA
36,"AUS","Australia",79.4415498571509,79.4415498571509,79.4415498571509,79.4415498571509,79.4415498571509,79.4415498571509,80.7238652511537,82.0061806451564,83.2884960391592,84.5708114331618,85.8531268271646,87.1354422211673,88.4177576151701,89.7000730091728,90.9823884031756,92.2647037971783,93.0292048275038,93.7937058578292,94.5582068881547,95.3227079184801,96.0872089488056,96.7722139559639,97.4572189631222,98.1422239702805,98.8272289774388,98.8272289774388
40,"AUT","Austria",82.1638409625517,82.1638409625517,82.1638409625517,82.1638409625517,82.1638409625517,82.1638409625517,83.0592689321667,83.9546969017817,84.8501248713966,85.7455528410116,86.6409808106266,87.5364087802415,88.4318367498565,89.3272647194715,90.2226926890865,91.1181206587015,91.6882744408354,92.2584282229693,92.8285820051032,93.3987357872371,93.968889569371,94.586773894446,95.2046582195209,95.8225425445959,96.4404268696709,96.4404268696709
31,"AZE","Azerbaijan",18.0119947367067,18.0119947367067,18.0119947367067,18.0119947367067,18.0119947367067,18.0119947367067,19.4426571798707,20.8733196230347,22.3039820661987,23.7346445093627,25.1653069525267,26.5959693956908,28.0266318388548,29.4572942820187,30.8879567251828,32.3186191683468,33.3367546710652,34.3548901737835,35.3730256765019,36.3911611792202,37.4092966819386,38.2359778382657,39.0626589945928,39.8893401509198,40.716021307247,40.716021307247
44,"BHS","Bahamas",54.2675457137532,54.2675457137532,54.2675457137532,54.2675457137532,54.2675457137532,54.2675457137532,55.0928872443267,55.9182287749003,56.7435703054738,57.5689118360474,58.3942533666209,59.2195948971944,60.044936427768,60.8702779583415,61.6956194889151,62.5209610194886,63.0694232530294,63.6178854865702,64.1663477201111,64.7148099536519,65.2632721871927,65.8176312431968,66.3719902992009,66.926349355205,67.4807084112092,67.4807084112092
48,"BHR","Bahrain",49.5423147733263,49.5423147733263,49.5423147733263,49.5423147733263,49.5423147733263,49.5423147733263,51.1830604010364,52.8238060287465,54.4645516564565,56.1052972841666,57.7460429118767,59.3867885395867,61.0275341672968,62.6682797950069,64.309025422717,65.9497710504271,67.2844738150546,68.6191765796819,69.9538793443094,71.2885821089368,72.6232848735643,73.8164748898111,75.0096649060578,76.2028549223045,77.3960449385513,77.3960449385513
50,"BGD","Bangladesh",5.70878148500221,5.70878148500221,5.70878148500221,5.70878148500221,5.70878148500221,5.70878148500221,6.05586852822684,6.40295557145159,6.75004261467622,7.09712965790098,7.44421670112563,7.79130374435027,8.13839078757501,8.48547783079965,8.83256487402441,9.17965191724905,10.0643052057333,10.9489584942176,11.8336117827018,12.7182650711862,13.6029183596704,14.1968286591972,14.7907389587241,15.3846492582509,15.9785595577778,15.9785595577778
52,"BRB","Barbados",84.0769851457117,84.0769851457117,84.0769851457117,84.0769851457117,84.0769851457117,84.0769851457117,84.7865462958449,85.4961074459781,86.2056685961114,86.9152297462446,87.6247908963778,88.334352046511,89.0439131966442,89.7534743467774,90.4630354969107,91.1725966470439,91.8338252733872,92.4950538997306,93.156282526074,93.8175111524174,94.4787397787607,94.9917054245669,95.504671070373,96.0176367161791,96.5306023619852,96.5306023619852
112,"BLR","Belarus",47.7258616860813,47.7258616860813,47.7258616860813,47.7258616860813,47.7258616860813,47.7258616860813,48.9374098347439,50.1489579834066,51.3605061320692,52.5720542807319,53.7836024293945,54.9951505780572,56.2066987267198,57.4182468753825,58.6297950240451,59.8413431727078,61.3340638129795,62.8267844532513,64.3195050935231,65.8122257337949,67.3049463740666,68.1197590645214,68.9345717549761,69.7493844454309,70.5641971358857,70.5641971358857
56,"BEL","Belgium",87.360707973402,87.360707973402,87.360707973402,87.360707973402,87.360707973402,87.360707973402,88.3527415556643,89.3447751379267,90.336808720189,91.3288423024513,92.3208758847137,93.312909466976,94.3049430492384,95.2969766315007,96.289010213763,97.2810437960254,98.0536076052522,98.826171414479,99.5987352237058,100,100,100,100,100,100,100
84,"BLZ","Belize",25.2973794693594,25.2973794693594,25.2973794693594,25.2973794693594,25.2973794693594,25.2973794693594,25.9578609133918,26.6183423574241,27.2788238014564,27.9393052454888,28.599786689521,29.2602681335534,29.9207495775857,30.5812310216181,31.2417124656504,31.9021939096828,32.46013001784,33.0180661259973,33.5760022341545,34.1339383423118,34.691874450469,35.289175471032,35.8864764915951,36.4837775121581,37.0810785327211,37.0810785327211
204,"BEN","Benin",4.06066738571981,4.06066738571981,4.06066738571981,4.06066738571981,4.06066738571981,4.06066738571981,4.27240766588034,4.48414794604078,4.69588822620132,4.90762850636187,5.11936878652229,5.33110906668286,5.54284934684338,5.75458962700392,5.96632990716438,6.17807018732491,6.42720434999552,6.67633851266613,6.92547267533674,7.17460683800735,7.42374100067795,7.80613743902286,8.18853387736787,8.57093031571289,8.95332675405778,8.95332675405778
60,"BMU","Bermuda",51.0004317471769,51.0004317471769,51.0004317471769,51.0004317471769,51.0004317471769,51.0004317471769,52.124445318376,53.248458889575,54.372472460774,55.4964860319731,56.6204996031721,57.7445131743712,58.8685267455702,59.9925403167693,61.1165538879683,62.2405674591673,62.9541336030091,63.6676997468508,64.3812658906927,65.0948320345345,65.8083981783762,66.4157669313503,67.0231356843243,67.6305044372985,68.2378731902725,68.2378731902725
64,"BTN","Bhutan",6.71042391979692,6.71042391979692,6.71042391979692,6.71042391979692,6.71042391979692,6.71042391979692,7.45644686845844,8.20246981711998,8.9484927657814,9.6945157144429,10.4405386631044,11.186561611766,11.9325845604275,12.6786075090889,13.4246304577504,14.1706534064119,14.7197750442602,15.2688966821084,15.8180183199567,16.367139957805,16.9162615956532,17.3417623710286,17.767263146404,18.1927639217796,18.618264697155,18.618264697155
68,"BOL","Bolivia",17.0201714307599,17.0201714307599,17.0201714307599,17.0201714307599,17.0201714307599,17.0201714307599,17.5938337778139,18.1674961248679,18.7411584719218,19.3148208189758,19.8884831660296,20.4621455130836,21.0358078601376,21.6094702071915,22.1831325542455,22.7567949012995,23.1928373809644,23.6288798606294,24.0649223402945,24.5009648199595,24.9370072996245,25.8121918625715,26.6873764255183,27.5625609884652,28.4377455514122,28.4377455514122
70,"BIH","Bosnia and Herzegovina",22.5209637786447,22.5209637786447,22.5209637786447,22.5209637786447,22.5209637786447,22.5209637786447,23.2091226846825,23.8972815907203,24.5854404967581,25.2735994027959,25.9617583088337,26.6499172148713,27.3380761209091,28.0262350269469,28.7143939329847,29.4025528390225,29.8648654798159,30.3271781206093,30.7894907614027,31.2518034021961,31.7141160429895,32.1516086771218,32.589101311254,33.0265939453863,33.4640865795185,33.4640865795185
72,"BWA","Botswana",10.0867960092046,10.0867960092046,10.0867960092046,10.0867960092046,10.0867960092046,10.0867960092046,10.6860396472313,11.2852832852579,11.8845269232845,12.4837705613111,13.0830141993378,13.6822578373644,14.2815014753911,14.8807451134177,15.4799887514443,16.079232389471,16.5888666851514,17.0985009808319,17.6081352765123,18.1177695721928,18.6274038678732,19.1702274457412,19.7130510236092,20.2558746014773,20.7986981793453,20.7986981793453
76,"BRA","Brazil",26.6546823094237,26.6546823094237,26.6546823094237,26.6546823094237,26.6546823094237,26.6546823094237,27.4199139318892,28.1851455543548,28.9503771768204,29.7156087992859,30.4808404217515,31.2460720442171,32.0113036666826,32.7765352891482,33.5417669116138,34.3069985340794,35.2392861190899,36.1715737041005,37.1038612891109,38.0361488741215,38.968436459132,39.7934973875515,40.618558315971,41.4436192443905,42.2686801728101,42.2686801728101
92,"VGB","British Virgin Islands",NA,NA,NA,NA,NA,NA,NA,NA,NA,NA,NA,NA,NA,NA,NA,NA,NA,NA,NA,NA,NA,NA,NA,NA,NA,NA
96,"BRN","Brunei Darussalam",53.9421728457906,53.9421728457906,53.9421728457906,53.9421728457906,53.9421728457906,53.9421728457906,55.5162721269603,57.0903714081301,58.6644706892999,60.2385699704696,61.8126692516394,63.3867685328092,64.960867813979,66.5349670951487,68.1090663763185,69.6831656574882,70.1366777816027,70.5901899057171,71.0437020298317,71.4972141539461,71.9507262780606,72.9026651440399,73.8546040100191,74.8065428759985,75.7584817419778,75.7584817419778
100,"BGR","Bulgaria",29.4044372513998,29.4044372513998,29.4044372513998,29.4044372513998,29.4044372513998,29.4044372513998,29.9218093358438,30.4391814202876,30.9565535047315,31.4739255891754,31.9912976736193,32.5086697580632,33.0260418425071,33.543413926951,34.0607860113949,34.5781580958388,35.0240186230743,35.4698791503097,35.9157396775452,36.3616002047806,36.8074607320161,37.1479755717708,37.4884904115257,37.8290052512804,38.1695200910353,38.1695200910353
854,"BFA","Burkina Faso",3.07802192625532,3.07802192625532,3.07802192625532,3.07802192625532,3.07802192625532,3.07802192625532,3.30726516044304,3.53650839463077,3.76575162881836,3.99499486300608,4.2242380971938,4.45348133138151,4.68272456556923,4.91196779975685,5.14121103394457,5.37045426813228,5.42391220341551,5.47737013869876,5.53082807398199,5.58428600926536,5.63774394454859,5.76714657687158,5.89654920919466,6.02595184151767,6.15535447384075,6.15535447384075
108,"BDI","Burundi",2.38108147874446,2.38108147874446,2.38108147874446,2.38108147874446,2.38108147874446,2.38108147874446,2.65993126603718,2.93878105332999,3.21763084062272,3.49648062791543,3.77533041520827,4.05418020250099,4.33302998979372,4.61187977708643,4.89072956437924,5.16957935167196,5.44684077872898,5.724102205786,6.00136363284311,6.27862505990014,6.55588648695714,6.77487947076163,6.9938724545661,7.21286543837059,7.43185842217505,7.43185842217505
132,"CPV","Cabo Verde",15.3822611732983,15.3822611732983,15.3822611732983,15.3822611732983,15.3822611732983,15.3822611732983,16.1633196144704,16.9443780556425,17.7254364968146,18.5064949379866,19.2875533791586,20.0686118203307,20.8496702615028,21.6307287026748,22.4117871438469,23.192845585019,24.1101387877829,25.0274319905468,25.9447251933107,26.8620183960746,27.7793115988384,28.4179092142881,29.0565068297377,29.6951044451873,30.3337020606369,30.3337020606369
116,"KHM","Cambodia",2.21151133412754,2.21151133412754,2.21151133412754,2.21151133412754,2.21151133412754,2.21151133412754,2.75929480348626,3.30707827284496,3.85486174220355,4.40264521156226,4.95042868092098,5.49821215027968,6.04599561963838,6.59377908899698,7.14156255835569,7.68934602771439,8.08987737175711,8.49040871579983,8.89094005984256,9.29147140388528,9.692002747928,10.0809557713007,10.4699087946734,10.8588618180461,11.2478148414188,11.2478148414188
120,"CMR","Cameroon",7.78785959894486,7.78785959894486,7.78785959894486,7.78785959894486,7.78785959894486,7.78785959894486,7.99993893625718,8.2120182735696,8.4240976108819,8.6361769481943,8.84825628550662,9.06033562281893,9.27241496013133,9.48449429744365,9.69657363475606,9.90865297206837,10.4206300844985,10.9326071969284,11.4445843093585,11.9565614217886,12.4685385342187,13.0183587939341,13.5681790536494,14.1179993133649,14.6678195730802,14.6678195730802
124,"CAN","Canada",82.913211889666,82.913211889666,82.913211889666,82.913211889666,82.913211889666,82.913211889666,84.9291769201043,86.9451419505426,88.961106980981,90.9770720114194,92.9930370418577,95.0090020722961,97.0249671027345,99.0409321331728,100,100,100,100,100,100,100,100,100,100,100,100
136,"CYM","Cayman Islands",NA,NA,NA,NA,NA,NA,NA,NA,NA,NA,NA,NA,NA,NA,NA,NA,NA,NA,NA,NA,NA,NA,NA,NA,NA,NA
140,"CAF","Central African Republic",0,0,0,0,0,0,6.28266834183933e-05,0.10784881155854,0.215634796433548,0.32342078130867,0.431206766183792,0.538992751058899,0.646778735934035,0.754564720809043,0.862350705684165,0.970136690559272,1.15212065082807,1.33410461109686,1.51608857136566,1.69807253163447,1.88005649190326,2.11470728158213,2.34935807126102,2.58400886093989,2.81865965061878,2.81865965061878
148,"TCD","Chad",1.15863674129659,1.15863674129659,1.15863674129659,1.15863674129659,1.15863674129659,1.15863674129659,1.3268267479294,1.49501675456233,1.66320676119517,1.83139676782798,1.99958677446091,2.16777678109372,2.33596678772653,2.50415679435936,2.67234680099227,2.84053680762511,3.13006757136837,3.41959833511156,3.70912909885485,3.99865986259802,4.28819062634129,4.53373756314933,4.77928449995736,5.02483143676528,5.27037837357332,5.27037837357332
152,"CHL","Chile",42.8278351453325,42.8278351453325,42.8278351453325,42.8278351453325,42.8278351453325,42.8278351453325,43.7136229609169,44.5994107765014,45.485198592086,46.3709864076704,47.2567742232549,48.1425620388393,49.0283498544238,49.9141376700083,50.7999254855928,51.6857133011772,52.6759659232016,53.6662185452258,54.6564711672501,55.6467237892743,56.6369764112986,57.3453133076862,58.0536502040738,58.7619871004613,59.4703239968489,59.4703239968489
156,"CHN","China",14.6206121200371,14.6206121200371,14.6206121200371,14.6206121200371,14.6206121200371,14.6206121200371,15.5705170615126,16.5204220029882,17.4703269444637,18.4202318859392,19.3701368274148,20.3200417688903,21.2699467103659,22.2198516518414,23.1697565933169,24.1196615347924,25.1187693212219,26.1178771076515,27.116984894081,28.1160926805106,29.1152004669401,30.0806790590866,31.046157651233,32.0116362433795,32.9771148355259,32.9771148355259
170,"COL","Colombia",29.4534516031869,29.4534516031869,29.4534516031869,29.4534516031869,29.4534516031869,29.4534516031869,30.1908233350593,30.9281950669318,31.6655667988043,32.4029385306767,33.1403102625491,33.8776819944216,34.6150537262939,35.3524254581664,36.0897971900388,36.8271689219113,37.8971997959733,38.9672306700352,40.0372615440972,41.1072924181591,42.1773232922211,43.1346157628028,44.0919082333846,45.0492007039664,46.0064931745481,46.0064931745481
174,"COM","Comoros",4.8727874856127,4.8727874856127,4.8727874856127,4.8727874856127,4.8727874856127,4.8727874856127,5.26108022238745,5.64937295916219,6.03766569593692,6.42595843271167,6.8142511694865,7.20254390626124,7.59083664303597,7.9791293798107,8.36742211658546,8.7557148533602,8.9525969845853,9.14947911581042,9.34636124703562,9.54324337826074,9.74012550948585,10.1863644652669,10.6326034210479,11.0788423768289,11.5250813326099,11.5250813326099
184,"COK","Cook Islands",39.3272321967581,39.3272321967581,39.3272321967581,39.3272321967581,39.3272321967581,39.3272321967581,40.0911671246205,40.8551020524829,41.6190369803453,42.3829719082077,43.1469068360701,43.9108417639326,44.674776691795,45.4387116196574,46.2026465475198,46.9665814753823,47.0921903094207,47.217799143459,47.3434079774974,47.4690168115358,47.5946256455742,48.1621612427352,48.7296968398963,49.2972324370573,49.8647680342184,49.8647680342184
188,"CRI","Costa Rica",39.6911939127971,39.6911939127971,39.6911939127971,39.6911939127971,39.6911939127971,39.6911939127971,40.5505331868705,41.4098724609438,42.2692117350172,43.1285510090905,43.9878902831638,44.8472295572372,45.7065688313105,46.5659081053839,47.4252473794572,48.2845866535306,48.9846536797911,49.6847207060517,50.3847877323122,51.0848547585728,51.7849217848334,52.3454214478086,52.9059211107838,53.466420773759,54.0269204367342,54.0269204367342
384,"CIV","Cote d'Ivoire",4.36794615084456,4.36794615084456,4.36794615084456,4.36794615084456,4.36794615084456,4.36794615084456,4.58651075890639,4.80507536696827,5.02363997503009,5.2422045830919,5.4607691911537,5.67933379921561,5.89789840727741,6.11646301533922,6.33502762340113,6.55359223146293,6.93178649671499,7.30998076196705,7.6881750272191,8.06636929247117,8.44456355772323,8.99206577679249,9.53956799586174,10.087070214931,10.6345724340003,10.6345724340003
191,"HRV","Croatia",43.5009590565108,43.5009590565108,43.5009590565108,43.5009590565108,43.5009590565108,43.5009590565108,44.3592876618198,45.2176162671288,46.0759448724379,46.934273477747,47.7926020830561,48.6509306883651,49.5092592936742,50.3675878989832,51.2259165042922,52.0842451096013,52.7730694533794,53.4618937971576,54.1507181409356,54.8395424847137,55.5283668284918,56.23111323627,56.9338596440483,57.6366060518265,58.3393524596046,58.3393524596046
192,"CUB","Cuba",48.8874778827941,48.8874778827941,48.8874778827941,48.8874778827941,48.8874778827941,48.8874778827941,49.5522169297874,50.2169559767806,50.8816950237738,51.546434070767,52.2111731177603,52.8759121647535,53.5406512117467,54.20539025874,54.8701293057331,55.5348683527264,56.3439789964898,57.1530896402532,57.9622002840166,58.77131092778,59.5804215715434,60.4627065029799,61.3449914344165,62.227276365853,63.1095612972895,63.1095612972895
531,"CUW","Curacao",NA,NA,NA,NA,NA,NA,NA,NA,NA,NA,NA,NA,NA,NA,NA,NA,NA,NA,NA,NA,NA,NA,NA,NA,NA,NA
196,"CYP","Cyprus",76.6630430772109,76.6630430772109,76.6630430772109,76.6630430772109,76.6630430772109,76.6630430772109,78.1305113238289,79.597979570447,81.065447817065,82.532916063683,84.0003843103012,85.4678525569192,86.9353208035372,88.4027890501552,89.8702572967733,91.3377255433913,92.1046834091046,92.8716412748178,93.638599140531,94.4055570062442,95.1725148719574,95.7986825290835,96.4248501862097,97.0510178433359,97.677185500462,97.677185500462
203,"CZE","Czech Republic",63.0038622773515,63.0038622773515,63.0038622773515,63.0038622773515,63.0038622773515,63.0038622773515,63.6969168231914,64.3899713690315,65.0830259148715,65.7760804607115,66.4691350065515,67.1621895523915,67.8552440982315,68.5482986440715,69.2413531899115,69.9344077357516,70.4273252239477,70.9202427121439,71.41316020034,71.9060776885363,72.3989951767324,72.9265184657206,73.4540417547089,73.9815650436972,74.5090883326855,74.5090883326855
180,"COD","Dem. Rep. Congo",3.83320321410459,3.83320321410459,3.83320321410459,3.83320321410459,3.83320321410459,3.83320321410459,4.01041129722056,4.18761938033643,4.36482746345241,4.5420355465684,4.71924362968439,4.89645171280026,5.07365979591623,5.2508678790322,5.42807596214809,5.60528404526404,6.09399688095648,6.58270971664882,7.07142255234123,7.56013538803356,8.048848223726,8.47724513415795,8.90564204458988,9.33403895502192,9.76243586545385,9.76243586545385
208,"DNK","Denmark",92.9525625088411,92.9525625088411,92.9525625088411,92.9525625088411,92.9525625088411,92.9525625088411,93.7688968792338,94.5852312496265,95.4015656200192,96.2178999904118,97.0342343608045,97.8505687311972,98.6669031015899,99.4832374719825,100,100,100,100,100,100,100,100,100,100,100,100
262,"DJI","Djibouti",12.0788980507827,12.0788980507827,12.0788980507827,12.0788980507827,12.0788980507827,12.0788980507827,12.8644785547989,13.6500590588151,14.4356395628314,15.2212200668476,16.0068005708637,16.7923810748799,17.5779615788961,18.3635420829124,19.1491225869286,19.9347030909448,20.4093279466512,20.8839528023577,21.3585776580641,21.8332025137705,22.307827369477,22.9693113903479,23.6307954112188,24.2922794320898,24.9537634529607,24.9537634529607
212,"DMA","Dominica",33.8261637799939,33.8261637799939,33.8261637799939,33.8261637799939,33.8261637799939,33.8261637799939,34.595120756622,35.3640777332501,36.1330347098783,36.9019916865064,37.6709486631346,38.4399056397627,39.2088626163908,39.977819593019,40.7467765696471,41.5157335462752,42.0367165845811,42.5576996228868,43.0786826611927,43.5996656994984,44.1206487378043,44.5114576870127,44.9022666362212,45.2930755854296,45.683884534638,45.683884534638
214,"DOM","Dominican Republic",24.8370856559601,24.8370856559601,24.8370856559601,24.8370856559601,24.8370856559601,24.8370856559601,25.6096869512853,26.3822882466104,27.1548895419354,27.9274908372606,28.7000921325857,29.4726934279109,30.245294723236,31.0178960185611,31.7904973138862,32.5630986092114,32.8237574731967,33.0844163371821,33.3450752011674,33.6057340651529,33.8663929291382,34.8492765527626,35.8321601763871,36.8150438000116,37.797927423636,37.797927423636
218,"ECU","Ecuador",33.3513822556602,33.3513822556602,33.3513822556602,33.3513822556602,33.3513822556602,33.3513822556602,34.1810955326536,35.010808809647,35.8405220866404,36.6702353636339,37.4999486406272,38.3296619176206,39.159375194614,39.9890884716074,40.8188017486009,41.6485150255942,42.6550613580934,43.6616076905925,44.6681540230916,45.6747003555908,46.6812466880899,47.5034063543874,48.325566020685,49.1477256869826,49.9698853532801,49.9698853532801
818,"EGY","Egypt",46.7493918958831,46.7493918958831,46.7493918958831,46.7493918958831,46.7493918958831,46.7493918958831,48.9952843533811,51.241176810879,53.4870692683769,55.7329617258749,57.9788541833729,60.2247466408708,62.4706390983688,64.7165315558667,66.9624240133647,69.2083164708626,70.8607960618541,72.5132756528458,74.1657552438374,75.8182348348291,77.4707144258206,79.3635890950502,81.2564637642799,83.1493384335095,85.042213102739,85.042213102739
222,"SLV","El Salvador",21.813295622107,21.813295622107,21.813295622107,21.813295622107,21.813295622107,21.813295622107,22.4436802167768,23.0740648114466,23.7044494061164,24.3348340007862,24.965218595456,25.5956031901256,26.2259877847954,26.8563723794652,27.486756974135,28.1171415688047,29.1098517021398,30.1025618354749,31.0952719688101,32.0879821021452,33.0806922354803,34.4638263521513,35.8469604688222,37.230094585493,38.6132287021639,38.6132287021639
226,"GNQ","Equatorial Guinea",7.54818600915318,7.54818600915318,7.54818600915318,7.54818600915318,7.54818600915318,7.54818600915318,8.80526842795999,10.0623508467668,11.3194332655736,12.5765156843804,13.8335981031872,15.090680521994,16.3477629408008,17.6048453596076,18.8619277784144,20.1190101972212,21.6271127013331,23.1352152054451,24.6433177095571,26.1514202136691,27.6595227177811,28.9413301504599,30.2231375831387,31.5049450158176,32.7867524484964,32.7867524484964
232,"ERI","Eritrea",5.10115957284518,5.10115957284518,5.10115957284518,5.10115957284518,5.10115957284518,5.10115957284518,5.296138993209,5.49111841357283,5.68609783393666,5.88107725430051,6.07605667466433,6.27103609502828,6.46601551539212,6.66099493575595,6.85597435611977,7.05095377648361,7.35790643657781,7.6648590966721,7.97181175676639,8.27876441686058,8.58571707695489,9.01606848274601,9.44641988853712,9.87677129432825,10.3071227001194,10.3071227001194
233,"EST","Estonia",39.9045349587737,39.9045349587737,39.9045349587737,39.9045349587737,39.9045349587737,39.9045349587737,41.0638988987055,42.2232628386374,43.3826267785692,44.541990718501,45.7013546584328,46.8607185983647,48.0200825382965,49.1794464782283,50.3388104181602,51.498174358092,52.7419919695413,53.9858095809906,55.22962719244,56.4734448038893,57.7172624153386,58.3345684737324,58.9518745321261,59.5691805905198,60.1864866489136,60.1864866489136
748,"SWZ","Eswatini",8.20851273769759,8.20851273769759,8.20851273769759,8.20851273769759,8.20851273769759,8.20851273769759,8.3838085943909,8.5591044510842,8.73440030777741,8.9096961644707,9.08499202116401,9.26028787785731,9.43558373455062,9.61087959124383,9.78617544793713,9.96147130463044,10.6283086820216,11.2951460594127,11.961983436804,12.6288208141951,13.2956581915863,13.8579225679598,14.4201869443336,14.9824513207073,15.5447156970808,15.5447156970808
231,"ETH","Ethiopia",1.29135814839545,1.29135814839545,1.29135814839545,1.29135814839545,1.29135814839545,1.29135814839545,1.80683766188692,2.32231717537839,2.83779668886984,3.3532762023613,3.86875571585277,4.38423522934434,4.8997147428358,5.41519425632728,5.93067376981874,6.4461532833102,6.93236546434815,7.41857764538611,7.90478982642406,8.39100200746201,8.87721418849996,9.28745759008414,9.69770099166824,10.1079443932524,10.5181877948366,10.5181877948366
234,"FRO","Faeroe Islands",NA,NA,NA,NA,NA,NA,NA,NA,NA,NA,NA,NA,NA,NA,NA,NA,NA,NA,NA,NA,NA,NA,NA,NA,NA,NA
238,"FLK","Falkland Islands",NA,NA,NA,NA,NA,NA,NA,NA,NA,NA,NA,NA,NA,NA,NA,NA,NA,NA,NA,NA,NA,NA,NA,NA,NA,NA
242,"FJI","Fiji",13.3299898008434,13.3299898008434,13.3299898008434,13.3299898008434,13.3299898008434,13.3299898008434,13.7165103393618,14.1030308778803,14.4895514163987,14.8760719549172,15.2625924934357,15.6491130319542,16.0356335704727,16.4221541089911,16.8086746475096,17.1951951860281,17.727753064479,18.26031094293,18.7928688213809,19.3254266998318,19.8579845782827,20.5390286052875,21.2200726322922,21.901116659297,22.5821606863017,22.5821606863017
246,"FIN","Finland",86.7318167482858,86.7318167482858,86.7318167482858,86.7318167482858,86.7318167482858,86.7318167482858,87.7485531351212,88.7652895219566,89.782025908792,90.7987622956275,91.8154986824629,92.8322350692983,93.8489714561337,94.8657078429692,95.8824442298046,96.89918061664,98.1814630899284,99.4637455632168,100,100,100,100,100,100,100,100
250,"FRA","France",88.0699690369627,88.0699690369627,88.0699690369627,88.0699690369627,88.0699690369627,88.0699690369627,88.9623085292933,89.8546480216238,90.7469875139544,91.6393270062849,92.5316664986155,93.4240059909461,94.3163454832766,95.2086849756072,96.1010244679377,96.9933639602683,97.6105760861867,98.2277882121051,98.8450003380236,99.462212463942,100,100,100,100,100,100
258,"PYF","French Polynesia",NA,NA,NA,NA,NA,NA,NA,NA,NA,NA,NA,NA,NA,NA,NA,NA,NA,NA,NA,NA,NA,NA,NA,NA,NA,NA
266,"GAB","Gabon",17.8545181035288,17.8545181035288,17.8545181035288,17.8545181035288,17.8545181035288,17.8545181035288,18.8516585216189,19.8487989397089,20.845939357799,21.8430797758891,22.8402201939792,23.8373606120692,24.8345010301593,25.8316414482494,26.8287818663394,27.8259222844295,29.4989882841717,31.1720542839138,32.8451202836561,34.5181862833982,36.1912522831404,37.701767223257,39.2122821633735,40.7227971034901,42.2333120436066,42.2333120436066
270,"GMB","Gambia",6.59675908323558,6.59675908323558,6.59675908323558,6.59675908323558,6.59675908323558,6.59675908323558,6.77677302903739,6.95678697483933,7.13680092064115,7.31681486644297,7.49682881224477,7.67684275804672,7.85685670384854,8.03687064965034,8.21688459545229,8.3968985412541,8.72416939032777,9.05144023940144,9.3787110884751,9.70598193754876,10.0332527866224,10.1497778317445,10.2663028768666,10.3828279219886,10.4993529671107,10.4993529671107
268,"GEO","Georgia",17.1236445177551,17.1236445177551,17.1236445177551,17.1236445177551,17.1236445177551,17.1236445177551,17.6677235990348,18.2118026803144,18.7558817615942,19.2999608428738,19.8440399241536,20.3881190054333,20.932198086713,21.4762771679927,22.0203562492724,22.5644353305521,23.5677760777872,24.5711168250222,25.5744575722574,26.5777983194924,27.5811390667275,28.0083138486904,28.4354886306534,28.8626634126164,29.2898381945793,29.2898381945793
276,"DEU","Germany",96.7132888943684,96.7132888943684,96.7132888943684,96.7132888943684,96.7132888943684,96.7132888943684,97.4367179521175,98.1601470098666,98.8835760676157,99.6070051253647,100,100,100,100,100,100,100,100,100,100,100,100,100,100,100,100
288,"GHA","Ghana",9.54008879386501,9.54008879386501,9.54008879386501,9.54008879386501,9.54008879386501,9.54008879386501,9.79116112940298,10.0422334649409,10.2933058004789,10.5443781360169,10.7954504715549,11.0465228070927,11.2975951426307,11.5486674781687,11.7997398137066,12.0508121492446,12.6607389593398,13.270665769435,13.8805925795302,14.4905193896254,15.1004461997206,15.7692986550869,16.4381511104531,17.1070035658194,17.7758560211856,17.7758560211856
300,"GRC","Greece",68.8917874311527,68.8917874311527,68.8917874311527,68.8917874311527,68.8917874311527,68.8917874311527,69.8922350862864,70.89268274142,71.8931303965538,72.8935780516875,73.8940257068213,74.8944733619549,75.8949210170886,76.8953686722224,77.895816327356,78.8962639824897,79.5358225029455,80.1753810234012,80.8149395438568,81.4544980643126,82.0940565847683,82.5619786102631,83.029900635758,83.4978226612528,83.9657446867476,83.9657446867476
304,"GRL","Greenland",47.5087000445557,47.5087000445557,47.5087000445557,47.5087000445557,47.5087000445557,47.5087000445557,49.0761109819471,50.6435219193385,52.2109328567298,53.7783437941212,55.3457547315126,56.9131656689039,58.4805766062953,60.0479875436866,61.615398481078,63.1828094184693,63.882021385215,64.5812333519608,65.2804453187065,65.9796572854523,66.678869252198,67.2504522814497,67.8220353107014,68.3936183399531,68.9652013692048,68.9652013692048
308,"GRD","Grenada",37.69460797653,37.69460797653,37.69460797653,37.69460797653,37.69460797653,37.69460797653,38.7087300248556,39.7228520731811,40.7369741215067,41.7510961698322,42.7652182181577,43.7793402664832,44.7934623148087,45.8075843631343,46.8217064114598,47.8358284597853,48.4898429858303,49.1438575118753,49.7978720379204,50.4518865639654,51.1059010900104,51.8886616414707,52.6714221929311,53.4541827443915,54.2369432958518,54.2369432958518
320,"GTM","Guatemala",10.7987567101427,10.7987567101427,10.7987567101427,10.7987567101427,10.7987567101427,10.7987567101427,11.3657609590663,11.9327652079901,12.4997694569138,13.0667737058376,13.6337779547613,14.200782203685,14.7677864526088,15.3347907015325,15.9017949504562,16.4687991993799,17.0761540744962,17.6835089496124,18.2908638247287,18.8982186998449,19.5055735749612,20.0468217235742,20.5880698721872,21.1293180208001,21.6705661694131,21.6705661694131
831,"GGY","Guernsey",NA,NA,NA,NA,NA,NA,NA,NA,NA,NA,NA,NA,NA,NA,NA,NA,NA,NA,NA,NA,NA,NA,NA,NA,NA,NA
324,"GIN","Guinea",1.69139722439583,1.69139722439583,1.69139722439583,1.69139722439583,1.69139722439583,1.69139722439583,1.91789474404519,2.14439226369453,2.3708897833439,2.59738730299325,2.82388482264271,3.05038234229208,3.27687986194144,3.50337738159081,3.72987490124017,3.95637242088951,4.1038830978698,4.2513937748502,4.39890445183049,4.54641512881086,4.69392580579117,5.05466607177344,5.4154063377556,5.77614660373776,6.13688686972002,6.13688686972002
624,"GNB","Guinea-Bissau",1.61899195802529,1.61899195802529,1.61899195802529,1.61899195802529,1.61899195802529,1.61899195802529,1.80218666959306,1.98538138116082,2.1685760927287,2.35177080429646,2.53496551586422,2.71816022743199,2.90135493899975,3.08454965056762,3.26774436213539,3.45093907370315,3.76906928981531,4.08719950592747,4.40532972203974,4.72345993815188,5.04159015426403,5.38188337302167,5.72217659177927,6.06246981053702,6.40276302929463,6.40276302929463
328,"GUY","Guyana",23.6991969571013,23.6991969571013,23.6991969571013,23.6991969571013,23.6991969571013,23.6991969571013,24.3191077216919,24.9390184862824,25.5589292508729,26.1788400154634,26.7987507800539,27.4186615446445,28.038572309235,28.6584830738255,29.278393838416,29.8983046030065,30.9560313413251,32.0137580796436,33.0714848179622,34.1292115562807,35.1869382945992,36.1650523642552,37.143166433911,38.1212805035669,39.0993945732228,39.0993945732228
332,"HTI","Haiti",4.37360131683693,4.37360131683693,4.37360131683693,4.37360131683693,4.37360131683693,4.37360131683693,4.53054979956967,4.68749828230253,4.84444676503526,5.00139524776809,5.15834373050082,5.31529221323358,5.47224069596641,5.62918917869914,5.78613766143199,5.94308614416472,6.09750857670089,6.25193100923696,6.40635344177313,6.5607758743093,6.71519830684537,6.98436609194128,7.2535338770372,7.52270166213312,7.79186944722903,7.79186944722903
336,"VAT","Holy See",NA,NA,NA,NA,NA,NA,NA,NA,NA,NA,NA,NA,NA,NA,NA,NA,NA,NA,NA,NA,NA,NA,NA,NA,NA,NA
340,"HND","Honduras",14.9195386955586,14.9195386955586,14.9195386955586,14.9195386955586,14.9195386955586,14.9195386955586,15.1496836446833,15.3798285938079,15.6099735429325,15.8401184920572,16.0702634411819,16.3004083903066,16.5305533394313,16.7606982885559,16.9908432376806,17.2209881868053,17.3669093503604,17.5128305139156,17.6587516774707,17.8046728410259,17.9505940045811,18.3188941322156,18.6871942598502,19.0554943874849,19.4237945151194,19.4237945151194
344,"HKG","Hong Kong",NA,NA,NA,NA,NA,NA,NA,NA,NA,NA,NA,NA,NA,NA,NA,NA,NA,NA,NA,NA,NA,NA,NA,NA,NA,NA
348,"HUN","Hungary",34.2638050053721,34.2638050053721,34.2638050053721,34.2638050053721,34.2638050053721,34.2638050053721,34.7661673920994,35.2685297788267,35.770892165554,36.2732545522813,36.7756169390086,37.2779793257359,37.7803417124632,38.2827040991904,38.7850664859177,39.287428872645,39.6527507182517,40.0180725638585,40.3833944094652,40.748716255072,41.1140381006787,41.7506450201897,42.3872519397008,43.0238588592118,43.6604657787229,43.6604657787229
352,"ISL","Iceland",90.797018619133,90.797018619133,90.797018619133,90.797018619133,90.797018619133,90.797018619133,91.8643948093411,92.9317709995492,93.9991471897573,95.0665233799654,96.1338995701735,97.2012757603815,98.2686519505896,99.3360281407977,100,100,100,100,100,100,100,100,100,100,100,100
356,"IND","India",7.23440951265063,7.23440951265063,7.23440951265063,7.23440951265063,7.23440951265063,7.23440951265063,7.71383702673474,8.19326454081873,8.67269205490283,9.15211956898685,9.63154708307094,10.110974597155,10.5904021112389,11.0698296253231,11.5492571394071,12.0286846534912,12.7666206680832,13.5045566826753,14.2424926972674,14.9804287118595,15.7183647264515,16.4271517746222,17.1359388227928,17.8447258709636,18.5535129191342,18.5535129191342
360,"IDN","Indonesia",14.5076660715361,14.5076660715361,14.5076660715361,14.5076660715361,14.5076660715361,14.5076660715361,14.8105959157189,15.1135257599019,15.4164556040849,15.7193854482678,16.0223152924507,16.3252451366336,16.6281749808165,16.9311048249995,17.2340346691824,17.5369645133653,18.0520682524765,18.5671719915877,19.082275730699,19.5973794698102,20.1124832089214,20.9211420171648,21.7298008254081,22.5384596336515,23.3471184418949,23.3471184418949
364,"IRN","Iran",45.8232110901312,45.8232110901312,45.8232110901312,45.8232110901312,45.8232110901312,45.8232110901312,48.0011435022638,50.1790759143965,52.3570083265291,54.5349407386617,56.7128731507942,58.8908055629269,61.0687379750595,63.2466703871921,65.4246027993248,67.6025352114574,69.2058577393443,70.8091802672313,72.4125027951181,74.015825323005,75.619147850892,77.4177329556268,79.2163180603617,81.0149031650964,82.8134882698313,82.8134882698313
368,"IRQ","Iraq",30.9298305710282,30.9298305710282,30.9298305710282,30.9298305710282,30.9298305710282,30.9298305710282,32.9956147742252,35.0613989774222,37.1271831806193,39.1929673838163,41.2587515870133,43.3245357902103,45.3903199934073,47.4561041966044,49.5218883998014,51.5876726029984,54.6844949426374,57.7813172822765,60.8781396219155,63.9749619615545,67.0717843011936,69.2402729856021,71.4087616700105,73.577250354419,75.7457390388275,75.7457390388275
372,"IRL","Ireland",81.6847352683216,81.6847352683216,81.6847352683216,81.6847352683216,81.6847352683216,81.6847352683216,83.0495674091394,84.4143995499572,85.779231690775,87.1440638315928,88.5088959724105,89.8737281132283,91.2385602540461,92.6033923948639,93.9682245356817,95.3330566764995,96.1450912929882,96.9571259094768,97.7691605259655,98.5811951424541,99.3932297589428,100,100,100,100,100
833,"IMN","Isle of Man",NA,NA,NA,NA,NA,NA,NA,NA,NA,NA,NA,NA,NA,NA,NA,NA,NA,NA,NA,NA,NA,NA,NA,NA,NA,NA
376,"ISR","Israel",85.969716335166,85.969716335166,85.969716335166,85.969716335166,85.969716335166,85.969716335166,87.007845937754,88.0459755403419,89.0841051429299,90.1222347455179,91.1603643481058,92.1984939506938,93.2366235532818,94.2747531558698,95.3128827584578,96.3510123610457,96.8216535884066,97.2922948157674,97.7629360431282,98.2335772704891,98.7042184978499,99.177734508665,99.6512505194801,100,100,100
380,"ITA","Italy",75.7202995154606,75.7202995154606,75.7202995154606,75.7202995154606,75.7202995154606,75.7202995154606,76.6524908741884,77.5846822329163,78.5168735916441,79.4490649503719,80.3812563090999,81.3134476678277,82.2456390265555,83.1778303852833,84.1100217440112,85.042213102739,85.6477642895838,86.2533154764285,86.8588666632733,87.464417850118,88.0699690369627,88.661051557349,89.2521340777352,89.8432165981214,90.4342991185077,90.4342991185077
388,"JAM","Jamaica",32.2655186222641,32.2655186222641,32.2655186222641,32.2655186222641,32.2655186222641,32.2655186222641,32.8279277704929,33.3903369187216,33.9527460669504,34.5151552151792,35.0775643634079,35.6399735116367,36.2023826598654,36.7647918080942,37.3272009563229,37.8896101045517,38.2398385188779,38.590066933204,38.9402953475302,39.2905237618564,39.6407521761825,40.4080587960182,41.175365415854,41.9426720356898,42.7099786555255,42.7099786555255
392,"JPN","Japan",87.7884766001301,87.7884766001301,87.7884766001301,87.7884766001301,87.7884766001301,87.7884766001301,88.8185004545806,89.8485243090311,90.8785481634816,91.9085720179321,92.9385958723826,93.9686197268331,94.9986435812836,96.0286674357341,97.0586912901846,98.088715144635,98.5589601200676,99.0292050955001,99.4994500709326,99.9696950463651,100,100,100,100,100,100
832,"JEY","Jersey",NA,NA,NA,NA,NA,NA,NA,NA,NA,NA,NA,NA,NA,NA,NA,NA,NA,NA,NA,NA,NA,NA,NA,NA,NA,NA
400,"JOR","Jordan",71.5143321116163,71.5143321116163,71.5143321116163,71.5143321116163,71.5143321116163,71.5143321116163,73.4063288123054,75.2983255129945,77.1903222136837,79.0823189143729,80.974315615062,82.8663123157511,84.7583090164403,86.6503057171294,88.5423024178186,90.4342991185077,91.8828763948986,93.3314536712894,94.7800309476803,96.2286082240712,97.677185500462,98.5508624830901,99.4245394657181,100,100,100
398,"KAZ","Kazakhstan",21.5700897385814,21.5700897385814,21.5700897385814,21.5700897385814,21.5700897385814,21.5700897385814,22.5804323848841,23.5907750311869,24.6011176774896,25.6114603237924,26.6218029700951,27.632145616398,28.6424882627008,29.6528309090035,30.6631735553062,31.673516201609,32.772255657351,33.8709951130931,34.9697345688351,36.0684740245772,37.1672134803192,38.0419039156169,38.9165943509146,39.7912847862122,40.6659752215099,40.6659752215099
404,"KEN","Kenya",9.49990662284661,9.49990662284661,9.49990662284661,9.49990662284661,9.49990662284661,9.49990662284661,9.62316360830954,9.74642059377234,9.86967757923526,9.99293456469817,10.1161915501611,10.239448535624,10.3627055210869,10.4859625065497,10.6092194920126,10.7324764774756,11.1207694613178,11.50906244516,11.8973554290022,12.2856484128444,12.6739413966866,12.9723183840301,13.2706953713735,13.569072358717,13.8674493460605,13.8674493460605
296,"KIR","Kiribati",2.16273154193526,2.16273154193526,2.16273154193526,2.16273154193526,2.16273154193526,2.16273154193526,2.34237273951915,2.52201393710303,2.70165513468692,2.88129633227079,3.0609375298547,3.2405787274386,3.42021992502248,3.59986112260637,3.77950232019025,3.95914351777415,4.19907490695191,4.43900629612963,4.67893768530737,4.91886907448513,5.15880046366286,5.49563656769043,5.83247267171811,6.16930877574569,6.50614487977326,6.50614487977326
689,"XKX","Kosovo",NA,NA,NA,NA,NA,NA,NA,NA,NA,NA,NA,NA,NA,NA,NA,NA,NA,NA,NA,NA,NA,NA,NA,NA,NA,NA
414,"KWT","Kuwait",73.6668158899525,73.6668158899525,73.6668158899525,73.6668158899525,73.6668158899525,73.6668158899525,75.1571982652672,76.6475806405819,78.1379630158965,79.6283453912112,81.1187277665259,82.6091101418405,84.0994925171552,85.5898748924698,87.0802572677845,88.5706396430992,89.8282216123616,91.0858035816241,92.3433855508866,93.6009675201491,94.8585494894116,95.8116412581937,96.7647330269759,97.717824795758,98.6709165645401,98.6709165645401
417,"KGZ","Kyrgyzstan",13.8018673577364,13.8018673577364,13.8018673577364,13.8018673577364,13.8018673577364,13.8018673577364,14.3320491849669,14.8622310121975,15.392412839428,15.9225946666586,16.4527764938891,16.9829583211196,17.5131401483502,18.0433219755807,18.5735038028113,19.1036856300418,19.9759394007788,20.8481931715158,21.7204469422527,22.5927007129896,23.4649544837266,24.2953872497166,25.1258200157066,25.9562527816966,26.7866855476866,26.7866855476866
418,"LAO","Laos",0.779008319915633,0.779008319915633,0.779008319915633,0.779008319915633,0.779008319915633,0.779008319915633,1.2426414494457,1.70627457897578,2.16990770850585,2.63354083803593,3.09717396756599,3.56080709709617,4.02444022662624,4.48807335615631,4.95170648568639,5.41533961521644,5.88945338253265,6.36356714984885,6.83768091716502,7.31179468448123,7.78590845179741,8.17855443090511,8.57120041001284,8.96384638912043,9.35649236822815,9.35649236822815
428,"LVA","Latvia",41.6046041567937,41.6046041567937,41.6046041567937,41.6046041567937,41.6046041567937,41.6046041567937,42.376861468655,43.1491187805164,43.9213760923777,44.6936334042391,45.4658907161004,46.2381480279617,47.0104053398231,47.7826626516844,48.5549199635458,49.3271772754071,50.0156376473926,50.704098019378,51.3925583913633,52.0810187633487,52.7694791353342,53.3849817134403,54.0004842915464,54.6159868696527,55.2314894477588,55.2314894477588
422,"LBN","Lebanon",48.4148878197611,48.4148878197611,48.4148878197611,48.4148878197611,48.4148878197611,48.4148878197611,50.1318149700081,51.8487421202552,53.5656692705022,55.2825964207493,56.9995235709964,58.7164507212435,60.4333778714905,62.1503050217376,63.8672321719846,65.5841593222317,67.4196025385171,69.2550457548025,71.090488971088,72.9259321873734,74.7613754036589,76.1475830448821,77.5337906861055,78.9199983273288,80.3062059685521,80.3062059685521
426,"LSO","Lesotho",7.16760723293,7.16760723293,7.16760723293,7.16760723293,7.16760723293,7.16760723293,7.13260385928717,7.09760048564434,7.06259711200153,7.02759373835862,6.9925903647158,6.95758699107296,6.92258361743016,6.88758024378723,6.85257687014442,6.81757349650159,7.0752903343294,7.33300717215721,7.5907240099849,7.84844084781271,8.10615768564051,8.5892931979331,9.07242871022558,9.55556422251807,10.0386997348106,10.0386997348106
430,"LBR","Liberia",4.49351660570399,4.49351660570399,4.49351660570399,4.49351660570399,4.49351660570399,4.49351660570399,4.88381324349797,5.27410988129186,5.66440651908583,6.05470315687971,6.44499979467372,6.8352964324677,7.22559307026158,7.61588970805558,8.00618634584944,8.39648298364344,8.7489166623044,9.10135034096534,9.45378401962618,9.80621769828713,10.1586513769481,10.4785790227908,10.7985066686335,11.1184343144763,11.438361960319,11.438361960319
434,"LBY","Libya",49.34673685947,49.34673685947,49.34673685947,49.34673685947,49.34673685947,49.34673685947,51.5026150098254,53.6584931601809,55.8143713105365,57.970249460892,60.1261276112475,62.282005761603,64.4378839119585,66.5937620623141,68.7496402126695,70.905518363025,71.9434723255308,72.9814262880367,74.0193802505424,75.0573342130483,76.095288175554,77.1924548297349,78.2896214839157,79.3867881380965,80.4839547922773,80.4839547922773
438,"LIE","Liechtenstein",NA,NA,NA,NA,NA,NA,NA,NA,NA,NA,NA,NA,NA,NA,NA,NA,NA,NA,NA,NA,NA,NA,NA,NA,NA,NA
440,"LTU","Lithuania",47.4867056874051,47.4867056874051,47.4867056874051,47.4867056874051,47.4867056874051,47.4867056874051,48.3724101850185,49.258114682632,50.1438191802454,51.0295236778589,51.9152281754724,52.8009326730857,53.6866371706992,54.5723416683126,55.4580461659261,56.3437506635395,57.2211536602184,58.0985566568973,58.9759596535761,59.853362650255,60.7307656469338,61.7190721911603,62.7073787353868,63.6956852796134,64.6839918238398,64.6839918238398
442,"LUX","Luxembourg",87.9082016750319,87.9082016750319,87.9082016750319,87.9082016750319,87.9082016750319,87.9082016750319,88.8651078486263,89.8220140222208,90.7789201958152,91.7358263694096,92.6927325430041,93.6496387165985,94.606544890193,95.5634510637874,96.5203572373818,97.4772634109763,98.3050360306703,99.1328086503643,99.9605812700583,100,100,100,100,100,100,100
446,"MAC","Macao",NA,NA,NA,NA,NA,NA,NA,NA,NA,NA,NA,NA,NA,NA,NA,NA,NA,NA,NA,NA,NA,NA,NA,NA,NA,NA
450,"MDG","Madagascar",2.96966259439779,2.96966259439779,2.96966259439779,2.96966259439779,2.96966259439779,2.96966259439779,3.17367654150301,3.37769048860834,3.58170443571365,3.78571838281889,3.98973232992419,4.19374627702942,4.39776022413463,4.60177417123995,4.80578811834528,5.0098020654505,5.29056099145959,5.5713199174687,5.8520788434779,6.132837769487,6.4135966954961,6.67183748088543,6.93007826627476,7.18831905166419,7.44655983705351,7.44655983705351
454,"MWI","Malawi",2.86761046390602,2.86761046390602,2.86761046390602,2.86761046390602,2.86761046390602,2.86761046390602,3.22825191702265,3.5888933701393,3.94953482325595,4.31017627637249,4.67081772948912,5.03145918260577,5.3921006357224,5.75274208883894,6.11338354195559,6.47402499507224,6.82055602571634,7.16708705636057,7.5136180870047,7.86014911764893,8.20668014829305,8.48968596674011,8.77269178518708,9.05569760363416,9.33870342208122,9.33870342208122
458,"MYS","Malaysia",53.7866841955268,53.7866841955268,53.7866841955268,53.7866841955268,53.7866841955268,53.7866841955268,54.7177360694944,55.6487879434623,56.57983981743,57.5108916913977,58.4419435653655,59.3729954393332,60.3040473133009,61.2350991872686,62.1661510612364,63.0972029352041,63.8886958824194,64.6801888296348,65.4716817768501,66.2631747240655,67.0546676712809,67.9572375756891,68.8598074800973,69.7623773845056,70.6649472889138,70.6649472889138
462,"MDV","Maldives",17.3838289354695,17.3838289354695,17.3838289354695,17.3838289354695,17.3838289354695,17.3838289354695,18.8123268609451,20.2408247864207,21.6693227118963,23.097820637372,24.5263185628475,25.954816488323,27.3833144137987,28.8118123392742,30.2403102647499,31.6688081902254,32.7807257328648,33.8926432755042,35.0045608181438,36.1164783607832,37.2283959034226,38.0723151092763,38.9162343151302,39.760153520984,40.6040727268378,40.6040727268378
466,"MLI","Mali",3.04238162579847,3.04238162579847,3.04238162579847,3.04238162579847,3.04238162579847,3.04238162579847,3.2472311799818,3.45208073416509,3.65693028834842,3.86177984253173,4.06662939671503,4.27147895089844,4.47632850508177,4.68117805926508,4.88602761344841,5.0908771676317,5.29572928834686,5.50058140906202,5.7054335297772,5.91028565049236,6.11513777120753,6.27606110773378,6.43698444426005,6.59790778078619,6.75883111731245,6.75883111731245
470,"MLT","Malta",77.0016782285853,77.0016782285853,77.0016782285853,77.0016782285853,77.0016782285853,77.0016782285853,78.2430280986553,79.4843779687251,80.725727838795,81.9670777088647,83.2084275789346,84.4497774490046,85.6911273190743,86.9324771891443,88.1738270592141,89.415176929284,90.2697807762227,91.1243846231613,91.9789884701,92.8335923170387,93.6881961639774,94.5382451251918,95.3882940864063,96.2383430476208,97.0883920088353,97.0883920088353
584,"MHL","Marshall Islands",11.5769179323951,11.5769179323951,11.5769179323951,11.5769179323951,11.5769179323951,11.5769179323951,11.7177124091374,11.8585068858796,11.9993013626218,12.140095839364,12.2808903161063,12.4216847928486,12.5624792695908,12.7032737463331,12.8440682230754,12.9848626998176,13.3244028364146,13.6639429730117,14.0034831096088,14.3430232462058,14.6825633828029,15.2437257933581,15.8048882039134,16.3660506144685,16.9272130250237,16.9272130250237
478,"MRT","Mauritania",10.2041527931312,10.2041527931312,10.2041527931312,10.2041527931312,10.2041527931312,10.2041527931312,10.604909712515,11.0056666318988,11.4064235512825,11.8071804706663,12.2079373900502,12.608694309434,13.0094512288178,13.4102081482015,13.8109650675853,14.2117219869691,14.7893427654177,15.3669635438662,15.9445843223148,16.5222051007633,17.0998258792118,17.7676839777051,18.4355420761983,19.1034001746916,19.7712582731848,19.7712582731848
480,"MUS","Mauritius",41.2338754913312,41.2338754913312,41.2338754913312,41.2338754913312,41.2338754913312,41.2338754913312,42.4297817998843,43.6256881084375,44.8215944169906,46.0175007255439,47.213407034097,48.4093133426501,49.6052196512033,50.8011259597564,51.9970322683096,53.1929385768628,54.3839368031454,55.5749350294281,56.7659332557107,57.9569314819934,59.1479297082761,60.1782353869906,61.208541065705,62.2388467444195,63.269152423134,63.269152423134
484,"MEX","Mexico",31.4120262986192,31.4120262986192,31.4120262986192,31.4120262986192,31.4120262986192,31.4120262986192,31.7714062862979,32.1307862739766,32.4901662616553,32.8495462493339,33.2089262370127,33.5683062246913,33.92768621237,34.2870662000486,34.6464461877274,35.005826175406,35.4122695234283,35.8187128714506,36.225156219473,36.6315995674953,37.0380429155176,37.6584330782766,38.2788232410354,38.8992134037943,39.5196035665532,39.5196035665532
583,"FSM","Micronesia",9.16711230601442,9.16711230601442,9.16711230601442,9.16711230601442,9.16711230601442,9.16711230601442,9.57400172940523,9.98089115279605,10.387780576187,10.7946699995778,11.2015594229686,11.6084488463594,12.0153382697503,12.4222276931412,12.829117116532,13.2360065399228,13.6660131852913,14.0960198306597,14.5260264760281,14.9560331213966,15.3860397667651,15.8805719702005,16.3751041736359,16.8696363770713,17.3641685805067,17.3641685805067
498,"MDA","Moldova",19.5232283634093,19.5232283634093,19.5232283634093,19.5232283634093,19.5232283634093,19.5232283634093,21.2185677364226,22.9139071094358,24.6092464824491,26.3045858554622,27.9999252284755,29.6952646014888,31.390603974502,33.0859433475152,34.7812827205284,36.4766220935417,37.7753106403435,39.0739991871452,40.3726877339471,41.6713762807488,42.9700648275506,43.9242673149178,44.8784698022849,45.8326722896522,46.7868747770194,46.7868747770194
492,"MCO","Monaco",98.6046250674267,98.6046250674267,98.6046250674267,98.6046250674267,98.6046250674267,98.6046250674267,99.2342685801534,99.8639120928801,100,100,100,100,100,100,100,100,100,100,100,100,100,100,100,100,100,100
496,"MNG","Mongolia",7.15514133758292,7.15514133758292,7.15514133758292,7.15514133758292,7.15514133758292,7.15514133758292,7.91912857443586,8.68311581128893,9.4471030481419,10.2110902849948,10.9750775218479,11.7390647587009,12.5030519955538,13.2670392324068,14.0310264692598,14.7950137061128,15.9234549337864,17.0518961614601,18.1803373891337,19.3087786168074,20.437219844481,21.0235566946983,21.6098935449155,22.1962303951327,22.7825672453499,22.7825672453499
499,"MNE","Montenegro",27.4628371596077,27.4628371596077,27.4628371596077,27.4628371596077,27.4628371596077,27.4628371596077,27.8932884416088,28.3237397236099,28.7541910056112,29.1846422876123,29.6150935696135,30.0455448516146,30.4759961336157,30.906447415617,31.3368986976181,31.7673499796193,32.0302382815763,32.2931265835332,32.5560148854902,32.8189031874471,33.0817914894041,33.5153755143222,33.9489595392401,34.382543564158,34.816127589076,34.816127589076
504,"MAR","Morocco",22.1118715789647,22.1118715789647,22.1118715789647,22.1118715789647,22.1118715789647,22.1118715789647,23.0443268743498,23.9767821697348,24.90923746512,25.8416927605051,26.7741480558902,27.7066033512753,28.6390586466604,29.5715139420456,30.5039692374307,31.4364245328158,32.7227196905069,34.0090148481981,35.2953100058892,36.5816051635804,37.8679003212715,39.5482620898804,41.2286238584892,42.908985627098,44.5893473957069,44.5893473957069
508,"MOZ","Mozambique",3.46263760767231,3.46263760767231,3.46263760767231,3.46263760767231,3.46263760767231,3.46263760767231,3.60805492456272,3.75347224145315,3.89888955834357,4.044306875234,4.18972419212454,4.33514150901485,4.48055882590536,4.62597614279581,4.77139345968622,4.91681077657664,5.12786838170238,5.33892598682824,5.54998359195399,5.76104119707985,5.97209880220561,6.24078241999379,6.50946603778189,6.77814965557008,7.04683327335817,7.04683327335817
104,"MMR","Myanmar",1.84895336585221,1.84895336585221,1.84895336585221,1.84895336585221,1.84895336585221,1.84895336585221,2.44293352440964,3.03691368296715,3.63089384152455,4.22487400008198,4.8188541586395,5.41283431719691,6.00681447575433,6.60079463431175,7.19477479286925,7.78875495142668,8.29511388453545,8.80147281764422,9.30783175075291,9.81419068386168,10.3205496169705,10.8252992420484,11.3300488671264,11.8347984922044,12.3395481172823,12.3395481172823
516,"NAM","Namibia",10.2601526607622,10.2601526607622,10.2601526607622,10.2601526607622,10.2601526607622,10.2601526607622,10.7218764728352,11.1836002849082,11.6453240969812,12.1070479090542,12.5687717211272,13.0304955332003,13.4922193452732,13.9539431573463,14.4156669694193,14.8773907814923,15.5082360578788,16.1390813342651,16.7699266106516,17.400771887038,18.0316171634245,18.6188816004894,19.2061460375542,19.7934104746191,20.380674911684,20.380674911684
520,"NRU","Nauru",20.8936411723941,20.8936411723941,20.8936411723941,20.8936411723941,20.8936411723941,20.8936411723941,21.5404889431518,22.1873367139096,22.8341844846673,23.481032255425,24.1278800261829,24.7747277969406,25.4215755676983,26.068423338456,26.7152711092138,27.3621188799715,28.6874039835477,30.0126890871239,31.3379741907001,32.6632592942763,33.9885443978525,35.1694857852563,36.3504271726602,37.5313685600641,38.712309947468,38.712309947468
524,"NPL","Nepal",4.97207076419394,4.97207076419394,4.97207076419394,4.97207076419394,4.97207076419394,4.97207076419394,5.39142374411982,5.81077672404575,6.2301297039716,6.64948268389756,7.06883566382341,7.48818864374925,7.90754162367521,8.32689460360106,8.74624758352702,9.16560056345287,9.7430317535523,10.3204629436517,10.8978941337512,11.4753253238506,12.0527565139501,12.559143057314,13.0655296006779,13.5719161440417,14.0783026874056,14.0783026874056
528,"NLD","Netherlands",90.5366724404311,90.5366724404311,90.5366724404311,90.5366724404311,90.5366724404311,90.5366724404311,91.6682960536835,92.7999196669358,93.9315432801882,95.0631668934405,96.1947905066929,97.3264141199452,98.4580377331976,99.5896613464499,100,100,100,100,100,100,100,100,100,100,100,100
540,"NCL","New Caledonia",NA,NA,NA,NA,NA,NA,NA,NA,NA,NA,NA,NA,NA,NA,NA,NA,NA,NA,NA,NA,NA,NA,NA,NA,NA,NA
554,"NZL","New Zealand",81.842042282305,81.842042282305,81.842042282305,81.842042282305,81.842042282305,81.842042282305,82.8369461071449,83.8318499319849,84.8267537568248,85.8216575816647,86.8165614065046,87.8114652313446,88.8063690561845,89.8012728810244,90.7961767058644,91.7910805307043,92.5651899022927,93.3392992738811,94.1134086454695,94.8875180170579,95.6616273886462,96.1404087750754,96.6191901615045,97.0979715479336,97.5767529343628,97.5767529343628
558,"NIC","Nicaragua",16.6580538054522,16.6580538054522,16.6580538054522,16.6580538054522,16.6580538054522,16.6580538054522,16.9943135296527,17.3305732538531,17.6668329780537,18.0030927022542,18.3393524264548,18.6756121506552,19.0118718748558,19.3481315990563,19.6843913232567,20.0206510474573,20.4950165777922,20.9693821081271,21.443747638462,21.9181131687969,22.3924786991318,22.8261345633634,23.2597904275949,23.6934462918264,24.1271021560579,24.1271021560579
562,"NER","Niger",0.130627446444834,0.130627446444834,0.130627446444834,0.130627446444834,0.130627446444834,0.130627446444834,0.543793244606817,0.956959042768688,1.37012484093067,1.78329063909266,2.19645643725461,2.6096222354165,3.02278803357846,3.43595383174045,3.84911962990232,4.26228542806429,4.31863646404609,4.37498750002779,4.43133853600955,4.48768957199125,4.54404060797305,4.75950577443442,4.9749709408958,5.1904361073572,5.40590127381857,5.40590127381857
566,"NGA","Nigeria",3.16335844693728,3.16335844693728,3.16335844693728,3.16335844693728,3.16335844693728,3.16335844693728,3.62047703253536,4.07759561813343,4.53471420373151,4.99183278932958,5.44895137492766,5.90606996052563,6.36318854612371,6.82030713172179,7.27742571731987,7.73454430291794,8.14628608009257,8.55802785726728,8.9697696344419,9.38151141161661,9.79325318879124,10.2729514793953,10.7526497699993,11.2323480606033,11.7120463512074,11.7120463512074
570,"NIU","Niue",26.5803586140144,26.5803586140144,26.5803586140144,26.5803586140144,26.5803586140144,26.5803586140144,27.7706495156608,28.9609404173071,30.1512313189535,31.3415222205998,32.5318131222462,33.7221040238925,34.9123949255388,36.1026858271853,37.2929767288316,38.4832676304779,39.4181436220701,40.3530196136623,41.2878956052545,42.2227715968467,43.157647588439,43.7569676887624,44.356287789086,44.9556078894094,45.5549279897328,45.5549279897328
408,"PRK","North Korea",8.01203758583465,8.01203758583465,8.01203758583465,8.01203758583465,8.01203758583465,8.01203758583465,8.29453380724293,8.57703002865119,8.85952625005946,9.14202247146773,9.42451869287599,9.70701491428427,9.98951113569254,10.2720073571008,10.5545035785091,10.8369997999174,11.3563782089249,11.8757566179325,12.39513502694,12.9145134359476,13.4338918449552,13.8385267916398,14.2431617383245,14.6477966850092,15.0524316316939,15.0524316316939
807,"MKD","North Macedonia",23.5838655339543,23.5838655339543,23.5838655339543,23.5838655339543,23.5838655339543,23.5838655339543,24.1924048322953,24.8009441306362,25.4094834289772,26.0180227273181,26.6265620256591,27.235101324,27.843640622341,28.452179920682,29.0607192190229,29.6692585173639,30.2119285952285,30.7545986730932,31.2972687509579,31.8399388288226,32.3826089066872,32.9039022144296,33.425195522172,33.9464888299145,34.4677821376569,34.4677821376569
578,"NOR","Norway",93.8980160182113,93.8980160182113,93.8980160182113,93.8980160182113,93.8980160182113,93.8980160182113,94.8444380903452,95.7908601624791,96.737282234613,97.6837043067469,98.6301263788808,99.5765484510148,100,100,100,100,100,100,100,100,100,100,100,100,100,100
512,"OMN","Oman",35.6662954503086,35.6662954503086,35.6662954503086,35.6662954503086,35.6662954503086,35.6662954503086,37.6472291964416,39.6281629425745,41.6090966887076,43.5900304348406,45.5709641809736,47.5518979271065,49.5328316732396,51.5137654193726,53.4946991655055,55.4756329116385,57.2064513343191,58.9372697569998,60.6680881796804,62.3989066023611,64.1297250250417,65.8013668354754,67.4730086459093,69.144650456343,70.8162922667768,70.8162922667768
586,"PAK","Pakistan",5.03679686194364,5.03679686194364,5.03679686194364,5.03679686194364,5.03679686194364,5.03679686194364,5.35284941409687,5.6689019662502,5.98495451840355,6.30100707055678,6.61705962271012,6.93311217486334,7.24916472701668,7.56521727917003,7.88126983132325,8.19732238347657,8.67535328726331,9.15338419105002,9.63141509483685,10.1094459986236,10.5874769024103,11.1718073683856,11.7561378343609,12.3404683003362,12.9247987663115,12.9247987663115
585,"PLW","Palau",86.5537359783712,86.5537359783712,86.5537359783712,86.5537359783712,86.5537359783712,86.5537359783712,86.7945930248496,87.035450071328,87.2763071178064,87.5171641642848,87.7580212107631,87.9988782572415,88.2397353037199,88.4805923501983,88.7214493966767,88.9623064431551,88.4111070668349,87.8599076905147,87.3087083141945,86.7575089378744,86.2063095615542,87.4478813329266,88.689453104299,89.9310248756715,91.1725966470439,91.1725966470439
591,"PAN","Panama",34.4693536057657,34.4693536057657,34.4693536057657,34.4693536057657,34.4693536057657,34.4693536057657,34.931735844634,35.3941180835024,35.8565003223707,36.3188825612391,36.7812648001075,37.2436470389758,37.7060292778442,38.1684115167125,38.6307937555809,39.0931759944492,39.9354349937102,40.7776939929714,41.6199529922324,42.4622119914935,43.3044709907546,44.3103348824209,45.3161987740873,46.3220626657538,47.3279265574202,47.3279265574202
598,"PNG","Papua New Guinea",2.69868038060079,2.69868038060079,2.69868038060079,2.69868038060079,2.69868038060079,2.69868038060079,2.73220004214532,2.76571970368987,2.79923936523451,2.83275902677906,2.8662786883236,2.89979834986814,2.93331801141268,2.96683767295734,3.00035733450187,3.0338769960464,3.23190184600027,3.42992669595411,3.62795154590786,3.82597639586169,4.02400124581555,4.2156353323282,4.40726941884097,4.59890350535362,4.79053759186627,4.79053759186627
600,"PRY","Paraguay",20.21730616914,20.21730616914,20.21730616914,20.21730616914,20.21730616914,20.21730616914,20.6003852758631,20.9834643825861,21.3665434893092,21.7496225960322,22.1327017027553,22.5157808094783,22.8988599162013,23.2819390229244,23.6650181296474,24.0480972363705,24.8377708266812,25.6274444169917,26.4171180073024,27.206791597613,27.9964651879237,28.6335602889877,29.2706553900517,29.9077504911157,30.5448455921798,30.5448455921798
604,"PER","Peru",24.9552401076493,24.9552401076493,24.9552401076493,24.9552401076493,24.9552401076493,24.9552401076493,25.4691077471971,25.9829753867451,26.4968430262929,27.0107106658409,27.5245783053887,28.0384459449366,28.5523135844845,29.0661812240324,29.5800488635803,30.0939165031282,31.2417289613418,32.3895414195555,33.5373538777691,34.6851663359827,35.8329787941963,36.9854304958123,38.1378821974284,39.2903338990444,40.4427856006604,40.4427856006604
608,"PHL","Philippines",15.9369209961602,15.9369209961602,15.9369209961602,15.9369209961602,15.9369209961602,15.9369209961602,15.8166778656314,15.6964347351026,15.5761916045739,15.4559484740451,15.3357053435163,15.2154622129875,15.0952190824587,14.9749759519299,14.8547328214011,14.7344896908723,15.2357368805084,15.7369840701444,16.2382312597805,16.7394784494165,17.2407256390525,17.8535376272756,18.4663496154986,19.0791616037217,19.6919735919447,19.6919735919447
616,"POL","Poland",36.3681292370038,36.3681292370038,36.3681292370038,36.3681292370038,36.3681292370038,36.3681292370038,37.0944862624715,37.820843287939,38.5472003134067,39.2735573388743,39.9999143643419,40.7262713898096,41.4526284152772,42.1789854407448,42.9053424662124,43.6316994916801,44.3343978420471,45.0370961924141,45.7397945427811,46.4424928931481,47.1451912435151,47.7821128091,48.4190343746849,49.0559559402698,49.6928775058547,49.6928775058547
620,"PRT","Portugal",61.3872331069019,61.3872331069019,61.3872331069019,61.3872331069019,61.3872331069019,61.3872331069019,62.8475608459191,64.3078885849363,65.7682163239535,67.2285440629707,68.6888718019879,70.149199541005,71.6095272800223,73.0698550190394,74.5301827580567,75.9905104970738,77.1653497141981,78.3401889313223,79.5150281484466,80.6898673655709,81.8647065826951,82.8495045112561,83.8343024398171,84.8191003683781,85.8038982969391,85.8038982969391
634,"QAT","Qatar",86.1381707004064,86.1381707004064,86.1381707004064,86.1381707004064,86.1381707004064,86.1381707004064,87.6977392428684,89.2573077853303,90.8168763277923,92.3764448702542,93.9360134127162,95.4955819551782,97.0551504976401,98.6147190401021,100,100,100,100,100,100,100,100,100,100,100,100
178,"COG","Republic of Congo",7.51167249254196,7.51167249254196,7.51167249254196,7.51167249254196,7.51167249254196,7.51167249254196,8.00319821643473,8.49472394032743,8.98624966422022,9.4777753881129,9.96930111200571,10.4608268358985,10.9523525597912,11.443878283684,11.9354040075767,12.4269297314695,13.1495051701031,13.8720806087367,14.5946560473703,15.317231486004,16.0398069246376,16.701800390886,17.3637938571344,18.0257873233829,18.6877807896313,18.6877807896313
642,"ROU","Romania",27.6568204373592,27.6568204373592,27.6568204373592,27.6568204373592,27.6568204373592,27.6568204373592,28.7281609028989,29.7995013684385,30.8708418339781,31.9421822995178,33.0135227650574,34.0848632305971,35.1562036961367,36.2275441616763,37.298884627216,38.3702250927556,39.1774029468968,39.984580801038,40.7917586551792,41.5989365093204,42.4061143634616,42.9803771127013,43.554639861941,44.1289026111807,44.7031653604204,44.7031653604204
643,"RUS","Russia",43.9288102369953,43.9288102369953,43.9288102369953,43.9288102369953,43.9288102369953,43.9288102369953,45.0729586589826,46.2171070809699,47.3612555029573,48.5054039249446,49.6495523469318,50.7937007689191,51.9378491909064,53.0819976128938,54.226146034881,55.3702944568683,56.4214992022248,57.4727039475812,58.5239086929377,59.5751134382941,60.6263181836506,61.404791918358,62.1832656530655,62.961739387773,63.7402131224805,63.7402131224805
646,"RWA","Rwanda",2.88333143583914,2.88333143583914,2.88333143583914,2.88333143583914,2.88333143583914,2.88333143583914,3.47759986042813,4.071868285017,4.66613670960599,5.26040513419495,5.85467355878394,6.44894198337282,7.04321040796181,7.63747883255078,8.23174725713966,8.82601568172865,9.20749522877274,9.58897477581674,9.97045432286085,10.3519338699048,10.7334134169489,10.9934621949821,11.2535109730153,11.5135597510486,11.7736085290818,11.7736085290818
652,"BLM","Saint Barthelemy",NA,NA,NA,NA,NA,NA,NA,NA,NA,NA,NA,NA,NA,NA,NA,NA,NA,NA,NA,NA,NA,NA,NA,NA,NA,NA
659,"KNA","Saint Kitts and Nevis",40.3187054423768,40.3187054423768,40.3187054423768,40.3187054423768,40.3187054423768,40.3187054423768,41.4600321466633,42.6013588509497,43.7426855552362,44.8840122595227,46.0253389638092,47.1666656680957,48.3079923723821,49.4493190766686,50.5906457809551,51.7319724852416,52.4602698568974,53.1885672285532,53.9168646002092,54.645161971865,55.3734593435208,56.0194547285486,56.6654501135764,57.3114454986042,57.957440883632,57.957440883632
662,"LCA","Saint Lucia",33.7012013731224,33.7012013731224,33.7012013731224,33.7012013731224,33.7012013731224,33.7012013731224,34.9974096619281,36.2936179507337,37.5898262395394,38.8860345283451,40.1822428171508,41.4784511059565,42.7746593947622,44.0708676835679,45.3670759723735,46.6632842611792,47.6492902550857,48.6352962489921,49.6213022428985,50.6073082368049,51.5933142307113,52.11136547702,52.6294167233288,53.1474679696375,53.6655192159462,53.6655192159462
670,"VCT","Saint Vincent and the Grenadines",33.7847542309222,33.7847542309222,33.7847542309222,33.7847542309222,33.7847542309222,33.7847542309222,34.9255051602266,36.0662560895309,37.2070070188353,38.3477579481396,39.488508877444,40.6292598067484,41.7700107360526,42.910761665357,44.0515125946613,45.1922635239657,45.6455638402318,46.0988641564978,46.5521644727639,47.0054647890299,47.4587651052959,48.0872356996496,48.7157062940034,49.3441768883571,49.9726474827108,49.9726474827108
882,"WSM","Samoa",10.9292835370917,10.9292835370917,10.9292835370917,10.9292835370917,10.9292835370917,10.9292835370917,10.9927061359739,11.0561287348562,11.1195513337384,11.1829739326206,11.2463965315029,11.3098191303851,11.3732417292673,11.4366643281495,11.5000869270317,11.5635095259139,11.7534122630957,11.9433150002773,12.1332177374591,12.3231204746407,12.5130232118225,12.9905408079815,13.4680584041407,13.9455760002999,14.4230935964589,14.4230935964589
674,"SMR","San Marino",92.3254234842237,92.3254234842237,92.3254234842237,92.3254234842237,92.3254234842237,92.3254234842237,93.0333912890067,93.7413590937896,94.4493268985725,95.1572947033554,95.8652625081384,96.5732303129213,97.2811981177042,97.9891659224871,98.6971337272701,99.405101532053,99.6758866884414,99.9466718448298,100,100,100,100,100,100,100,100
678,"STP","Sao Tome and Principe",7.53234063180027,7.53234063180027,7.53234063180027,7.53234063180027,7.53234063180027,7.53234063180027,7.88630976114366,8.24027889048718,8.59424801983057,8.94821714917397,9.30218627851737,9.65615540786087,10.0101245372043,10.3640936665477,10.7180627958912,11.0720319252346,11.5828917733396,12.0937516214447,12.6046114695498,13.1154713176549,13.6263311657599,14.2224378240477,14.8185444823355,15.4146511406232,16.0107577989111,16.0107577989111
682,"SAU","Saudi Arabia",37.8765853254739,37.8765853254739,37.8765853254739,37.8765853254739,37.8765853254739,37.8765853254739,40.0223992444521,42.1682131634303,44.3140270824084,46.4598410013866,48.6056549203648,50.751468839343,52.8972827583211,55.0430966772992,57.1889105962774,59.3347245152556,61.3363563935015,63.3379882717473,65.3396201499932,67.341252028239,69.3428839064849,71.0508021916052,72.7587204767255,74.4666387618457,76.174557046966,76.174557046966
686,"SEN","Senegal",8.73420840513941,8.73420840513941,8.73420840513941,8.73420840513941,8.73420840513941,8.73420840513941,8.88983581871422,9.04546323228914,9.20109064586393,9.35671805943885,9.51234547301364,9.66797288658846,9.82360030016338,9.97922771373818,10.134855127313,10.2904825408879,10.4019204386953,10.5133583365027,10.6247962343102,10.7362341321176,10.847672029925,11.2072564766921,11.5668409234593,11.9264253702264,12.2860098169936,12.2860098169936
688,"SRB","Serbia",23.9493972940346,23.9493972940346,23.9493972940346,23.9493972940346,23.9493972940346,23.9493972940346,24.8245837094415,25.6997701248482,26.5749565402551,27.4501429556618,28.3253293710685,29.2005157864754,30.0757022018821,30.950888617289,31.8260750326957,32.7012614481026,33.5037751181053,34.306288788108,35.1088024581108,35.9113161281135,36.7138297981162,37.2129610577732,37.7120923174302,38.2112235770872,38.7103548367442,38.7103548367442
690,"SYC","Seychelles",53.3683485478284,53.3683485478284,53.3683485478284,53.3683485478284,53.3683485478284,53.3683485478284,54.4909262158085,55.6135038837886,56.7360815517686,57.8586592197488,58.9812368877289,60.103814555709,61.2263922236891,62.3489698916691,63.4715475596492,64.5941252276293,65.3568786118319,66.1196319960345,66.8823853802371,67.6451387644398,68.4078921486423,69.3753151542872,70.3427381599319,71.3101611655766,72.2775841712214,72.2775841712214
694,"SLE","Sierra Leone",1.29885091904842,1.29885091904842,1.29885091904842,1.29885091904842,1.29885091904842,1.29885091904842,1.51573004048251,1.73260916191661,1.9494882833506,2.16636740478472,2.38324652621881,2.60012564765293,2.81700476908703,3.03388389052103,3.25076301195513,3.46764213338925,3.9348068759252,4.40197161846118,4.86913636099725,5.3363011035332,5.80346584606919,6.11103362022352,6.4186013943778,6.72616916853215,7.03373694268643,7.03373694268643
702,"SGP","Singapore",71.1341933567593,71.1341933567593,71.1341933567593,71.1341933567593,71.1341933567593,71.1341933567593,73.0744412651265,75.0146891734936,76.9549370818608,78.895184990228,80.8354328985953,82.7756808069624,84.7159287153296,86.6561766236968,88.5964245320639,90.5366724404311,91.7174233262791,92.898174212127,94.078925097975,95.2596759838229,96.4404268696709,97.3343996652424,98.228372460814,99.1223452563856,100,100
534,"SXM","Sint Maarten",NA,NA,NA,NA,NA,NA,NA,NA,NA,NA,NA,NA,NA,NA,NA,NA,NA,NA,NA,NA,NA,NA,NA,NA,NA,NA
703,"SVK","Slovakia",61.3916681054798,61.3916681054798,61.3916681054798,61.3916681054798,61.3916681054798,61.3916681054798,62.1664769476842,62.9412857898886,63.7160946320929,64.4909034742973,65.2657123165017,66.0405211587062,66.8153300009106,67.5901388431149,68.3649476853193,69.1397565275237,69.8204371657184,70.5011178039131,71.1817984421078,71.8624790803025,72.5431597184972,73.1952297718499,73.8472998252026,74.4993698785553,75.1514399319081,75.1514399319081
705,"SVN","Slovenia",47.2400573360878,47.2400573360878,47.2400573360878,47.2400573360878,47.2400573360878,47.2400573360878,48.0435802709292,48.8471032057708,49.6506261406123,50.4541490754539,51.2576720102955,52.061194945137,52.8647178799785,53.66824081482,54.4717637496616,55.2752866845031,55.9065572171158,56.5378277497284,57.169098282341,57.8003688149536,58.4316393475663,58.9748581157729,59.5180768839795,60.061295652186,60.6045144203926,60.6045144203926
90,"SLB","Solomon Islands",0,0,0,0,0,0,0,0,0,0,0,0,0,0,0,0,0,0,0,0,0,0,0,0,0,0
706,"SOM","Somalia",0,0,0,0,0,0,0,0,0,0,0.0797590683769158,0.159573850982511,0.239388633588092,0.319203416193787,0.399018198799396,0.478832981404977,0.687285136073854,0.895737290742701,1.10418944541159,1.31264160008044,1.52109375474933,1.67648887382344,1.83188399289756,1.9872791119718,2.14267423104592,2.14267423104592
710,"ZAF","South Africa",18.6024073689494,18.6024073689494,18.6024073689494,18.6024073689494,18.6024073689494,18.6024073689494,19.3640508815117,20.1256943940739,20.8873379066362,21.6489814191983,22.4106249317607,23.1722684443229,23.9339119568851,24.6955554694474,25.4571989820096,26.2188424945719,27.3049980041748,28.3911535137776,29.4773090233805,30.5634645329833,31.6496200425862,32.7821816423863,33.9147432421863,35.0473048419864,36.1798664417865,36.1798664417865
410,"KOR","South Korea",78.810884339257,78.810884339257,78.810884339257,78.810884339257,78.810884339257,78.810884339257,80.6676658438252,82.5244473483934,84.3812288529615,86.2380103575297,88.0947918620979,89.951573366666,91.8083548712342,93.6651363758024,95.5219178803705,97.3786993849387,98.5074808072292,99.6362622295197,100,100,100,100,100,100,100,100
728,"SSD","South Sudan",4.26565856471744,4.26565856471744,4.26565856471744,4.26565856471744,4.26565856471744,4.26565856471744,4.4665224877207,4.66738641072408,4.86825033372735,5.0691142567307,5.26997817973397,5.47084210273735,5.6717060257407,5.87256994874397,6.07343387174724,6.27429779475061,6.37214855270815,6.46999931066568,6.56785006862312,6.66570082658066,6.76355158453819,7.1979843338717,7.6324170832053,8.06684983253889,8.5012825818724,8.5012825818724
724,"ESP","Spain",64.9894972650359,64.9894972650359,64.9894972650359,64.9894972650359,64.9894972650359,64.9894972650359,65.9690086667575,66.9485200684792,67.9280314702008,68.9075428719225,69.8870542736442,70.8665656753658,71.8460770770875,72.8255884788091,73.8050998805308,74.7846112822525,75.5830738645105,76.3815364467685,77.1799990290265,77.9784616112845,78.7769241935425,79.4161210577025,80.0553179218625,80.6945147860225,81.3337116501824,81.3337116501824
144,"LKA","Sri Lanka",18.2622732431468,18.2622732431468,18.2622732431468,18.2622732431468,18.2622732431468,18.2622732431468,18.648711724161,19.0351502051752,19.4215886861895,19.8080271672037,20.1944656482179,20.5809041292322,20.9673426102463,21.3537810912606,21.7402195722748,22.1266580532891,22.6169987154115,23.107339377534,23.5976800396563,24.0880207017787,24.5783613639012,25.2591652590249,25.9399691541487,26.6207730492725,27.3015769443962,27.3015769443962
275,"PSE","State of Palestine",34.4746444610279,34.4746444610279,34.4746444610279,34.4746444610279,34.4746444610279,34.4746444610279,35.9884117134595,37.5021789658912,39.0159462183227,40.5297134707543,42.043480723186,43.5572479756176,45.0710152280492,46.5847824804807,48.0985497329124,49.612316985344,50.7762710475149,51.9402251096858,53.1041791718568,54.2681332340277,55.4320872961986,56.7233491017899,58.0146109073814,59.3058727129728,60.5971345185641,60.5971345185641
729,"SDN","Sudan",6.35721737191213,6.35721737191213,6.35721737191213,6.35721737191213,6.35721737191213,6.35721737191213,6.90712735291746,7.45703733392268,8.0069473149279,8.5568572959332,9.10676727693854,9.65667725794377,10.2065872389491,10.7564972199543,11.3064072009596,11.8563171819648,12.6015858291799,13.346854476395,14.0921231236101,14.8373917708252,15.5826604180403,16.6216402081022,17.6606199981642,18.6995997882262,19.738579578288,19.738579578288
740,"SUR","Suriname",25.3487928499637,25.3487928499637,25.3487928499637,25.3487928499637,25.3487928499637,25.3487928499637,26.1496910572422,26.9505892645209,27.7514874717994,28.552385679078,29.3532838863565,30.1541820936352,30.9550803009138,31.7559785081923,32.556876715471,33.3577749227495,34.0789589298313,34.8001429369131,35.5213269439948,36.2425109510766,36.9636949581584,37.5544195633355,38.1451441685126,38.7358687736897,39.3265933788667,39.3265933788667
752,"SWE","Sweden",92.4479168299166,92.4479168299166,92.4479168299166,92.4479168299166,92.4479168299166,92.4479168299166,93.2912458237678,94.1345748176191,94.9779038114703,95.8212328053215,96.6645617991728,97.507890793024,98.3512197868752,99.1945487807265,100,100,100,100,100,100,100,100,100,100,100,100
756,"CHE","Switzerland",100,100,100,100,100,100,100,100,100,100,100,100,100,100,100,100,100,100,100,100,100,100,100,100,100,100
760,"SYR","Syria",50.7401076429545,50.7401076429545,50.7401076429545,50.7401076429545,50.7401076429545,50.7401076429545,52.8708626218665,55.0016176007787,57.1323725796907,59.2631275586027,61.3938825375149,63.5246375164269,65.655392495339,67.786147474251,69.9169024531631,72.0476574320752,73.0128096285062,73.9779618249373,74.9431140213683,75.9082662177995,76.8734184142305,78.3522396434969,79.8310608727633,81.3098821020297,82.7887033312961,82.7887033312961
158,"TWN","Taiwan",43.9285510249093,43.9285510249093,43.9285510249093,43.9285510249093,43.9285510249093,43.9285510249093,45.0924129684344,46.2562749119596,47.4201368554847,48.5839987990099,49.7478607425351,50.9117226860603,52.0755846295854,53.2394465731106,54.4033085166357,55.5671704601609,56.2675085068517,56.9678465535425,57.6681846002333,58.3685226469241,59.0688606936149,59.6131437249415,60.1574267562681,60.7017097875947,61.2459928189213,61.2459928189213
762,"TJK","Tajikistan",9.1685410534361,9.1685410534361,9.1685410534361,9.1685410534361,9.1685410534361,9.1685410534361,9.71426612323489,10.2599911930337,10.8057162628326,11.3514413326314,11.8971664024302,12.4428914722291,12.9886165420279,13.5343416118267,14.0800666816255,14.6257917514243,15.3115242563463,15.9972567612682,16.6829892661901,17.368721771112,18.054454276034,18.6734309234283,19.2924075708227,19.9113842182171,20.5303608656115,20.5303608656115
834,"TZA","Tanzania",5.46113804171685,5.46113804171685,5.46113804171685,5.46113804171685,5.46113804171685,5.46113804171685,5.73081671500317,6.00049538828939,6.27017406157573,6.53985273486195,6.80953140814829,7.07921008143462,7.34888875472083,7.61856742800717,7.88824610129342,8.15792477457971,8.38755979582047,8.6171948170612,8.84682983830201,9.07646485954277,9.30609988078349,9.63158706961016,9.95707425843686,10.2825614472635,10.6080486360902,10.6080486360902
764,"THA","Thailand",25.0119365760478,25.0119365760478,25.0119365760478,25.0119365760478,25.0119365760478,25.0119365760478,25.8547956796891,26.6976547833304,27.5405138869716,28.3833729906128,29.2262320942541,30.0690911978954,30.9119503015367,31.7548094051779,32.5976685088191,33.4405276124604,34.1767897716065,34.9130519307526,35.6493140898989,36.385576249045,37.1218384081911,37.8663425991792,38.6108467901675,39.3553509811558,40.0998551721439,40.0998551721439
626,"TLS","Timor-Leste",5.01882001056973,5.01882001056973,5.01882001056973,5.01882001056973,5.01882001056973,5.01882001056973,5.5420099434798,6.06519987638974,6.58838980929978,7.11157974220976,7.6347696751198,8.15795960802986,8.68114954093981,9.20433947384987,9.72752940675983,10.2507193396699,10.3942000075659,10.537680675462,10.681161343358,10.8246420112541,10.9681226791501,11.1119633089466,11.2558039387431,11.3996445685394,11.5434851983359,11.5434851983359
768,"TGO","Togo",5.87037857415699,5.87037857415699,5.87037857415699,5.87037857415699,5.87037857415699,5.87037857415699,6.01949192134302,6.16860526852903,6.31771861571507,6.4668319629012,6.6159453100872,6.76505865727323,6.91417200445926,7.06328535164528,7.21239869883142,7.36151204601742,7.7597391762511,8.15796630648477,8.55619343671833,8.954420566952,9.35264769718569,9.67762325082006,10.0025988044544,10.3275743580887,10.6525499117231,10.6525499117231
776,"TON","Tonga",17.1831073018994,17.1831073018994,17.1831073018994,17.1831073018994,17.1831073018994,17.1831073018994,17.4733628306659,17.7636183594325,18.0538738881989,18.3441294169655,18.634384945732,18.9246404744985,19.2148960032651,19.5051515320315,19.7954070607981,20.0856625895646,20.4800212509703,20.8743799123759,21.2687385737815,21.6630972351871,22.0574558965928,22.6287409701888,23.2000260437847,23.7713111173808,24.3425961909767,24.3425961909767
780,"TTO","Trinidad and Tobago",68.5773815067407,68.5773815067407,68.5773815067407,68.5773815067407,68.5773815067407,68.5773815067407,70.0311953389049,71.4850091710692,72.9388230032334,74.3926368353977,75.846450667562,77.3002644997262,78.7540783318905,80.2078921640547,81.661705996219,83.1155198283832,83.9721939026904,84.8288679769976,85.6855420513049,86.542216125612,87.3988901999192,87.9496395499669,88.5003889000146,89.0511382500623,89.60188760011,89.60188760011
788,"TUN","Tunisia",45.6786629136762,45.6786629136762,45.6786629136762,45.6786629136762,45.6786629136762,45.6786629136762,47.8810471729361,50.083431432196,52.2858156914559,54.4881999507158,56.6905842099757,58.8929684692356,61.0953527284955,63.2977369877554,65.5001212470152,67.7025055062751,69.21407670832,70.7256479103648,72.2372191124097,73.7487903144545,75.2603615164994,76.7200102845261,78.179659052553,79.6393078205797,81.0989565886065,81.0989565886065
792,"TUR","Turkey",46.2099639803545,46.2099639803545,46.2099639803545,46.2099639803545,46.2099639803545,46.2099639803545,47.8514187775368,49.492873574719,51.1343283719012,52.7757831690834,54.4172379662655,56.0586927634477,57.70014756063,59.3416023578122,60.9830571549944,62.6245119521766,64.0489140221971,65.4733160922176,66.897718162238,68.3221202322586,69.7465223022791,71.3535309884508,72.9605396746225,74.5675483607943,76.174557046966,76.174557046966
795,"TKM","Turkmenistan",60.7695497225688,60.7695497225688,60.7695497225688,60.7695497225688,60.7695497225688,60.7695497225688,61.7490222733269,62.728494824085,63.7079673748431,64.6874399256011,65.6669124763592,66.6463850271173,67.6258575778753,68.6053301286334,69.5848026793915,70.5642752301496,72.2757252851834,73.9871753402173,75.6986253952511,77.4100754502849,79.1215255053188,80.1328206766632,81.1441158480076,82.1554110193521,83.1667061906965,83.1667061906965
796,"TCA","Turks and Caicos Islands",NA,NA,NA,NA,NA,NA,NA,NA,NA,NA,NA,NA,NA,NA,NA,NA,NA,NA,NA,NA,NA,NA,NA,NA,NA,NA
798,"TUV","Tuvalu",14.7890637190571,14.7890637190571,14.7890637190571,14.7890637190571,14.7890637190571,14.7890637190571,15.6769420986591,16.5648204782612,17.4526988578632,18.3405772374652,19.2284556170672,20.1163339966694,21.0042123762714,21.8920907558734,22.7799691354755,23.6678475150775,24.5769692226846,25.4860909302917,26.3952126378988,27.3043343455059,28.213456053113,29.1930024964694,30.1725489398258,31.1520953831822,32.1316418265385,32.1316418265385
800,"UGA","Uganda",5.00281819259773,5.00281819259773,5.00281819259773,5.00281819259773,5.00281819259773,5.00281819259773,5.36342652234299,5.7240348520881,6.08464318183333,6.44525151157846,6.8058598413237,7.16646817106896,7.52707650081406,7.88768483055929,8.24829316030443,8.60890149004966,8.87342584099703,9.13795019194451,9.40247454289185,9.66699889383932,9.93152324478669,10.2729930602686,10.6144628757504,10.9559326912323,11.2974025067142,11.2974025067142
804,"UKR","Ukraine",39.2456164768296,39.2456164768296,39.2456164768296,39.2456164768296,39.2456164768296,39.2456164768296,40.0321851976849,40.8187539185402,41.6053226393955,42.3918913602508,43.1784600811061,43.9650288019613,44.7515975228166,45.5381662436719,46.3247349645272,47.1113036853825,47.4700809380353,47.8288581906881,48.1876354433409,48.5464126959938,48.9051899486466,49.451822800317,49.9984556519876,50.5450885036581,51.0917213553286,51.0917213553286
784,"ARE","United Arab Emirates",87.709404916798,87.709404916798,87.709404916798,87.709404916798,87.709404916798,87.709404916798,89.9422449790331,92.1750850412683,94.4079251035034,96.6407651657385,98.8736052279736,100,100,100,100,100,100,100,100,100,100,100,100,100,100,100
826,"GBR","United Kingdom",99.9410830159078,99.9410830159078,99.9410830159078,99.9410830159078,99.9410830159078,99.9410830159078,100,100,100,100,100,100,100,100,100,100,100,100,100,100,100,100,100,100,100,100
840,"USA","United States of America",88.6855129833297,88.6855129833297,88.6855129833297,88.6855129833297,88.6855129833297,88.6855129833297,89.2119717976614,89.7384306119931,90.2648894263248,90.7913482406565,91.3178070549883,91.84426586932,92.3707246836517,92.8971834979834,93.4236423123151,93.9501011266468,94.4317884276222,94.9134757285976,95.3951630295729,95.8768503305483,96.3585376315237,96.7586857130312,97.1588337945388,97.5589818760463,97.9591299575538,97.9591299575538
858,"URY","Uruguay",49.8654101643251,49.8654101643251,49.8654101643251,49.8654101643251,49.8654101643251,49.8654101643251,50.6171035408681,51.3687969174111,52.1204902939543,52.8721836704973,53.6238770470403,54.3755704235833,55.1272638001263,55.8789571766694,56.6306505532124,57.3823439297554,58.2145631461986,59.0467823626419,59.8790015790851,60.7112207955284,61.5434400119716,62.3006934320157,63.0579468520598,63.8152002721038,64.5724536921479,64.5724536921479
860,"UZB","Uzbekistan",18.8087735204173,18.8087735204173,18.8087735204173,18.8087735204173,18.8087735204173,18.8087735204173,19.3091169686905,19.8094604169639,20.3098038652372,20.8101473135106,21.3104907617838,21.8108342100572,22.3111776583305,22.8115211066039,23.3118645548773,23.8122080031505,24.754788836227,25.6973696693034,26.63995050238,27.5825313354564,28.5251121685329,29.58271634669,30.6403205248471,31.6979247030042,32.7555288811614,32.7555288811614
548,"VUT","Vanuatu",4.14013770991838,4.14013770991838,4.14013770991838,4.14013770991838,4.14013770991838,4.14013770991838,4.23067437146464,4.3212110330109,4.41174769455705,4.50228435610332,4.59282101764957,4.68335767919584,4.77389434074212,4.86443100228827,4.95496766383452,5.04550432538079,5.10467500655288,5.163845687725,5.22301636889702,5.28218705006911,5.34135773124125,5.4892121385159,5.63706654579053,5.78492095306508,5.93277536033972,5.93277536033972
862,"VEN","Venezuela",57.4663566423157,57.4663566423157,57.4663566423157,57.4663566423157,57.4663566423157,57.4663566423157,58.4908064020896,59.5152561618634,60.5397059216373,61.5641556814111,62.588605441185,63.6130552009588,64.6375049607327,65.6619547205065,66.6864044802804,67.7108542400543,68.7549863386744,69.7991184372946,70.8432505359147,71.8873826345349,72.931514733155,73.4358123091356,73.940109885116,74.4444074610966,74.9487050370772,74.9487050370772
704,"VNM","Viet Nam",14.3323959032179,14.3323959032179,14.3323959032179,14.3323959032179,14.3323959032179,14.3323959032179,14.840344228723,15.3482925542281,15.8562408797332,16.3641892052383,16.8721375307435,17.3800858562486,17.8880341817537,18.3959825072588,18.9039308327639,19.411879158269,19.9831124521451,20.5543457460211,21.1255790398971,21.6968123337732,22.2680456276492,22.9215849822947,23.5751243369401,24.2286636915857,24.8822030462311,24.8822030462311
876,"WLF","Wallis and Futuna Islands",NA,NA,NA,NA,NA,NA,NA,NA,NA,NA,NA,NA,NA,NA,NA,NA,NA,NA,NA,NA,NA,NA,NA,NA,NA,NA
732,"ESH","Western Sahara",NA,NA,NA,NA,NA,NA,NA,NA,NA,NA,NA,NA,NA,NA,NA,NA,NA,NA,NA,NA,NA,NA,NA,NA,NA,NA
887,"YEM","Yemen",7.8438548997119,7.8438548997119,7.8438548997119,7.8438548997119,7.8438548997119,7.8438548997119,8.42671483364975,9.00957476758758,9.59243470152543,10.1752946354633,10.7581545694011,11.341014503339,11.9238744372768,12.5067343712147,13.0895943051525,13.6724542390904,14.1845778554851,14.6967014718798,15.2088250882745,15.7209487046692,16.233072321064,16.6573942197628,17.0817161184616,17.5060380171604,17.9303599158592,17.9303599158592
894,"ZMB","Zambia",4.66617125184796,4.66617125184796,4.66617125184796,4.66617125184796,4.66617125184796,4.66617125184796,5.00426655763158,5.34236186341523,5.68045716919887,6.01855247498251,6.35664778076618,6.69474308654969,7.03283839233336,7.37093369811699,7.70902900390064,8.04712430968428,8.56566151269777,9.08419871571139,9.60273591872492,10.1212731217384,10.639810324752,11.1046953750445,11.5695804253368,12.0344654756292,12.4993505259216,12.4993505259216
716,"ZWE","Zimbabwe",10.7875657569168,10.7875657569168,10.7875657569168,10.7875657569168,10.7875657569168,10.7875657569168,10.4783470940428,10.1691284311688,9.85990976829478,9.55069110542077,9.24147244254686,8.93225377967286,8.62303511679885,8.31381645392483,8.00459779105083,7.69537912817682,7.9795059961462,8.26363286411556,8.54775973208505,8.83188660005442,9.11601346802381,9.38914630128133,9.66227913453884,9.93541196779648,10.208544801054,10.208544801054
