"code","iso","country","LCB.ind.1995","LCB.ind.1996","LCB.ind.1997","LCB.ind.1998","LCB.ind.1999","LCB.ind.2000","LCB.ind.2001","LCB.ind.2002","LCB.ind.2003","LCB.ind.2004","LCB.ind.2005","LCB.ind.2006","LCB.ind.2007","LCB.ind.2008","LCB.ind.2009","LCB.ind.2010","LCB.ind.2011","LCB.ind.2012","LCB.ind.2013","LCB.ind.2014","LCB.ind.2015","LCB.ind.2016","LCB.ind.2017","LCB.ind.2018","LCB.ind.2019","LCB.ind.2020"
4,"AFG","Afghanistan",100,100,100,100,100,100,100,100,100,100,100,100,100,100,100,100,100,100,100,100,100,100,100,100,100,100
8,"ALB","Albania",78.4081744191545,78.4081744191545,78.4081744191545,78.4081744191545,78.4081744191545,78.4081744191545,78.4081744191545,78.4081744191545,78.4081744191545,78.4081744191545,78.4081744191545,78.4081744191545,78.4081744191545,78.4081744191545,78.4081744191545,78.4081744191545,78.4081744191545,78.4081744191545,78.4081744191545,78.4081744191545,78.4081744191545,78.4081744191545,78.4081744191545,78.4081744191545,78.4081744191545,78.4081744191545
12,"DZA","Algeria",28.6797683468961,28.6797683468961,28.6797683468961,28.6797683468961,28.6797683468961,28.6797683468961,28.6797683468961,28.6797683468961,28.6797683468961,28.6797683468961,28.6797683468961,28.6797683468961,28.6797683468961,28.6797683468961,28.6797683468961,28.6797683468961,28.6797683468961,28.6797683468961,28.6797683468961,28.6797683468961,28.6797683468961,28.6797683468961,28.6797683468961,28.6797683468961,28.6797683468961,28.6797683468961
20,"AND","Andorra",NA,NA,NA,NA,NA,NA,NA,NA,NA,NA,NA,NA,NA,NA,NA,NA,NA,NA,NA,NA,NA,NA,NA,NA,NA,NA
24,"AGO","Angola",27.2138501649752,27.2138501649752,27.2138501649752,27.2138501649752,27.2138501649752,27.2138501649752,27.2138501649752,27.2138501649752,27.2138501649752,27.2138501649752,27.2138501649752,27.2138501649752,27.2138501649752,27.2138501649752,27.2138501649752,27.2138501649752,27.2138501649752,27.2138501649752,27.2138501649752,27.2138501649752,27.2138501649752,27.2138501649752,27.2138501649752,27.2138501649752,27.2138501649752,27.2138501649752
660,"AIA","Anguilla",NA,NA,NA,NA,NA,NA,NA,NA,NA,NA,NA,NA,NA,NA,NA,NA,NA,NA,NA,NA,NA,NA,NA,NA,NA,NA
28,"ATG","Antigua and Barbuda",79.7285985737143,79.7285985737143,79.7285985737143,79.7285985737143,79.7285985737143,79.7285985737143,79.7285985737143,79.7285985737143,79.7285985737143,79.7285985737143,79.7285985737143,79.7285985737143,79.7285985737143,79.7285985737143,79.7285985737143,79.7285985737143,79.7285985737143,79.7285985737143,79.7285985737143,79.7285985737143,79.7285985737143,79.7285985737143,79.7285985737143,79.7285985737143,79.7285985737143,79.7285985737143
32,"ARG","Argentina",57.8440866512925,57.8440866512925,57.8440866512925,57.8440866512925,57.8440866512925,57.8440866512925,57.8440866512925,57.8440866512925,57.8440866512925,57.8440866512925,57.8440866512925,57.8440866512925,57.8440866512925,57.8440866512925,57.8440866512925,57.8440866512925,57.8440866512925,57.8440866512925,57.8440866512925,57.8440866512925,57.8440866512925,57.8440866512925,57.8440866512925,57.8440866512925,57.8440866512925,57.8440866512925
51,"ARM","Armenia",97.3182596002157,97.3182596002157,97.3182596002157,97.3182596002157,97.3182596002157,97.3182596002157,97.3182596002157,97.3182596002157,97.3182596002157,97.3182596002157,97.3182596002157,97.3182596002157,97.3182596002157,97.3182596002157,97.3182596002157,97.3182596002157,97.3182596002157,97.3182596002157,97.3182596002157,97.3182596002157,97.3182596002157,97.3182596002157,97.3182596002157,97.3182596002157,97.3182596002157,97.3182596002157
533,"ABW","Aruba",NA,NA,NA,NA,NA,NA,NA,NA,NA,NA,NA,NA,NA,NA,NA,NA,NA,NA,NA,NA,NA,NA,NA,NA,NA,NA
36,"AUS","Australia",89.2656888977546,89.2656888977546,89.2656888977546,89.2656888977546,89.2656888977546,89.2656888977546,89.2656888977546,89.2656888977546,89.2656888977546,89.2656888977546,89.2656888977546,89.2656888977546,89.2656888977546,89.2656888977546,89.2656888977546,89.2656888977546,89.2656888977546,89.2656888977546,89.2656888977546,89.2656888977546,89.2656888977546,89.2656888977546,89.2656888977546,89.2656888977546,89.2656888977546,89.2656888977546
40,"AUT","Austria",76.6645305152372,76.6645305152372,76.6645305152372,76.6645305152372,76.6645305152372,76.6645305152372,76.6645305152372,76.6645305152372,76.6645305152372,76.6645305152372,76.6645305152372,76.6645305152372,76.6645305152372,76.6645305152372,76.6645305152372,76.6645305152372,76.6645305152372,76.6645305152372,76.6645305152372,76.6645305152372,76.6645305152372,76.6645305152372,76.6645305152372,76.6645305152372,76.6645305152372,76.6645305152372
31,"AZE","Azerbaijan",100,100,100,100,100,100,100,100,100,100,100,100,100,100,100,100,100,100,100,100,100,100,100,100,100,100
44,"BHS","Bahamas",42.9015148216845,42.9015148216845,42.9015148216845,42.9015148216845,42.9015148216845,42.9015148216845,42.9015148216845,42.9015148216845,42.9015148216845,42.9015148216845,42.9015148216845,42.9015148216845,42.9015148216845,42.9015148216845,42.9015148216845,42.9015148216845,42.9015148216845,42.9015148216845,42.9015148216845,42.9015148216845,42.9015148216845,42.9015148216845,42.9015148216845,42.9015148216845,42.9015148216845,42.9015148216845
48,"BHR","Bahrain",NA,NA,NA,NA,NA,NA,NA,NA,NA,NA,NA,NA,NA,NA,NA,NA,NA,NA,NA,NA,NA,NA,NA,NA,NA,NA
50,"BGD","Bangladesh",29.0563543453718,29.0563543453718,29.0563543453718,29.0563543453718,29.0563543453718,29.0563543453718,29.0563543453718,29.0563543453718,29.0563543453718,29.0563543453718,29.0563543453718,29.0563543453718,29.0563543453718,29.0563543453718,29.0563543453718,29.0563543453718,29.0563543453718,29.0563543453718,29.0563543453718,29.0563543453718,29.0563543453718,29.0563543453718,29.0563543453718,29.0563543453718,29.0563543453718,29.0563543453718
52,"BRB","Barbados",35.3460104209338,35.3460104209338,35.3460104209338,35.3460104209338,35.3460104209338,35.3460104209338,35.3460104209338,35.3460104209338,35.3460104209338,35.3460104209338,35.3460104209338,35.3460104209338,35.3460104209338,35.3460104209338,35.3460104209338,35.3460104209338,35.3460104209338,35.3460104209338,35.3460104209338,35.3460104209338,35.3460104209338,35.3460104209338,35.3460104209338,35.3460104209338,35.3460104209338,35.3460104209338
112,"BLR","Belarus",62.5753538163214,62.5753538163214,62.5753538163214,62.5753538163214,62.5753538163214,62.5753538163214,62.5753538163214,62.5753538163214,62.5753538163214,62.5753538163214,62.5753538163214,62.5753538163214,62.5753538163214,62.5753538163214,62.5753538163214,62.5753538163214,62.5753538163214,62.5753538163214,62.5753538163214,62.5753538163214,62.5753538163214,62.5753538163214,62.5753538163214,62.5753538163214,62.5753538163214,62.5753538163214
56,"BEL","Belgium",44.5496820239226,44.5496820239226,44.5496820239226,44.5496820239226,44.5496820239226,44.5496820239226,44.5496820239226,44.5496820239226,44.5496820239226,44.5496820239226,44.5496820239226,44.5496820239226,44.5496820239226,44.5496820239226,44.5496820239226,44.5496820239226,44.5496820239226,44.5496820239226,44.5496820239226,44.5496820239226,44.5496820239226,44.5496820239226,44.5496820239226,44.5496820239226,44.5496820239226,44.5496820239226
84,"BLZ","Belize",42.8853350589223,42.8853350589223,42.8853350589223,42.8853350589223,42.8853350589223,42.8853350589223,42.8853350589223,42.8853350589223,42.8853350589223,42.8853350589223,42.8853350589223,42.8853350589223,42.8853350589223,42.8853350589223,42.8853350589223,42.8853350589223,42.8853350589223,42.8853350589223,42.8853350589223,42.8853350589223,42.8853350589223,42.8853350589223,42.8853350589223,42.8853350589223,42.8853350589223,42.8853350589223
204,"BEN","Benin",50.4344937213421,50.4344937213421,50.4344937213421,50.4344937213421,50.4344937213421,50.4344937213421,50.4344937213421,50.4344937213421,50.4344937213421,50.4344937213421,50.4344937213421,50.4344937213421,50.4344937213421,50.4344937213421,50.4344937213421,50.4344937213421,50.4344937213421,50.4344937213421,50.4344937213421,50.4344937213421,50.4344937213421,50.4344937213421,50.4344937213421,50.4344937213421,50.4344937213421,50.4344937213421
60,"BMU","Bermuda",NA,NA,NA,NA,NA,NA,NA,NA,NA,NA,NA,NA,NA,NA,NA,NA,NA,NA,NA,NA,NA,NA,NA,NA,NA,NA
64,"BTN","Bhutan",31.9314676656512,31.9314676656512,31.9314676656512,31.9314676656512,31.9314676656512,31.9314676656512,31.9314676656512,31.9314676656512,31.9314676656512,31.9314676656512,31.9314676656512,31.9314676656512,31.9314676656512,31.9314676656512,31.9314676656512,31.9314676656512,31.9314676656512,31.9314676656512,31.9314676656512,31.9314676656512,31.9314676656512,31.9314676656512,31.9314676656512,31.9314676656512,31.9314676656512,31.9314676656512
68,"BOL","Bolivia",58.1847790599514,58.1847790599514,58.1847790599514,58.1847790599514,58.1847790599514,58.1847790599514,58.1847790599514,58.1847790599514,58.1847790599514,58.1847790599514,58.1847790599514,58.1847790599514,58.1847790599514,58.1847790599514,58.1847790599514,58.1847790599514,58.1847790599514,58.1847790599514,58.1847790599514,58.1847790599514,58.1847790599514,58.1847790599514,58.1847790599514,58.1847790599514,58.1847790599514,58.1847790599514
70,"BIH","Bosnia and Herzegovina",62.5617758348304,62.5617758348304,62.5617758348304,62.5617758348304,62.5617758348304,62.5617758348304,62.5617758348304,62.5617758348304,62.5617758348304,62.5617758348304,62.5617758348304,62.5617758348304,62.5617758348304,62.5617758348304,62.5617758348304,62.5617758348304,62.5617758348304,62.5617758348304,62.5617758348304,62.5617758348304,62.5617758348304,62.5617758348304,62.5617758348304,62.5617758348304,62.5617758348304,62.5617758348304
72,"BWA","Botswana",84.6086367152927,84.6086367152927,84.6086367152927,84.6086367152927,84.6086367152927,84.6086367152927,84.6086367152927,84.6086367152927,84.6086367152927,84.6086367152927,84.6086367152927,84.6086367152927,84.6086367152927,84.6086367152927,84.6086367152927,84.6086367152927,84.6086367152927,84.6086367152927,84.6086367152927,84.6086367152927,84.6086367152927,84.6086367152927,84.6086367152927,84.6086367152927,84.6086367152927,84.6086367152927
76,"BRA","Brazil",78.0713460804748,78.0713460804748,78.0713460804748,78.0713460804748,78.0713460804748,78.0713460804748,78.0713460804748,78.0713460804748,78.0713460804748,78.0713460804748,78.0713460804748,78.0713460804748,78.0713460804748,78.0713460804748,78.0713460804748,78.0713460804748,78.0713460804748,78.0713460804748,78.0713460804748,78.0713460804748,78.0713460804748,78.0713460804748,78.0713460804748,78.0713460804748,78.0713460804748,78.0713460804748
92,"VGB","British Virgin Islands",NA,NA,NA,NA,NA,NA,NA,NA,NA,NA,NA,NA,NA,NA,NA,NA,NA,NA,NA,NA,NA,NA,NA,NA,NA,NA
96,"BRN","Brunei Darussalam",54.8165326246652,54.8165326246652,54.8165326246652,54.8165326246652,54.8165326246652,54.8165326246652,54.8165326246652,54.8165326246652,54.8165326246652,54.8165326246652,54.8165326246652,54.8165326246652,54.8165326246652,54.8165326246652,54.8165326246652,54.8165326246652,54.8165326246652,54.8165326246652,54.8165326246652,54.8165326246652,54.8165326246652,54.8165326246652,54.8165326246652,54.8165326246652,54.8165326246652,54.8165326246652
100,"BGR","Bulgaria",77.409206139078,77.409206139078,77.409206139078,77.409206139078,77.409206139078,77.409206139078,77.409206139078,77.409206139078,77.409206139078,77.409206139078,77.409206139078,77.409206139078,77.409206139078,77.409206139078,77.409206139078,77.409206139078,77.409206139078,77.409206139078,77.409206139078,77.409206139078,77.409206139078,77.409206139078,77.409206139078,77.409206139078,77.409206139078,77.409206139078
854,"BFA","Burkina Faso",84.2399646334939,84.2399646334939,84.2399646334939,84.2399646334939,84.2399646334939,84.2399646334939,84.2399646334939,84.2399646334939,84.2399646334939,84.2399646334939,84.2399646334939,84.2399646334939,84.2399646334939,84.2399646334939,84.2399646334939,84.2399646334939,84.2399646334939,84.2399646334939,84.2399646334939,84.2399646334939,84.2399646334939,84.2399646334939,84.2399646334939,84.2399646334939,84.2399646334939,84.2399646334939
108,"BDI","Burundi",47.0076442930966,47.0076442930966,47.0076442930966,47.0076442930966,47.0076442930966,47.0076442930966,47.0076442930966,47.0076442930966,47.0076442930966,47.0076442930966,47.0076442930966,47.0076442930966,47.0076442930966,47.0076442930966,47.0076442930966,47.0076442930966,47.0076442930966,47.0076442930966,47.0076442930966,47.0076442930966,47.0076442930966,47.0076442930966,47.0076442930966,47.0076442930966,47.0076442930966,47.0076442930966
132,"CPV","Cabo Verde",0,0,0,0,0,0,0,0,0,0,0,0,0,0,0,0,0,0,0,0,0,0,0,0,0,0
116,"KHM","Cambodia",12.5961355513333,12.5961355513333,12.5961355513333,12.5961355513333,12.5961355513333,12.5961355513333,12.5961355513333,12.5961355513333,12.5961355513333,12.5961355513333,12.5961355513333,12.5961355513333,12.5961355513333,12.5961355513333,12.5961355513333,12.5961355513333,12.5961355513333,12.5961355513333,12.5961355513333,12.5961355513333,12.5961355513333,12.5961355513333,12.5961355513333,12.5961355513333,12.5961355513333,12.5961355513333
120,"CMR","Cameroon",25.8520009007237,25.8520009007237,25.8520009007237,25.8520009007237,25.8520009007237,25.8520009007237,25.8520009007237,25.8520009007237,25.8520009007237,25.8520009007237,25.8520009007237,25.8520009007237,25.8520009007237,25.8520009007237,25.8520009007237,25.8520009007237,25.8520009007237,25.8520009007237,25.8520009007237,25.8520009007237,25.8520009007237,25.8520009007237,25.8520009007237,25.8520009007237,25.8520009007237,25.8520009007237
124,"CAN","Canada",61.981333043604,61.981333043604,61.981333043604,61.981333043604,61.981333043604,61.981333043604,61.981333043604,61.981333043604,61.981333043604,61.981333043604,61.981333043604,61.981333043604,61.981333043604,61.981333043604,61.981333043604,61.981333043604,61.981333043604,61.981333043604,61.981333043604,61.981333043604,61.981333043604,61.981333043604,61.981333043604,61.981333043604,61.981333043604,61.981333043604
136,"CYM","Cayman Islands",NA,NA,NA,NA,NA,NA,NA,NA,NA,NA,NA,NA,NA,NA,NA,NA,NA,NA,NA,NA,NA,NA,NA,NA,NA,NA
140,"CAF","Central African Republic",43.7297718393127,43.7297718393127,43.7297718393127,43.7297718393127,43.7297718393127,43.7297718393127,43.7297718393127,43.7297718393127,43.7297718393127,43.7297718393127,43.7297718393127,43.7297718393127,43.7297718393127,43.7297718393127,43.7297718393127,43.7297718393127,43.7297718393127,43.7297718393127,43.7297718393127,43.7297718393127,43.7297718393127,43.7297718393127,43.7297718393127,43.7297718393127,43.7297718393127,43.7297718393127
148,"TCD","Chad",37.5583621684552,37.5583621684552,37.5583621684552,37.5583621684552,37.5583621684552,37.5583621684552,37.5583621684552,37.5583621684552,37.5583621684552,37.5583621684552,37.5583621684552,37.5583621684552,37.5583621684552,37.5583621684552,37.5583621684552,37.5583621684552,37.5583621684552,37.5583621684552,37.5583621684552,37.5583621684552,37.5583621684552,37.5583621684552,37.5583621684552,37.5583621684552,37.5583621684552,37.5583621684552
152,"CHL","Chile",54.9005655904337,54.9005655904337,54.9005655904337,54.9005655904337,54.9005655904337,54.9005655904337,54.9005655904337,54.9005655904337,54.9005655904337,54.9005655904337,54.9005655904337,54.9005655904337,54.9005655904337,54.9005655904337,54.9005655904337,54.9005655904337,54.9005655904337,54.9005655904337,54.9005655904337,54.9005655904337,54.9005655904337,54.9005655904337,54.9005655904337,54.9005655904337,54.9005655904337,54.9005655904337
156,"CHN","China",35.7499478313372,35.7499478313372,35.7499478313372,35.7499478313372,35.7499478313372,35.7499478313372,35.7499478313372,35.7499478313372,35.7499478313372,35.7499478313372,35.7499478313372,35.7499478313372,35.7499478313372,35.7499478313372,35.7499478313372,35.7499478313372,35.7499478313372,35.7499478313372,35.7499478313372,35.7499478313372,35.7499478313372,35.7499478313372,35.7499478313372,35.7499478313372,35.7499478313372,35.7499478313372
170,"COL","Colombia",70.537616170749,70.537616170749,70.537616170749,70.537616170749,70.537616170749,70.537616170749,70.537616170749,70.537616170749,70.537616170749,70.537616170749,70.537616170749,70.537616170749,70.537616170749,70.537616170749,70.537616170749,70.537616170749,70.537616170749,70.537616170749,70.537616170749,70.537616170749,70.537616170749,70.537616170749,70.537616170749,70.537616170749,70.537616170749,70.537616170749
174,"COM","Comoros",0,0,0,0,0,0,0,0,0,0,0,0,0,0,0,0,0,0,0,0,0,0,0,0,0,0
184,"COK","Cook Islands",NA,NA,NA,NA,NA,NA,NA,NA,NA,NA,NA,NA,NA,NA,NA,NA,NA,NA,NA,NA,NA,NA,NA,NA,NA,NA
188,"CRI","Costa Rica",83.2055061700587,83.2055061700587,83.2055061700587,83.2055061700587,83.2055061700587,83.2055061700587,83.2055061700587,83.2055061700587,83.2055061700587,83.2055061700587,83.2055061700587,83.2055061700587,83.2055061700587,83.2055061700587,83.2055061700587,83.2055061700587,83.2055061700587,83.2055061700587,83.2055061700587,83.2055061700587,83.2055061700587,83.2055061700587,83.2055061700587,83.2055061700587,83.2055061700587,83.2055061700587
384,"CIV","Cote d'Ivoire",44.3394398685627,44.3394398685627,44.3394398685627,44.3394398685627,44.3394398685627,44.3394398685627,44.3394398685627,44.3394398685627,44.3394398685627,44.3394398685627,44.3394398685627,44.3394398685627,44.3394398685627,44.3394398685627,44.3394398685627,44.3394398685627,44.3394398685627,44.3394398685627,44.3394398685627,44.3394398685627,44.3394398685627,44.3394398685627,44.3394398685627,44.3394398685627,44.3394398685627,44.3394398685627
191,"HRV","Croatia",61.9579282015291,61.9579282015291,61.9579282015291,61.9579282015291,61.9579282015291,61.9579282015291,61.9579282015291,61.9579282015291,61.9579282015291,61.9579282015291,61.9579282015291,61.9579282015291,61.9579282015291,61.9579282015291,61.9579282015291,61.9579282015291,61.9579282015291,61.9579282015291,61.9579282015291,61.9579282015291,61.9579282015291,61.9579282015291,61.9579282015291,61.9579282015291,61.9579282015291,61.9579282015291
192,"CUB","Cuba",93.5107823567404,93.5107823567404,93.5107823567404,93.5107823567404,93.5107823567404,93.5107823567404,93.5107823567404,93.5107823567404,93.5107823567404,93.5107823567404,93.5107823567404,93.5107823567404,93.5107823567404,93.5107823567404,93.5107823567404,93.5107823567404,93.5107823567404,93.5107823567404,93.5107823567404,93.5107823567404,93.5107823567404,93.5107823567404,93.5107823567404,93.5107823567404,93.5107823567404,93.5107823567404
531,"CUW","Curacao",NA,NA,NA,NA,NA,NA,NA,NA,NA,NA,NA,NA,NA,NA,NA,NA,NA,NA,NA,NA,NA,NA,NA,NA,NA,NA
196,"CYP","Cyprus",43.51399245895,43.51399245895,43.51399245895,43.51399245895,43.51399245895,43.51399245895,43.51399245895,43.51399245895,43.51399245895,43.51399245895,43.51399245895,43.51399245895,43.51399245895,43.51399245895,43.51399245895,43.51399245895,43.51399245895,43.51399245895,43.51399245895,43.51399245895,43.51399245895,43.51399245895,43.51399245895,43.51399245895,43.51399245895,43.51399245895
203,"CZE","Czech Republic",50.8406744833868,50.8406744833868,50.8406744833868,50.8406744833868,50.8406744833868,50.8406744833868,50.8406744833868,50.8406744833868,50.8406744833868,50.8406744833868,50.8406744833868,50.8406744833868,50.8406744833868,50.8406744833868,50.8406744833868,50.8406744833868,50.8406744833868,50.8406744833868,50.8406744833868,50.8406744833868,50.8406744833868,50.8406744833868,50.8406744833868,50.8406744833868,50.8406744833868,50.8406744833868
180,"COD","Dem. Rep. Congo",38.7121118404408,38.7121118404408,38.7121118404408,38.7121118404408,38.7121118404408,38.7121118404408,38.7121118404408,38.7121118404408,38.7121118404408,38.7121118404408,38.7121118404408,38.7121118404408,38.7121118404408,38.7121118404408,38.7121118404408,38.7121118404408,38.7121118404408,38.7121118404408,38.7121118404408,38.7121118404408,38.7121118404408,38.7121118404408,38.7121118404408,38.7121118404408,38.7121118404408,38.7121118404408
208,"DNK","Denmark",61.9189287626971,61.9189287626971,61.9189287626971,61.9189287626971,61.9189287626971,61.9189287626971,61.9189287626971,61.9189287626971,61.9189287626971,61.9189287626971,61.9189287626971,61.9189287626971,61.9189287626971,61.9189287626971,61.9189287626971,61.9189287626971,61.9189287626971,61.9189287626971,61.9189287626971,61.9189287626971,61.9189287626971,61.9189287626971,61.9189287626971,61.9189287626971,61.9189287626971,61.9189287626971
262,"DJI","Djibouti",NA,NA,NA,NA,NA,NA,NA,NA,NA,NA,NA,NA,NA,NA,NA,NA,NA,NA,NA,NA,NA,NA,NA,NA,NA,NA
212,"DMA","Dominica",82.5305154615147,82.5305154615147,82.5305154615147,82.5305154615147,82.5305154615147,82.5305154615147,82.5305154615147,82.5305154615147,82.5305154615147,82.5305154615147,82.5305154615147,82.5305154615147,82.5305154615147,82.5305154615147,82.5305154615147,82.5305154615147,82.5305154615147,82.5305154615147,82.5305154615147,82.5305154615147,82.5305154615147,82.5305154615147,82.5305154615147,82.5305154615147,82.5305154615147,82.5305154615147
214,"DOM","Dominican Republic",60.5523190213377,60.5523190213377,60.5523190213377,60.5523190213377,60.5523190213377,60.5523190213377,60.5523190213377,60.5523190213377,60.5523190213377,60.5523190213377,60.5523190213377,60.5523190213377,60.5523190213377,60.5523190213377,60.5523190213377,60.5523190213377,60.5523190213377,60.5523190213377,60.5523190213377,60.5523190213377,60.5523190213377,60.5523190213377,60.5523190213377,60.5523190213377,60.5523190213377,60.5523190213377
218,"ECU","Ecuador",55.5362255711475,55.5362255711475,55.5362255711475,55.5362255711475,55.5362255711475,55.5362255711475,55.5362255711475,55.5362255711475,55.5362255711475,55.5362255711475,55.5362255711475,55.5362255711475,55.5362255711475,55.5362255711475,55.5362255711475,55.5362255711475,55.5362255711475,55.5362255711475,55.5362255711475,55.5362255711475,55.5362255711475,55.5362255711475,55.5362255711475,55.5362255711475,55.5362255711475,55.5362255711475
818,"EGY","Egypt",20.9773281847329,20.9773281847329,20.9773281847329,20.9773281847329,20.9773281847329,20.9773281847329,20.9773281847329,20.9773281847329,20.9773281847329,20.9773281847329,20.9773281847329,20.9773281847329,20.9773281847329,20.9773281847329,20.9773281847329,20.9773281847329,20.9773281847329,20.9773281847329,20.9773281847329,20.9773281847329,20.9773281847329,20.9773281847329,20.9773281847329,20.9773281847329,20.9773281847329,20.9773281847329
222,"SLV","El Salvador",96.8137299116746,96.8137299116746,96.8137299116746,96.8137299116746,96.8137299116746,96.8137299116746,96.8137299116746,96.8137299116746,96.8137299116746,96.8137299116746,96.8137299116746,96.8137299116746,96.8137299116746,96.8137299116746,96.8137299116746,96.8137299116746,96.8137299116746,96.8137299116746,96.8137299116746,96.8137299116746,96.8137299116746,96.8137299116746,96.8137299116746,96.8137299116746,96.8137299116746,96.8137299116746
226,"GNQ","Equatorial Guinea",3.70178510209371,3.70178510209371,3.70178510209371,3.70178510209371,3.70178510209371,3.70178510209371,3.70178510209371,3.70178510209371,3.70178510209371,3.70178510209371,3.70178510209371,3.70178510209371,3.70178510209371,3.70178510209371,3.70178510209371,3.70178510209371,3.70178510209371,3.70178510209371,3.70178510209371,3.70178510209371,3.70178510209371,3.70178510209371,3.70178510209371,3.70178510209371,3.70178510209371,3.70178510209371
232,"ERI","Eritrea",29.7963097413285,29.7963097413285,29.7963097413285,29.7963097413285,29.7963097413285,29.7963097413285,29.7963097413285,29.7963097413285,29.7963097413285,29.7963097413285,29.7963097413285,29.7963097413285,29.7963097413285,29.7963097413285,29.7963097413285,29.7963097413285,29.7963097413285,29.7963097413285,29.7963097413285,29.7963097413285,29.7963097413285,29.7963097413285,29.7963097413285,29.7963097413285,29.7963097413285,29.7963097413285
233,"EST","Estonia",52.7485416712535,52.7485416712535,52.7485416712535,52.7485416712535,52.7485416712535,52.7485416712535,52.7485416712535,52.7485416712535,52.7485416712535,52.7485416712535,52.7485416712535,52.7485416712535,52.7485416712535,52.7485416712535,52.7485416712535,52.7485416712535,52.7485416712535,52.7485416712535,52.7485416712535,52.7485416712535,52.7485416712535,52.7485416712535,52.7485416712535,52.7485416712535,52.7485416712535,52.7485416712535
748,"SWZ","Eswatini",90.1598464458989,90.1598464458989,90.1598464458989,90.1598464458989,90.1598464458989,90.1598464458989,90.1598464458989,90.1598464458989,90.1598464458989,90.1598464458989,90.1598464458989,90.1598464458989,90.1598464458989,90.1598464458989,90.1598464458989,90.1598464458989,90.1598464458989,90.1598464458989,90.1598464458989,90.1598464458989,90.1598464458989,90.1598464458989,90.1598464458989,90.1598464458989,90.1598464458989,90.1598464458989
231,"ETH","Ethiopia",40.2364098270195,40.2364098270195,40.2364098270195,40.2364098270195,40.2364098270195,40.2364098270195,40.2364098270195,40.2364098270195,40.2364098270195,40.2364098270195,40.2364098270195,40.2364098270195,40.2364098270195,40.2364098270195,40.2364098270195,40.2364098270195,40.2364098270195,40.2364098270195,40.2364098270195,40.2364098270195,40.2364098270195,40.2364098270195,40.2364098270195,40.2364098270195,40.2364098270195,40.2364098270195
234,"FRO","Faeroe Islands",NA,NA,NA,NA,NA,NA,NA,NA,NA,NA,NA,NA,NA,NA,NA,NA,NA,NA,NA,NA,NA,NA,NA,NA,NA,NA
238,"FLK","Falkland Islands",NA,NA,NA,NA,NA,NA,NA,NA,NA,NA,NA,NA,NA,NA,NA,NA,NA,NA,NA,NA,NA,NA,NA,NA,NA,NA
242,"FJI","Fiji",53.8778810017642,53.8778810017642,53.8778810017642,53.8778810017642,53.8778810017642,53.8778810017642,53.8778810017642,53.8778810017642,53.8778810017642,53.8778810017642,53.8778810017642,53.8778810017642,53.8778810017642,53.8778810017642,53.8778810017642,53.8778810017642,53.8778810017642,53.8778810017642,53.8778810017642,53.8778810017642,53.8778810017642,53.8778810017642,53.8778810017642,53.8778810017642,53.8778810017642,53.8778810017642
246,"FIN","Finland",64.4566509820099,64.4566509820099,64.4566509820099,64.4566509820099,64.4566509820099,64.4566509820099,64.4566509820099,64.4566509820099,64.4566509820099,64.4566509820099,64.4566509820099,64.4566509820099,64.4566509820099,64.4566509820099,64.4566509820099,64.4566509820099,64.4566509820099,64.4566509820099,64.4566509820099,64.4566509820099,64.4566509820099,64.4566509820099,64.4566509820099,64.4566509820099,64.4566509820099,64.4566509820099
250,"FRA","France",61.3287103620492,61.3287103620492,61.3287103620492,61.3287103620492,61.3287103620492,61.3287103620492,61.3287103620492,61.3287103620492,61.3287103620492,61.3287103620492,61.3287103620492,61.3287103620492,61.3287103620492,61.3287103620492,61.3287103620492,61.3287103620492,61.3287103620492,61.3287103620492,61.3287103620492,61.3287103620492,61.3287103620492,61.3287103620492,61.3287103620492,61.3287103620492,61.3287103620492,61.3287103620492
258,"PYF","French Polynesia",NA,NA,NA,NA,NA,NA,NA,NA,NA,NA,NA,NA,NA,NA,NA,NA,NA,NA,NA,NA,NA,NA,NA,NA,NA,NA
266,"GAB","Gabon",42.7211570010689,42.7211570010689,42.7211570010689,42.7211570010689,42.7211570010689,42.7211570010689,42.7211570010689,42.7211570010689,42.7211570010689,42.7211570010689,42.7211570010689,42.7211570010689,42.7211570010689,42.7211570010689,42.7211570010689,42.7211570010689,42.7211570010689,42.7211570010689,42.7211570010689,42.7211570010689,42.7211570010689,42.7211570010689,42.7211570010689,42.7211570010689,42.7211570010689,42.7211570010689
270,"GMB","Gambia",57.6861482795464,57.6861482795464,57.6861482795464,57.6861482795464,57.6861482795464,57.6861482795464,57.6861482795464,57.6861482795464,57.6861482795464,57.6861482795464,57.6861482795464,57.6861482795464,57.6861482795464,57.6861482795464,57.6861482795464,57.6861482795464,57.6861482795464,57.6861482795464,57.6861482795464,57.6861482795464,57.6861482795464,57.6861482795464,57.6861482795464,57.6861482795464,57.6861482795464,57.6861482795464
268,"GEO","Georgia",100,100,100,100,100,100,100,100,100,100,100,100,100,100,100,100,100,100,100,100,100,100,100,100,100,100
276,"DEU","Germany",69.115389957738,69.115389957738,69.115389957738,69.115389957738,69.115389957738,69.115389957738,69.115389957738,69.115389957738,69.115389957738,69.115389957738,69.115389957738,69.115389957738,69.115389957738,69.115389957738,69.115389957738,69.115389957738,69.115389957738,69.115389957738,69.115389957738,69.115389957738,69.115389957738,69.115389957738,69.115389957738,69.115389957738,69.115389957738,69.115389957738
288,"GHA","Ghana",44.4224022841518,44.4224022841518,44.4224022841518,44.4224022841518,44.4224022841518,44.4224022841518,44.4224022841518,44.4224022841518,44.4224022841518,44.4224022841518,44.4224022841518,44.4224022841518,44.4224022841518,44.4224022841518,44.4224022841518,44.4224022841518,44.4224022841518,44.4224022841518,44.4224022841518,44.4224022841518,44.4224022841518,44.4224022841518,44.4224022841518,44.4224022841518,44.4224022841518,44.4224022841518
300,"GRC","Greece",67.501894418793,67.501894418793,67.501894418793,67.501894418793,67.501894418793,67.501894418793,67.501894418793,67.501894418793,67.501894418793,67.501894418793,67.501894418793,67.501894418793,67.501894418793,67.501894418793,67.501894418793,67.501894418793,67.501894418793,67.501894418793,67.501894418793,67.501894418793,67.501894418793,67.501894418793,67.501894418793,67.501894418793,67.501894418793,67.501894418793
304,"GRL","Greenland",NA,NA,NA,NA,NA,NA,NA,NA,NA,NA,NA,NA,NA,NA,NA,NA,NA,NA,NA,NA,NA,NA,NA,NA,NA,NA
308,"GRD","Grenada",100,100,100,100,100,100,100,100,100,100,100,100,100,100,100,100,100,100,100,100,100,100,100,100,100,100
320,"GTM","Guatemala",72.0726525309537,72.0726525309537,72.0726525309537,72.0726525309537,72.0726525309537,72.0726525309537,72.0726525309537,72.0726525309537,72.0726525309537,72.0726525309537,72.0726525309537,72.0726525309537,72.0726525309537,72.0726525309537,72.0726525309537,72.0726525309537,72.0726525309537,72.0726525309537,72.0726525309537,72.0726525309537,72.0726525309537,72.0726525309537,72.0726525309537,72.0726525309537,72.0726525309537,72.0726525309537
831,"GGY","Guernsey",NA,NA,NA,NA,NA,NA,NA,NA,NA,NA,NA,NA,NA,NA,NA,NA,NA,NA,NA,NA,NA,NA,NA,NA,NA,NA
324,"GIN","Guinea",0,0,0,0,0,0,0,0,0,0,0,0,0,0,0,0,0,0,0,0,0,0,0,0,0,0
624,"GNB","Guinea-Bissau",14.008505974815,14.008505974815,14.008505974815,14.008505974815,14.008505974815,14.008505974815,14.008505974815,14.008505974815,14.008505974815,14.008505974815,14.008505974815,14.008505974815,14.008505974815,14.008505974815,14.008505974815,14.008505974815,14.008505974815,14.008505974815,14.008505974815,14.008505974815,14.008505974815,14.008505974815,14.008505974815,14.008505974815,14.008505974815,14.008505974815
328,"GUY","Guyana",44.1048351004489,44.1048351004489,44.1048351004489,44.1048351004489,44.1048351004489,44.1048351004489,44.1048351004489,44.1048351004489,44.1048351004489,44.1048351004489,44.1048351004489,44.1048351004489,44.1048351004489,44.1048351004489,44.1048351004489,44.1048351004489,44.1048351004489,44.1048351004489,44.1048351004489,44.1048351004489,44.1048351004489,44.1048351004489,44.1048351004489,44.1048351004489,44.1048351004489,44.1048351004489
332,"HTI","Haiti",41.5685609043009,41.5685609043009,41.5685609043009,41.5685609043009,41.5685609043009,41.5685609043009,41.5685609043009,41.5685609043009,41.5685609043009,41.5685609043009,41.5685609043009,41.5685609043009,41.5685609043009,41.5685609043009,41.5685609043009,41.5685609043009,41.5685609043009,41.5685609043009,41.5685609043009,41.5685609043009,41.5685609043009,41.5685609043009,41.5685609043009,41.5685609043009,41.5685609043009,41.5685609043009
336,"VAT","Holy See",NA,NA,NA,NA,NA,NA,NA,NA,NA,NA,NA,NA,NA,NA,NA,NA,NA,NA,NA,NA,NA,NA,NA,NA,NA,NA
340,"HND","Honduras",54.2015527204274,54.2015527204274,54.2015527204274,54.2015527204274,54.2015527204274,54.2015527204274,54.2015527204274,54.2015527204274,54.2015527204274,54.2015527204274,54.2015527204274,54.2015527204274,54.2015527204274,54.2015527204274,54.2015527204274,54.2015527204274,54.2015527204274,54.2015527204274,54.2015527204274,54.2015527204274,54.2015527204274,54.2015527204274,54.2015527204274,54.2015527204274,54.2015527204274,54.2015527204274
344,"HKG","Hong Kong",NA,NA,NA,NA,NA,NA,NA,NA,NA,NA,NA,NA,NA,NA,NA,NA,NA,NA,NA,NA,NA,NA,NA,NA,NA,NA
348,"HUN","Hungary",56.3409508210816,56.3409508210816,56.3409508210816,56.3409508210816,56.3409508210816,56.3409508210816,56.3409508210816,56.3409508210816,56.3409508210816,56.3409508210816,56.3409508210816,56.3409508210816,56.3409508210816,56.3409508210816,56.3409508210816,56.3409508210816,56.3409508210816,56.3409508210816,56.3409508210816,56.3409508210816,56.3409508210816,56.3409508210816,56.3409508210816,56.3409508210816,56.3409508210816,56.3409508210816
352,"ISL","Iceland",NA,NA,NA,NA,NA,NA,NA,NA,NA,NA,NA,NA,NA,NA,NA,NA,NA,NA,NA,NA,NA,NA,NA,NA,NA,NA
356,"IND","India",40.0390649499495,40.0390649499495,40.0390649499495,40.0390649499495,40.0390649499495,40.0390649499495,40.0390649499495,40.0390649499495,40.0390649499495,40.0390649499495,40.0390649499495,40.0390649499495,40.0390649499495,40.0390649499495,40.0390649499495,40.0390649499495,40.0390649499495,40.0390649499495,40.0390649499495,40.0390649499495,40.0390649499495,40.0390649499495,40.0390649499495,40.0390649499495,40.0390649499495,40.0390649499495
360,"IDN","Indonesia",41.2264995084534,41.2264995084534,41.2264995084534,41.2264995084534,41.2264995084534,41.2264995084534,41.2264995084534,41.2264995084534,41.2264995084534,41.2264995084534,41.2264995084534,41.2264995084534,41.2264995084534,41.2264995084534,41.2264995084534,41.2264995084534,41.2264995084534,41.2264995084534,41.2264995084534,41.2264995084534,41.2264995084534,41.2264995084534,41.2264995084534,41.2264995084534,41.2264995084534,41.2264995084534
364,"IRN","Iran",87.1507266796672,87.1507266796672,87.1507266796672,87.1507266796672,87.1507266796672,87.1507266796672,87.1507266796672,87.1507266796672,87.1507266796672,87.1507266796672,87.1507266796672,87.1507266796672,87.1507266796672,87.1507266796672,87.1507266796672,87.1507266796672,87.1507266796672,87.1507266796672,87.1507266796672,87.1507266796672,87.1507266796672,87.1507266796672,87.1507266796672,87.1507266796672,87.1507266796672,87.1507266796672
368,"IRQ","Iraq",53.525771951384,53.525771951384,53.525771951384,53.525771951384,53.525771951384,53.525771951384,53.525771951384,53.525771951384,53.525771951384,53.525771951384,53.525771951384,53.525771951384,53.525771951384,53.525771951384,53.525771951384,53.525771951384,53.525771951384,53.525771951384,53.525771951384,53.525771951384,53.525771951384,53.525771951384,53.525771951384,53.525771951384,53.525771951384,53.525771951384
372,"IRL","Ireland",91.4706736526175,91.4706736526175,91.4706736526175,91.4706736526175,91.4706736526175,91.4706736526175,91.4706736526175,91.4706736526175,91.4706736526175,91.4706736526175,91.4706736526175,91.4706736526175,91.4706736526175,91.4706736526175,91.4706736526175,91.4706736526175,91.4706736526175,91.4706736526175,91.4706736526175,91.4706736526175,91.4706736526175,91.4706736526175,91.4706736526175,91.4706736526175,91.4706736526175,91.4706736526175
833,"IMN","Isle of Man",NA,NA,NA,NA,NA,NA,NA,NA,NA,NA,NA,NA,NA,NA,NA,NA,NA,NA,NA,NA,NA,NA,NA,NA,NA,NA
376,"ISR","Israel",45.0125281308488,45.0125281308488,45.0125281308488,45.0125281308488,45.0125281308488,45.0125281308488,45.0125281308488,45.0125281308488,45.0125281308488,45.0125281308488,45.0125281308488,45.0125281308488,45.0125281308488,45.0125281308488,45.0125281308488,45.0125281308488,45.0125281308488,45.0125281308488,45.0125281308488,45.0125281308488,45.0125281308488,45.0125281308488,45.0125281308488,45.0125281308488,45.0125281308488,45.0125281308488
380,"ITA","Italy",41.2237009368712,41.2237009368712,41.2237009368712,41.2237009368712,41.2237009368712,41.2237009368712,41.2237009368712,41.2237009368712,41.2237009368712,41.2237009368712,41.2237009368712,41.2237009368712,41.2237009368712,41.2237009368712,41.2237009368712,41.2237009368712,41.2237009368712,41.2237009368712,41.2237009368712,41.2237009368712,41.2237009368712,41.2237009368712,41.2237009368712,41.2237009368712,41.2237009368712,41.2237009368712
388,"JAM","Jamaica",56.8673995336211,56.8673995336211,56.8673995336211,56.8673995336211,56.8673995336211,56.8673995336211,56.8673995336211,56.8673995336211,56.8673995336211,56.8673995336211,56.8673995336211,56.8673995336211,56.8673995336211,56.8673995336211,56.8673995336211,56.8673995336211,56.8673995336211,56.8673995336211,56.8673995336211,56.8673995336211,56.8673995336211,56.8673995336211,56.8673995336211,56.8673995336211,56.8673995336211,56.8673995336211
392,"JPN","Japan",65.1362707112762,65.1362707112762,65.1362707112762,65.1362707112762,65.1362707112762,65.1362707112762,65.1362707112762,65.1362707112762,65.1362707112762,65.1362707112762,65.1362707112762,65.1362707112762,65.1362707112762,65.1362707112762,65.1362707112762,65.1362707112762,65.1362707112762,65.1362707112762,65.1362707112762,65.1362707112762,65.1362707112762,65.1362707112762,65.1362707112762,65.1362707112762,65.1362707112762,65.1362707112762
832,"JEY","Jersey",NA,NA,NA,NA,NA,NA,NA,NA,NA,NA,NA,NA,NA,NA,NA,NA,NA,NA,NA,NA,NA,NA,NA,NA,NA,NA
400,"JOR","Jordan",45.7502670698958,45.7502670698958,45.7502670698958,45.7502670698958,45.7502670698958,45.7502670698958,45.7502670698958,45.7502670698958,45.7502670698958,45.7502670698958,45.7502670698958,45.7502670698958,45.7502670698958,45.7502670698958,45.7502670698958,45.7502670698958,45.7502670698958,45.7502670698958,45.7502670698958,45.7502670698958,45.7502670698958,45.7502670698958,45.7502670698958,45.7502670698958,45.7502670698958,45.7502670698958
398,"KAZ","Kazakhstan",100,100,100,100,100,100,100,100,100,100,100,100,100,100,100,100,100,100,100,100,100,100,100,100,100,100
404,"KEN","Kenya",66.5377373567627,66.5377373567627,66.5377373567627,66.5377373567627,66.5377373567627,66.5377373567627,66.5377373567627,66.5377373567627,66.5377373567627,66.5377373567627,66.5377373567627,66.5377373567627,66.5377373567627,66.5377373567627,66.5377373567627,66.5377373567627,66.5377373567627,66.5377373567627,66.5377373567627,66.5377373567627,66.5377373567627,66.5377373567627,66.5377373567627,66.5377373567627,66.5377373567627,66.5377373567627
296,"KIR","Kiribati",NA,NA,NA,NA,NA,NA,NA,NA,NA,NA,NA,NA,NA,NA,NA,NA,NA,NA,NA,NA,NA,NA,NA,NA,NA,NA
689,"XKX","Kosovo",NA,NA,NA,NA,NA,NA,NA,NA,NA,NA,NA,NA,NA,NA,NA,NA,NA,NA,NA,NA,NA,NA,NA,NA,NA,NA
414,"KWT","Kuwait",NA,NA,NA,NA,NA,NA,NA,NA,NA,NA,NA,NA,NA,NA,NA,NA,NA,NA,NA,NA,NA,NA,NA,NA,NA,NA
417,"KGZ","Kyrgyzstan",100,100,100,100,100,100,100,100,100,100,100,100,100,100,100,100,100,100,100,100,100,100,100,100,100,100
418,"LAO","Laos",16.3760346905865,16.3760346905865,16.3760346905865,16.3760346905865,16.3760346905865,16.3760346905865,16.3760346905865,16.3760346905865,16.3760346905865,16.3760346905865,16.3760346905865,16.3760346905865,16.3760346905865,16.3760346905865,16.3760346905865,16.3760346905865,16.3760346905865,16.3760346905865,16.3760346905865,16.3760346905865,16.3760346905865,16.3760346905865,16.3760346905865,16.3760346905865,16.3760346905865,16.3760346905865
428,"LVA","Latvia",62.5472827033277,62.5472827033277,62.5472827033277,62.5472827033277,62.5472827033277,62.5472827033277,62.5472827033277,62.5472827033277,62.5472827033277,62.5472827033277,62.5472827033277,62.5472827033277,62.5472827033277,62.5472827033277,62.5472827033277,62.5472827033277,62.5472827033277,62.5472827033277,62.5472827033277,62.5472827033277,62.5472827033277,62.5472827033277,62.5472827033277,62.5472827033277,62.5472827033277,62.5472827033277
422,"LBN","Lebanon",61.1737715066257,61.1737715066257,61.1737715066257,61.1737715066257,61.1737715066257,61.1737715066257,61.1737715066257,61.1737715066257,61.1737715066257,61.1737715066257,61.1737715066257,61.1737715066257,61.1737715066257,61.1737715066257,61.1737715066257,61.1737715066257,61.1737715066257,61.1737715066257,61.1737715066257,61.1737715066257,61.1737715066257,61.1737715066257,61.1737715066257,61.1737715066257,61.1737715066257,61.1737715066257
426,"LSO","Lesotho",26.674256063614,26.674256063614,26.674256063614,26.674256063614,26.674256063614,26.674256063614,26.674256063614,26.674256063614,26.674256063614,26.674256063614,26.674256063614,26.674256063614,26.674256063614,26.674256063614,26.674256063614,26.674256063614,26.674256063614,26.674256063614,26.674256063614,26.674256063614,26.674256063614,26.674256063614,26.674256063614,26.674256063614,26.674256063614,26.674256063614
430,"LBR","Liberia",3.40058536653304,3.40058536653304,3.40058536653304,3.40058536653304,3.40058536653304,3.40058536653304,3.40058536653304,3.40058536653304,3.40058536653304,3.40058536653304,3.40058536653304,3.40058536653304,3.40058536653304,3.40058536653304,3.40058536653304,3.40058536653304,3.40058536653304,3.40058536653304,3.40058536653304,3.40058536653304,3.40058536653304,3.40058536653304,3.40058536653304,3.40058536653304,3.40058536653304,3.40058536653304
434,"LBY","Libya",79.1356315135096,79.1356315135096,79.1356315135096,79.1356315135096,79.1356315135096,79.1356315135096,79.1356315135096,79.1356315135096,79.1356315135096,79.1356315135096,79.1356315135096,79.1356315135096,79.1356315135096,79.1356315135096,79.1356315135096,79.1356315135096,79.1356315135096,79.1356315135096,79.1356315135096,79.1356315135096,79.1356315135096,79.1356315135096,79.1356315135096,79.1356315135096,79.1356315135096,79.1356315135096
438,"LIE","Liechtenstein",NA,NA,NA,NA,NA,NA,NA,NA,NA,NA,NA,NA,NA,NA,NA,NA,NA,NA,NA,NA,NA,NA,NA,NA,NA,NA
440,"LTU","Lithuania",51.9432224242912,51.9432224242912,51.9432224242912,51.9432224242912,51.9432224242912,51.9432224242912,51.9432224242912,51.9432224242912,51.9432224242912,51.9432224242912,51.9432224242912,51.9432224242912,51.9432224242912,51.9432224242912,51.9432224242912,51.9432224242912,51.9432224242912,51.9432224242912,51.9432224242912,51.9432224242912,51.9432224242912,51.9432224242912,51.9432224242912,51.9432224242912,51.9432224242912,51.9432224242912
442,"LUX","Luxembourg",16.7856941104734,16.7856941104734,16.7856941104734,16.7856941104734,16.7856941104734,16.7856941104734,16.7856941104734,16.7856941104734,16.7856941104734,16.7856941104734,16.7856941104734,16.7856941104734,16.7856941104734,16.7856941104734,16.7856941104734,16.7856941104734,16.7856941104734,16.7856941104734,16.7856941104734,16.7856941104734,16.7856941104734,16.7856941104734,16.7856941104734,16.7856941104734,16.7856941104734,16.7856941104734
446,"MAC","Macao",NA,NA,NA,NA,NA,NA,NA,NA,NA,NA,NA,NA,NA,NA,NA,NA,NA,NA,NA,NA,NA,NA,NA,NA,NA,NA
450,"MDG","Madagascar",26.1123871442532,26.1123871442532,26.1123871442532,26.1123871442532,26.1123871442532,26.1123871442532,26.1123871442532,26.1123871442532,26.1123871442532,26.1123871442532,26.1123871442532,26.1123871442532,26.1123871442532,26.1123871442532,26.1123871442532,26.1123871442532,26.1123871442532,26.1123871442532,26.1123871442532,26.1123871442532,26.1123871442532,26.1123871442532,26.1123871442532,26.1123871442532,26.1123871442532,26.1123871442532
454,"MWI","Malawi",37.4896204220133,37.4896204220133,37.4896204220133,37.4896204220133,37.4896204220133,37.4896204220133,37.4896204220133,37.4896204220133,37.4896204220133,37.4896204220133,37.4896204220133,37.4896204220133,37.4896204220133,37.4896204220133,37.4896204220133,37.4896204220133,37.4896204220133,37.4896204220133,37.4896204220133,37.4896204220133,37.4896204220133,37.4896204220133,37.4896204220133,37.4896204220133,37.4896204220133,37.4896204220133
458,"MYS","Malaysia",48.9561895879923,48.9561895879923,48.9561895879923,48.9561895879923,48.9561895879923,48.9561895879923,48.9561895879923,48.9561895879923,48.9561895879923,48.9561895879923,48.9561895879923,48.9561895879923,48.9561895879923,48.9561895879923,48.9561895879923,48.9561895879923,48.9561895879923,48.9561895879923,48.9561895879923,48.9561895879923,48.9561895879923,48.9561895879923,48.9561895879923,48.9561895879923,48.9561895879923,48.9561895879923
462,"MDV","Maldives",NA,NA,NA,NA,NA,NA,NA,NA,NA,NA,NA,NA,NA,NA,NA,NA,NA,NA,NA,NA,NA,NA,NA,NA,NA,NA
466,"MLI","Mali",25.050691300304,25.050691300304,25.050691300304,25.050691300304,25.050691300304,25.050691300304,25.050691300304,25.050691300304,25.050691300304,25.050691300304,25.050691300304,25.050691300304,25.050691300304,25.050691300304,25.050691300304,25.050691300304,25.050691300304,25.050691300304,25.050691300304,25.050691300304,25.050691300304,25.050691300304,25.050691300304,25.050691300304,25.050691300304,25.050691300304
470,"MLT","Malta",53.3789044963963,53.3789044963963,53.3789044963963,53.3789044963963,53.3789044963963,53.3789044963963,53.3789044963963,53.3789044963963,53.3789044963963,53.3789044963963,53.3789044963963,53.3789044963963,53.3789044963963,53.3789044963963,53.3789044963963,53.3789044963963,53.3789044963963,53.3789044963963,53.3789044963963,53.3789044963963,53.3789044963963,53.3789044963963,53.3789044963963,53.3789044963963,53.3789044963963,53.3789044963963
584,"MHL","Marshall Islands",NA,NA,NA,NA,NA,NA,NA,NA,NA,NA,NA,NA,NA,NA,NA,NA,NA,NA,NA,NA,NA,NA,NA,NA,NA,NA
478,"MRT","Mauritania",0,0,0,0,0,0,0,0,0,0,0,0,0,0,0,0,0,0,0,0,0,0,0,0,0,0
480,"MUS","Mauritius",34.1165975141036,34.1165975141036,34.1165975141036,34.1165975141036,34.1165975141036,34.1165975141036,34.1165975141036,34.1165975141036,34.1165975141036,34.1165975141036,34.1165975141036,34.1165975141036,34.1165975141036,34.1165975141036,34.1165975141036,34.1165975141036,34.1165975141036,34.1165975141036,34.1165975141036,34.1165975141036,34.1165975141036,34.1165975141036,34.1165975141036,34.1165975141036,34.1165975141036,34.1165975141036
484,"MEX","Mexico",61.9210839568805,61.9210839568805,61.9210839568805,61.9210839568805,61.9210839568805,61.9210839568805,61.9210839568805,61.9210839568805,61.9210839568805,61.9210839568805,61.9210839568805,61.9210839568805,61.9210839568805,61.9210839568805,61.9210839568805,61.9210839568805,61.9210839568805,61.9210839568805,61.9210839568805,61.9210839568805,61.9210839568805,61.9210839568805,61.9210839568805,61.9210839568805,61.9210839568805,61.9210839568805
583,"FSM","Micronesia",NA,NA,NA,NA,NA,NA,NA,NA,NA,NA,NA,NA,NA,NA,NA,NA,NA,NA,NA,NA,NA,NA,NA,NA,NA,NA
498,"MDA","Moldova",36.9467218966655,36.9467218966655,36.9467218966655,36.9467218966655,36.9467218966655,36.9467218966655,36.9467218966655,36.9467218966655,36.9467218966655,36.9467218966655,36.9467218966655,36.9467218966655,36.9467218966655,36.9467218966655,36.9467218966655,36.9467218966655,36.9467218966655,36.9467218966655,36.9467218966655,36.9467218966655,36.9467218966655,36.9467218966655,36.9467218966655,36.9467218966655,36.9467218966655,36.9467218966655
492,"MCO","Monaco",NA,NA,NA,NA,NA,NA,NA,NA,NA,NA,NA,NA,NA,NA,NA,NA,NA,NA,NA,NA,NA,NA,NA,NA,NA,NA
496,"MNG","Mongolia",100,100,100,100,100,100,100,100,100,100,100,100,100,100,100,100,100,100,100,100,100,100,100,100,100,100
499,"MNE","Montenegro",43.6667141293811,43.6667141293811,43.6667141293811,43.6667141293811,43.6667141293811,43.6667141293811,43.6667141293811,43.6667141293811,43.6667141293811,43.6667141293811,43.6667141293811,43.6667141293811,43.6667141293811,43.6667141293811,43.6667141293811,43.6667141293811,43.6667141293811,43.6667141293811,43.6667141293811,43.6667141293811,43.6667141293811,43.6667141293811,43.6667141293811,43.6667141293811,43.6667141293811,43.6667141293811
504,"MAR","Morocco",36.7497523433225,36.7497523433225,36.7497523433225,36.7497523433225,36.7497523433225,36.7497523433225,36.7497523433225,36.7497523433225,36.7497523433225,36.7497523433225,36.7497523433225,36.7497523433225,36.7497523433225,36.7497523433225,36.7497523433225,36.7497523433225,36.7497523433225,36.7497523433225,36.7497523433225,36.7497523433225,36.7497523433225,36.7497523433225,36.7497523433225,36.7497523433225,36.7497523433225,36.7497523433225
508,"MOZ","Mozambique",43.798335205201,43.798335205201,43.798335205201,43.798335205201,43.798335205201,43.798335205201,43.798335205201,43.798335205201,43.798335205201,43.798335205201,43.798335205201,43.798335205201,43.798335205201,43.798335205201,43.798335205201,43.798335205201,43.798335205201,43.798335205201,43.798335205201,43.798335205201,43.798335205201,43.798335205201,43.798335205201,43.798335205201,43.798335205201,43.798335205201
104,"MMR","Myanmar",12.1827962531568,12.1827962531568,12.1827962531568,12.1827962531568,12.1827962531568,12.1827962531568,12.1827962531568,12.1827962531568,12.1827962531568,12.1827962531568,12.1827962531568,12.1827962531568,12.1827962531568,12.1827962531568,12.1827962531568,12.1827962531568,12.1827962531568,12.1827962531568,12.1827962531568,12.1827962531568,12.1827962531568,12.1827962531568,12.1827962531568,12.1827962531568,12.1827962531568,12.1827962531568
516,"NAM","Namibia",94.3240027494941,94.3240027494941,94.3240027494941,94.3240027494941,94.3240027494941,94.3240027494941,94.3240027494941,94.3240027494941,94.3240027494941,94.3240027494941,94.3240027494941,94.3240027494941,94.3240027494941,94.3240027494941,94.3240027494941,94.3240027494941,94.3240027494941,94.3240027494941,94.3240027494941,94.3240027494941,94.3240027494941,94.3240027494941,94.3240027494941,94.3240027494941,94.3240027494941,94.3240027494941
520,"NRU","Nauru",NA,NA,NA,NA,NA,NA,NA,NA,NA,NA,NA,NA,NA,NA,NA,NA,NA,NA,NA,NA,NA,NA,NA,NA,NA,NA
524,"NPL","Nepal",81.0737174792793,81.0737174792793,81.0737174792793,81.0737174792793,81.0737174792793,81.0737174792793,81.0737174792793,81.0737174792793,81.0737174792793,81.0737174792793,81.0737174792793,81.0737174792793,81.0737174792793,81.0737174792793,81.0737174792793,81.0737174792793,81.0737174792793,81.0737174792793,81.0737174792793,81.0737174792793,81.0737174792793,81.0737174792793,81.0737174792793,81.0737174792793,81.0737174792793,81.0737174792793
528,"NLD","Netherlands",64.1311931487801,64.1311931487801,64.1311931487801,64.1311931487801,64.1311931487801,64.1311931487801,64.1311931487801,64.1311931487801,64.1311931487801,64.1311931487801,64.1311931487801,64.1311931487801,64.1311931487801,64.1311931487801,64.1311931487801,64.1311931487801,64.1311931487801,64.1311931487801,64.1311931487801,64.1311931487801,64.1311931487801,64.1311931487801,64.1311931487801,64.1311931487801,64.1311931487801,64.1311931487801
540,"NCL","New Caledonia",NA,NA,NA,NA,NA,NA,NA,NA,NA,NA,NA,NA,NA,NA,NA,NA,NA,NA,NA,NA,NA,NA,NA,NA,NA,NA
554,"NZL","New Zealand",61.4814202663301,61.4814202663301,61.4814202663301,61.4814202663301,61.4814202663301,61.4814202663301,61.4814202663301,61.4814202663301,61.4814202663301,61.4814202663301,61.4814202663301,61.4814202663301,61.4814202663301,61.4814202663301,61.4814202663301,61.4814202663301,61.4814202663301,61.4814202663301,61.4814202663301,61.4814202663301,61.4814202663301,61.4814202663301,61.4814202663301,61.4814202663301,61.4814202663301,61.4814202663301
558,"NIC","Nicaragua",60.4556805359205,60.4556805359205,60.4556805359205,60.4556805359205,60.4556805359205,60.4556805359205,60.4556805359205,60.4556805359205,60.4556805359205,60.4556805359205,60.4556805359205,60.4556805359205,60.4556805359205,60.4556805359205,60.4556805359205,60.4556805359205,60.4556805359205,60.4556805359205,60.4556805359205,60.4556805359205,60.4556805359205,60.4556805359205,60.4556805359205,60.4556805359205,60.4556805359205,60.4556805359205
562,"NER","Niger",0,0,0,0,0,0,0,0,0,0,0,0,0,0,0,0,0,0,0,0,0,0,0,0,0,0
566,"NGA","Nigeria",27.9600529691204,27.9600529691204,27.9600529691204,27.9600529691204,27.9600529691204,27.9600529691204,27.9600529691204,27.9600529691204,27.9600529691204,27.9600529691204,27.9600529691204,27.9600529691204,27.9600529691204,27.9600529691204,27.9600529691204,27.9600529691204,27.9600529691204,27.9600529691204,27.9600529691204,27.9600529691204,27.9600529691204,27.9600529691204,27.9600529691204,27.9600529691204,27.9600529691204,27.9600529691204
570,"NIU","Niue",NA,NA,NA,NA,NA,NA,NA,NA,NA,NA,NA,NA,NA,NA,NA,NA,NA,NA,NA,NA,NA,NA,NA,NA,NA,NA
408,"PRK","North Korea",NA,NA,NA,NA,NA,NA,NA,NA,NA,NA,NA,NA,NA,NA,NA,NA,NA,NA,NA,NA,NA,NA,NA,NA,NA,NA
807,"MKD","North Macedonia",67.5642849088481,67.5642849088481,67.5642849088481,67.5642849088481,67.5642849088481,67.5642849088481,67.5642849088481,67.5642849088481,67.5642849088481,67.5642849088481,67.5642849088481,67.5642849088481,67.5642849088481,67.5642849088481,67.5642849088481,67.5642849088481,67.5642849088481,67.5642849088481,67.5642849088481,67.5642849088481,67.5642849088481,67.5642849088481,67.5642849088481,67.5642849088481,67.5642849088481,67.5642849088481
578,"NOR","Norway",54.6579005239058,54.6579005239058,54.6579005239058,54.6579005239058,54.6579005239058,54.6579005239058,54.6579005239058,54.6579005239058,54.6579005239058,54.6579005239058,54.6579005239058,54.6579005239058,54.6579005239058,54.6579005239058,54.6579005239058,54.6579005239058,54.6579005239058,54.6579005239058,54.6579005239058,54.6579005239058,54.6579005239058,54.6579005239058,54.6579005239058,54.6579005239058,54.6579005239058,54.6579005239058
512,"OMN","Oman",0,0,0,0,0,0,0,0,0,0,0,0,0,0,0,0,0,0,0,0,0,0,0,0,0,0
586,"PAK","Pakistan",92.1665097281974,92.1665097281974,92.1665097281974,92.1665097281974,92.1665097281974,92.1665097281974,92.1665097281974,92.1665097281974,92.1665097281974,92.1665097281974,92.1665097281974,92.1665097281974,92.1665097281974,92.1665097281974,92.1665097281974,92.1665097281974,92.1665097281974,92.1665097281974,92.1665097281974,92.1665097281974,92.1665097281974,92.1665097281974,92.1665097281974,92.1665097281974,92.1665097281974,92.1665097281974
585,"PLW","Palau",NA,NA,NA,NA,NA,NA,NA,NA,NA,NA,NA,NA,NA,NA,NA,NA,NA,NA,NA,NA,NA,NA,NA,NA,NA,NA
591,"PAN","Panama",73.5782983577881,73.5782983577881,73.5782983577881,73.5782983577881,73.5782983577881,73.5782983577881,73.5782983577881,73.5782983577881,73.5782983577881,73.5782983577881,73.5782983577881,73.5782983577881,73.5782983577881,73.5782983577881,73.5782983577881,73.5782983577881,73.5782983577881,73.5782983577881,73.5782983577881,73.5782983577881,73.5782983577881,73.5782983577881,73.5782983577881,73.5782983577881,73.5782983577881,73.5782983577881
598,"PNG","Papua New Guinea",37.4426005527207,37.4426005527207,37.4426005527207,37.4426005527207,37.4426005527207,37.4426005527207,37.4426005527207,37.4426005527207,37.4426005527207,37.4426005527207,37.4426005527207,37.4426005527207,37.4426005527207,37.4426005527207,37.4426005527207,37.4426005527207,37.4426005527207,37.4426005527207,37.4426005527207,37.4426005527207,37.4426005527207,37.4426005527207,37.4426005527207,37.4426005527207,37.4426005527207,37.4426005527207
600,"PRY","Paraguay",48.5537033700058,48.5537033700058,48.5537033700058,48.5537033700058,48.5537033700058,48.5537033700058,48.5537033700058,48.5537033700058,48.5537033700058,48.5537033700058,48.5537033700058,48.5537033700058,48.5537033700058,48.5537033700058,48.5537033700058,48.5537033700058,48.5537033700058,48.5537033700058,48.5537033700058,48.5537033700058,48.5537033700058,48.5537033700058,48.5537033700058,48.5537033700058,48.5537033700058,48.5537033700058
604,"PER","Peru",35.9513665049445,35.9513665049445,35.9513665049445,35.9513665049445,35.9513665049445,35.9513665049445,35.9513665049445,35.9513665049445,35.9513665049445,35.9513665049445,35.9513665049445,35.9513665049445,35.9513665049445,35.9513665049445,35.9513665049445,35.9513665049445,35.9513665049445,35.9513665049445,35.9513665049445,35.9513665049445,35.9513665049445,35.9513665049445,35.9513665049445,35.9513665049445,35.9513665049445,35.9513665049445
608,"PHL","Philippines",42.8798384262864,42.8798384262864,42.8798384262864,42.8798384262864,42.8798384262864,42.8798384262864,42.8798384262864,42.8798384262864,42.8798384262864,42.8798384262864,42.8798384262864,42.8798384262864,42.8798384262864,42.8798384262864,42.8798384262864,42.8798384262864,42.8798384262864,42.8798384262864,42.8798384262864,42.8798384262864,42.8798384262864,42.8798384262864,42.8798384262864,42.8798384262864,42.8798384262864,42.8798384262864
616,"POL","Poland",55.4991415426244,55.4991415426244,55.4991415426244,55.4991415426244,55.4991415426244,55.4991415426244,55.4991415426244,55.4991415426244,55.4991415426244,55.4991415426244,55.4991415426244,55.4991415426244,55.4991415426244,55.4991415426244,55.4991415426244,55.4991415426244,55.4991415426244,55.4991415426244,55.4991415426244,55.4991415426244,55.4991415426244,55.4991415426244,55.4991415426244,55.4991415426244,55.4991415426244,55.4991415426244
620,"PRT","Portugal",45.3280853665025,45.3280853665025,45.3280853665025,45.3280853665025,45.3280853665025,45.3280853665025,45.3280853665025,45.3280853665025,45.3280853665025,45.3280853665025,45.3280853665025,45.3280853665025,45.3280853665025,45.3280853665025,45.3280853665025,45.3280853665025,45.3280853665025,45.3280853665025,45.3280853665025,45.3280853665025,45.3280853665025,45.3280853665025,45.3280853665025,45.3280853665025,45.3280853665025,45.3280853665025
634,"QAT","Qatar",NA,NA,NA,NA,NA,NA,NA,NA,NA,NA,NA,NA,NA,NA,NA,NA,NA,NA,NA,NA,NA,NA,NA,NA,NA,NA
178,"COG","Republic of Congo",32.9039972034371,32.9039972034371,32.9039972034371,32.9039972034371,32.9039972034371,32.9039972034371,32.9039972034371,32.9039972034371,32.9039972034371,32.9039972034371,32.9039972034371,32.9039972034371,32.9039972034371,32.9039972034371,32.9039972034371,32.9039972034371,32.9039972034371,32.9039972034371,32.9039972034371,32.9039972034371,32.9039972034371,32.9039972034371,32.9039972034371,32.9039972034371,32.9039972034371,32.9039972034371
642,"ROU","Romania",70.8835395400605,70.8835395400605,70.8835395400605,70.8835395400605,70.8835395400605,70.8835395400605,70.8835395400605,70.8835395400605,70.8835395400605,70.8835395400605,70.8835395400605,70.8835395400605,70.8835395400605,70.8835395400605,70.8835395400605,70.8835395400605,70.8835395400605,70.8835395400605,70.8835395400605,70.8835395400605,70.8835395400605,70.8835395400605,70.8835395400605,70.8835395400605,70.8835395400605,70.8835395400605
643,"RUS","Russia",53.9297001966956,53.9297001966956,53.9297001966956,53.9297001966956,53.9297001966956,53.9297001966956,53.9297001966956,53.9297001966956,53.9297001966956,53.9297001966956,53.9297001966956,53.9297001966956,53.9297001966956,53.9297001966956,53.9297001966956,53.9297001966956,53.9297001966956,53.9297001966956,53.9297001966956,53.9297001966956,53.9297001966956,53.9297001966956,53.9297001966956,53.9297001966956,53.9297001966956,53.9297001966956
646,"RWA","Rwanda",34.1221892141798,34.1221892141798,34.1221892141798,34.1221892141798,34.1221892141798,34.1221892141798,34.1221892141798,34.1221892141798,34.1221892141798,34.1221892141798,34.1221892141798,34.1221892141798,34.1221892141798,34.1221892141798,34.1221892141798,34.1221892141798,34.1221892141798,34.1221892141798,34.1221892141798,34.1221892141798,34.1221892141798,34.1221892141798,34.1221892141798,34.1221892141798,34.1221892141798,34.1221892141798
652,"BLM","Saint Barthelemy",NA,NA,NA,NA,NA,NA,NA,NA,NA,NA,NA,NA,NA,NA,NA,NA,NA,NA,NA,NA,NA,NA,NA,NA,NA,NA
659,"KNA","Saint Kitts and Nevis",NA,NA,NA,NA,NA,NA,NA,NA,NA,NA,NA,NA,NA,NA,NA,NA,NA,NA,NA,NA,NA,NA,NA,NA,NA,NA
662,"LCA","Saint Lucia",70.0077175666028,70.0077175666028,70.0077175666028,70.0077175666028,70.0077175666028,70.0077175666028,70.0077175666028,70.0077175666028,70.0077175666028,70.0077175666028,70.0077175666028,70.0077175666028,70.0077175666028,70.0077175666028,70.0077175666028,70.0077175666028,70.0077175666028,70.0077175666028,70.0077175666028,70.0077175666028,70.0077175666028,70.0077175666028,70.0077175666028,70.0077175666028,70.0077175666028,70.0077175666028
670,"VCT","Saint Vincent and the Grenadines",60.0032867555982,60.0032867555982,60.0032867555982,60.0032867555982,60.0032867555982,60.0032867555982,60.0032867555982,60.0032867555982,60.0032867555982,60.0032867555982,60.0032867555982,60.0032867555982,60.0032867555982,60.0032867555982,60.0032867555982,60.0032867555982,60.0032867555982,60.0032867555982,60.0032867555982,60.0032867555982,60.0032867555982,60.0032867555982,60.0032867555982,60.0032867555982,60.0032867555982,60.0032867555982
882,"WSM","Samoa",NA,NA,NA,NA,NA,NA,NA,NA,NA,NA,NA,NA,NA,NA,NA,NA,NA,NA,NA,NA,NA,NA,NA,NA,NA,NA
674,"SMR","San Marino",NA,NA,NA,NA,NA,NA,NA,NA,NA,NA,NA,NA,NA,NA,NA,NA,NA,NA,NA,NA,NA,NA,NA,NA,NA,NA
678,"STP","Sao Tome and Principe",NA,NA,NA,NA,NA,NA,NA,NA,NA,NA,NA,NA,NA,NA,NA,NA,NA,NA,NA,NA,NA,NA,NA,NA,NA,NA
682,"SAU","Saudi Arabia",0,0,0,0,0,0,0,0,0,0,0,0,0,0,0,0,0,0,0,0,0,0,0,0,0,0
686,"SEN","Senegal",70.3414908816025,70.3414908816025,70.3414908816025,70.3414908816025,70.3414908816025,70.3414908816025,70.3414908816025,70.3414908816025,70.3414908816025,70.3414908816025,70.3414908816025,70.3414908816025,70.3414908816025,70.3414908816025,70.3414908816025,70.3414908816025,70.3414908816025,70.3414908816025,70.3414908816025,70.3414908816025,70.3414908816025,70.3414908816025,70.3414908816025,70.3414908816025,70.3414908816025,70.3414908816025
688,"SRB","Serbia",41.9018260961558,41.9018260961558,41.9018260961558,41.9018260961558,41.9018260961558,41.9018260961558,41.9018260961558,41.9018260961558,41.9018260961558,41.9018260961558,41.9018260961558,41.9018260961558,41.9018260961558,41.9018260961558,41.9018260961558,41.9018260961558,41.9018260961558,41.9018260961558,41.9018260961558,41.9018260961558,41.9018260961558,41.9018260961558,41.9018260961558,41.9018260961558,41.9018260961558,41.9018260961558
690,"SYC","Seychelles",NA,NA,NA,NA,NA,NA,NA,NA,NA,NA,NA,NA,NA,NA,NA,NA,NA,NA,NA,NA,NA,NA,NA,NA,NA,NA
694,"SLE","Sierra Leone",0,0,0,0,0,0,0,0,0,0,0,0,0,0,0,0,0,0,0,0,0,0,0,0,0,0
702,"SGP","Singapore",24.7415768843152,24.7415768843152,24.7415768843152,24.7415768843152,24.7415768843152,24.7415768843152,24.7415768843152,24.7415768843152,24.7415768843152,24.7415768843152,24.7415768843152,24.7415768843152,24.7415768843152,24.7415768843152,24.7415768843152,24.7415768843152,24.7415768843152,24.7415768843152,24.7415768843152,24.7415768843152,24.7415768843152,24.7415768843152,24.7415768843152,24.7415768843152,24.7415768843152,24.7415768843152
534,"SXM","Sint Maarten",NA,NA,NA,NA,NA,NA,NA,NA,NA,NA,NA,NA,NA,NA,NA,NA,NA,NA,NA,NA,NA,NA,NA,NA,NA,NA
703,"SVK","Slovakia",48.497605575175,48.497605575175,48.497605575175,48.497605575175,48.497605575175,48.497605575175,48.497605575175,48.497605575175,48.497605575175,48.497605575175,48.497605575175,48.497605575175,48.497605575175,48.497605575175,48.497605575175,48.497605575175,48.497605575175,48.497605575175,48.497605575175,48.497605575175,48.497605575175,48.497605575175,48.497605575175,48.497605575175,48.497605575175,48.497605575175
705,"SVN","Slovenia",46.5846312626245,46.5846312626245,46.5846312626245,46.5846312626245,46.5846312626245,46.5846312626245,46.5846312626245,46.5846312626245,46.5846312626245,46.5846312626245,46.5846312626245,46.5846312626245,46.5846312626245,46.5846312626245,46.5846312626245,46.5846312626245,46.5846312626245,46.5846312626245,46.5846312626245,46.5846312626245,46.5846312626245,46.5846312626245,46.5846312626245,46.5846312626245,46.5846312626245,46.5846312626245
90,"SLB","Solomon Islands",16.7346009483078,16.7346009483078,16.7346009483078,16.7346009483078,16.7346009483078,16.7346009483078,16.7346009483078,16.7346009483078,16.7346009483078,16.7346009483078,16.7346009483078,16.7346009483078,16.7346009483078,16.7346009483078,16.7346009483078,16.7346009483078,16.7346009483078,16.7346009483078,16.7346009483078,16.7346009483078,16.7346009483078,16.7346009483078,16.7346009483078,16.7346009483078,16.7346009483078,16.7346009483078
706,"SOM","Somalia",47.4401859425695,47.4401859425695,47.4401859425695,47.4401859425695,47.4401859425695,47.4401859425695,47.4401859425695,47.4401859425695,47.4401859425695,47.4401859425695,47.4401859425695,47.4401859425695,47.4401859425695,47.4401859425695,47.4401859425695,47.4401859425695,47.4401859425695,47.4401859425695,47.4401859425695,47.4401859425695,47.4401859425695,47.4401859425695,47.4401859425695,47.4401859425695,47.4401859425695,47.4401859425695
710,"ZAF","South Africa",58.3768628897753,58.3768628897753,58.3768628897753,58.3768628897753,58.3768628897753,58.3768628897753,58.3768628897753,58.3768628897753,58.3768628897753,58.3768628897753,58.3768628897753,58.3768628897753,58.3768628897753,58.3768628897753,58.3768628897753,58.3768628897753,58.3768628897753,58.3768628897753,58.3768628897753,58.3768628897753,58.3768628897753,58.3768628897753,58.3768628897753,58.3768628897753,58.3768628897753,58.3768628897753
410,"KOR","South Korea",36.5142088159129,36.5142088159129,36.5142088159129,36.5142088159129,36.5142088159129,36.5142088159129,36.5142088159129,36.5142088159129,36.5142088159129,36.5142088159129,36.5142088159129,36.5142088159129,36.5142088159129,36.5142088159129,36.5142088159129,36.5142088159129,36.5142088159129,36.5142088159129,36.5142088159129,36.5142088159129,36.5142088159129,36.5142088159129,36.5142088159129,36.5142088159129,36.5142088159129,36.5142088159129
728,"SSD","South Sudan",72.8977365775343,72.8977365775343,72.8977365775343,72.8977365775343,72.8977365775343,72.8977365775343,72.8977365775343,72.8977365775343,72.8977365775343,72.8977365775343,72.8977365775343,72.8977365775343,72.8977365775343,72.8977365775343,72.8977365775343,72.8977365775343,72.8977365775343,72.8977365775343,72.8977365775343,72.8977365775343,72.8977365775343,72.8977365775343,72.8977365775343,72.8977365775343,72.8977365775343,72.8977365775343
724,"ESP","Spain",45.3561812304172,45.3561812304172,45.3561812304172,45.3561812304172,45.3561812304172,45.3561812304172,45.3561812304172,45.3561812304172,45.3561812304172,45.3561812304172,45.3561812304172,45.3561812304172,45.3561812304172,45.3561812304172,45.3561812304172,45.3561812304172,45.3561812304172,45.3561812304172,45.3561812304172,45.3561812304172,45.3561812304172,45.3561812304172,45.3561812304172,45.3561812304172,45.3561812304172,45.3561812304172
144,"LKA","Sri Lanka",23.6971582721147,23.6971582721147,23.6971582721147,23.6971582721147,23.6971582721147,23.6971582721147,23.6971582721147,23.6971582721147,23.6971582721147,23.6971582721147,23.6971582721147,23.6971582721147,23.6971582721147,23.6971582721147,23.6971582721147,23.6971582721147,23.6971582721147,23.6971582721147,23.6971582721147,23.6971582721147,23.6971582721147,23.6971582721147,23.6971582721147,23.6971582721147,23.6971582721147,23.6971582721147
275,"PSE","State of Palestine",NA,NA,NA,NA,NA,NA,NA,NA,NA,NA,NA,NA,NA,NA,NA,NA,NA,NA,NA,NA,NA,NA,NA,NA,NA,NA
729,"SDN","Sudan",48.2703777348991,48.2703777348991,48.2703777348991,48.2703777348991,48.2703777348991,48.2703777348991,48.2703777348991,48.2703777348991,48.2703777348991,48.2703777348991,48.2703777348991,48.2703777348991,48.2703777348991,48.2703777348991,48.2703777348991,48.2703777348991,48.2703777348991,48.2703777348991,48.2703777348991,48.2703777348991,48.2703777348991,48.2703777348991,48.2703777348991,48.2703777348991,48.2703777348991,48.2703777348991
740,"SUR","Suriname",22.1173446952763,22.1173446952763,22.1173446952763,22.1173446952763,22.1173446952763,22.1173446952763,22.1173446952763,22.1173446952763,22.1173446952763,22.1173446952763,22.1173446952763,22.1173446952763,22.1173446952763,22.1173446952763,22.1173446952763,22.1173446952763,22.1173446952763,22.1173446952763,22.1173446952763,22.1173446952763,22.1173446952763,22.1173446952763,22.1173446952763,22.1173446952763,22.1173446952763,22.1173446952763
752,"SWE","Sweden",57.307197986848,57.307197986848,57.307197986848,57.307197986848,57.307197986848,57.307197986848,57.307197986848,57.307197986848,57.307197986848,57.307197986848,57.307197986848,57.307197986848,57.307197986848,57.307197986848,57.307197986848,57.307197986848,57.307197986848,57.307197986848,57.307197986848,57.307197986848,57.307197986848,57.307197986848,57.307197986848,57.307197986848,57.307197986848,57.307197986848
756,"CHE","Switzerland",71.7729973477925,71.7729973477925,71.7729973477925,71.7729973477925,71.7729973477925,71.7729973477925,71.7729973477925,71.7729973477925,71.7729973477925,71.7729973477925,71.7729973477925,71.7729973477925,71.7729973477925,71.7729973477925,71.7729973477925,71.7729973477925,71.7729973477925,71.7729973477925,71.7729973477925,71.7729973477925,71.7729973477925,71.7729973477925,71.7729973477925,71.7729973477925,71.7729973477925,71.7729973477925
760,"SYR","Syria",NA,NA,NA,NA,NA,NA,NA,NA,NA,NA,NA,NA,NA,NA,NA,NA,NA,NA,NA,NA,NA,NA,NA,NA,NA,NA
158,"TWN","Taiwan",67.0414852744069,67.0414852744069,67.0414852744069,67.0414852744069,67.0414852744069,67.0414852744069,67.0414852744069,67.0414852744069,67.0414852744069,67.0414852744069,67.0414852744069,67.0414852744069,67.0414852744069,67.0414852744069,67.0414852744069,67.0414852744069,67.0414852744069,67.0414852744069,67.0414852744069,67.0414852744069,67.0414852744069,67.0414852744069,67.0414852744069,67.0414852744069,67.0414852744069,67.0414852744069
762,"TJK","Tajikistan",100,100,100,100,100,100,100,100,100,100,100,100,100,100,100,100,100,100,100,100,100,100,100,100,100,100
834,"TZA","Tanzania",39.9110136435987,39.9110136435987,39.9110136435987,39.9110136435987,39.9110136435987,39.9110136435987,39.9110136435987,39.9110136435987,39.9110136435987,39.9110136435987,39.9110136435987,39.9110136435987,39.9110136435987,39.9110136435987,39.9110136435987,39.9110136435987,39.9110136435987,39.9110136435987,39.9110136435987,39.9110136435987,39.9110136435987,39.9110136435987,39.9110136435987,39.9110136435987,39.9110136435987,39.9110136435987
764,"THA","Thailand",35.4586623218716,35.4586623218716,35.4586623218716,35.4586623218716,35.4586623218716,35.4586623218716,35.4586623218716,35.4586623218716,35.4586623218716,35.4586623218716,35.4586623218716,35.4586623218716,35.4586623218716,35.4586623218716,35.4586623218716,35.4586623218716,35.4586623218716,35.4586623218716,35.4586623218716,35.4586623218716,35.4586623218716,35.4586623218716,35.4586623218716,35.4586623218716,35.4586623218716,35.4586623218716
626,"TLS","Timor-Leste",58.3131597635332,58.3131597635332,58.3131597635332,58.3131597635332,58.3131597635332,58.3131597635332,58.3131597635332,58.3131597635332,58.3131597635332,58.3131597635332,58.3131597635332,58.3131597635332,58.3131597635332,58.3131597635332,58.3131597635332,58.3131597635332,58.3131597635332,58.3131597635332,58.3131597635332,58.3131597635332,58.3131597635332,58.3131597635332,58.3131597635332,58.3131597635332,58.3131597635332,58.3131597635332
768,"TGO","Togo",63.8530049756036,63.8530049756036,63.8530049756036,63.8530049756036,63.8530049756036,63.8530049756036,63.8530049756036,63.8530049756036,63.8530049756036,63.8530049756036,63.8530049756036,63.8530049756036,63.8530049756036,63.8530049756036,63.8530049756036,63.8530049756036,63.8530049756036,63.8530049756036,63.8530049756036,63.8530049756036,63.8530049756036,63.8530049756036,63.8530049756036,63.8530049756036,63.8530049756036,63.8530049756036
776,"TON","Tonga",NA,NA,NA,NA,NA,NA,NA,NA,NA,NA,NA,NA,NA,NA,NA,NA,NA,NA,NA,NA,NA,NA,NA,NA,NA,NA
780,"TTO","Trinidad and Tobago",72.0086854728729,72.0086854728729,72.0086854728729,72.0086854728729,72.0086854728729,72.0086854728729,72.0086854728729,72.0086854728729,72.0086854728729,72.0086854728729,72.0086854728729,72.0086854728729,72.0086854728729,72.0086854728729,72.0086854728729,72.0086854728729,72.0086854728729,72.0086854728729,72.0086854728729,72.0086854728729,72.0086854728729,72.0086854728729,72.0086854728729,72.0086854728729,72.0086854728729,72.0086854728729
788,"TUN","Tunisia",0,0,0,0,0,0,0,0,0,0,0,0,0,0,0,0,0,0,0,0,0,0,0,0,0,0
792,"TUR","Turkey",64.2079838921486,64.2079838921486,64.2079838921486,64.2079838921486,64.2079838921486,64.2079838921486,64.2079838921486,64.2079838921486,64.2079838921486,64.2079838921486,64.2079838921486,64.2079838921486,64.2079838921486,64.2079838921486,64.2079838921486,64.2079838921486,64.2079838921486,64.2079838921486,64.2079838921486,64.2079838921486,64.2079838921486,64.2079838921486,64.2079838921486,64.2079838921486,64.2079838921486,64.2079838921486
795,"TKM","Turkmenistan",100,100,100,100,100,100,100,100,100,100,100,100,100,100,100,100,100,100,100,100,100,100,100,100,100,100
796,"TCA","Turks and Caicos Islands",NA,NA,NA,NA,NA,NA,NA,NA,NA,NA,NA,NA,NA,NA,NA,NA,NA,NA,NA,NA,NA,NA,NA,NA,NA,NA
798,"TUV","Tuvalu",NA,NA,NA,NA,NA,NA,NA,NA,NA,NA,NA,NA,NA,NA,NA,NA,NA,NA,NA,NA,NA,NA,NA,NA,NA,NA
800,"UGA","Uganda",23.9218404892881,23.9218404892881,23.9218404892881,23.9218404892881,23.9218404892881,23.9218404892881,23.9218404892881,23.9218404892881,23.9218404892881,23.9218404892881,23.9218404892881,23.9218404892881,23.9218404892881,23.9218404892881,23.9218404892881,23.9218404892881,23.9218404892881,23.9218404892881,23.9218404892881,23.9218404892881,23.9218404892881,23.9218404892881,23.9218404892881,23.9218404892881,23.9218404892881,23.9218404892881
804,"UKR","Ukraine",56.9555410984352,56.9555410984352,56.9555410984352,56.9555410984352,56.9555410984352,56.9555410984352,56.9555410984352,56.9555410984352,56.9555410984352,56.9555410984352,56.9555410984352,56.9555410984352,56.9555410984352,56.9555410984352,56.9555410984352,56.9555410984352,56.9555410984352,56.9555410984352,56.9555410984352,56.9555410984352,56.9555410984352,56.9555410984352,56.9555410984352,56.9555410984352,56.9555410984352,56.9555410984352
784,"ARE","United Arab Emirates",14.9923291076722,14.9923291076722,14.9923291076722,14.9923291076722,14.9923291076722,14.9923291076722,14.9923291076722,14.9923291076722,14.9923291076722,14.9923291076722,14.9923291076722,14.9923291076722,14.9923291076722,14.9923291076722,14.9923291076722,14.9923291076722,14.9923291076722,14.9923291076722,14.9923291076722,14.9923291076722,14.9923291076722,14.9923291076722,14.9923291076722,14.9923291076722,14.9923291076722,14.9923291076722
826,"GBR","United Kingdom",35.5285921640791,35.5285921640791,35.5285921640791,35.5285921640791,35.5285921640791,35.5285921640791,35.5285921640791,35.5285921640791,35.5285921640791,35.5285921640791,35.5285921640791,35.5285921640791,35.5285921640791,35.5285921640791,35.5285921640791,35.5285921640791,35.5285921640791,35.5285921640791,35.5285921640791,35.5285921640791,35.5285921640791,35.5285921640791,35.5285921640791,35.5285921640791,35.5285921640791,35.5285921640791
840,"USA","United States of America",73.5091708251369,73.5091708251369,73.5091708251369,73.5091708251369,73.5091708251369,73.5091708251369,73.5091708251369,73.5091708251369,73.5091708251369,73.5091708251369,73.5091708251369,73.5091708251369,73.5091708251369,73.5091708251369,73.5091708251369,73.5091708251369,73.5091708251369,73.5091708251369,73.5091708251369,73.5091708251369,73.5091708251369,73.5091708251369,73.5091708251369,73.5091708251369,73.5091708251369,73.5091708251369
858,"URY","Uruguay",23.686334332537,23.686334332537,23.686334332537,23.686334332537,23.686334332537,23.686334332537,23.686334332537,23.686334332537,23.686334332537,23.686334332537,23.686334332537,23.686334332537,23.686334332537,23.686334332537,23.686334332537,23.686334332537,23.686334332537,23.686334332537,23.686334332537,23.686334332537,23.686334332537,23.686334332537,23.686334332537,23.686334332537,23.686334332537,23.686334332537
860,"UZB","Uzbekistan",91.5936224229204,91.5936224229204,91.5936224229204,91.5936224229204,91.5936224229204,91.5936224229204,91.5936224229204,91.5936224229204,91.5936224229204,91.5936224229204,91.5936224229204,91.5936224229204,91.5936224229204,91.5936224229204,91.5936224229204,91.5936224229204,91.5936224229204,91.5936224229204,91.5936224229204,91.5936224229204,91.5936224229204,91.5936224229204,91.5936224229204,91.5936224229204,91.5936224229204,91.5936224229204
548,"VUT","Vanuatu",2.69869461568636,2.69869461568636,2.69869461568636,2.69869461568636,2.69869461568636,2.69869461568636,2.69869461568636,2.69869461568636,2.69869461568636,2.69869461568636,2.69869461568636,2.69869461568636,2.69869461568636,2.69869461568636,2.69869461568636,2.69869461568636,2.69869461568636,2.69869461568636,2.69869461568636,2.69869461568636,2.69869461568636,2.69869461568636,2.69869461568636,2.69869461568636,2.69869461568636,2.69869461568636
862,"VEN","Venezuela",71.6792622277304,71.6792622277304,71.6792622277304,71.6792622277304,71.6792622277304,71.6792622277304,71.6792622277304,71.6792622277304,71.6792622277304,71.6792622277304,71.6792622277304,71.6792622277304,71.6792622277304,71.6792622277304,71.6792622277304,71.6792622277304,71.6792622277304,71.6792622277304,71.6792622277304,71.6792622277304,71.6792622277304,71.6792622277304,71.6792622277304,71.6792622277304,71.6792622277304,71.6792622277304
704,"VNM","Viet Nam",8.11084990544401,8.11084990544401,8.11084990544401,8.11084990544401,8.11084990544401,8.11084990544401,8.11084990544401,8.11084990544401,8.11084990544401,8.11084990544401,8.11084990544401,8.11084990544401,8.11084990544401,8.11084990544401,8.11084990544401,8.11084990544401,8.11084990544401,8.11084990544401,8.11084990544401,8.11084990544401,8.11084990544401,8.11084990544401,8.11084990544401,8.11084990544401,8.11084990544401,8.11084990544401
876,"WLF","Wallis and Futuna Islands",NA,NA,NA,NA,NA,NA,NA,NA,NA,NA,NA,NA,NA,NA,NA,NA,NA,NA,NA,NA,NA,NA,NA,NA,NA,NA
732,"ESH","Western Sahara",NA,NA,NA,NA,NA,NA,NA,NA,NA,NA,NA,NA,NA,NA,NA,NA,NA,NA,NA,NA,NA,NA,NA,NA,NA,NA
887,"YEM","Yemen",NA,NA,NA,NA,NA,NA,NA,NA,NA,NA,NA,NA,NA,NA,NA,NA,NA,NA,NA,NA,NA,NA,NA,NA,NA,NA
894,"ZMB","Zambia",24.2458183656625,24.2458183656625,24.2458183656625,24.2458183656625,24.2458183656625,24.2458183656625,24.2458183656625,24.2458183656625,24.2458183656625,24.2458183656625,24.2458183656625,24.2458183656625,24.2458183656625,24.2458183656625,24.2458183656625,24.2458183656625,24.2458183656625,24.2458183656625,24.2458183656625,24.2458183656625,24.2458183656625,24.2458183656625,24.2458183656625,24.2458183656625,24.2458183656625,24.2458183656625
716,"ZWE","Zimbabwe",65.9194942367995,65.9194942367995,65.9194942367995,65.9194942367995,65.9194942367995,65.9194942367995,65.9194942367995,65.9194942367995,65.9194942367995,65.9194942367995,65.9194942367995,65.9194942367995,65.9194942367995,65.9194942367995,65.9194942367995,65.9194942367995,65.9194942367995,65.9194942367995,65.9194942367995,65.9194942367995,65.9194942367995,65.9194942367995,65.9194942367995,65.9194942367995,65.9194942367995,65.9194942367995
