"code","iso","country","MPA.ind.1995","MPA.ind.1996","MPA.ind.1997","MPA.ind.1998","MPA.ind.1999","MPA.ind.2000","MPA.ind.2001","MPA.ind.2002","MPA.ind.2003","MPA.ind.2004","MPA.ind.2005","MPA.ind.2006","MPA.ind.2007","MPA.ind.2008","MPA.ind.2009","MPA.ind.2010","MPA.ind.2011","MPA.ind.2012","MPA.ind.2013","MPA.ind.2014","MPA.ind.2015","MPA.ind.2016","MPA.ind.2017","MPA.ind.2018","MPA.ind.2019","MPA.ind.2020"
4,"AFG","Afghanistan",NA,NA,NA,NA,NA,NA,NA,NA,NA,NA,NA,NA,NA,NA,NA,NA,NA,NA,NA,NA,NA,NA,NA,NA,NA,NA
8,"ALB","Albania",0,0,0,0,0,0,0,0,0,4.49218749327206,4.49218749327206,4.49218749327206,4.68191791133886,4.68191791133886,4.68191791133886,4.68191791133886,14.6834686661465,14.6834686662028,14.6834686662028,14.6834686662028,14.6834686662028,14.6834686662028,14.6834686662028,14.6834686662028,14.6834686662028,14.6834686662028
12,"DZA","Algeria",0.237378632906608,0.237378632906608,0.237378632906608,0.237378632906608,0.237378632906608,0.237378632906608,0.237378632906608,0.395071056700618,0.395071056700618,0.6387930811108,0.6387930811108,0.6387930811108,0.6387930811108,0.6387930811108,0.6387930811108,0.6387930811108,0.6387930811108,0.643814941076126,0.643814941076126,0.643814941076126,0.643814941076126,0.643814941076126,0.643814941076126,0.643814941076126,0.643814941076126,0.643814941076126
20,"AND","Andorra",NA,NA,NA,NA,NA,NA,NA,NA,NA,NA,NA,NA,NA,NA,NA,NA,NA,NA,NA,NA,NA,NA,NA,NA,NA,NA
24,"AGO","Angola",0.00280801898474517,0.00280801898474517,0.00280801898474517,0.00280801898474517,0.00280801898474517,0.00280801898474517,0.00280801898474517,0.00280801898474517,0.00280801898474517,0.00280801898474517,0.00280801898474517,0.00280801898474517,0.00280801898474517,0.00280801898474517,0.00280801898474517,0.00280801898474517,0.00280801898474517,0.00280801898474517,0.00280801898474517,0.00280801898474517,0.00280801898474517,0.00280801898474517,0.00280801898474517,0.00280801898474517,0.00280801898474517,0.00280801898474517
660,"AIA","Anguilla",0.3063144942554,0.3063144942554,0.3063144942554,0.3063144942554,0.3063144942554,0.3063144942554,0.3063144942554,0.3063144942554,0.3063144942554,0.3063144942554,0.3063144942554,0.3063144942554,0.3063144942554,0.3063144942554,0.3063144942554,0.3063144942554,0.3063144942554,0.3063144942554,0.3063144942554,0.3063144942554,0.3063144942554,0.3063144942554,0.3063144942554,0.3063144942554,0.416700852258221,0.416700852258221
28,"ATG","Antigua and Barbuda",0.165146227590657,0.165146227590657,0.165146227590657,0.165146227590657,0.165146227590657,0.309976699785533,0.309976699785533,0.309976699785533,0.309976699785533,0.309976699785533,0.309976699785533,1.1952304855368,1.1952304855368,1.1952304855368,1.19523048552729,1.19523048552729,1.19523048552729,1.19523048552729,1.19523048552729,1.19523048552729,1.19523048552729,1.19523048552729,1.19523048552729,1.19523048552729,1.19523048552729,1.19523048552729
32,"ARG","Argentina",0.304716785114945,0.304716785114945,0.304716784502848,0.304821370435209,1.20574991568025,1.20895933945022,1.20895933938143,2.42539910551991,2.45623985482953,2.4562398548287,2.4562398548287,2.61398542637574,2.6139854263749,2.61398542637313,2.61433988287627,2.6143398828771,2.61433988287627,2.61678108308589,3.40201118415488,13.9881498810762,13.9881498810762,14.005584033467,14.0055840334678,14.0055840334678,42.9500659498242,42.9500659498242
51,"ARM","Armenia",NA,NA,NA,NA,NA,NA,NA,NA,NA,NA,NA,NA,NA,NA,NA,NA,NA,NA,NA,NA,NA,NA,NA,NA,NA,NA
533,"ABW","Aruba",0,0,0,0,0,0,0,0,0,0,0,0,0,0,0,0,0,0,0,0,0,0,0,0,0,0
36,"AUS","Australia",0.196098512887121,0.199394365836558,0.336351720429112,0.41164512730074,0.667715402678813,0.729936501782343,0.819842572179235,0.854103050583299,11.1675406798616,11.1685145013176,49.5510907756442,50.0331711460977,50.7736110532297,51.2893510620897,51.3433067282056,55.1963873550594,55.2358799920975,55.5281081158781,98.0650982111728,98.2014516862117,98.2193059076914,98.2195452383644,100,100,100,100
40,"AUT","Austria",NA,NA,NA,NA,NA,NA,NA,NA,NA,NA,NA,NA,NA,NA,NA,NA,NA,NA,NA,NA,NA,NA,NA,NA,NA,NA
31,"AZE","Azerbaijan",NA,NA,NA,NA,NA,NA,NA,NA,NA,NA,NA,NA,NA,NA,NA,NA,NA,NA,NA,NA,NA,NA,NA,NA,NA,NA
44,"BHS","Bahamas",1.1132324358421,1.1132324358421,1.1132324358421,1.11323243583905,1.11323243583905,1.11323243583905,1.11323243583905,1.11323243583905,1.32611316838446,1.32611316838446,1.32611316838446,1.32611316838446,1.32611316838446,1.32611316838446,1.65480685863104,1.85853393652198,1.86976132198983,1.86976132198983,1.86976132198983,1.86976132198983,1.86976132198983,71.2821751120124,71.2821751120124,71.2821751120124,71.2821751120124,71.2821751120124
48,"BHR","Bahrain",0,0,0,4.46799213840944,4.46799213840944,4.46799213840944,4.46799213840944,4.46799213840944,4.79690660127539,8.6062171909528,8.6062171909528,8.6062171909528,9.31503178399818,10.3486621989697,10.3486621989697,10.3486621989697,10.3486621989697,10.3486621989697,10.3486621989697,10.3486621989697,10.3486621989697,10.3486621989697,10.3486621989697,10.3486621989697,10.3486621989697,10.3486621989697
50,"BGD","Bangladesh",0,0,0,0,0,0,14.5036864440755,14.5036864440755,14.5036864440755,14.5036864440755,14.5036864440755,14.5036864440755,14.5036864440755,14.5036864440755,14.5036864440755,14.5036864440755,14.5036864440755,14.5036864440755,14.5578923421638,14.5578923421638,29.8799187184791,29.8799187184791,29.8799187184791,29.8799187184791,29.8799187184791,29.8799187184791
52,"BRB","Barbados",0.0584235087813743,0.0584235087813743,0.0584235087813743,0.0584235087813743,0.0584235087813743,0.0584235087813743,0.0584235087813743,0.0584235087813743,0.0584235087813743,0.0584235087813743,0.0584235087813743,0.0601959042271171,0.0601959042271171,0.0601959042271171,0.0601959042271171,0.0601959042271171,0.0601959042271171,0.0601959042271171,0.0601959042271171,0.0601959042271171,0.0601959042271171,0.0601959042271171,0.0601959042271171,0.0601959042271171,0.0601959042271171,0.0601959042271171
112,"BLR","Belarus",NA,NA,NA,NA,NA,NA,NA,NA,NA,NA,NA,NA,NA,NA,NA,NA,NA,NA,NA,NA,NA,NA,NA,NA,NA,NA
56,"BEL","Belgium",15.1448274784458,15.1448274784458,15.1448274784458,15.1465083671613,15.1465083671613,15.1465083671613,15.1465083671613,15.1465083671613,15.1465083790459,15.1465083789625,15.1465083789625,100,100,100,100,100,100,100,100,100,100,100,100,100,100,100
84,"BLZ","Belize",12.1230415184766,12.1230415184766,33.4336609389749,33.4336609389749,55.2499039906527,55.2499039906527,69.7798680664887,69.7798680665092,70.7040252761158,72.2871529438779,72.2871529438779,72.2871529438779,72.2871529438779,72.2871529438779,72.2871529438779,72.2871529438779,72.2871688459582,72.2871688459582,100,100,100,100,100,100,100,100
204,"BEN","Benin",0,0,0,0,0,0,0,0,0,0,0,0,0,0,0,0,0,0,0,0,0,0,0,0,0,0
60,"BMU","Bermuda",0,0,0,0,0,0,0,0,0,0,1.79613995870243e-06,1.79613995870243e-06,1.79613995870243e-06,1.79613995870243e-06,1.79613995870243e-06,1.79613995870243e-06,1.79613995870243e-06,1.79613995870243e-06,1.79613995870243e-06,1.79613995870243e-06,1.79613995870243e-06,1.79613995870243e-06,1.79613995870243e-06,1.79613995870243e-06,1.79613995870243e-06,1.79613995870243e-06
64,"BTN","Bhutan",NA,NA,NA,NA,NA,NA,NA,NA,NA,NA,NA,NA,NA,NA,NA,NA,NA,NA,NA,NA,NA,NA,NA,NA,NA,NA
68,"BOL","Bolivia",NA,NA,NA,NA,NA,NA,NA,NA,NA,NA,NA,NA,NA,NA,NA,NA,NA,NA,NA,NA,NA,NA,NA,NA,NA,NA
70,"BIH","Bosnia and Herzegovina",NA,NA,NA,NA,NA,NA,NA,NA,NA,NA,NA,NA,NA,NA,NA,NA,NA,NA,NA,NA,NA,NA,NA,NA,NA,NA
72,"BWA","Botswana",NA,NA,NA,NA,NA,NA,NA,NA,NA,NA,NA,NA,NA,NA,NA,NA,NA,NA,NA,NA,NA,NA,NA,NA,NA,NA
76,"BRA","Brazil",2.84851393813987,2.84851393685101,2.84857949539547,4.07467344091581,4.13314416966983,4.43798973253708,5.48202820674268,5.89670902913678,5.8967247675007,6.65171949249885,6.6762385626697,6.67623856266984,6.90560910380855,6.90705085732539,9.95977834960775,10.0393246196913,10.4166841607341,10.4166841607707,10.4166841607705,11.112874711467,11.3286580103075,11.328661301602,11.5111910864544,11.5111910864579,100,100
92,"VGB","British Virgin Islands",0.0315649506397872,0.0316221233033999,0.0316221233033999,0.0316221233033999,0.0316221233033999,0.0316221233033999,0.0316221233033999,0.0316221233033999,0.0316221233033999,0.0316221233033999,0.0316221233033999,0.0316221233033999,0.0316221233033999,0.0316221233033999,0.0316221233033999,0.0316221233033999,0.0316221233033999,0.0316221233033999,0.0316221233033999,0.0316221233033999,0.0316221233033999,0.0316221233033999,0.0316221233033999,0.0316221233033999,0.0316221233033999,0.0316221233033999
96,"BRN","Brunei Darussalam",1.18335031042063,1.18335031042063,1.18335031042063,1.18335031042063,1.18335031042063,1.18335031042063,1.18335031042063,1.18335031042063,1.18335031042063,1.18335031042063,1.18335031042063,1.18335031042063,1.18335031042063,1.18335031042063,1.18335031042063,1.18335031042063,1.18335031042063,1.18335031042063,1.18335031042063,1.18335031042063,1.18335031042063,1.18335031042063,1.18335031042063,1.18335031042063,1.18335031042063,1.18335031042063
100,"BGR","Bulgaria",0.0222689783387554,0.0222689807280889,0.0222689807280889,0.0222689807280889,0.0222689807280889,0.0222689807280889,0.0222689807280889,0.180066367193943,0.191503802863773,0.19151141461248,0.19151141461248,0.19151141464412,0.19151141461248,39.69181657567,39.6918165757231,39.69181657567,39.6918165757231,39.69181657567,39.6918165757231,55.8207278954451,55.8207278954451,55.8207278954451,55.8207278954451,55.8207278954451,55.8207278954451,55.8207278954451
854,"BFA","Burkina Faso",NA,NA,NA,NA,NA,NA,NA,NA,NA,NA,NA,NA,NA,NA,NA,NA,NA,NA,NA,NA,NA,NA,NA,NA,NA,NA
108,"BDI","Burundi",NA,NA,NA,NA,NA,NA,NA,NA,NA,NA,NA,NA,NA,NA,NA,NA,NA,NA,NA,NA,NA,NA,NA,NA,NA,NA
132,"CPV","Cabo Verde",0,0,0,0,0,0,0,0,0,0,0,0,0,0,0,0,0,0,0,0,0,0,0,0,0,0
116,"KHM","Cambodia",0,0,0,0,0,0,0,0,0,0,0,0,0,0,0,0,0,0,0,0,0,0,0,0,0,0
120,"CMR","Cameroon",0,0,0,0,0,0,0,0,0,0,0,0,0,0,0,0,0,0,0,0,0,0,0,0,0,0
124,"CAN","Canada",0.373794792497548,0.625135324033909,0.6314604034013,0.633225741567565,0.938773556496558,0.938773556496736,0.965523125700677,0.974119132929493,0.974119132929691,1.00273853697968,1.41443435557964,1.73072657535621,1.74159756700425,1.74159756700373,2.8466803684573,2.84732395891747,4.41319573979501,4.42841872335432,4.42841872335343,4.53985623672748,4.53987813345894,4.56953729899898,4.97664457445429,24.8019482125182,26.8030367029306,26.9769160216872
136,"CYM","Cayman Islands",0.564410014473176,0.564410014473176,0.564410014473176,0.564410014473176,0.564410014473176,0.564410014473176,0.564410014473176,0.564410014473176,0.615211512409509,0.66344745182942,0.663447451835651,0.663447451835651,0.663447451835651,0.712228343022351,0.712228343022351,0.712228343022351,0.712228343028576,0.712228343028576,0.712228343028576,0.712228343028576,0.712228343022351,0.712228343022351,0.712228343022351,0.712228343022351,0.712228343022351,0.712228343022351
140,"CAF","Central African Republic",NA,NA,NA,NA,NA,NA,NA,NA,NA,NA,NA,NA,NA,NA,NA,NA,NA,NA,NA,NA,NA,NA,NA,NA,NA,NA
148,"TCD","Chad",NA,NA,NA,NA,NA,NA,NA,NA,NA,NA,NA,NA,NA,NA,NA,NA,NA,NA,NA,NA,NA,NA,NA,NA,NA,NA
152,"CHL","Chile",0.0010700342288141,0.0010700342288141,0.040009824089437,0.0409388953653269,0.0409388953653269,0.0409388953653269,0.0409824467616516,0.0409824467616516,0.0409824467616516,0.0448900782668533,0.371363650439944,0.397341516450248,0.408895410097883,0.409219516428643,0.409219516428643,0.409219516428643,41.3976212324817,41.3976212324817,41.3976212324817,41.3976212324817,41.3976212324817,41.4585456046809,100,100,100,100
156,"CHN","China",0.0197276645364131,0.0197276645364131,0.0197276645364131,0.0197276645364131,0.0197276645364131,0.0197276645368126,0.0197276645368126,0.0197276645368126,1.3175128992196,1.3175128992196,1.3175128992196,1.3175128992196,1.3175128992196,1.3175128992196,1.35372896078661,1.35372896078661,1.35372896078661,1.35372896078661,1.35372896078661,1.35372896078661,1.35372896078661,1.61213724804825,1.61213724804825,1.61213724804825,1.61213724804825,1.61213724804825
170,"COL","Colombia",2.3385904196201,36.7313076269876,36.7313076269876,36.7313076269876,37.5701122164576,37.5701122164576,37.5723272847056,37.5723272846994,37.5701122164516,37.5723272846994,37.6442928040378,77.995122666116,77.995122666116,77.995122666116,77.995122666116,77.995122666116,78.584110353856,78.5846093973089,78.5846093973081,80.7552973376337,81.6343259353699,81.6343259353668,81.6343259353779,100,100,100
174,"COM","Comoros",0,0,0,0,0,0,0,0.16012067942304,0.16012067942304,0.16012067942304,0.16012067942304,0.16012067942304,0.160334478363724,0.160334478363724,0.160334478363724,0.160334478363724,0.160334478363724,0.160334478363724,0.160334478363724,0.160334478363724,0.160334478363724,0.160334478363724,0.160334478363724,0.160334478363724,0.160334478363724,0.160334478363724
184,"COK","Cook Islands",0.00495736908018866,0.00495736908018866,0.00495736908018866,0.00495736908018866,0.00539747675659866,0.00539747675659866,0.00723076496037674,0.00723076496037674,0.00723076496037674,0.00723076496037674,0.00723076496037674,0.00723076496037674,0.00723076496037674,0.00723076496037674,0.00723076496037674,0.00723076496037674,0.00723076496037674,0.00723076496037674,0.00723076496037674,0.00723076496037674,0.00723076496037674,0.00723076496037674,0.00723076496037674,100,100,100
188,"CRI","Costa Rica",5.17075709544253,5.41175074552188,5.41175074552188,5.41175074552188,5.51475653955651,5.51475653872427,5.51475653872427,5.51475653872427,5.51475653872427,5.51475653872427,5.51475653872427,5.51475653872427,5.84620418452723,5.84620418452723,5.84620418452723,5.84620418452723,5.84620418452723,21.796401985485,21.796401985485,21.796401985485,21.796401985485,21.796401985485,21.796401985485,23.1566967635483,23.1566967635483,23.1566967635483
384,"CIV","Cote d'Ivoire",0.00476332079366648,0.00476332079366648,0.00476332079366648,0.00476332079366648,0.00476332079366648,0.00476332079366648,0.00476332079366648,0.00476332079366648,0.00476332079366648,0.00476332079366648,0.00476332079366648,0.957313198014235,0.957313198014235,0.957313198014235,0.957313198014235,0.957313198014235,0.957313198014235,0.957313198014235,0.957313198014235,0.957313198014235,0.957313198014235,0.957313198014235,0.957313198014235,0.957313198014235,0.957313198014235,0.957313198014235
191,"HRV","Croatia",2.36190194806779,2.36190194806779,2.36190194806779,2.36190194806779,2.36190194806779,2.36190194806779,2.36190194806779,2.36190194806779,2.36190194806779,2.36190194805338,2.36190194805338,2.36190194805338,2.36190194806779,2.36190194806779,2.36190194806779,2.36190194806779,2.36190194806779,2.36190194806779,2.36190194806779,74.7280557545003,74.7280557545003,74.922325563972,74.9223255642342,74.9223255642314,74.9223255642314,74.9223255642314
192,"CUB","Cuba",0,0,0,0,0,0,0,2.58049215776211,2.58049215776211,2.58049215776211,2.58049215776211,2.58049215776211,2.58049215776211,2.58049215776211,3.39387753909664,3.39387753909664,9.97960394255204,9.97960394255204,15.137686718504,15.137686718504,15.137686718504,15.137686718504,15.137686718504,15.137686718504,15.137686718504,15.137686718504
531,"CUW","Curacao",NA,NA,NA,NA,NA,NA,NA,NA,NA,NA,NA,NA,NA,NA,NA,NA,NA,NA,NA,NA,NA,NA,NA,NA,NA,NA
196,"CYP","Cyprus",0.0560426481578546,0.0560426481578546,0.0560426481578546,0.0560426481578546,0.0560426481578546,0.0560426481578546,0.0560426481578546,0.0560426481578546,0.0560426481578546,0.0560426481578546,0.456982200188514,0.456982200188514,0.456982200188514,0.456982200188514,0.456982200188514,0.456982200188514,0.456982200188514,0.456982200188514,0.456982200188514,0.456982200188514,0.456982200625281,0.456982200625281,0.549237996544737,0.549237996544737,0.549237996544737,0.549237996544737
203,"CZE","Czech Republic",NA,NA,NA,NA,NA,NA,NA,NA,NA,NA,NA,NA,NA,NA,NA,NA,NA,NA,NA,NA,NA,NA,NA,NA,NA,NA
180,"COD","Dem. Rep. Congo",NA,NA,NA,NA,NA,NA,NA,NA,NA,NA,NA,NA,NA,NA,NA,NA,NA,NA,NA,NA,NA,NA,NA,NA,NA,NA
208,"DNK","Denmark",69.6173670702195,84.56139556462,84.561395564617,84.5613955646101,100,100,100,100,100,100,100,100,100,100,100,100,100,100,100,100,100,100,100,100,100,100
262,"DJI","Djibouti",0,0,0,0,0,0,0,0,1.77296741947386,1.77296741947386,1.77296741947386,1.77296741947386,1.77296741947386,1.77296741947386,1.77296741947386,1.77296741947386,1.77296741947386,1.77296741947386,1.77296741947386,1.77296741947386,1.77296741947386,1.77296741947386,1.77296741947386,1.77296741947386,1.77296741947386,1.77296741947386
212,"DMA","Dominica",0.197866720023221,0.197866720023221,0.197866720023221,0.197866720023221,0.370091499867552,0.370091499867552,0.370091499867552,0.370091499867552,0.370091499867552,0.370091499867552,0.370091499867552,0.370091499867552,0.370091499867552,0.370091499867552,0.370091499867552,0.370091499867552,0.370091499867552,0.370091499867552,0.370091499867552,0.370091499867552,0.370091499867552,0.370091499867552,0.370091499867552,0.370091499867552,0.370091499867552,0.370091499867552
214,"DOM","Dominican Republic",0.0261282346896381,0.0261282346896381,0.0261282346896381,0.0261282346896381,0.0261282346896381,0.0261282346896381,0.0261282346896381,0.0261282346896381,0.0261282346896381,0.0261282346896381,92.5884548175307,92.5884548175307,92.5884548175307,92.5884548175307,92.5884548175307,100,100,100,100,100,100,100,100,100,100,100
218,"ECU","Ecuador",0,0,0,0,100,100,100,100,100,100,100,100,100,100,100,100,100,100,100,100,100,100,100,100,100,100
818,"EGY","Egypt",2.687592600017,2.687592600017,2.687592600017,2.687592600017,2.687592600017,2.687592600017,2.687592600017,2.687592600017,2.687592600017,2.687592600017,2.687592600017,2.687592600017,9.00010193726196,9.00010193726196,9.00010193726196,9.00010193726196,10.2555405721981,10.2555405721981,10.2555405721981,10.2555405721981,10.2555405721981,10.2555405721981,10.2555405721981,10.2555405721981,10.2555405721981,10.2555405721981
222,"SLV","El Salvador",0,0,0,0,0,0,0,0,0,0,0,0,0,2.18886899727707,2.18886899727707,2.18886899727707,2.18886899727707,2.18886899727707,2.18886899727707,2.18886899727707,2.65236278622697,2.65236278622697,2.65236278622697,2.65236278622697,2.65236278622697,2.65236278622697
226,"GNQ","Equatorial Guinea",0,0,0,0,0,0,1.94412501861702,1.94412501861702,1.94412501861702,1.94412501861702,1.94412501861702,1.94412501861702,1.94412501861702,1.94412501861702,1.94412501861702,1.94412501861702,1.94412501861702,1.94412501861702,1.94412501861702,1.94412501861702,1.94412501861702,1.94412501861702,1.94412501861702,1.94412501861702,1.94412501861702,1.94412501861702
232,"ERI","Eritrea",0,0,0,0,0,0,0,0,0,0,0,0,0,0,0,0,0,0,0,0,0,0,0,0,0,0
233,"EST","Estonia",0,0,0,3.76952824544358,3.76952824544358,8.06732052395013,8.06732052395013,8.06732052395013,8.06732052395013,8.1521088519242,100,100,100,100,100,100,100,100,100,100,100,100,100,100,100,100
748,"SWZ","Eswatini",NA,NA,NA,NA,NA,NA,NA,NA,NA,NA,NA,NA,NA,NA,NA,NA,NA,NA,NA,NA,NA,NA,NA,NA,NA,NA
231,"ETH","Ethiopia",NA,NA,NA,NA,NA,NA,NA,NA,NA,NA,NA,NA,NA,NA,NA,NA,NA,NA,NA,NA,NA,NA,NA,NA,NA,NA
234,"FRO","Faeroe Islands",0,0,0,0,0,0,0,0,0,0,0,0,0,0,0,0,0,0,0,0,0,0,0,0,0,0
238,"FLK","Falkland Islands",0,0,0,0,0,0,0,0,0,0,0,0,0,0,0,0,0,0,0,0,0,0,0,0,0,0
242,"FJI","Fiji",0.328978178434785,0.328978178434785,0.328978178434785,0.399135113058057,0.399135113058057,0.40601845095131,0.675202789475235,1.8854978712842,2.0150906128952,5.31040128611692,8.28380257837532,8.49184939407274,9.20436949326573,9.49011622596473,9.49011622596473,9.49011622596473,9.49011622596473,9.49011622596473,9.49011622596473,9.49011622596473,9.49011622596473,9.49011622596473,9.49011622596473,9.49011622596473,9.49530418065281,9.49530418065281
246,"FIN","Finland",19.3950289566831,19.6631185272989,27.6695930686953,28.9355311777259,93.9276085076235,93.9335781972015,93.9387963924503,93.9804690342823,93.9930863001402,94.2762944335152,94.4607567217094,97.2542072797304,97.3713787830548,97.3998489732505,97.4350806260488,97.473090725491,97.493524781803,100,100,100,100,100,100,100,100,100
250,"FRA","France",0.429830584963937,0.429830584963953,0.429830584963953,0.491556416245322,0.539613901327518,1.97871865331383,1.98001900175872,2.01419624508313,3.4065374147087,3.95887569534794,4.02587502718303,4.52467816609279,100,100,100,100,100,100,100,100,100,100,100,100,100,100
258,"PYF","French Polynesia",0.0208918412704964,0.0208918412704964,0.0208918412704964,0.0208918412704964,0.0208918412704964,0.0208918412704964,0.0208918412704964,0.0208918412704964,0.0208918412704964,0.0208918412704964,0.0208918412704964,0.0208918412704964,0.0208918412704964,0.0208918412704964,0.0235495265879911,0.0235495265879911,0.0235495265879911,0.0235495265879911,0.0235495265879911,0.0235495265879911,0.0235495265879911,0.0235495265879911,0.0235495265879911,0.0235495265879911,0.0235495265879911,0.0235495265879911
266,"GAB","Gabon",0,0,0,0,0,0,0,0,0,4.06693341569459,4.06693341569459,4.06693341569459,4.06693341569459,4.06693341569459,4.06693341569459,4.06693341569459,4.06693341569459,4.06693341569459,4.06693341569459,4.06693341569459,4.06693341569459,4.06693341569459,4.06693341569459,100,100,100
270,"GMB","Gambia",0,0,0,0,0,0,0,0,0,0,0,0,0,0,0,0,0,0,0,0,0,0,0,0,0,0
268,"GEO","Georgia",0,0,0,0,0,0,0,0,0,0,0,0,0,0,0,0,0,0,0,0,0,0,0,0,0,0
276,"DEU","Germany",100,100,100,100,100,100,100,100,100,100,100,100,100,100,100,100,100,100,100,100,100,100,100,100,100,100
288,"GHA","Ghana",1.14176310728522,1.14176310728522,1.14176310728522,1.14176310728522,1.14176310728522,1.14176310728522,1.14176310728522,1.14176310728522,1.14176310728522,1.14176310728522,1.14176310728522,1.14176310728522,1.14176310728522,1.14176310728522,1.14176310728522,1.14176310728522,1.14176310728522,1.14176310728522,1.14176310728522,1.14176310728522,1.14176310728522,1.14176310728522,1.14176310728522,1.14176310728522,1.14176310728522,1.14176310728522
300,"GRC","Greece",25.5474410323537,25.5474410310614,32.6873569776201,33.3184480527254,33.3184482242081,33.3184482229055,33.3184482226547,37.4118614985852,39.7474861864866,39.7475192305347,39.7475192301047,39.7475192300942,39.7475185920286,39.7475185894731,39.7475185922002,39.7475185923821,40.4765536087365,40.4765536087365,40.4765536087584,40.4765536087584,40.4765536087584,40.4765536087584,40.4765536087584,40.4765536087584,40.4765536087584,40.4765536087584
304,"GRL","Greenland",0.0520505364362575,0.0520505364362575,0.0520505364362575,0.0520505364362575,0.0520505364362575,0.0520505364362575,0.0520505364362575,0.0520505364362575,0.0520505364362575,0.0520505364362575,0.0520505364362575,0.0520505364362575,0.0520505364362575,0.0520505364362575,0.0566630547053023,0.0566630547053023,0.0566630547053023,0.105875650655612,0.105875650655612,0.105875650655612,0.105875650655612,0.105875650655612,0.105875650655612,0.105875650655612,0.105875650655612,0.105875650655612
308,"GRD","Grenada",0,0,0,0,0,0.157516634178147,0.157516634178147,0.157516634178147,0.157516634178147,0.157516634178147,0.157516634178147,0.157516634178147,0.157516634178147,0.157516634178147,0.157516634178147,0.388784189466603,0.388784189466603,0.388784189466603,0.489474202095198,0.489474202095198,0.489474202095198,0.489474202095198,0.489474202095198,0.489474202095198,1.00756540885177,1.00756540885177
320,"GTM","Guatemala",0,0,0,0,0,0,0,0,0,0,0,0,0,0.1521387382289,0.1521387382289,0.1521387382289,0.1521387382289,0.1521387382289,0.1521387382289,0.1521387382289,0.1521387382289,0.1521387382289,0.1521387382289,0.1521387382289,0.1521387382289,0.1521387382289
831,"GGY","Guernsey",0,0,0,0,0,0,0,0,0,0,0,2.06305079099683,2.52588962230868,2.52588962230868,2.52588962230868,2.52588962230868,2.52588962230868,2.52588962230868,2.52588962230868,2.52588962230868,2.52588962230868,5.0880207439823,5.0880207439823,5.0880207439823,5.0880207439823,5.0880207439823
324,"GIN","Guinea",0.0216307404311563,0.0216307404311563,0.0216307404311563,0.0216307404311563,0.0216307404311563,0.0216307404311563,0.0216307404311563,0.0216307404311563,0.0216307404311563,0.0216307404311563,0.0216307404311563,0.0216307404311563,0.0216307404311563,0.0216307404311563,0.0216307404311563,0.0216307404311563,0.0216307404311563,0.0216307404311563,0.0216307404311563,0.0216307404311563,0.0216307404311563,0.0216307404311563,0.0216307404311563,0.0216307404311563,0.0216307404311563,0.0216307404311563
624,"GNB","Guinea-Bissau",0,0,50.8368837466197,50.8368837466197,50.8368837466197,50.8368837466197,50.8368837466197,50.8368837466197,50.8368837466197,50.8368837466197,50.8368837466197,50.8368837466197,50.8368837466197,50.8368837466197,50.8368837466197,50.8368837466197,50.8368837466197,50.8368837466197,50.8368837466197,50.8368837466197,59.2629603691136,59.2629603691136,59.2629603691136,59.2629603691136,59.2629603691136,59.2629603691136
328,"GUY","Guyana",0,0,0,0,0,0,0,0,0,0,0,0,0,0,0,0,0,0,0,0,0,0,0,0,0,0
332,"HTI","Haiti",0,0,0,0,0,0,0,0,0,0,0,0,0,0,0,0,0,0,0,6.28209103446221,6.28209103446221,6.28209103446221,6.28209103446221,6.85122617500856,6.85122617500856,6.85122617500856
336,"VAT","Holy See",NA,NA,NA,NA,NA,NA,NA,NA,NA,NA,NA,NA,NA,NA,NA,NA,NA,NA,NA,NA,NA,NA,NA,NA,NA,NA
340,"HND","Honduras",2.41669333435083,2.41669333435083,2.41669333435083,2.41669333435083,2.41669333435083,3.08745857861204,3.08745857861204,3.08745857861204,3.08745857861204,8.87282005651191,8.87282005651191,8.87282005646987,8.87282005646987,8.87282005646987,8.87282005646987,8.87282005646987,8.87282005646987,8.87282005646987,8.87282005646987,39.6044714651425,39.6044714651425,39.6044714651425,39.6044714651425,39.6044714651425,39.6044714651425,39.6044714651425
344,"HKG","Hong Kong",NA,NA,NA,NA,NA,NA,NA,NA,NA,NA,NA,NA,NA,NA,NA,NA,NA,NA,NA,NA,NA,NA,NA,NA,NA,NA
348,"HUN","Hungary",NA,NA,NA,NA,NA,NA,NA,NA,NA,NA,NA,NA,NA,NA,NA,NA,NA,NA,NA,NA,NA,NA,NA,NA,NA,NA
352,"ISL","Iceland",3.39970554431789,3.40192580508341,3.40204306496139,3.40204306496139,3.40204306496139,3.40204306496139,3.40204306496139,3.40219222811775,3.40219222811775,3.40219222811775,3.40219222811775,3.40219222811775,3.48145062436143,3.48270139139395,3.57940511841193,3.58447857488216,3.58447857488216,3.58447857488216,3.60242678981277,3.60242678975099,3.60242678975099,3.60242678975099,3.60242678975099,3.60242678975099,3.60242678975099,3.60242678975099
356,"IND","India",0.807884039034503,0.807884039034503,0.875271364355099,0.875271364355099,0.913480587193851,0.913480587193851,0.913480587193851,0.913480587193851,1.19884145000304,1.19884145000304,1.19884145000304,1.19884145000304,1.19884145000304,1.19884145000304,1.19884144829848,1.19884144829848,1.19884144829848,1.19884144829848,1.19884144829848,1.19884144829848,1.19884144829848,1.19884144829848,1.19884144829848,1.19884144829848,1.19884144829848,1.19884144829848
360,"IDN","Indonesia",8.48523887211531,8.48523887211531,8.48550315380831,8.48550315380828,8.48550315380815,8.48630714690481,8.48630714690462,8.49673926150564,8.60603684699418,8.8179422321511,8.91011206812516,8.95790197088138,9.06321218505385,11.7934287839043,12.7907097915283,21.2326620718479,21.3526258046208,21.5184777359343,22.0814699433146,22.9989060779863,25.8967773424032,26.4054970763672,26.9149411071969,27.9891500937631,29.6256628719552,29.6256628719552
364,"IRN","Iran",0,0,0,0,0,1.02235583238708,1.02235583238708,1.12104456613603,1.16453341165631,1.16453341165631,1.16453341165631,1.16453341165631,1.16453341165631,1.16453341165631,1.16453341165631,1.16453341165631,1.16453341165631,1.16453341165631,1.16453341165631,1.16453341165631,1.16453341165631,1.16453341165631,1.16453341165631,1.16453341165631,1.16453341165631,1.16453341165631
368,"IRQ","Iraq",NA,NA,NA,NA,NA,NA,NA,NA,NA,NA,NA,NA,NA,NA,NA,NA,NA,NA,NA,NA,NA,NA,NA,NA,NA,NA
372,"IRL","Ireland",1.32097866311702,1.79048579594985,1.83988143918933,1.85977009414113,1.87987585726346,2.23116396393297,2.42343152022102,4.11745331957108,7.17513595432333,7.17852362319159,7.4061033600226,7.4137283479653,13.3701331723097,13.3754904716754,13.3794978490178,13.3956051979902,13.3983959490526,17.9137437192225,21.2627155619312,21.2627155619537,21.2627155619537,21.3325274419572,21.332527441982,21.332527441982,21.332527441982,21.332527441982
833,"IMN","Isle of Man",NA,NA,NA,NA,NA,NA,NA,NA,NA,NA,NA,NA,NA,NA,NA,NA,NA,NA,NA,NA,NA,NA,NA,NA,NA,NA
376,"ISR","Israel",0.0120800255216711,0.0120800255216711,0.0120800255216711,0.0120800255216711,0.0120800255216711,0.0120800255216711,0.0120800255216711,0.0120800255216711,0.195302721871014,0.195302721871014,0.195302721871014,0.195302721871014,0.195302721871014,0.195302721871014,0.261440428105402,0.305874935975998,0.305874935975998,0.305874935975998,0.305874935975998,0.305874935975998,0.305874935975998,0.305874935975998,0.305874935975998,0.305874935975998,0.305874935975998,0.305874935975998
380,"ITA","Italy",1.96698967488897,6.92770567554339,7.13181088830191,7.90236958371978,7.90356744684876,44.2707503346027,44.2708874411439,44.2708874411256,44.6077633369582,44.60776333697,44.6519859252304,44.8590378264528,45.4117104983891,45.5416429956835,45.5416429956865,45.7873697606525,45.8495274314255,45.8608481770606,45.8608481770764,45.9051635444294,45.9051635444259,45.9051635444259,45.9051635444303,45.9062318154408,45.9062318154408,45.9062318154408
388,"JAM","Jamaica",0.0470285175448598,0.0470285175448598,0.510693461730594,0.510693461730594,1.36128696969683,1.36128696969683,1.36128696969683,1.36128696969683,1.36128696969683,1.36128696969683,1.36128696969683,1.41087292849281,1.41087292849281,1.41087292849281,1.41087292849281,1.52215907898044,1.52497911216703,1.52497911216703,1.52497911216703,1.52497911216703,1.52497911216703,1.52497911216703,1.52497911216703,1.52497911216703,1.52497911216703,1.52497911216703
392,"JPN","Japan",63.1399787933127,63.1399787933125,63.1399787933127,63.142819756886,63.1429837071259,63.1429837071377,63.1429837071362,63.1429837071377,63.2001597530531,65.3315923777797,65.8239003770756,65.8431233053204,65.8431263689485,65.8431263725525,65.8481583686718,65.8481583686847,65.8488568824626,65.8488568824638,65.8492130756105,71.3130490595186,71.5315019810556,71.5315019810319,71.5315019810319,71.5315019810319,71.5315019810319,71.5315019810319
832,"JEY","Jersey",0,0,0,0,0,0,13.7003590073795,13.7003590073795,13.7003590073795,13.7003590073795,13.7003590073795,81.9682788486673,81.9682788486673,81.9682788486673,81.9682788486673,81.9682788486673,81.9682788486673,81.9682788486673,81.9682788486673,81.9682788486673,81.9682788486673,81.9682788486673,81.9682788486673,81.9682788486673,81.9682788486673,81.9682788486673
400,"JOR","Jordan",NA,NA,NA,NA,NA,NA,NA,NA,NA,NA,NA,NA,NA,NA,NA,NA,NA,NA,NA,NA,NA,NA,NA,NA,NA,NA
398,"KAZ","Kazakhstan",NA,NA,NA,NA,NA,NA,NA,NA,NA,NA,NA,NA,NA,NA,NA,NA,NA,NA,NA,NA,NA,NA,NA,NA,NA,NA
404,"KEN","Kenya",2.67057481526689,3.49721617515214,3.49721617515214,3.49721617515214,3.49721617515214,3.49721617515214,3.49721617515214,3.49721617515214,3.49721617515214,3.49721617515214,3.51677454943796,3.51807564739491,3.51807564739491,3.51807564739491,3.51807564739491,3.53499025314318,3.53499025314318,3.55080907882985,4.01009877434187,4.01009877434187,4.01009877434187,4.01009877434187,4.01009877434187,4.01009877434187,4.01009877434187,4.01009877434187
296,"KIR","Kiribati",0.0471684033297179,0.0471684033297179,0.0471684033297179,0.0471684033297179,0.0471684033297179,0.158932283387558,0.158932283387558,0.158932283387558,0.158932283387558,0.158932283387558,0.158932283387558,0.158932283387558,100,100,100,100,100,100,100,100,100,100,100,100,100,100
689,"XKX","Kosovo",NA,NA,NA,NA,NA,NA,NA,NA,NA,NA,NA,NA,NA,NA,NA,NA,NA,NA,NA,NA,NA,NA,NA,NA,NA,NA
414,"KWT","Kuwait",0,0,0,0,0,0,0,0,0,0,0,0,0,0,0,0,0,0,0,0,0,0,1.18429581317824,1.18429581317824,1.18429581317824,1.18429581317824
417,"KGZ","Kyrgyzstan",NA,NA,NA,NA,NA,NA,NA,NA,NA,NA,NA,NA,NA,NA,NA,NA,NA,NA,NA,NA,NA,NA,NA,NA,NA,NA
418,"LAO","Laos",NA,NA,NA,NA,NA,NA,NA,NA,NA,NA,NA,NA,NA,NA,NA,NA,NA,NA,NA,NA,NA,NA,NA,NA,NA,NA
428,"LVA","Latvia",0.00876963204974891,0.00876963204974891,0.00876963204974891,0.00876963204974891,0.00876963204974891,0.00876963204974891,0.00876963204974891,0.00878551437312609,13.9408093992326,13.9408093992326,13.9408093992326,13.9408093992326,13.9408093992326,13.9408093992326,100,100,100,100,100,100,100,100,100,100,100,100
422,"LBN","Lebanon",0,0,0,0,0,0,0,0,0,0,0,0,0,0,0,0,0,0,0,0,0,0,0,0,0,0
426,"LSO","Lesotho",NA,NA,NA,NA,NA,NA,NA,NA,NA,NA,NA,NA,NA,NA,NA,NA,NA,NA,NA,NA,NA,NA,NA,NA,NA,NA
430,"LBR","Liberia",0,0,0,0,0,0,0,0,0,0.750137905957296,0.750137905957296,0.750137905957296,0.991268825112992,0.991268825112992,0.991268825112992,0.991268825112992,0.991268825112992,0.991268825112992,0.991268825112992,0.991268825112992,0.991268825112992,0.991268825112992,0.991268825112992,0.991268825112992,0.991268825112992,0.991268825112992
434,"LBY","Libya",6.25871268028081,6.25871268028081,6.25871268028081,6.25871268028081,6.25871268028081,6.25871268028081,6.25871268028081,6.25871268028081,6.25871268028081,6.25871268028081,6.25871268028081,6.25871268028081,6.25871268028081,6.25871268028081,6.25871268028081,6.25871268028081,6.25871268028081,6.25871268028081,6.25871268028081,6.25871268028081,6.25871268028081,6.25871268028081,6.25871268028081,6.25871268028081,6.25871268028081,6.25871268028081
438,"LIE","Liechtenstein",NA,NA,NA,NA,NA,NA,NA,NA,NA,NA,NA,NA,NA,NA,NA,NA,NA,NA,NA,NA,NA,NA,NA,NA,NA,NA
440,"LTU","Lithuania",0,0,0,0,0,0,0,0,0,0,52.7538565693452,77.7782543530654,77.7782543530654,77.7782543530654,77.7782543530654,78.1980523811005,78.499254029681,78.499254029681,78.4992540292023,100,100,100,100,100,100,100
442,"LUX","Luxembourg",NA,NA,NA,NA,NA,NA,NA,NA,NA,NA,NA,NA,NA,NA,NA,NA,NA,NA,NA,NA,NA,NA,NA,NA,NA,NA
446,"MAC","Macao",NA,NA,NA,NA,NA,NA,NA,NA,NA,NA,NA,NA,NA,NA,NA,NA,NA,NA,NA,NA,NA,NA,NA,NA,NA,NA
450,"MDG","Madagascar",0.00894839603634751,0.00894839603634751,0.00894839603634751,0.0915773492748017,0.0915773492748017,0.0915773492748017,0.0915773492748017,0.0915773492748017,0.0915773492748017,0.0915773492748017,0.0915773492748017,0.0915773492748017,0.994774265134187,0.994774265134187,1.49557642177482,1.93077232327309,2.20736716605407,3.44879123103951,3.45109143855098,3.45109143855098,3.45109143855098,3.45109143855098,3.45109143855098,7.01238910586359,7.01238910586359,7.01238910586359
454,"MWI","Malawi",NA,NA,NA,NA,NA,NA,NA,NA,NA,NA,NA,NA,NA,NA,NA,NA,NA,NA,NA,NA,NA,NA,NA,NA,NA,NA
458,"MYS","Malaysia",6.976217893283,6.976217893283,7.28728201262108,7.28728201262108,7.45145695992682,7.84006159634563,7.84006159634563,7.84006159634563,7.84006159634563,7.87648525638763,7.87648525638763,7.90959660400882,7.90959660400882,7.90959660400882,8.63810204368872,8.63810204368872,8.63810204368872,8.63810204368872,8.63810204368872,8.63810204368872,8.63810204368872,8.63810204368872,8.63810204368872,8.63810204368872,8.63810204368872,8.63810204368872
462,"MDV","Maldives",0,0.110858770555736,0.110858770555736,0.110858770555736,0.110858770555736,0.286093509911819,0.286093509911819,0.286093509911819,0.286093509911819,0.286093509911819,0.293204031540921,0.293204031540921,0.313085255191553,0.313085255191553,0.313085255191553,0.400420387922276,0.400420387922276,0.510900576003977,0.512652253826451,0.512652253826451,0.512652253826451,0.512652253826451,0.512652253826451,0.512652253826451,0.512652253826451,0.512652253826451
466,"MLI","Mali",NA,NA,NA,NA,NA,NA,NA,NA,NA,NA,NA,NA,NA,NA,NA,NA,NA,NA,NA,NA,NA,NA,NA,NA,NA,NA
470,"MLT","Malta",0.244758672680213,0.244758672680213,0.244758672680213,0.244758672680213,0.244758672680213,0.244758672680213,0.244758672680213,0.244784730691223,0.245216762875202,0.245216762862969,0.245216762856035,0.486494431761563,0.486773258010832,0.520498454253117,0.520498454232159,0.520498454222569,3.71121315743055,3.71121315744756,3.71121315746262,3.71121315746262,3.71121315746262,3.71121315746262,72.2773525801936,72.277352580177,78.1112825560105,78.1112825560105
584,"MHL","Marshall Islands",0.0712826684141137,0.0712826684141137,0.0712826684141137,0.0712826684141137,0.0712826684141137,0.0712826684141137,0.0712826684141137,0.0712826684141137,1.8815494869147,1.8815494869147,1.90094982884753,1.90094982884753,2.37205033031916,2.37205033031916,2.37205033031916,2.37205033031916,2.38023830836644,2.38023830836644,2.38099233603971,2.38130297545584,2.38130297545584,2.38130297545584,2.38130297545584,2.38130297545584,2.38130297545584,2.38130297545584
478,"MRT","Mauritania",0.0124773482100205,0.0124773482100205,0.0124773482100205,0.0124773482100205,0.0124773482100205,0.0124773482100205,0.100707652509226,0.100707652509226,0.100707652509226,0.100707652509226,0.100707652509226,0.100707652509226,0.100707652509226,0.100707652509226,0.100707652509226,0.100707657321646,0.100707657321646,0.100707657321646,0.100707657321646,0.100707657321646,0.100707657321646,0.100707657321646,0.100707657321646,0.100707657321646,0.100707657321646,0.100707657321646
480,"MUS","Mauritius",0.000480426234307001,0.000480426234307001,0.000480426234307001,0.000857558414203171,0.000857558414203171,0.000857558414203171,0.00422532276948902,0.00422532276347216,0.00422532276347216,0.00422532276347216,0.00422532276347216,0.00422532276347216,0.00422532276347216,0.00422532276347216,0.00422532276347216,0.00422532276347216,0.00422532276347216,0.00422532276347216,0.00422532276347216,0.00422532276347216,0.00422532276347216,0.00422532276347216,0.00422532276347216,0.00422532276347216,0.00422532276347216,0.00422532276347216
484,"MEX","Mexico",7.84943613352008e-06,7.84943613352008e-06,0.664768872626797,0.664768872626797,0.81370953446922,0.813709533836719,4.67309398106434,4.67309398106434,4.77233125964795,4.7723312977945,6.88520353663771,8.8263197884147,8.82631978841262,10.0548629948731,10.0563970258904,11.2324197197886,11.2324197197886,11.2324197197886,11.316613628313,11.3166136653259,11.3166136652547,11.3166136653256,100,100,100,100
583,"FSM","Micronesia",0.138238196308405,0.138238196308405,0.138238196308405,0.138238196308405,0.138238196308405,0.138238196308405,0.138238196308405,0.138238196308405,0.138238196308405,0.138238196308405,0.138238196308405,0.138238196308405,0.138238196308405,0.138238196308405,0.138238196308405,0.138238196308405,0.138238196308405,0.138238196308405,0.138238196308405,0.138238196308405,0.138238196308405,0.138238196308405,0.138238196308405,0.138238196308405,0.138238196308405,0.138238196308405
498,"MDA","Moldova",NA,NA,NA,NA,NA,NA,NA,NA,NA,NA,NA,NA,NA,NA,NA,NA,NA,NA,NA,NA,NA,NA,NA,NA,NA,NA
492,"MCO","Monaco",0.0519399976770346,0.0519399976770346,0.0519399976770346,0.603568265765459,0.603568265765459,0.603568265765459,0.603568265765459,0.603568265765459,0.603568265765459,0.603568265765459,0.603568265765459,0.603568265765459,0.603568265765459,0.603568265765459,0.603568265765459,0.603568265765459,0.603568265765459,0.603568265765459,0.603568265765459,0.603568265765459,0.603568265765459,0.603568265765459,0.603568265765459,0.603568265765459,0.603568265765459,0.603568265765459
496,"MNG","Mongolia",NA,NA,NA,NA,NA,NA,NA,NA,NA,NA,NA,NA,NA,NA,NA,NA,NA,NA,NA,NA,NA,NA,NA,NA,NA,NA
499,"MNE","Montenegro",0.512060465383437,0.512060465383437,0.512060491339766,0.512060491339766,0.512060491339766,0.512060491339766,0.512060491339766,0.512060491339766,0.512060491339766,0.512060491339766,0.512060491339766,0.512060491339766,0.519640503527899,0.519640503527899,0.551841288897938,0.551841310215651,0.551841310215651,0.551841310215651,0.551841310215651,0.551841310215651,0.551841310215651,0.551841310169772,0.551841310169772,0.551841310169772,0.551841310169772,0.551841310169772
504,"MAR","Morocco",0.0340511607878448,0.0340511607878448,0.0340511607878448,0.0340511607878448,0.0340511607878448,0.0340511607878448,0.0340511607878448,0.0340511607878448,0.0340511607878448,0.0340511607878448,0.0340511607878448,0.470543537898845,0.470543537898845,0.470543537898845,0.470543537898845,0.470543537898845,0.470543537898845,0.470543537898845,0.470543537898845,0.470543537898845,0.470543537898845,0.470543537898845,0.470543537898845,0.470543537898845,0.470543537898845,0.470543537898845
508,"MOZ","Mozambique",2.20306413410139,2.20306413410139,2.20306413410139,2.20306413410139,2.20306413410139,2.20306413410139,2.20306413410139,2.20306413410139,2.20306413410139,2.20306413410139,2.20306413410139,2.20306413410139,2.20306413410139,2.20306413410139,2.20306413410139,2.20306413410139,2.20306413410139,2.20306413410139,2.20306413410139,2.20306413410139,2.20306413410139,2.20306413410139,2.20306413410139,2.20306413410139,2.20306413410139,2.20306413410139
104,"MMR","Myanmar",0,0,3.58663218169227,3.58663218169227,3.58663218169227,3.58663218169227,3.58663218169227,3.58663218169227,3.58663218169227,3.58663218169227,3.58663218169227,3.58663218169227,3.58663218169227,3.58663218169227,3.58663218169227,3.58663218169227,3.58663218169227,3.58663218169227,3.58663218169227,3.58663218169227,3.58663218169227,3.58663218169227,3.58663218169227,3.58663218169227,3.58663218169227,3.58663218169227
516,"NAM","Namibia",0,0,0,0,0,0,0,0,0,0,0,0,0,0,0,16.7561212629289,16.7561212629289,16.7561212629289,16.7561212629289,16.7561212629289,16.7561212629289,16.7561212629289,16.7561212629289,16.7561212629289,16.7561212629289,16.7561212629289
520,"NRU","Nauru",0,0,0,0,0,0,0,0,0,0,0,0,0,0,0,0,0,0,0,0,0,0,0,0,0,0
524,"NPL","Nepal",NA,NA,NA,NA,NA,NA,NA,NA,NA,NA,NA,NA,NA,NA,NA,NA,NA,NA,NA,NA,NA,NA,NA,NA,NA,NA
528,"NLD","Netherlands",58.474493296459,60.2908887043641,60.5504872172697,60.5504872172558,72.5890960631497,72.589096063203,89.3794581563595,89.3794581563595,89.3794581563854,89.3794581565584,89.3794581563828,89.3794581563854,89.379458156298,89.379458156298,100,100,100,100,100,100,100,100,100,100,100,100
540,"NCL","New Caledonia",0.426151854559796,0.426151854559796,0.426151854559796,0.426151854559796,0.429801904467014,0.429801904467014,1.13589897107211,1.13589897107211,1.13589897107211,1.13589897107211,1.13589897107211,1.13589897107211,1.13589897107211,1.13589897107211,14.1497179669356,18.6737402578259,18.6737402578259,18.6737402578259,18.6737402578259,20.3983000653915,100,100,100,100,100,100
554,"NZL","New Zealand",1.81059337167952,1.81253208323966,1.81253208323966,1.81341763973266,1.81341763973266,1.81945404893001,1.81945404893001,21.0045478190693,21.0045478190693,22.1444623374777,22.1468490038609,22.1489858600841,22.1560806943494,100,100,100,100,100,100,100,100,100,100,100,100,100
558,"NIC","Nicaragua",1.26666672236626,1.26666672236626,1.26666672236626,1.26666672236626,1.26666672236626,1.26666672236626,1.26666672236626,7.51803128156487,7.51803128156487,7.51803128156487,7.51803128156487,7.51803128156487,7.51803128156487,7.51803128156487,7.51803128156487,7.51803128156487,7.51803128156487,7.51803128156487,7.51803128156487,7.51803128156487,7.51803128156487,7.51803128156487,7.51803128156487,7.51803128156487,7.51803128156487,7.51803128156487
562,"NER","Niger",NA,NA,NA,NA,NA,NA,NA,NA,NA,NA,NA,NA,NA,NA,NA,NA,NA,NA,NA,NA,NA,NA,NA,NA,NA,NA
566,"NGA","Nigeria",0,0,0,0,0,0,0,0,0,0,0,0,0,0,0,0,0,0,0,0,0,0,0,0,0,0
570,"NIU","Niue",0,0,0,0,0,0,0,0,0,0,0,0,0,0,0,0,0,0,0,0,0,0,0,0,0,0
408,"PRK","North Korea",0.232306318474655,0.232306318474655,0.232306318474655,0.232306318474655,0.232306318474655,0.232306318474655,0.232306318474655,0.232306318474655,0.232306318474655,0.232306318474655,0.232306318474655,0.232306318474655,0.232306318474655,0.232306318474655,0.232306318474655,0.232306318474655,0.232306318474655,0.232306318474655,0.232306318474655,0.232306318474655,0.232306318474655,0.232306318474655,0.232306318474655,0.232306318474655,0.232306318474655,0.232306318474655
807,"MKD","North Macedonia",NA,NA,NA,NA,NA,NA,NA,NA,NA,NA,NA,NA,NA,NA,NA,NA,NA,NA,NA,NA,NA,NA,NA,NA,NA,NA
578,"NOR","Norway",2.74911954303535,2.76543219770849,2.76618206043947,2.77142257166128,2.77142257166128,2.77142257165497,2.77428904982916,2.77428904982916,4.5394295198455,6.11232239339882,6.14997398092615,7.14363694324418,7.14363694324418,7.14364230099677,7.1441407743696,40.0921314783811,42.8446732170231,42.8446732169736,43.1080655980942,43.3750683965735,43.3750683965758,43.3750867913319,43.7708527924639,43.7708541851838,43.7708541851787,43.7708541851787
512,"OMN","Oman",0,0,0.376887242007636,0.395837137881695,0.395837137881695,0.395837137881695,0.395837137881695,0.395837137881695,0.395837137881695,0.395837137881695,0.395837137881695,0.395837137881695,0.395837137881695,0.395837137881695,0.395837137881695,0.395837137881695,0.395837137881695,0.395837137881695,0.395837137881695,0.395837137881695,0.395837137881695,0.395837137881695,0.395837137881695,0.395837137881695,0.395837137881695,0.395837137881695
586,"PAK","Pakistan",0.000419156512273087,0.000419156512273087,0.000419156512273087,0.000419156512273087,0.000419156512273087,0.000419156512273087,0.000419156512273087,2.08807603969392,6.88531339339575,6.88531339339575,6.88531339339575,6.88531339339575,6.88531339339575,6.88531339339575,6.88531339339575,6.88531339339575,6.88531339339575,6.88531339339575,6.88531339339575,6.88531339339575,6.88531339339575,6.88531339339575,6.88531339339575,6.88531339339575,6.88531339339575,6.88531339339575
585,"PLW","Palau",100,100,100,100,100,100,100,100,100,100,100,100,100,100,100,100,100,100,100,100,100,100,100,100,100,100
591,"PAN","Panama",8.37371037648026,8.37371037648026,8.37371037648026,8.37371037648026,8.37371037648026,8.37371037648026,8.37371037648026,8.37371037648026,8.37371037648026,9.23168813384257,9.23168813384257,9.23168813384257,9.23168813384257,9.23168813384257,9.23168813384257,9.23168813384257,9.30095797632963,9.30095797632963,9.30095797632963,9.30095797632963,9.30095797632963,9.30095797632963,9.30095797632963,9.30095797632963,9.30095797632963,9.30095797632963
598,"PNG","Papua New Guinea",1.15390475235093,1.15390475235093,1.15390475235093,1.15390475235093,1.15390475235093,1.15390475235093,1.15390475235093,1.15390475235093,1.15439652273003,1.15439652273003,1.15439652273003,1.15439652273003,1.15873211180818,1.15873211180818,1.15873211180818,1.15873211180818,1.15873211180818,1.15873211180818,1.15873211180818,1.15873211180818,1.15873211180818,1.15873211180818,1.15873211180818,1.15873211180818,1.15873211180818,1.15873211180818
600,"PRY","Paraguay",NA,NA,NA,NA,NA,NA,NA,NA,NA,NA,NA,NA,NA,NA,NA,NA,NA,NA,NA,NA,NA,NA,NA,NA,NA,NA
604,"PER","Peru",0,0,0,0,0,0,0,0,0,0,0,0,0,0,0,1.56915098636712,1.56915097188971,1.59279841482277,1.59279841482277,1.59279841482277,1.59279844787951,1.59279844787951,1.59279841482277,1.59279841482277,1.59279844787951,1.59279844787951
608,"PHL","Philippines",0.602171057408856,0.602956764777564,2.86326948296117,2.88866641201576,5.86455723123355,7.7309326454745,7.88124940205167,8.84444770125327,8.85256494507971,8.8578096389741,8.85794544005715,8.86567845772313,8.87130487081079,8.87156290444716,8.87216286475963,8.87216286475963,8.8756648343406,8.87566483425607,8.89041685587391,8.89111253106965,8.89111253106965,8.89111253106965,9.33829566819388,9.33829566819388,9.33829566819388,9.33829566819388
616,"POL","Poland",0.00322073801325728,0.00322073801325728,0.00322073801325728,0.00322073801325728,0.00322073801325728,0.00322073801325728,0.00322073801325728,0.00322073801325728,0.00322073801325728,0.00322073801325728,100,100,100,100,100,100,100,100,100,100,100,100,100,100,100,100
620,"PRT","Portugal",2.1199556721767,2.15324128556206,2.15324128556206,2.16421002399075,2.16421002400142,2.25382476101333,2.25382476101333,2.25382476101333,2.25382476101333,2.25382476101333,2.26112080655361,2.26112080655346,2.91894269743751,5.24017078801161,5.30402663676557,5.30402663675463,5.30402663675463,8.59712756574733,8.59712756574733,8.59712756574244,8.59712767470111,24.3185145355653,41.1285850498365,41.1300104849231,41.1375878021722,41.1375878021722
634,"QAT","Qatar",0,0,0,0,0,0,0,0,0,0,0,0,0,0,0,0,0,0,0,0,0,0,0,0,0,0
178,"COG","Republic of Congo",0,0,0,0,0,0,0,0,0,0,0,0,0,17.0757736729531,17.0757736729531,17.0757736729531,17.0757736729531,17.0757736729531,17.0757726646883,17.0757726646883,17.0757726646883,17.0757726646883,17.0757726646883,17.0757726646883,17.0757726646883,17.0757726646883
642,"ROU","Romania",0,0,0,0,0,0,2.46089251245838,2.46089251245838,2.46089251245838,2.46089251245838,2.46089251245838,2.46089251245838,2.57596976655561,100,100,100,100,100,100,100,100,100,100,100,100,100
643,"RUS","Russia",17.7625238010499,17.9480590367743,17.9599261343872,17.9599261341471,17.9601770028402,17.9601770028421,17.9601770028402,17.9601770028421,17.9601770028421,17.9601770028407,17.9601770028407,17.9601770028407,17.9601770028369,17.9601770028369,17.9601770028421,17.9615189820043,17.9615189820043,17.9615189820043,17.9615189820043,17.9615189820043,17.9615189820043,17.9615189820043,17.9615189820043,17.9615189820043,17.9615189820043,17.9615189820043
646,"RWA","Rwanda",NA,NA,NA,NA,NA,NA,NA,NA,NA,NA,NA,NA,NA,NA,NA,NA,NA,NA,NA,NA,NA,NA,NA,NA,NA,NA
652,"BLM","Saint Barthelemy",0,0,2.64268933697938,2.64268933697938,2.64268933697938,2.64268933697938,2.64268933697938,2.64268933697938,2.64268933697938,2.64268933697938,2.64268933697938,2.64268933697938,2.64268933697938,2.64268933697938,2.64268933697938,2.64268933697938,100,100,100,100,100,100,100,100,100,100
659,"KNA","Saint Kitts and Nevis",0.00249222249550968,0.00249222249550968,0.00249222249550968,0.00249222249550968,0.00249222249550968,0.00249222249550968,0.00249222249550968,0.00249222249550968,0.00249222249550968,0.00249222249550968,0.00249222249550968,0.00249222249550968,0.00249222249550968,0.00249222249550968,0.00249222249550968,0.00249222249550968,0.00249222249550968,0.00249222249550968,0.00249222249550968,0.00249222249550968,0.00249222249550968,0.00249222249550968,44.1317074194724,44.1317074194724,44.1317074194724,44.1317074194724
662,"LCA","Saint Lucia",0.0828867809283845,1.14281816175721,1.14281816175721,1.14281816175721,1.70251916098213,1.70251916098213,1.70251916098213,1.70251916098213,1.7573414783116,1.7573414783116,1.7573414783116,1.7573414783116,1.7573414783116,1.75734145100962,1.75734145100962,1.75734145100962,1.75734145100962,1.75734145100962,1.75734145100962,1.75734145100962,1.75734145100962,1.75734145100962,1.75734145100962,1.75734145100962,1.75734145100962,1.75734145100962
670,"VCT","Saint Vincent and the Grenadines",2.14296011492272,2.14296011492272,2.14296011492272,2.14296011492272,2.14296011492272,2.14296011492272,2.14296011492272,2.14296011492272,2.14296011492272,2.14296011492272,2.14296011492272,2.14296011492272,2.14296011492272,2.14296011492272,2.14296011492272,2.14296011492272,2.14296011492272,2.14296011492272,2.14296011492272,2.14296011492272,2.14296011492272,2.14296011492272,2.14296011492272,2.14296011492272,2.14296011492272,2.14296011492272
882,"WSM","Samoa",0.451380116859222,0.451380116859222,0.490716160262337,0.591108843022429,0.676414741660263,0.849824271991271,0.856414380303529,0.858150696477493,0.861496322632432,0.865735130860807,0.86723825292987,0.870971207696052,0.879957275231244,0.890564544817126,0.890564544817126,0.890564544817126,0.890564544817126,0.890564544817126,0.890564544817126,0.890564544817126,0.890564544817126,0.890564544817126,0.890564544817126,0.890564544817126,0.890564544817126,0.890564544817126
674,"SMR","San Marino",NA,NA,NA,NA,NA,NA,NA,NA,NA,NA,NA,NA,NA,NA,NA,NA,NA,NA,NA,NA,NA,NA,NA,NA,NA,NA
678,"STP","Sao Tome and Principe",0,0,0,0,0,0,0,0,0,0,0,0,0,0,0,0,0,0,0,0,0,0,0,0,0,0
682,"SAU","Saudi Arabia",20.701473949891,20.701473949891,20.701473949891,20.701473949891,20.701473949891,20.701473949891,20.701473949891,20.701473949891,20.701473949891,20.701473949891,20.701473949891,20.701473949891,20.701473949891,20.701473949891,20.701473949891,20.701473949891,20.701473949891,20.701473949891,20.701473949891,20.701473949891,20.701473949891,20.701473949891,20.701473949891,20.701473949891,20.701473949891,20.701473949891
686,"SEN","Senegal",2.99198167626902,2.99198167626902,2.99198167626902,2.99198167626902,2.99198167626902,2.99198167626902,2.99198167626902,2.99198167626902,2.99198167626902,2.99198167626902,6.88447572622722,6.88447572622722,6.88447572622722,6.88447572622722,6.88447572622722,6.88447572622722,6.88447572622722,6.88447572622722,6.88447572622722,6.88447572622722,6.88447572622722,6.88447572622722,6.88447572622722,6.88447563559743,6.88447563559743,6.88447563559743
688,"SRB","Serbia",NA,NA,NA,NA,NA,NA,NA,NA,NA,NA,NA,NA,NA,NA,NA,NA,NA,NA,NA,NA,NA,NA,NA,NA,NA,NA
690,"SYC","Seychelles",100,100,100,100,100,100,100,100,100,100,100,100,100,100,100,100,100,100,100,100,100,100,100,100,100,100
694,"SLE","Sierra Leone",0,0,0,0,0,4.40759939337359,4.40759939337359,4.40759939337359,4.40759939337359,4.40759939337359,4.40759939337359,4.40759939337359,4.40759939337359,4.40759939337359,4.40759939337359,4.40759939337359,4.40759939337359,4.40759939337359,6.01753686997876,6.01753686997876,6.01753686997876,6.01753686997876,6.01753686997876,6.01753686997876,6.01753686997876,6.01753686997876
702,"SGP","Singapore",0,0,0,0,0,0,0,0,0,0,0,0,0,0,0,0,0,0,0,0,0,0,0,0,0,0
534,"SXM","Sint Maarten",0,0,0,35.7776801232779,35.7776801232779,35.7776801232779,35.7776801232779,35.7776801232779,35.7776801232779,35.7776801232779,35.7776801232779,35.7776801232779,35.7776801232779,35.7776801232779,35.7776801232779,35.7776801232779,35.7776801232779,35.7776801232779,35.7776801232779,35.7776801232779,35.7776801232779,35.7776801232779,35.7776801232779,35.7776801232779,35.7776801232779,35.7776801232779
703,"SVK","Slovakia",NA,NA,NA,NA,NA,NA,NA,NA,NA,NA,NA,NA,NA,NA,NA,NA,NA,NA,NA,NA,NA,NA,NA,NA,NA,NA
705,"SVN","Slovenia",NA,NA,NA,NA,NA,NA,NA,NA,NA,NA,NA,NA,NA,NA,NA,NA,NA,NA,NA,NA,NA,NA,NA,NA,NA,NA
90,"SLB","Solomon Islands",0.121357221214915,0.214845213271937,0.214845213271937,0.214845213271937,0.22918370445422,0.22918370445422,0.22918370445422,0.22918370445422,0.22918370445422,0.229200541179274,0.230091910357753,0.231037632974804,0.233457864387847,0.68553263198254,0.766411345751065,0.766411345751065,0.766411345751065,0.766411345751065,0.766411345751065,0.766411345751065,0.766411345751065,0.766411345751065,0.766411345751065,0.766411345751065,0.766411345751065,0.766411345751065
706,"SOM","Somalia",0,0,0,0,0,0,0,0,0,0,0,0,0,0,0,0,0,0,0,0,0,0,0,0,0,0
710,"ZAF","South Africa",0.531352913155682,0.531352913155682,0.531352913155682,0.531352913155682,0.531352913155682,0.531352913155682,1.26163159743898,1.33372250458559,1.33372250458559,1.33372250458559,2.82694145244509,2.82694145244425,2.82694145244842,2.82694145244494,2.84670530252659,2.84670530252659,2.84670530252659,3.00538084123658,3.00538084123658,100,100,100,100,100,100,100
410,"KOR","South Korea",11.8371254219925,11.8371254219925,11.8371254219925,11.8666274675805,11.8666274675805,11.9440905410375,12.9992425480438,12.9992441723354,13.0245476777171,13.4625043724646,13.6350382021964,13.6351293425765,13.645529365665,13.7943579338715,14.3895002649384,14.4037565687741,14.4482607086926,14.4640638745398,14.6253053957184,14.6448854343506,14.7262489885371,14.7265465543149,14.9263023690166,14.9466833630996,17.2138067299082,17.2138067299082
728,"SSD","South Sudan",NA,NA,NA,NA,NA,NA,NA,NA,NA,NA,NA,NA,NA,NA,NA,NA,NA,NA,NA,NA,NA,NA,NA,NA,NA,NA
724,"ESP","Spain",1.18148943013358,1.75407726532173,1.76272675477021,2.14049006038071,2.14642412624353,3.97684167702958,6.18045130371484,6.45585837989323,6.49446366198153,6.87263545638193,7.0516803891694,7.05272148975662,7.15546548234293,7.52495824885801,9.89007268478282,9.95368095916393,9.95368095916813,9.9536809880098,9.95368098800736,9.95362795943989,69.4690812169775,82.0417463533342,82.0464956820399,82.0458078359672,100,100
144,"LKA","Sri Lanka",0.578844594006999,0.578844594006999,0.578844594006999,0.578844594006999,0.578844594006999,0.578844594006999,0.578844594006999,0.579368286877567,0.583565872596196,0.587811969233381,0.587811969233381,0.587811969233381,0.587811969233381,0.587811969233381,0.587811969233381,0.587811969233381,0.733315162294956,0.733315162294956,0.733315162294956,0.733315162294956,0.733315162294956,0.733315162294956,0.733315162294956,0.733315162294956,0.733315162294956,0.733315162294956
275,"PSE","State of Palestine",0,0,0,0,0,0,0,0,0,0,0,0,0,0,0,0,0,0,0,0,0,0,0,0,0,0
729,"SDN","Sudan",0.14461299280368,0.14461299280368,0.14461299280368,0.14461299280368,0.14461299280368,0.14461299280368,0.14461299280368,0.14461299280368,0.14461299280368,0.14461299280368,0.14461299280368,0.14461299280368,0.14461299280368,0.14461299280368,0.14461299280368,100,100,100,100,100,100,100,100,100,100,100
740,"SUR","Suriname",0,0,0,0,0,0,0,0,0,0,0,0,0,0,0,0,0,0,0,0,0,0,0,0,0,0
752,"SWE","Sweden",11.3778096714552,16.8283967946407,20.1860534508814,22.5346193874844,23.511679073511,23.6660887257981,27.7348828982717,29.0797873732676,29.3868456530816,31.5605767937486,31.6895851938679,38.0119636725246,38.3655376253219,39.4785396723862,60.5578929211345,60.6482964629346,60.697854571952,69.5946660603795,69.8147649698467,70.1078440473917,72.4865466521093,72.6306514905324,100,100,100,100
756,"CHE","Switzerland",NA,NA,NA,NA,NA,NA,NA,NA,NA,NA,NA,NA,NA,NA,NA,NA,NA,NA,NA,NA,NA,NA,NA,NA,NA,NA
760,"SYR","Syria",0,0,1.15902959736659,1.15902959736659,1.15902960600817,2.36242528196157,2.36242528196157,2.36242528196157,2.36242528196157,2.36242528196157,2.36242528196157,2.36242528196157,2.36242528196157,2.36242528196157,2.36242528196157,2.36242528196157,2.36242528196157,2.36242528196157,2.36242528196157,2.36242528196157,2.36242528196157,2.36242528196157,2.36242528196157,2.36242528196157,2.36242528196157,2.36242528196157
158,"TWN","Taiwan",0,1.73492741465725e-05,1.73492793120201e-05,1.73492793120201e-05,1.73492793120201e-05,1.73492793120201e-05,1.73492793120201e-05,0.0325263309057399,0.0380615482287879,0.0380615482287879,0.0380615482287879,0.0380615482287879,0.0380615482287879,8.38684375804541,8.38684375804541,8.3868437582563,8.3868437582563,8.3868437582563,8.3868437582563,8.3868437582563,8.39395616578499,8.39395616578499,8.39395616578499,8.39395616578499,8.39395616578499,8.39395616578499
762,"TJK","Tajikistan",NA,NA,NA,NA,NA,NA,NA,NA,NA,NA,NA,NA,NA,NA,NA,NA,NA,NA,NA,NA,NA,NA,NA,NA,NA,NA
834,"TZA","Tanzania",3.52195680283242,3.52195680283242,3.52195680283242,5.46941399399631,5.46941399399631,5.46941399399631,9.54803717750157,9.54803717750157,9.54803717750157,9.54803717750157,9.54803717750157,9.54803717750157,9.54803717750157,9.54803717750157,9.54803717750157,9.54803717750157,9.55058969616701,9.55058969616701,9.55058969616701,9.55058969616701,9.55058969616701,9.55058969616701,9.55058969616701,9.55058969616701,9.55058969616701,9.55058969616701
764,"THA","Thailand",12.3061274318403,12.3061274318403,12.3061274318403,12.3061274318403,12.3061274318403,13.1834945684011,13.1834945684011,14.8074829489668,16.4366228054821,16.4366228054821,16.4366228054821,16.4366228054821,16.4366228054821,16.4366228054821,16.5823428456231,16.5823428456231,16.5823428456231,16.5823428456231,16.5823428456231,16.9448635321739,16.9448635321739,16.9448635321739,16.9448635321739,16.9448635321739,16.9448635321739,16.9448635321739
626,"TLS","Timor-Leste",0,0,0,0,0,0,0,0,0,0,0,0,0,0,0,0,0,0,0,0,0,0,0.0168063133795551,0.0168063133795551,0.0168063133795551,0.0168063133795551
768,"TGO","Togo",0,0,0,0,0,0,0,0,0,0,0,0,0,0,0,0,0,0,0,0,0,0,0,0,0,0
776,"TON","Tonga",0.377478349163663,0.377478349163663,0.377478349163663,0.377478349163663,0.377478349163663,0.377478349163663,0.377478349163663,0.377478349163663,0.377478349163663,0.377478349163663,0.377478349163663,0.377478349163663,0.449430063863985,0.46602814224929,0.515533417775064,0.515533417775064,0.515533417775064,0.515533417775064,0.515533417775064,0.515533417775064,0.515533417775064,0.515533417775064,0.515533417775064,0.515533417775064,0.515533417775064,0.515533417775064
780,"TTO","Trinidad and Tobago",0,0,0,0,0,0,0,0,0,0,0,0.419385978770322,0.419385978770322,0.419385978770322,0.419385978770322,0.419385978770322,0.419385978770322,0.419385978770322,0.419385978770322,0.419385978770322,0.419385978770322,0.419385978770322,0.419385978770322,0.419385978770322,0.419385978770322,0.419385978770322
788,"TUN","Tunisia",3.60831041953831,3.60831041953831,3.60831041953831,3.60831041953831,3.60831041953831,3.60831041953831,3.60831041953831,4.43155410604449,4.43155410604449,4.43155410604449,4.43155410604449,4.43155410604449,4.43155410604449,6.1827122442829,6.1827122442829,6.1827122442829,6.1827122442829,6.1827122442829,9.88587231109222,9.88587231109222,9.88587231109222,9.88587231109222,9.88587231109222,9.88587231109222,9.88587231109222,9.88587231109222
792,"TUR","Turkey",0,0,0,0,0,0,0,0,0,0,0,0,0,0,0,0,0,0,0,0,0,0,0,0,0,0
795,"TKM","Turkmenistan",NA,NA,NA,NA,NA,NA,NA,NA,NA,NA,NA,NA,NA,NA,NA,NA,NA,NA,NA,NA,NA,NA,NA,NA,NA,NA
796,"TCA","Turks and Caicos Islands",0.681249928408421,0.681249928408421,0.681249928408421,0.681249928408421,0.681249928408421,0.681249928408421,0.681249928408421,0.681249928408421,0.681249928408421,0.681249928408421,0.681249928408421,0.681249928408421,0.681249928408421,0.681249928408421,0.681249928408421,0.681249928408421,0.681249928408421,0.681249928408421,0.681249928408421,0.681249928408421,0.681249928408421,0.681249928408421,0.681249928408421,0.681249928408421,0.681249928408421,0.681249928408421
798,"TUV","Tuvalu",0,0,0.0517455084262651,0.0517455084262651,0.0517455084262651,0.0517455084262651,0.0517455084262651,0.0517455084262651,0.0517455084262651,0.0517455084262651,0.0517455084262651,0.0517455084262651,0.0517455084262651,0.0517455084262651,0.0517455084262651,0.0517455084262651,0.0517455084262651,0.0517455084262651,0.0517455084262651,0.0517455084262651,0.0517455084262651,0.0517455084262651,0.0517455084262651,0.0517455084262651,0.0517455084262651,0.0517455084262651
800,"UGA","Uganda",NA,NA,NA,NA,NA,NA,NA,NA,NA,NA,NA,NA,NA,NA,NA,NA,NA,NA,NA,NA,NA,NA,NA,NA,NA,NA
804,"UKR","Ukraine",15.9071782791366,26.0764468516518,26.0767106925507,26.0774838524963,26.0774838508523,26.0774838508523,26.0774838508523,26.0774838508523,26.0774838508523,26.0774838508523,26.1233993314798,26.1233993314798,26.1233993314798,26.1233993314798,26.1233993314798,26.1233993314798,26.1233993314798,26.1233993314798,26.1233993314798,26.1233993314798,26.1233993314798,26.1233993314798,26.1233993314798,26.1233993314798,26.1233993314798,26.1233993314798
784,"ARE","United Arab Emirates",0,0.0501910613828023,0.0501910613828023,0.0501910613828023,0.0501910613828023,0.0501910613828023,0.0501910613828023,0.0501910613828023,0.0501910613828023,0.0501910613828023,0.0501910613828023,0.0501910613828023,0.0501910613828023,65.9074483787862,65.9074483787862,100,100,100,100,100,100,100,100,100,100,100
826,"GBR","United Kingdom",1.5719166294043,1.61604875804925,3.26501479589345,3.46946340450624,3.55900600075039,3.72440735710749,3.74648989313834,3.82922654771027,3.84962155715269,3.85183196970329,3.90859392073672,3.94075828622518,3.94076664196452,4.05227845422367,5.43155243049942,5.44387265402236,9.91497156797439,12.7515464644476,100,100,100,100,100,100,100,100
840,"USA","United States of America",52.5941659347847,52.5941659510276,52.5941659371136,100,100,100,100,100,100,100,100,100,100,100,100,100,100,100,100,100,100,100,100,100,100,100
858,"URY","Uruguay",0,0,0,0,0,0,0,0,0,0,0,0,0,0,0,1.07346306660476,1.07346306660476,1.45286565399061,1.45286565399061,1.45286565399061,3.00761197979536,3.00761197979536,3.00761197979536,3.26133937139829,3.26133937139829,3.26133937139829
860,"UZB","Uzbekistan",NA,NA,NA,NA,NA,NA,NA,NA,NA,NA,NA,NA,NA,NA,NA,NA,NA,NA,NA,NA,NA,NA,NA,NA,NA,NA
548,"VUT","Vanuatu",0.0518632020234986,0.0528242061775361,0.0528242061775361,0.0528242061775361,0.0528242061775361,0.0528242061775361,0.0528242061775361,0.0585964110051548,0.0585964110051548,0.0585964110051548,0.0585964110051548,0.0585964110051548,0.0585964110051548,0.0585964110051548,0.0585964110051548,0.0585964110051548,0.0585964110051548,0.0585964110051548,0.0585964110051548,0.0585964110051548,0.0585964110051548,0.0585964110051548,0.0585964110051548,0.0585964110051548,0.0585964110051548,0.0585964110051548
862,"VEN","Venezuela",18.8195266626606,18.8195266626606,20.1216542310435,20.1216542310435,20.1216542310435,20.1216542310435,20.1216542310435,20.1216542310435,20.1216542310435,20.1216542310435,20.1216542310435,20.1216542310435,20.1216542310435,20.1216542310435,20.1216542310435,20.1216542310435,20.1216542310435,20.1216542310435,20.1216542310435,20.1216542310435,20.1216542310435,20.1216542310435,20.1216542310435,20.1216542310435,20.1216542310435,20.1216542310435
704,"VNM","Viet Nam",0.643974721894969,0.643974721916454,0.643974721916454,0.643974721894969,0.643974721894969,0.793591852345292,0.793591852345292,0.793591852345292,3.51190913668781,3.51190913693977,3.51190913693977,3.51190913623095,3.51190913623095,3.51190913693977,3.51190913693977,3.51190913623095,3.51190913623095,3.51190913693977,3.51190913693977,3.7901572627194,3.79015726208218,3.7901572627194,3.7901572627194,3.7901572627194,3.7901572627194,3.7901572627194
876,"WLF","Wallis and Futuna Islands",0,0,0,0,0,0,0,0,0,0,0,0,0,0,0,0,0,0,0,0,0,0,0,0,0,0
732,"ESH","Western Sahara",0,0,0,0,0,0,0,0,0,0,0,0,0,0,0,0,0,0,0,0,0,0,0,0,0,0
887,"YEM","Yemen",0,0,2.46849844606327,2.46849844606327,2.46849844606327,2.46849844606327,2.46849844606327,2.46849844606327,2.46849844606327,2.46849844606327,2.46849844606327,2.46849844606327,2.46849844606327,2.47568508337953,2.47568508337953,2.47568508337953,2.47568508337953,2.47568508337953,2.47568508337953,2.47568508337953,2.47568508337953,2.47568508337953,2.47568508337953,2.47568508337953,2.47568508337953,2.47568508337953
894,"ZMB","Zambia",NA,NA,NA,NA,NA,NA,NA,NA,NA,NA,NA,NA,NA,NA,NA,NA,NA,NA,NA,NA,NA,NA,NA,NA,NA,NA
716,"ZWE","Zimbabwe",NA,NA,NA,NA,NA,NA,NA,NA,NA,NA,NA,NA,NA,NA,NA,NA,NA,NA,NA,NA,NA,NA,NA,NA,NA,NA
