"code","iso","country","MSW.ind.1995","MSW.ind.1996","MSW.ind.1997","MSW.ind.1998","MSW.ind.1999","MSW.ind.2000","MSW.ind.2001","MSW.ind.2002","MSW.ind.2003","MSW.ind.2004","MSW.ind.2005","MSW.ind.2006","MSW.ind.2007","MSW.ind.2008","MSW.ind.2009","MSW.ind.2010","MSW.ind.2011","MSW.ind.2012","MSW.ind.2013","MSW.ind.2014","MSW.ind.2015","MSW.ind.2016","MSW.ind.2017","MSW.ind.2018","MSW.ind.2019","MSW.ind.2020"
4,"AFG","Afghanistan",0,0,0,0,0,0,0,0,0,0,0,0,0,0,0,0,0,0,0,0,0,0,0,0,0,0
8,"ALB","Albania",0,0,0,0,0,0,0,0,0,0,0,0,0,0,0,0,0,0,0,0,0,0,0,0,0,0
12,"DZA","Algeria",91.6319999838433,91.6319999838433,91.6319999838433,91.6319999838433,91.6319999838433,91.6319999838433,91.6319999838433,91.6319999838433,91.6319999838433,91.6319999838433,91.6319999838433,91.6319999838433,91.6319999838433,91.6319999838433,91.6319999838433,91.6319999838433,91.6319999838433,91.6319999838433,91.6319999838433,91.6319999838433,91.6319999838433,91.6319999838433,91.6319999838433,91.6319999838433,91.6319999838433,91.6319999838433
20,"AND","Andorra",52.1,52.1,52.1,52.1,52.1,52.1,52.1,52.1,52.1,52.1,52.1,52.1,52.1,52.1,52.1,52.1,52.1,52.1,52.1,52.1,52.1,52.1,52.1,52.1,52.1,52.1
24,"AGO","Angola",0,0,0,0,0,0,0,0,0,0,0,0,0,0,0,0,0,0,0,0,0,0,0,0,0,0
660,"AIA","Anguilla",NA,NA,NA,NA,NA,NA,NA,NA,NA,NA,NA,NA,NA,NA,NA,NA,NA,NA,NA,NA,NA,NA,NA,NA,NA,NA
28,"ATG","Antigua and Barbuda",75.0728,75.0728,75.0728,75.0728,75.0728,75.0728,75.0728,75.0728,75.0728,75.0728,75.0728,75.0728,75.0728,75.0728,75.0728,75.0728,75.0728,75.0728,75.0728,75.0728,75.0728,75.0728,75.0728,75.0728,75.0728,75.0728
32,"ARG","Argentina",44.6158000027917,44.6158000027917,44.6158000027917,44.6158000027917,44.6158000027917,44.6158000027917,44.6158000027917,44.6158000027917,44.6158000027917,44.6158000027917,44.6158000027917,44.6158000027917,44.6158000027917,44.6158000027917,44.6158000027917,44.6158000027917,44.6158000027917,44.6158000027917,44.6158000027917,44.6158000027917,44.6158000027917,44.6158000027917,44.6158000027917,44.6158000027917,44.6158000027917,44.6158000027917
51,"ARM","Armenia",0,0,0,0,0,0,0,0,0,0,0,0,0,0,0,0,0,0,0,0,0,0,0,0,0,0
533,"ABW","Aruba",9.13000000032905,9.13000000032905,9.13000000032905,9.13000000032905,9.13000000032905,9.13000000032905,9.13000000032905,9.13000000032905,9.13000000032905,9.13000000032905,9.13000000032905,9.13000000032905,9.13000000032905,9.13000000032905,9.13000000032905,9.13000000032905,9.13000000032905,9.13000000032905,9.13000000032905,9.13000000032905,9.13000000032905,9.13000000032905,9.13000000032905,9.13000000032905,9.13000000032905,9.13000000032905
36,"AUS","Australia",77.3211,77.3211,77.3211,77.3211,77.3211,77.3211,77.3211,77.3211,77.3211,77.3211,77.3211,77.3211,77.3211,77.3211,77.3211,77.3211,77.3211,77.3211,77.3211,77.3211,77.3211,77.3211,77.3211,77.3211,77.3211,77.3211
40,"AUT","Austria",97.184,97.184,97.184,97.184,97.184,97.184,97.184,97.184,97.184,97.184,97.184,97.184,97.184,97.184,97.184,97.184,97.184,97.184,97.184,97.184,97.184,97.184,97.184,97.184,97.184,97.184
31,"AZE","Azerbaijan",0,0,0,0,0,0,0,0,0,0,0,0,0,0,0,0,0,0,0,0,0,0,0,0,0,0
44,"BHS","Bahamas",0,0,0,0,0,0,0,0,0,0,0,0,0,0,0,0,0,0,0,0,0,0,0,0,0,0
48,"BHR","Bahrain",60.383999996546,60.383999996546,60.383999996546,60.383999996546,60.383999996546,60.383999996546,60.383999996546,60.383999996546,60.383999996546,60.383999996546,60.383999996546,60.383999996546,60.383999996546,60.383999996546,60.383999996546,60.383999996546,60.383999996546,60.383999996546,60.383999996546,60.383999996546,60.383999996546,60.383999996546,60.383999996546,60.383999996546,60.383999996546,60.383999996546
50,"BGD","Bangladesh",4.98749999977163,4.98749999977163,4.98749999977163,4.98749999977163,4.98749999977163,4.98749999977163,4.98749999977163,4.98749999977163,4.98749999977163,4.98749999977163,4.98749999977163,4.98749999977163,4.98749999977163,4.98749999977163,4.98749999977163,4.98749999977163,4.98749999977163,4.98749999977163,4.98749999977163,4.98749999977163,4.98749999977163,4.98749999977163,4.98749999977163,4.98749999977163,4.98749999977163,4.98749999977163
52,"BRB","Barbados",67.2300000170923,67.2300000170923,67.2300000170923,67.2300000170923,67.2300000170923,67.2300000170923,67.2300000170923,67.2300000170923,67.2300000170923,67.2300000170923,67.2300000170923,67.2300000170923,67.2300000170923,67.2300000170923,67.2300000170923,67.2300000170923,67.2300000170923,67.2300000170923,67.2300000170923,67.2300000170923,67.2300000170923,67.2300000170923,67.2300000170923,67.2300000170923,67.2300000170923,67.2300000170923
112,"BLR","Belarus",77.52,77.52,77.52,77.52,77.52,77.52,77.52,77.52,77.52,77.52,77.52,77.52,77.52,77.52,77.52,77.52,77.52,77.52,77.52,77.52,77.52,77.52,77.52,77.52,77.52,77.52
56,"BEL","Belgium",97.558,97.558,97.558,97.558,97.558,97.558,97.558,97.558,97.558,97.558,97.558,97.558,97.558,97.558,97.558,97.558,97.558,97.558,97.558,97.558,97.558,97.558,97.558,97.558,97.558,97.558
84,"BLZ","Belize",16.9999999990136,16.9999999990136,16.9999999990136,16.9999999990136,16.9999999990136,16.9999999990136,16.9999999990136,16.9999999990136,16.9999999990136,16.9999999990136,16.9999999990136,16.9999999990136,16.9999999990136,16.9999999990136,16.9999999990136,16.9999999990136,16.9999999990136,16.9999999990136,16.9999999990136,16.9999999990136,16.9999999990136,16.9999999990136,16.9999999990136,16.9999999990136,16.9999999990136,16.9999999990136
204,"BEN","Benin",5.75000000072893,5.75000000072893,5.75000000072893,5.75000000072893,5.75000000072893,5.75000000072893,5.75000000072893,5.75000000072893,5.75000000072893,5.75000000072893,5.75000000072893,5.75000000072893,5.75000000072893,5.75000000072893,5.75000000072893,5.75000000072893,5.75000000072893,5.75000000072893,5.75000000072893,5.75000000072893,5.75000000072893,5.75000000072893,5.75000000072893,5.75000000072893,5.75000000072893,5.75000000072893
60,"BMU","Bermuda",81.0578,81.0578,81.0578,81.0578,81.0578,81.0578,81.0578,81.0578,81.0578,81.0578,81.0578,81.0578,81.0578,81.0578,81.0578,81.0578,81.0578,81.0578,81.0578,81.0578,81.0578,81.0578,81.0578,81.0578,81.0578,81.0578
64,"BTN","Bhutan",59.6809999997305,59.6809999997305,59.6809999997305,59.6809999997305,59.6809999997305,59.6809999997305,59.6809999997305,59.6809999997305,59.6809999997305,59.6809999997305,59.6809999997305,59.6809999997305,59.6809999997305,59.6809999997305,59.6809999997305,59.6809999997305,59.6809999997305,59.6809999997305,59.6809999997305,59.6809999997305,59.6809999997305,59.6809999997305,59.6809999997305,59.6809999997305,59.6809999997305,59.6809999997305
68,"BOL","Bolivia",31.1303999972961,31.1303999972961,31.1303999972961,31.1303999972961,31.1303999972961,31.1303999972961,31.1303999972961,31.1303999972961,31.1303999972961,31.1303999972961,31.1303999972961,31.1303999972961,31.1303999972961,31.1303999972961,31.1303999972961,31.1303999972961,31.1303999972961,31.1303999972961,31.1303999972961,31.1303999972961,31.1303999972961,31.1303999972961,31.1303999972961,31.1303999972961,31.1303999972961,31.1303999972961
70,"BIH","Bosnia and Herzegovina",27.8648729967967,27.8648729967967,27.8648729967967,27.8648729967967,27.8648729967967,27.8648729967967,27.8648729967967,27.8648729967967,27.8648729967967,27.8648729967967,27.8648729967967,27.8648729967967,27.8648729967967,27.8648729967967,27.8648729967967,27.8648729967967,27.8648729967967,27.8648729967967,27.8648729967967,27.8648729967967,27.8648729967967,27.8648729967967,27.8648729967967,27.8648729967967,27.8648729967967,27.8648729967967
72,"BWA","Botswana",0.690000000028456,0.690000000028456,0.690000000028456,0.690000000028456,0.690000000028456,0.690000000028456,0.690000000028456,0.690000000028456,0.690000000028456,0.690000000028456,0.690000000028456,0.690000000028456,0.690000000028456,0.690000000028456,0.690000000028456,0.690000000028456,0.690000000028456,0.690000000028456,0.690000000028456,0.690000000028456,0.690000000028456,0.690000000028456,0.690000000028456,0.690000000028456,0.690000000028456,0.690000000028456
76,"BRA","Brazil",65.7588246618653,65.7588246618653,65.7588246618653,65.7588246618653,65.7588246618653,65.7588246618653,65.7588246618653,65.7588246618653,65.7588246618653,65.7588246618653,65.7588246618653,65.7588246618653,65.7588246618653,65.7588246618653,65.7588246618653,65.7588246618653,65.7588246618653,65.7588246618653,65.7588246618653,65.7588246618653,65.7588246618653,65.7588246618653,65.7588246618653,65.7588246618653,65.7588246618653,65.7588246618653
92,"VGB","British Virgin Islands",66.6489999853075,66.6489999853075,66.6489999853075,66.6489999853075,66.6489999853075,66.6489999853075,66.6489999853075,66.6489999853075,66.6489999853075,66.6489999853075,66.6489999853075,66.6489999853075,66.6489999853075,66.6489999853075,66.6489999853075,66.6489999853075,66.6489999853075,66.6489999853075,66.6489999853075,66.6489999853075,66.6489999853075,66.6489999853075,66.6489999853075,66.6489999853075,66.6489999853075,66.6489999853075
96,"BRN","Brunei Darussalam",42.4800000010173,42.4800000010173,42.4800000010173,42.4800000010173,42.4800000010173,42.4800000010173,42.4800000010173,42.4800000010173,42.4800000010173,42.4800000010173,42.4800000010173,42.4800000010173,42.4800000010173,42.4800000010173,42.4800000010173,42.4800000010173,42.4800000010173,42.4800000010173,42.4800000010173,42.4800000010173,42.4800000010173,42.4800000010173,42.4800000010173,42.4800000010173,42.4800000010173,42.4800000010173
100,"BGR","Bulgaria",83.6297080106277,83.6297080106277,83.6297080106277,83.6297080106277,83.6297080106277,83.6297080106277,83.6297080106277,83.6297080106277,83.6297080106277,83.6297080106277,83.6297080106277,83.6297080106277,83.6297080106277,83.6297080106277,83.6297080106277,83.6297080106277,83.6297080106277,83.6297080106277,83.6297080106277,83.6297080106277,83.6297080106277,83.6297080106277,83.6297080106277,83.6297080106277,83.6297080106277,83.6297080106277
854,"BFA","Burkina Faso",10.2400000013979,10.2400000013979,10.2400000013979,10.2400000013979,10.2400000013979,10.2400000013979,10.2400000013979,10.2400000013979,10.2400000013979,10.2400000013979,10.2400000013979,10.2400000013979,10.2400000013979,10.2400000013979,10.2400000013979,10.2400000013979,10.2400000013979,10.2400000013979,10.2400000013979,10.2400000013979,10.2400000013979,10.2400000013979,10.2400000013979,10.2400000013979,10.2400000013979,10.2400000013979
108,"BDI","Burundi",0,0,0,0,0,0,0,0,0,0,0,0,0,0,0,0,0,0,0,0,0,0,0,0,0,0
132,"CPV","Cabo Verde",0,0,0,0,0,0,0,0,0,0,0,0,0,0,0,0,0,0,0,0,0,0,0,0,0,0
116,"KHM","Cambodia",0,0,0,0,0,0,0,0,0,0,0,0,0,0,0,0,0,0,0,0,0,0,0,0,0,0
120,"CMR","Cameroon",10.2440000008378,10.2440000008378,10.2440000008378,10.2440000008378,10.2440000008378,10.2440000008378,10.2440000008378,10.2440000008378,10.2440000008378,10.2440000008378,10.2440000008378,10.2440000008378,10.2440000008378,10.2440000008378,10.2440000008378,10.2440000008378,10.2440000008378,10.2440000008378,10.2440000008378,10.2440000008378,10.2440000008378,10.2440000008378,10.2440000008378,10.2440000008378,10.2440000008378,10.2440000008378
124,"CAN","Canada",84.6786600089854,84.6786600089854,84.6786600089854,84.6786600089854,84.6786600089854,84.6786600089854,84.6786600089854,84.6786600089854,84.6786600089854,84.6786600089854,84.6786600089854,84.6786600089854,84.6786600089854,84.6786600089854,84.6786600089854,84.6786600089854,84.6786600089854,84.6786600089854,84.6786600089854,84.6786600089854,84.6786600089854,84.6786600089854,84.6786600089854,84.6786600089854,84.6786600089854,84.6786600089854
136,"CYM","Cayman Islands",17.43,17.43,17.43,17.43,17.43,17.43,17.43,17.43,17.43,17.43,17.43,17.43,17.43,17.43,17.43,17.43,17.43,17.43,17.43,17.43,17.43,17.43,17.43,17.43,17.43,17.43
140,"CAF","Central African Republic",0,0,0,0,0,0,0,0,0,0,0,0,0,0,0,0,0,0,0,0,0,0,0,0,0,0
148,"TCD","Chad",0,0,0,0,0,0,0,0,0,0,0,0,0,0,0,0,0,0,0,0,0,0,0,0,0,0
152,"CHL","Chile",65.6925,65.6925,65.6925,65.6925,65.6925,65.6925,65.6925,65.6925,65.6925,65.6925,65.6925,65.6925,65.6925,65.6925,65.6925,65.6925,65.6925,65.6925,65.6925,65.6925,65.6925,65.6925,65.6925,65.6925,65.6925,65.6925
156,"CHN","China",51.81952,51.81952,51.81952,51.81952,51.81952,51.81952,51.81952,51.81952,51.81952,51.81952,51.81952,51.81952,51.81952,51.81952,51.81952,51.81952,51.81952,51.81952,51.81952,51.81952,51.81952,51.81952,51.81952,51.81952,51.81952,51.81952
170,"COL","Colombia",100,100,100,100,100,100,100,100,100,100,100,100,100,100,100,100,100,100,100,100,100,100,100,100,100,100
174,"COM","Comoros",0,0,0,0,0,0,0,0,0,0,0,0,0,0,0,0,0,0,0,0,0,0,0,0,0,0
184,"COK","Cook Islands",NA,NA,NA,NA,NA,NA,NA,NA,NA,NA,NA,NA,NA,NA,NA,NA,NA,NA,NA,NA,NA,NA,NA,NA,NA,NA
188,"CRI","Costa Rica",64.7944,64.7944,64.7944,64.7944,64.7944,64.7944,64.7944,64.7944,64.7944,64.7944,64.7944,64.7944,64.7944,64.7944,64.7944,64.7944,64.7944,64.7944,64.7944,64.7944,64.7944,64.7944,64.7944,64.7944,64.7944,64.7944
384,"CIV","Cote d'Ivoire",2.1,2.1,2.1,2.1,2.1,2.1,2.1,2.1,2.1,2.1,2.1,2.1,2.1,2.1,2.1,2.1,2.1,2.1,2.1,2.1,2.1,2.1,2.1,2.1,2.1,2.1
191,"HRV","Croatia",79.9774560012092,79.9774560012092,79.9774560012092,79.9774560012092,79.9774560012092,79.9774560012092,79.9774560012092,79.9774560012092,79.9774560012092,79.9774560012092,79.9774560012092,79.9774560012092,79.9774560012092,79.9774560012092,79.9774560012092,79.9774560012092,79.9774560012092,79.9774560012092,79.9774560012092,79.9774560012092,79.9774560012092,79.9774560012092,79.9774560012092,79.9774560012092,79.9774560012092,79.9774560012092
192,"CUB","Cuba",25.8658400014992,25.8658400014992,25.8658400014992,25.8658400014992,25.8658400014992,25.8658400014992,25.8658400014992,25.8658400014992,25.8658400014992,25.8658400014992,25.8658400014992,25.8658400014992,25.8658400014992,25.8658400014992,25.8658400014992,25.8658400014992,25.8658400014992,25.8658400014992,25.8658400014992,25.8658400014992,25.8658400014992,25.8658400014992,25.8658400014992,25.8658400014992,25.8658400014992,25.8658400014992
531,"CUW","Curacao",0,0,0,0,0,0,0,0,0,0,0,0,0,0,0,0,0,0,0,0,0,0,0,0,0,0
196,"CYP","Cyprus",77.522,77.522,77.522,77.522,77.522,77.522,77.522,77.522,77.522,77.522,77.522,77.522,77.522,77.522,77.522,77.522,77.522,77.522,77.522,77.522,77.522,77.522,77.522,77.522,77.522,77.522
203,"CZE","Czech Republic",89.472,89.472,89.472,89.472,89.472,89.472,89.472,89.472,89.472,89.472,89.472,89.472,89.472,89.472,89.472,89.472,89.472,89.472,89.472,89.472,89.472,89.472,89.472,89.472,89.472,89.472
180,"COD","Dem. Rep. Congo",3.5280000001001,3.5280000001001,3.5280000001001,3.5280000001001,3.5280000001001,3.5280000001001,3.5280000001001,3.5280000001001,3.5280000001001,3.5280000001001,3.5280000001001,3.5280000001001,3.5280000001001,3.5280000001001,3.5280000001001,3.5280000001001,3.5280000001001,3.5280000001001,3.5280000001001,3.5280000001001,3.5280000001001,3.5280000001001,3.5280000001001,3.5280000001001,3.5280000001001,3.5280000001001
208,"DNK","Denmark",99.754,99.754,99.754,99.754,99.754,99.754,99.754,99.754,99.754,99.754,99.754,99.754,99.754,99.754,99.754,99.754,99.754,99.754,99.754,99.754,99.754,99.754,99.754,99.754,99.754,99.754
262,"DJI","Djibouti",0,0,0,0,0,0,0,0,0,0,0,0,0,0,0,0,0,0,0,0,0,0,0,0,0,0
212,"DMA","Dominica",62.416,62.416,62.416,62.416,62.416,62.416,62.416,62.416,62.416,62.416,62.416,62.416,62.416,62.416,62.416,62.416,62.416,62.416,62.416,62.416,62.416,62.416,62.416,62.416,62.416,62.416
214,"DOM","Dominican Republic",5.727,5.727,5.727,5.727,5.727,5.727,5.727,5.727,5.727,5.727,5.727,5.727,5.727,5.727,5.727,5.727,5.727,5.727,5.727,5.727,5.727,5.727,5.727,5.727,5.727,5.727
218,"ECU","Ecuador",53.5572000004003,53.5572000004003,53.5572000004003,53.5572000004003,53.5572000004003,53.5572000004003,53.5572000004003,53.5572000004003,53.5572000004003,53.5572000004003,53.5572000004003,53.5572000004003,53.5572000004003,53.5572000004003,53.5572000004003,53.5572000004003,53.5572000004003,53.5572000004003,53.5572000004003,53.5572000004003,53.5572000004003,53.5572000004003,53.5572000004003,53.5572000004003,53.5572000004003,53.5572000004003
818,"EGY","Egypt",16.315,16.315,16.315,16.315,16.315,16.315,16.315,16.315,16.315,16.315,16.315,16.315,16.315,16.315,16.315,16.315,16.315,16.315,16.315,16.315,16.315,16.315,16.315,16.315,16.315,16.315
222,"SLV","El Salvador",55.52200000245,55.52200000245,55.52200000245,55.52200000245,55.52200000245,55.52200000245,55.52200000245,55.52200000245,55.52200000245,55.52200000245,55.52200000245,55.52200000245,55.52200000245,55.52200000245,55.52200000245,55.52200000245,55.52200000245,55.52200000245,55.52200000245,55.52200000245,55.52200000245,55.52200000245,55.52200000245,55.52200000245,55.52200000245,55.52200000245
226,"GNQ","Equatorial Guinea",0,0,0,0,0,0,0,0,0,0,0,0,0,0,0,0,0,0,0,0,0,0,0,0,0,0
232,"ERI","Eritrea",0,0,0,0,0,0,0,0,0,0,0,0,0,0,0,0,0,0,0,0,0,0,0,0,0,0
233,"EST","Estonia",74.4039070063425,74.4039070063425,74.4039070063425,74.4039070063425,74.4039070063425,74.4039070063425,74.4039070063425,74.4039070063425,74.4039070063425,74.4039070063425,74.4039070063425,74.4039070063425,74.4039070063425,74.4039070063425,74.4039070063425,74.4039070063425,74.4039070063425,74.4039070063425,74.4039070063425,74.4039070063425,74.4039070063425,74.4039070063425,74.4039070063425,74.4039070063425,74.4039070063425,74.4039070063425
748,"SWZ","Eswatini",0,0,0,0,0,0,0,0,0,0,0,0,0,0,0,0,0,0,0,0,0,0,0,0,0,0
231,"ETH","Ethiopia",0,0,0,0,0,0,0,0,0,0,0,0,0,0,0,0,0,0,0,0,0,0,0,0,0,0
234,"FRO","Faeroe Islands",31.49,31.49,31.49,31.49,31.49,31.49,31.49,31.49,31.49,31.49,31.49,31.49,31.49,31.49,31.49,31.49,31.49,31.49,31.49,31.49,31.49,31.49,31.49,31.49,31.49,31.49
238,"FLK","Falkland Islands",NA,NA,NA,NA,NA,NA,NA,NA,NA,NA,NA,NA,NA,NA,NA,NA,NA,NA,NA,NA,NA,NA,NA,NA,NA,NA
242,"FJI","Fiji",39.9925000008184,39.9925000008184,39.9925000008184,39.9925000008184,39.9925000008184,39.9925000008184,39.9925000008184,39.9925000008184,39.9925000008184,39.9925000008184,39.9925000008184,39.9925000008184,39.9925000008184,39.9925000008184,39.9925000008184,39.9925000008184,39.9925000008184,39.9925000008184,39.9925000008184,39.9925000008184,39.9925000008184,39.9925000008184,39.9925000008184,39.9925000008184,39.9925000008184,39.9925000008184
246,"FIN","Finland",97.69,97.69,97.69,97.69,97.69,97.69,97.69,97.69,97.69,97.69,97.69,97.69,97.69,97.69,97.69,97.69,97.69,97.69,97.69,97.69,97.69,97.69,97.69,97.69,97.69,97.69
250,"FRA","France",94.828,94.828,94.828,94.828,94.828,94.828,94.828,94.828,94.828,94.828,94.828,94.828,94.828,94.828,94.828,94.828,94.828,94.828,94.828,94.828,94.828,94.828,94.828,94.828,94.828,94.828
258,"PYF","French Polynesia",33.15,33.15,33.15,33.15,33.15,33.15,33.15,33.15,33.15,33.15,33.15,33.15,33.15,33.15,33.15,33.15,33.15,33.15,33.15,33.15,33.15,33.15,33.15,33.15,33.15,33.15
266,"GAB","Gabon",0,0,0,0,0,0,0,0,0,0,0,0,0,0,0,0,0,0,0,0,0,0,0,0,0,0
270,"GMB","Gambia",0,0,0,0,0,0,0,0,0,0,0,0,0,0,0,0,0,0,0,0,0,0,0,0,0,0
268,"GEO","Georgia",0,0,0,0,0,0,0,0,0,0,0,0,0,0,0,0,0,0,0,0,0,0,0,0,0,0
276,"DEU","Germany",97.938,97.938,97.938,97.938,97.938,97.938,97.938,97.938,97.938,97.938,97.938,97.938,97.938,97.938,97.938,97.938,97.938,97.938,97.938,97.938,97.938,97.938,97.938,97.938,97.938,97.938
288,"GHA","Ghana",0,0,0,0,0,0,0,0,0,0,0,0,0,0,0,0,0,0,0,0,0,0,0,0,0,0
300,"GRC","Greece",83,83,83,83,83,83,83,83,83,83,83,83,83,83,83,83,83,83,83,83,83,83,83,83,83,83
304,"GRL","Greenland",0,0,0,0,0,0,0,0,0,0,0,0,0,0,0,0,0,0,0,0,0,0,0,0,0,0
308,"GRD","Grenada",78.8399999917863,78.8399999917863,78.8399999917863,78.8399999917863,78.8399999917863,78.8399999917863,78.8399999917863,78.8399999917863,78.8399999917863,78.8399999917863,78.8399999917863,78.8399999917863,78.8399999917863,78.8399999917863,78.8399999917863,78.8399999917863,78.8399999917863,78.8399999917863,78.8399999917863,78.8399999917863,78.8399999917863,78.8399999917863,78.8399999917863,78.8399999917863,78.8399999917863,78.8399999917863
320,"GTM","Guatemala",16.6176000008381,16.6176000008381,16.6176000008381,16.6176000008381,16.6176000008381,16.6176000008381,16.6176000008381,16.6176000008381,16.6176000008381,16.6176000008381,16.6176000008381,16.6176000008381,16.6176000008381,16.6176000008381,16.6176000008381,16.6176000008381,16.6176000008381,16.6176000008381,16.6176000008381,16.6176000008381,16.6176000008381,16.6176000008381,16.6176000008381,16.6176000008381,16.6176000008381,16.6176000008381
831,"GGY","Guernsey",NA,NA,NA,NA,NA,NA,NA,NA,NA,NA,NA,NA,NA,NA,NA,NA,NA,NA,NA,NA,NA,NA,NA,NA,NA,NA
324,"GIN","Guinea",2.5,2.5,2.5,2.5,2.5,2.5,2.5,2.5,2.5,2.5,2.5,2.5,2.5,2.5,2.5,2.5,2.5,2.5,2.5,2.5,2.5,2.5,2.5,2.5,2.5,2.5
624,"GNB","Guinea-Bissau",0,0,0,0,0,0,0,0,0,0,0,0,0,0,0,0,0,0,0,0,0,0,0,0,0,0
328,"GUY","Guyana",44.1760400002231,44.1760400002231,44.1760400002231,44.1760400002231,44.1760400002231,44.1760400002231,44.1760400002231,44.1760400002231,44.1760400002231,44.1760400002231,44.1760400002231,44.1760400002231,44.1760400002231,44.1760400002231,44.1760400002231,44.1760400002231,44.1760400002231,44.1760400002231,44.1760400002231,44.1760400002231,44.1760400002231,44.1760400002231,44.1760400002231,44.1760400002231,44.1760400002231,44.1760400002231
332,"HTI","Haiti",0.874719999897136,0.874719999897136,0.874719999897136,0.874719999897136,0.874719999897136,0.874719999897136,0.874719999897136,0.874719999897136,0.874719999897136,0.874719999897136,0.874719999897136,0.874719999897136,0.874719999897136,0.874719999897136,0.874719999897136,0.874719999897136,0.874719999897136,0.874719999897136,0.874719999897136,0.874719999897136,0.874719999897136,0.874719999897136,0.874719999897136,0.874719999897136,0.874719999897136,0.874719999897136
336,"VAT","Holy See",NA,NA,NA,NA,NA,NA,NA,NA,NA,NA,NA,NA,NA,NA,NA,NA,NA,NA,NA,NA,NA,NA,NA,NA,NA,NA
340,"HND","Honduras",40.2695999922103,40.2695999922103,40.2695999922103,40.2695999922103,40.2695999922103,40.2695999922103,40.2695999922103,40.2695999922103,40.2695999922103,40.2695999922103,40.2695999922103,40.2695999922103,40.2695999922103,40.2695999922103,40.2695999922103,40.2695999922103,40.2695999922103,40.2695999922103,40.2695999922103,40.2695999922103,40.2695999922103,40.2695999922103,40.2695999922103,40.2695999922103,40.2695999922103,40.2695999922103
344,"HKG","Hong Kong",0,0,0,0,0,0,0,0,0,0,0,0,0,0,0,0,0,0,0,0,0,0,0,0,0,0
348,"HUN","Hungary",89.1584728017241,89.1584728017241,89.1584728017241,89.1584728017241,89.1584728017241,89.1584728017241,89.1584728017241,89.1584728017241,89.1584728017241,89.1584728017241,89.1584728017241,89.1584728017241,89.1584728017241,89.1584728017241,89.1584728017241,89.1584728017241,89.1584728017241,89.1584728017241,89.1584728017241,89.1584728017241,89.1584728017241,89.1584728017241,89.1584728017241,89.1584728017241,89.1584728017241,89.1584728017241
352,"ISL","Iceland",84.802,84.802,84.802,84.802,84.802,84.802,84.802,84.802,84.802,84.802,84.802,84.802,84.802,84.802,84.802,84.802,84.802,84.802,84.802,84.802,84.802,84.802,84.802,84.802,84.802,84.802
356,"IND","India",16.0999999928742,16.0999999928742,16.0999999928742,16.0999999928742,16.0999999928742,16.0999999928742,16.0999999928742,16.0999999928742,16.0999999928742,16.0999999928742,16.0999999928742,16.0999999928742,16.0999999928742,16.0999999928742,16.0999999928742,16.0999999928742,16.0999999928742,16.0999999928742,16.0999999928742,16.0999999928742,16.0999999928742,16.0999999928742,16.0999999928742,16.0999999928742,16.0999999928742,16.0999999928742
360,"IDN","Indonesia",49.76,49.76,49.76,49.76,49.76,49.76,49.76,49.76,49.76,49.76,49.76,49.76,49.76,49.76,49.76,49.76,49.76,49.76,49.76,49.76,49.76,49.76,49.76,49.76,49.76,49.76
364,"IRN","Iran",19.018,19.018,19.018,19.018,19.018,19.018,19.018,19.018,19.018,19.018,19.018,19.018,19.018,19.018,19.018,19.018,19.018,19.018,19.018,19.018,19.018,19.018,19.018,19.018,19.018,19.018
368,"IRQ","Iraq",0,0,0,0,0,0,0,0,0,0,0,0,0,0,0,0,0,0,0,0,0,0,0,0,0,0
372,"IRL","Ireland",81.7315199865406,81.7315199865406,81.7315199865406,81.7315199865406,81.7315199865406,81.7315199865406,81.7315199865406,81.7315199865406,81.7315199865406,81.7315199865406,81.7315199865406,81.7315199865406,81.7315199865406,81.7315199865406,81.7315199865406,81.7315199865406,81.7315199865406,81.7315199865406,81.7315199865406,81.7315199865406,81.7315199865406,81.7315199865406,81.7315199865406,81.7315199865406,81.7315199865406,81.7315199865406
833,"IMN","Isle of Man",94.905,94.905,94.905,94.905,94.905,94.905,94.905,94.905,94.905,94.905,94.905,94.905,94.905,94.905,94.905,94.905,94.905,94.905,94.905,94.905,94.905,94.905,94.905,94.905,94.905,94.905
376,"ISR","Israel",72.25,72.25,72.25,72.25,72.25,72.25,72.25,72.25,72.25,72.25,72.25,72.25,72.25,72.25,72.25,72.25,72.25,72.25,72.25,72.25,72.25,72.25,72.25,72.25,72.25,72.25
380,"ITA","Italy",83.684,83.684,83.684,83.684,83.684,83.684,83.684,83.684,83.684,83.684,83.684,83.684,83.684,83.684,83.684,83.684,83.684,83.684,83.684,83.684,83.684,83.684,83.684,83.684,83.684,83.684
388,"JAM","Jamaica",31.7440000030427,31.7440000030427,31.7440000030427,31.7440000030427,31.7440000030427,31.7440000030427,31.7440000030427,31.7440000030427,31.7440000030427,31.7440000030427,31.7440000030427,31.7440000030427,31.7440000030427,31.7440000030427,31.7440000030427,31.7440000030427,31.7440000030427,31.7440000030427,31.7440000030427,31.7440000030427,31.7440000030427,31.7440000030427,31.7440000030427,31.7440000030427,31.7440000030427,31.7440000030427
392,"JPN","Japan",86.48,86.48,86.48,86.48,86.48,86.48,86.48,86.48,86.48,86.48,86.48,86.48,86.48,86.48,86.48,86.48,86.48,86.48,86.48,86.48,86.48,86.48,86.48,86.48,86.48,86.48
832,"JEY","Jersey",NA,NA,NA,NA,NA,NA,NA,NA,NA,NA,NA,NA,NA,NA,NA,NA,NA,NA,NA,NA,NA,NA,NA,NA,NA,NA
400,"JOR","Jordan",43.13,43.13,43.13,43.13,43.13,43.13,43.13,43.13,43.13,43.13,43.13,43.13,43.13,43.13,43.13,43.13,43.13,43.13,43.13,43.13,43.13,43.13,43.13,43.13,43.13,43.13
398,"KAZ","Kazakhstan",2.16079999957079,2.16079999957079,2.16079999957079,2.16079999957079,2.16079999957079,2.16079999957079,2.16079999957079,2.16079999957079,2.16079999957079,2.16079999957079,2.16079999957079,2.16079999957079,2.16079999957079,2.16079999957079,2.16079999957079,2.16079999957079,2.16079999957079,2.16079999957079,2.16079999957079,2.16079999957079,2.16079999957079,2.16079999957079,2.16079999957079,2.16079999957079,2.16079999957079,2.16079999957079
404,"KEN","Kenya",5.52,5.52,5.52,5.52,5.52,5.52,5.52,5.52,5.52,5.52,5.52,5.52,5.52,5.52,5.52,5.52,5.52,5.52,5.52,5.52,5.52,5.52,5.52,5.52,5.52,5.52
296,"KIR","Kiribati",0,0,0,0,0,0,0,0,0,0,0,0,0,0,0,0,0,0,0,0,0,0,0,0,0,0
689,"XKX","Kosovo",0,0,0,0,0,0,0,0,0,0,0,0,0,0,0,0,0,0,0,0,0,0,0,0,0,0
414,"KWT","Kuwait",0,0,0,0,0,0,0,0,0,0,0,0,0,0,0,0,0,0,0,0,0,0,0,0,0,0
417,"KGZ","Kyrgyzstan",0,0,0,0,0,0,0,0,0,0,0,0,0,0,0,0,0,0,0,0,0,0,0,0,0,0
418,"LAO","Laos",18.7,18.7,18.7,18.7,18.7,18.7,18.7,18.7,18.7,18.7,18.7,18.7,18.7,18.7,18.7,18.7,18.7,18.7,18.7,18.7,18.7,18.7,18.7,18.7,18.7,18.7
428,"LVA","Latvia",61.4326392065344,61.4326392065344,61.4326392065344,61.4326392065344,61.4326392065344,61.4326392065344,61.4326392065344,61.4326392065344,61.4326392065344,61.4326392065344,61.4326392065344,61.4326392065344,61.4326392065344,61.4326392065344,61.4326392065344,61.4326392065344,61.4326392065344,61.4326392065344,61.4326392065344,61.4326392065344,61.4326392065344,61.4326392065344,61.4326392065344,61.4326392065344,61.4326392065344,61.4326392065344
422,"LBN","Lebanon",61.4,61.4,61.4,61.4,61.4,61.4,61.4,61.4,61.4,61.4,61.4,61.4,61.4,61.4,61.4,61.4,61.4,61.4,61.4,61.4,61.4,61.4,61.4,61.4,61.4,61.4
426,"LSO","Lesotho",0,0,0,0,0,0,0,0,0,0,0,0,0,0,0,0,0,0,0,0,0,0,0,0,0,0
430,"LBR","Liberia",0,0,0,0,0,0,0,0,0,0,0,0,0,0,0,0,0,0,0,0,0,0,0,0,0,0
434,"LBY","Libya",0,0,0,0,0,0,0,0,0,0,0,0,0,0,0,0,0,0,0,0,0,0,0,0,0,0
438,"LIE","Liechtenstein",62.6555399913532,62.6555399913532,62.6555399913532,62.6555399913532,62.6555399913532,62.6555399913532,62.6555399913532,62.6555399913532,62.6555399913532,62.6555399913532,62.6555399913532,62.6555399913532,62.6555399913532,62.6555399913532,62.6555399913532,62.6555399913532,62.6555399913532,62.6555399913532,62.6555399913532,62.6555399913532,62.6555399913532,62.6555399913532,62.6555399913532,62.6555399913532,62.6555399913532,62.6555399913532
440,"LTU","Lithuania",87.81,87.81,87.81,87.81,87.81,87.81,87.81,87.81,87.81,87.81,87.81,87.81,87.81,87.81,87.81,87.81,87.81,87.81,87.81,87.81,87.81,87.81,87.81,87.81,87.81,87.81
442,"LUX","Luxembourg",96.18,96.18,96.18,96.18,96.18,96.18,96.18,96.18,96.18,96.18,96.18,96.18,96.18,96.18,96.18,96.18,96.18,96.18,96.18,96.18,96.18,96.18,96.18,96.18,96.18,96.18
446,"MAC","Macao",20,20,20,20,20,20,20,20,20,20,20,20,20,20,20,20,20,20,20,20,20,20,20,20,20,20
450,"MDG","Madagascar",0.630000000053068,0.630000000053068,0.630000000053068,0.630000000053068,0.630000000053068,0.630000000053068,0.630000000053068,0.630000000053068,0.630000000053068,0.630000000053068,0.630000000053068,0.630000000053068,0.630000000053068,0.630000000053068,0.630000000053068,0.630000000053068,0.630000000053068,0.630000000053068,0.630000000053068,0.630000000053068,0.630000000053068,0.630000000053068,0.630000000053068,0.630000000053068,0.630000000053068,0.630000000053068
454,"MWI","Malawi",0,0,0,0,0,0,0,0,0,0,0,0,0,0,0,0,0,0,0,0,0,0,0,0,0,0
458,"MYS","Malaysia",81.4149999965338,81.4149999965338,81.4149999965338,81.4149999965338,81.4149999965338,81.4149999965338,81.4149999965338,81.4149999965338,81.4149999965338,81.4149999965338,81.4149999965338,81.4149999965338,81.4149999965338,81.4149999965338,81.4149999965338,81.4149999965338,81.4149999965338,81.4149999965338,81.4149999965338,81.4149999965338,81.4149999965338,81.4149999965338,81.4149999965338,81.4149999965338,81.4149999965338,81.4149999965338
462,"MDV","Maldives",9.6199999981088,9.6199999981088,9.6199999981088,9.6199999981088,9.6199999981088,9.6199999981088,9.6199999981088,9.6199999981088,9.6199999981088,9.6199999981088,9.6199999981088,9.6199999981088,9.6199999981088,9.6199999981088,9.6199999981088,9.6199999981088,9.6199999981088,9.6199999981088,9.6199999981088,9.6199999981088,9.6199999981088,9.6199999981088,9.6199999981088,9.6199999981088,9.6199999981088,9.6199999981088
466,"MLI","Mali",0,0,0,0,0,0,0,0,0,0,0,0,0,0,0,0,0,0,0,0,0,0,0,0,0,0
470,"MLT","Malta",96.65,96.65,96.65,96.65,96.65,96.65,96.65,96.65,96.65,96.65,96.65,96.65,96.65,96.65,96.65,96.65,96.65,96.65,96.65,96.65,96.65,96.65,96.65,96.65,96.65,96.65
584,"MHL","Marshall Islands",22.08,22.08,22.08,22.08,22.08,22.08,22.08,22.08,22.08,22.08,22.08,22.08,22.08,22.08,22.08,22.08,22.08,22.08,22.08,22.08,22.08,22.08,22.08,22.08,22.08,22.08
478,"MRT","Mauritania",12.4872,12.4872,12.4872,12.4872,12.4872,12.4872,12.4872,12.4872,12.4872,12.4872,12.4872,12.4872,12.4872,12.4872,12.4872,12.4872,12.4872,12.4872,12.4872,12.4872,12.4872,12.4872,12.4872,12.4872,12.4872,12.4872
480,"MUS","Mauritius",98,98,98,98,98,98,98,98,98,98,98,98,98,98,98,98,98,98,98,98,98,98,98,98,98,98
484,"MEX","Mexico",74.253,74.253,74.253,74.253,74.253,74.253,74.253,74.253,74.253,74.253,74.253,74.253,74.253,74.253,74.253,74.253,74.253,74.253,74.253,74.253,74.253,74.253,74.253,74.253,74.253,74.253
583,"FSM","Micronesia",0,0,0,0,0,0,0,0,0,0,0,0,0,0,0,0,0,0,0,0,0,0,0,0,0,0
498,"MDA","Moldova",13.788,13.788,13.788,13.788,13.788,13.788,13.788,13.788,13.788,13.788,13.788,13.788,13.788,13.788,13.788,13.788,13.788,13.788,13.788,13.788,13.788,13.788,13.788,13.788,13.788,13.788
492,"MCO","Monaco",90.4,90.4,90.4,90.4,90.4,90.4,90.4,90.4,90.4,90.4,90.4,90.4,90.4,90.4,90.4,90.4,90.4,90.4,90.4,90.4,90.4,90.4,90.4,90.4,90.4,90.4
496,"MNG","Mongolia",0,0,0,0,0,0,0,0,0,0,0,0,0,0,0,0,0,0,0,0,0,0,0,0,0,0
499,"MNE","Montenegro",5.256858,5.256858,5.256858,5.256858,5.256858,5.256858,5.256858,5.256858,5.256858,5.256858,5.256858,5.256858,5.256858,5.256858,5.256858,5.256858,5.256858,5.256858,5.256858,5.256858,5.256858,5.256858,5.256858,5.256858,5.256858,5.256858
504,"MAR","Morocco",39.56,39.56,39.56,39.56,39.56,39.56,39.56,39.56,39.56,39.56,39.56,39.56,39.56,39.56,39.56,39.56,39.56,39.56,39.56,39.56,39.56,39.56,39.56,39.56,39.56,39.56
508,"MOZ","Mozambique",0.69,0.69,0.69,0.69,0.69,0.69,0.69,0.69,0.69,0.69,0.69,0.69,0.69,0.69,0.69,0.69,0.69,0.69,0.69,0.69,0.69,0.69,0.69,0.69,0.69,0.69
104,"MMR","Myanmar",0,0,0,0,0,0,0,0,0,0,0,0,0,0,0,0,0,0,0,0,0,0,0,0,0,0
516,"NAM","Namibia",4.185,4.185,4.185,4.185,4.185,4.185,4.185,4.185,4.185,4.185,4.185,4.185,4.185,4.185,4.185,4.185,4.185,4.185,4.185,4.185,4.185,4.185,4.185,4.185,4.185,4.185
520,"NRU","Nauru",0,0,0,0,0,0,0,0,0,0,0,0,0,0,0,0,0,0,0,0,0,0,0,0,0,0
524,"NPL","Nepal",30.5217999992753,30.5217999992753,30.5217999992753,30.5217999992753,30.5217999992753,30.5217999992753,30.5217999992753,30.5217999992753,30.5217999992753,30.5217999992753,30.5217999992753,30.5217999992753,30.5217999992753,30.5217999992753,30.5217999992753,30.5217999992753,30.5217999992753,30.5217999992753,30.5217999992753,30.5217999992753,30.5217999992753,30.5217999992753,30.5217999992753,30.5217999992753,30.5217999992753,30.5217999992753
528,"NLD","Netherlands",100,100,100,100,100,100,100,100,100,100,100,100,100,100,100,100,100,100,100,100,100,100,100,100,100,100
540,"NCL","New Caledonia",0,0,0,0,0,0,0,0,0,0,0,0,0,0,0,0,0,0,0,0,0,0,0,0,0,0
554,"NZL","New Zealand",68,68,68,68,68,68,68,68,68,68,68,68,68,68,68,68,68,68,68,68,68,68,68,68,68,68
558,"NIC","Nicaragua",11.4464000051051,11.4464000051051,11.4464000051051,11.4464000051051,11.4464000051051,11.4464000051051,11.4464000051051,11.4464000051051,11.4464000051051,11.4464000051051,11.4464000051051,11.4464000051051,11.4464000051051,11.4464000051051,11.4464000051051,11.4464000051051,11.4464000051051,11.4464000051051,11.4464000051051,11.4464000051051,11.4464000051051,11.4464000051051,11.4464000051051,11.4464000051051,11.4464000051051,11.4464000051051
562,"NER","Niger",1,1,1,1,1,1,1,1,1,1,1,1,1,1,1,1,1,1,1,1,1,1,1,1,1,1
566,"NGA","Nigeria",7.68000000081116,7.68000000081116,7.68000000081116,7.68000000081116,7.68000000081116,7.68000000081116,7.68000000081116,7.68000000081116,7.68000000081116,7.68000000081116,7.68000000081116,7.68000000081116,7.68000000081116,7.68000000081116,7.68000000081116,7.68000000081116,7.68000000081116,7.68000000081116,7.68000000081116,7.68000000081116,7.68000000081116,7.68000000081116,7.68000000081116,7.68000000081116,7.68000000081116,7.68000000081116
570,"NIU","Niue",NA,NA,NA,NA,NA,NA,NA,NA,NA,NA,NA,NA,NA,NA,NA,NA,NA,NA,NA,NA,NA,NA,NA,NA,NA,NA
408,"PRK","North Korea",NA,NA,NA,NA,NA,NA,NA,NA,NA,NA,NA,NA,NA,NA,NA,NA,NA,NA,NA,NA,NA,NA,NA,NA,NA,NA
807,"MKD","North Macedonia",72.0504,72.0504,72.0504,72.0504,72.0504,72.0504,72.0504,72.0504,72.0504,72.0504,72.0504,72.0504,72.0504,72.0504,72.0504,72.0504,72.0504,72.0504,72.0504,72.0504,72.0504,72.0504,72.0504,72.0504,72.0504,72.0504
578,"NOR","Norway",97.5942,97.5942,97.5942,97.5942,97.5942,97.5942,97.5942,97.5942,97.5942,97.5942,97.5942,97.5942,97.5942,97.5942,97.5942,97.5942,97.5942,97.5942,97.5942,97.5942,97.5942,97.5942,97.5942,97.5942,97.5942,97.5942
512,"OMN","Oman",0.00592,0.00592,0.00592,0.00592,0.00592,0.00592,0.00592,0.00592,0.00592,0.00592,0.00592,0.00592,0.00592,0.00592,0.00592,0.00592,0.00592,0.00592,0.00592,0.00592,0.00592,0.00592,0.00592,0.00592,0.00592,0.00592
586,"PAK","Pakistan",31.08,31.08,31.08,31.08,31.08,31.08,31.08,31.08,31.08,31.08,31.08,31.08,31.08,31.08,31.08,31.08,31.08,31.08,31.08,31.08,31.08,31.08,31.08,31.08,31.08,31.08
585,"PLW","Palau",0,0,0,0,0,0,0,0,0,0,0,0,0,0,0,0,0,0,0,0,0,0,0,0,0,0
591,"PAN","Panama",41.9650000064696,41.9650000064696,41.9650000064696,41.9650000064696,41.9650000064696,41.9650000064696,41.9650000064696,41.9650000064696,41.9650000064696,41.9650000064696,41.9650000064696,41.9650000064696,41.9650000064696,41.9650000064696,41.9650000064696,41.9650000064696,41.9650000064696,41.9650000064696,41.9650000064696,41.9650000064696,41.9650000064696,41.9650000064696,41.9650000064696,41.9650000064696,41.9650000064696,41.9650000064696
598,"PNG","Papua New Guinea",43.86,43.86,43.86,43.86,43.86,43.86,43.86,43.86,43.86,43.86,43.86,43.86,43.86,43.86,43.86,43.86,43.86,43.86,43.86,43.86,43.86,43.86,43.86,43.86,43.86,43.86
600,"PRY","Paraguay",34.9655999977762,34.9655999977762,34.9655999977762,34.9655999977762,34.9655999977762,34.9655999977762,34.9655999977762,34.9655999977762,34.9655999977762,34.9655999977762,34.9655999977762,34.9655999977762,34.9655999977762,34.9655999977762,34.9655999977762,34.9655999977762,34.9655999977762,34.9655999977762,34.9655999977762,34.9655999977762,34.9655999977762,34.9655999977762,34.9655999977762,34.9655999977762,34.9655999977762,34.9655999977762
604,"PER","Peru",29.9655600047049,29.9655600047049,29.9655600047049,29.9655600047049,29.9655600047049,29.9655600047049,29.9655600047049,29.9655600047049,29.9655600047049,29.9655600047049,29.9655600047049,29.9655600047049,29.9655600047049,29.9655600047049,29.9655600047049,29.9655600047049,29.9655600047049,29.9655600047049,29.9655600047049,29.9655600047049,29.9655600047049,29.9655600047049,29.9655600047049,29.9655600047049,29.9655600047049,29.9655600047049
608,"PHL","Philippines",17.3599999969929,17.3599999969929,17.3599999969929,17.3599999969929,17.3599999969929,17.3599999969929,17.3599999969929,17.3599999969929,17.3599999969929,17.3599999969929,17.3599999969929,17.3599999969929,17.3599999969929,17.3599999969929,17.3599999969929,17.3599999969929,17.3599999969929,17.3599999969929,17.3599999969929,17.3599999969929,17.3599999969929,17.3599999969929,17.3599999969929,17.3599999969929,17.3599999969929,17.3599999969929
616,"POL","Poland",91.148,91.148,91.148,91.148,91.148,91.148,91.148,91.148,91.148,91.148,91.148,91.148,91.148,91.148,91.148,91.148,91.148,91.148,91.148,91.148,91.148,91.148,91.148,91.148,91.148,91.148
620,"PRT","Portugal",90.206,90.206,90.206,90.206,90.206,90.206,90.206,90.206,90.206,90.206,90.206,90.206,90.206,90.206,90.206,90.206,90.206,90.206,90.206,90.206,90.206,90.206,90.206,90.206,90.206,90.206
634,"QAT","Qatar",60.2359999992248,60.2359999992248,60.2359999992248,60.2359999992248,60.2359999992248,60.2359999992248,60.2359999992248,60.2359999992248,60.2359999992248,60.2359999992248,60.2359999992248,60.2359999992248,60.2359999992248,60.2359999992248,60.2359999992248,60.2359999992248,60.2359999992248,60.2359999992248,60.2359999992248,60.2359999992248,60.2359999992248,60.2359999992248,60.2359999992248,60.2359999992248,60.2359999992248,60.2359999992248
178,"COG","Republic of Congo",0,0,0,0,0,0,0,0,0,0,0,0,0,0,0,0,0,0,0,0,0,0,0,0,0,0
642,"ROU","Romania",65.7612,65.7612,65.7612,65.7612,65.7612,65.7612,65.7612,65.7612,65.7612,65.7612,65.7612,65.7612,65.7612,65.7612,65.7612,65.7612,65.7612,65.7612,65.7612,65.7612,65.7612,65.7612,65.7612,65.7612,65.7612,65.7612
643,"RUS","Russia",3.195,3.195,3.195,3.195,3.195,3.195,3.195,3.195,3.195,3.195,3.195,3.195,3.195,3.195,3.195,3.195,3.195,3.195,3.195,3.195,3.195,3.195,3.195,3.195,3.195,3.195
646,"RWA","Rwanda",0,0,0,0,0,0,0,0,0,0,0,0,0,0,0,0,0,0,0,0,0,0,0,0,0,0
652,"BLM","Saint Barthelemy",NA,NA,NA,NA,NA,NA,NA,NA,NA,NA,NA,NA,NA,NA,NA,NA,NA,NA,NA,NA,NA,NA,NA,NA,NA,NA
659,"KNA","Saint Kitts and Nevis",78.4,78.4,78.4,78.4,78.4,78.4,78.4,78.4,78.4,78.4,78.4,78.4,78.4,78.4,78.4,78.4,78.4,78.4,78.4,78.4,78.4,78.4,78.4,78.4,78.4,78.4
662,"LCA","Saint Lucia",77.5399999958772,77.5399999958772,77.5399999958772,77.5399999958772,77.5399999958772,77.5399999958772,77.5399999958772,77.5399999958772,77.5399999958772,77.5399999958772,77.5399999958772,77.5399999958772,77.5399999958772,77.5399999958772,77.5399999958772,77.5399999958772,77.5399999958772,77.5399999958772,77.5399999958772,77.5399999958772,77.5399999958772,77.5399999958772,77.5399999958772,77.5399999958772,77.5399999958772,77.5399999958772
670,"VCT","Saint Vincent and the Grenadines",72.8163799937672,72.8163799937672,72.8163799937672,72.8163799937672,72.8163799937672,72.8163799937672,72.8163799937672,72.8163799937672,72.8163799937672,72.8163799937672,72.8163799937672,72.8163799937672,72.8163799937672,72.8163799937672,72.8163799937672,72.8163799937672,72.8163799937672,72.8163799937672,72.8163799937672,72.8163799937672,72.8163799937672,72.8163799937672,72.8163799937672,72.8163799937672,72.8163799937672,72.8163799937672
882,"WSM","Samoa",51.68,51.68,51.68,51.68,51.68,51.68,51.68,51.68,51.68,51.68,51.68,51.68,51.68,51.68,51.68,51.68,51.68,51.68,51.68,51.68,51.68,51.68,51.68,51.68,51.68,51.68
674,"SMR","San Marino",31.084500002329,31.084500002329,31.084500002329,31.084500002329,31.084500002329,31.084500002329,31.084500002329,31.084500002329,31.084500002329,31.084500002329,31.084500002329,31.084500002329,31.084500002329,31.084500002329,31.084500002329,31.084500002329,31.084500002329,31.084500002329,31.084500002329,31.084500002329,31.084500002329,31.084500002329,31.084500002329,31.084500002329,31.084500002329,31.084500002329
678,"STP","Sao Tome and Principe",0,0,0,0,0,0,0,0,0,0,0,0,0,0,0,0,0,0,0,0,0,0,0,0,0,0
682,"SAU","Saudi Arabia",61.4200000295429,61.4200000295429,61.4200000295429,61.4200000295429,61.4200000295429,61.4200000295429,61.4200000295429,61.4200000295429,61.4200000295429,61.4200000295429,61.4200000295429,61.4200000295429,61.4200000295429,61.4200000295429,61.4200000295429,61.4200000295429,61.4200000295429,61.4200000295429,61.4200000295429,61.4200000295429,61.4200000295429,61.4200000295429,61.4200000295429,61.4200000295429,61.4200000295429,61.4200000295429
686,"SEN","Senegal",0.856800000081498,0.856800000081498,0.856800000081498,0.856800000081498,0.856800000081498,0.856800000081498,0.856800000081498,0.856800000081498,0.856800000081498,0.856800000081498,0.856800000081498,0.856800000081498,0.856800000081498,0.856800000081498,0.856800000081498,0.856800000081498,0.856800000081498,0.856800000081498,0.856800000081498,0.856800000081498,0.856800000081498,0.856800000081498,0.856800000081498,0.856800000081498,0.856800000081498,0.856800000081498
688,"SRB","Serbia",44.7183696086957,44.7183696086957,44.7183696086957,44.7183696086957,44.7183696086957,44.7183696086957,44.7183696086957,44.7183696086957,44.7183696086957,44.7183696086957,44.7183696086957,44.7183696086957,44.7183696086957,44.7183696086957,44.7183696086957,44.7183696086957,44.7183696086957,44.7183696086957,44.7183696086957,44.7183696086957,44.7183696086957,44.7183696086957,44.7183696086957,44.7183696086957,44.7183696086957,44.7183696086957
690,"SYC","Seychelles",0,0,0,0,0,0,0,0,0,0,0,0,0,0,0,0,0,0,0,0,0,0,0,0,0,0
694,"SLE","Sierra Leone",0,0,0,0,0,0,0,0,0,0,0,0,0,0,0,0,0,0,0,0,0,0,0,0,0,0
702,"SGP","Singapore",99.6,99.6,99.6,99.6,99.6,99.6,99.6,99.6,99.6,99.6,99.6,99.6,99.6,99.6,99.6,99.6,99.6,99.6,99.6,99.6,99.6,99.6,99.6,99.6,99.6,99.6
534,"SXM","Sint Maarten",46.8316858995347,46.8316858995347,46.8316858995347,46.8316858995347,46.8316858995347,46.8316858995347,46.8316858995347,46.8316858995347,46.8316858995347,46.8316858995347,46.8316858995347,46.8316858995347,46.8316858995347,46.8316858995347,46.8316858995347,46.8316858995347,46.8316858995347,46.8316858995347,46.8316858995347,46.8316858995347,46.8316858995347,46.8316858995347,46.8316858995347,46.8316858995347,46.8316858995347,46.8316858995347
703,"SVK","Slovakia",80.596,80.596,80.596,80.596,80.596,80.596,80.596,80.596,80.596,80.596,80.596,80.596,80.596,80.596,80.596,80.596,80.596,80.596,80.596,80.596,80.596,80.596,80.596,80.596,80.596,80.596
705,"SVN","Slovenia",83.8122575982721,83.8122575982721,83.8122575982721,83.8122575982721,83.8122575982721,83.8122575982721,83.8122575982721,83.8122575982721,83.8122575982721,83.8122575982721,83.8122575982721,83.8122575982721,83.8122575982721,83.8122575982721,83.8122575982721,83.8122575982721,83.8122575982721,83.8122575982721,83.8122575982721,83.8122575982721,83.8122575982721,83.8122575982721,83.8122575982721,83.8122575982721,83.8122575982721,83.8122575982721
90,"SLB","Solomon Islands",0,0,0,0,0,0,0,0,0,0,0,0,0,0,0,0,0,0,0,0,0,0,0,0,0,0
706,"SOM","Somalia",0,0,0,0,0,0,0,0,0,0,0,0,0,0,0,0,0,0,0,0,0,0,0,0,0,0
710,"ZAF","South Africa",77.0400000173374,77.0400000173374,77.0400000173374,77.0400000173374,77.0400000173374,77.0400000173374,77.0400000173374,77.0400000173374,77.0400000173374,77.0400000173374,77.0400000173374,77.0400000173374,77.0400000173374,77.0400000173374,77.0400000173374,77.0400000173374,77.0400000173374,77.0400000173374,77.0400000173374,77.0400000173374,77.0400000173374,77.0400000173374,77.0400000173374,77.0400000173374,77.0400000173374,77.0400000173374
410,"KOR","South Korea",96.7031999742027,96.7031999742027,96.7031999742027,96.7031999742027,96.7031999742027,96.7031999742027,96.7031999742027,96.7031999742027,96.7031999742027,96.7031999742027,96.7031999742027,96.7031999742027,96.7031999742027,96.7031999742027,96.7031999742027,96.7031999742027,96.7031999742027,96.7031999742027,96.7031999742027,96.7031999742027,96.7031999742027,96.7031999742027,96.7031999742027,96.7031999742027,96.7031999742027,96.7031999742027
728,"SSD","South Sudan",0,0,0,0,0,0,0,0,0,0,0,0,0,0,0,0,0,0,0,0,0,0,0,0,0,0
724,"ESP","Spain",88.982,88.982,88.982,88.982,88.982,88.982,88.982,88.982,88.982,88.982,88.982,88.982,88.982,88.982,88.982,88.982,88.982,88.982,88.982,88.982,88.982,88.982,88.982,88.982,88.982,88.982
144,"LKA","Sri Lanka",4.4475,4.4475,4.4475,4.4475,4.4475,4.4475,4.4475,4.4475,4.4475,4.4475,4.4475,4.4475,4.4475,4.4475,4.4475,4.4475,4.4475,4.4475,4.4475,4.4475,4.4475,4.4475,4.4475,4.4475,4.4475,4.4475
275,"PSE","State of Palestine",23.29,23.29,23.29,23.29,23.29,23.29,23.29,23.29,23.29,23.29,23.29,23.29,23.29,23.29,23.29,23.29,23.29,23.29,23.29,23.29,23.29,23.29,23.29,23.29,23.29,23.29
729,"SDN","Sudan",53.7919999886977,53.7919999886977,53.7919999886977,53.7919999886977,53.7919999886977,53.7919999886977,53.7919999886977,53.7919999886977,53.7919999886977,53.7919999886977,53.7919999886977,53.7919999886977,53.7919999886977,53.7919999886977,53.7919999886977,53.7919999886977,53.7919999886977,53.7919999886977,53.7919999886977,53.7919999886977,53.7919999886977,53.7919999886977,53.7919999886977,53.7919999886977,53.7919999886977,53.7919999886977
740,"SUR","Suriname",0,0,0,0,0,0,0,0,0,0,0,0,0,0,0,0,0,0,0,0,0,0,0,0,0,0
752,"SWE","Sweden",99.84,99.84,99.84,99.84,99.84,99.84,99.84,99.84,99.84,99.84,99.84,99.84,99.84,99.84,99.84,99.84,99.84,99.84,99.84,99.84,99.84,99.84,99.84,99.84,99.84,99.84
756,"CHE","Switzerland",99,99,99,99,99,99,99,99,99,99,99,99,99,99,99,99,99,99,99,99,99,99,99,99,99,99
760,"SYR","Syria",16,16,16,16,16,16,16,16,16,16,16,16,16,16,16,16,16,16,16,16,16,16,16,16,16,16
158,"TWN","Taiwan",0,0,0,0,0,0,0,0,0,0,0,0,0,0,0,0,0,0,0,0,0,0,0,0,0,0
762,"TJK","Tajikistan",0,0,0,0,0,0,0,0,0,0,0,0,0,0,0,0,0,0,0,0,0,0,0,0,0,0
834,"TZA","Tanzania",0,0,0,0,0,0,0,0,0,0,0,0,0,0,0,0,0,0,0,0,0,0,0,0,0,0
764,"THA","Thailand",32.8800000007448,32.8800000007448,32.8800000007448,32.8800000007448,32.8800000007448,32.8800000007448,32.8800000007448,32.8800000007448,32.8800000007448,32.8800000007448,32.8800000007448,32.8800000007448,32.8800000007448,32.8800000007448,32.8800000007448,32.8800000007448,32.8800000007448,32.8800000007448,32.8800000007448,32.8800000007448,32.8800000007448,32.8800000007448,32.8800000007448,32.8800000007448,32.8800000007448,32.8800000007448
626,"TLS","Timor-Leste",0,0,0,0,0,0,0,0,0,0,0,0,0,0,0,0,0,0,0,0,0,0,0,0,0,0
768,"TGO","Togo",1.026,1.026,1.026,1.026,1.026,1.026,1.026,1.026,1.026,1.026,1.026,1.026,1.026,1.026,1.026,1.026,1.026,1.026,1.026,1.026,1.026,1.026,1.026,1.026,1.026,1.026
776,"TON","Tonga",27.2,27.2,27.2,27.2,27.2,27.2,27.2,27.2,27.2,27.2,27.2,27.2,27.2,27.2,27.2,27.2,27.2,27.2,27.2,27.2,27.2,27.2,27.2,27.2,27.2,27.2
780,"TTO","Trinidad and Tobago",10.4,10.4,10.4,10.4,10.4,10.4,10.4,10.4,10.4,10.4,10.4,10.4,10.4,10.4,10.4,10.4,10.4,10.4,10.4,10.4,10.4,10.4,10.4,10.4,10.4,10.4
788,"TUN","Tunisia",39.65,39.65,39.65,39.65,39.65,39.65,39.65,39.65,39.65,39.65,39.65,39.65,39.65,39.65,39.65,39.65,39.65,39.65,39.65,39.65,39.65,39.65,39.65,39.65,39.65,39.65
792,"TUR","Turkey",48.4659999872135,48.4659999872135,48.4659999872135,48.4659999872135,48.4659999872135,48.4659999872135,48.4659999872135,48.4659999872135,48.4659999872135,48.4659999872135,48.4659999872135,48.4659999872135,48.4659999872135,48.4659999872135,48.4659999872135,48.4659999872135,48.4659999872135,48.4659999872135,48.4659999872135,48.4659999872135,48.4659999872135,48.4659999872135,48.4659999872135,48.4659999872135,48.4659999872135,48.4659999872135
795,"TKM","Turkmenistan",59.2,59.2,59.2,59.2,59.2,59.2,59.2,59.2,59.2,59.2,59.2,59.2,59.2,59.2,59.2,59.2,59.2,59.2,59.2,59.2,59.2,59.2,59.2,59.2,59.2,59.2
796,"TCA","Turks and Caicos Islands",44.4707236638274,44.4707236638274,44.4707236638274,44.4707236638274,44.4707236638274,44.4707236638274,44.4707236638274,44.4707236638274,44.4707236638274,44.4707236638274,44.4707236638274,44.4707236638274,44.4707236638274,44.4707236638274,44.4707236638274,44.4707236638274,44.4707236638274,44.4707236638274,44.4707236638274,44.4707236638274,44.4707236638274,44.4707236638274,44.4707236638274,44.4707236638274,44.4707236638274,44.4707236638274
798,"TUV","Tuvalu",12.7500000012533,12.7500000012533,12.7500000012533,12.7500000012533,12.7500000012533,12.7500000012533,12.7500000012533,12.7500000012533,12.7500000012533,12.7500000012533,12.7500000012533,12.7500000012533,12.7500000012533,12.7500000012533,12.7500000012533,12.7500000012533,12.7500000012533,12.7500000012533,12.7500000012533,12.7500000012533,12.7500000012533,12.7500000012533,12.7500000012533,12.7500000012533,12.7500000012533,12.7500000012533
800,"UGA","Uganda",4.87499999992903,4.87499999992903,4.87499999992903,4.87499999992903,4.87499999992903,4.87499999992903,4.87499999992903,4.87499999992903,4.87499999992903,4.87499999992903,4.87499999992903,4.87499999992903,4.87499999992903,4.87499999992903,4.87499999992903,4.87499999992903,4.87499999992903,4.87499999992903,4.87499999992903,4.87499999992903,4.87499999992903,4.87499999992903,4.87499999992903,4.87499999992903,4.87499999992903,4.87499999992903
804,"UKR","Ukraine",73.0674000226348,73.0674000226348,73.0674000226348,73.0674000226348,73.0674000226348,73.0674000226348,73.0674000226348,73.0674000226348,73.0674000226348,73.0674000226348,73.0674000226348,73.0674000226348,73.0674000226348,73.0674000226348,73.0674000226348,73.0674000226348,73.0674000226348,73.0674000226348,73.0674000226348,73.0674000226348,73.0674000226348,73.0674000226348,73.0674000226348,73.0674000226348,73.0674000226348,73.0674000226348
784,"ARE","United Arab Emirates",26.7880000012,26.7880000012,26.7880000012,26.7880000012,26.7880000012,26.7880000012,26.7880000012,26.7880000012,26.7880000012,26.7880000012,26.7880000012,26.7880000012,26.7880000012,26.7880000012,26.7880000012,26.7880000012,26.7880000012,26.7880000012,26.7880000012,26.7880000012,26.7880000012,26.7880000012,26.7880000012,26.7880000012,26.7880000012,26.7880000012
826,"GBR","United Kingdom",92.9144,92.9144,92.9144,92.9144,92.9144,92.9144,92.9144,92.9144,92.9144,92.9144,92.9144,92.9144,92.9144,92.9144,92.9144,92.9144,92.9144,92.9144,92.9144,92.9144,92.9144,92.9144,92.9144,92.9144,92.9144,92.9144
840,"USA","United States of America",48.3192,48.3192,48.3192,48.3192,48.3192,48.3192,48.3192,48.3192,48.3192,48.3192,48.3192,48.3192,48.3192,48.3192,48.3192,48.3192,48.3192,48.3192,48.3192,48.3192,48.3192,48.3192,48.3192,48.3192,48.3192,48.3192
858,"URY","Uruguay",48.8591999848169,48.8591999848169,48.8591999848169,48.8591999848169,48.8591999848169,48.8591999848169,48.8591999848169,48.8591999848169,48.8591999848169,48.8591999848169,48.8591999848169,48.8591999848169,48.8591999848169,48.8591999848169,48.8591999848169,48.8591999848169,48.8591999848169,48.8591999848169,48.8591999848169,48.8591999848169,48.8591999848169,48.8591999848169,48.8591999848169,48.8591999848169,48.8591999848169,48.8591999848169
860,"UZB","Uzbekistan",0,0,0,0,0,0,0,0,0,0,0,0,0,0,0,0,0,0,0,0,0,0,0,0,0,0
548,"VUT","Vanuatu",31.449999999288,31.449999999288,31.449999999288,31.449999999288,31.449999999288,31.449999999288,31.449999999288,31.449999999288,31.449999999288,31.449999999288,31.449999999288,31.449999999288,31.449999999288,31.449999999288,31.449999999288,31.449999999288,31.449999999288,31.449999999288,31.449999999288,31.449999999288,31.449999999288,31.449999999288,31.449999999288,31.449999999288,31.449999999288,31.449999999288
862,"VEN","Venezuela",0,0,0,0,0,0,0,0,0,0,0,0,0,0,0,0,0,0,0,0,0,0,0,0,0,0
704,"VNM","Viet Nam",22.8,22.8,22.8,22.8,22.8,22.8,22.8,22.8,22.8,22.8,22.8,22.8,22.8,22.8,22.8,22.8,22.8,22.8,22.8,22.8,22.8,22.8,22.8,22.8,22.8,22.8
876,"WLF","Wallis and Futuna Islands",NA,NA,NA,NA,NA,NA,NA,NA,NA,NA,NA,NA,NA,NA,NA,NA,NA,NA,NA,NA,NA,NA,NA,NA,NA,NA
732,"ESH","Western Sahara",NA,NA,NA,NA,NA,NA,NA,NA,NA,NA,NA,NA,NA,NA,NA,NA,NA,NA,NA,NA,NA,NA,NA,NA,NA,NA
887,"YEM","Yemen",13.024,13.024,13.024,13.024,13.024,13.024,13.024,13.024,13.024,13.024,13.024,13.024,13.024,13.024,13.024,13.024,13.024,13.024,13.024,13.024,13.024,13.024,13.024,13.024,13.024,13.024
894,"ZMB","Zambia",0,0,0,0,0,0,0,0,0,0,0,0,0,0,0,0,0,0,0,0,0,0,0,0,0,0
716,"ZWE","Zimbabwe",11.04,11.04,11.04,11.04,11.04,11.04,11.04,11.04,11.04,11.04,11.04,11.04,11.04,11.04,11.04,11.04,11.04,11.04,11.04,11.04,11.04,11.04,11.04,11.04,11.04,11.04
