"code","iso","country","OZD.ind.1995","OZD.ind.1996","OZD.ind.1997","OZD.ind.1998","OZD.ind.1999","OZD.ind.2000","OZD.ind.2001","OZD.ind.2002","OZD.ind.2003","OZD.ind.2004","OZD.ind.2005","OZD.ind.2006","OZD.ind.2007","OZD.ind.2008","OZD.ind.2009","OZD.ind.2010","OZD.ind.2011","OZD.ind.2012","OZD.ind.2013","OZD.ind.2014","OZD.ind.2015","OZD.ind.2016","OZD.ind.2017","OZD.ind.2018","OZD.ind.2019","OZD.ind.2020"
4,"AFG","Afghanistan",10.3118628114668,10.3118628114668,10.3118628114668,10.3118628114668,10.3118628114668,10.3118628114668,10.7924588698081,11.2730549281492,11.7536509864904,12.2342470448315,12.7148431031728,13.1954391615141,13.6760352198552,14.1566312781964,14.6372273365375,15.1178233948788,15.3724499351436,15.6270764754084,15.8817030156732,16.136329555938,16.3909560962028,16.5096649963206,16.6283738964386,16.7470827965564,16.8657916966742,16.8657916966742
8,"ALB","Albania",39.3082625721227,39.3082625721227,39.3082625721227,39.3082625721227,39.3082625721227,39.3082625721227,40.1775196162234,41.0467766603242,41.9160337044249,42.7852907485257,43.6545477926264,44.523804836727,45.3930618808279,46.2623189249285,47.1315759690294,48.00083301313,48.9311065049888,49.8613799968477,50.7916534887064,51.7219269805653,52.652200472424,54.5258503003713,56.3995001283185,58.2731499562659,60.1467997842131,60.1467997842131
12,"DZA","Algeria",28.8357134833485,28.8357134833485,28.8357134833485,28.8357134833485,28.8357134833485,28.8357134833485,29.277398956277,29.7190844292055,30.1607699021341,30.6024553750625,31.044140847991,31.4858263209195,31.9275117938479,32.3691972667766,32.810882739705,33.2525682126335,33.2228095453814,33.1930508781292,33.1632922108772,33.1335335436249,33.1037748763729,33.1391562526034,33.1745376288339,33.2099190050643,33.2453003812948,33.2453003812948
20,"AND","Andorra",33.734523990546,33.734523990546,33.734523990546,33.734523990546,33.734523990546,33.734523990546,33.8038908126468,33.8732576347477,33.9426244568486,34.0119912789494,34.0813581010503,34.150724923151,34.2200917452519,34.2894585673528,34.3588253894536,34.4281922115545,34.7163383694932,35.0044845274319,35.2926306853704,35.5807768433091,35.8689230012479,36.352289731752,36.835656462256,37.3190231927602,37.8023899232643,37.8023899232643
24,"AGO","Angola",27.2106526568456,27.2106526568456,27.2106526568456,27.2106526568456,27.2106526568456,27.2106526568456,27.1710040609651,27.1313554650848,27.0917068692043,27.0520582733238,27.0124096774433,26.972761081563,26.9331124856826,26.8934638898021,26.8538152939218,26.8141666980413,27.9941421420185,29.1741175859954,30.3540930299726,31.5340684739495,32.7140439179266,33.1405494546382,33.5670549913499,33.9935605280615,34.4200660647731,34.4200660647731
660,"AIA","Anguilla",NA,NA,NA,NA,NA,NA,NA,NA,NA,NA,NA,NA,NA,NA,NA,NA,NA,NA,NA,NA,NA,NA,NA,NA,NA,NA
28,"ATG","Antigua and Barbuda",94.845569128136,94.845569128136,94.845569128136,94.845569128136,94.845569128136,94.845569128136,96.888391123819,98.9312131195019,100,100,100,100,100,100,100,100,100,100,100,100,100,100,100,100,100,100
32,"ARG","Argentina",53.8624636194275,53.8624636194275,53.8624636194275,53.8624636194275,53.8624636194275,53.8624636194275,53.7181136010332,53.5737635826392,53.4294135642449,53.2850635458509,53.1407135274566,52.9963635090624,52.8520134906683,52.7076634722741,52.56331345388,52.4189634354858,52.637875525676,52.8567876158663,53.0756997060565,53.2946117962468,53.513523886437,52.3180095476196,51.1224952088023,49.9269808699851,48.7314665311677,48.7314665311677
51,"ARM","Armenia",26.3023277010738,26.3023277010738,26.3023277010738,26.3023277010738,26.3023277010738,26.3023277010738,26.51452371018,26.7267197192864,26.9389157283926,27.1511117374988,27.3633077466049,27.5755037557113,27.7876997648175,27.9998957739237,28.2120917830301,28.4242877921363,28.1644028404414,27.9045178887465,27.6446329370514,27.3847479853565,27.1248630336616,26.8659888559047,26.6071146781476,26.3482405003906,26.0893663226337,26.0893663226337
533,"ABW","Aruba",NA,NA,NA,NA,NA,NA,NA,NA,NA,NA,NA,NA,NA,NA,NA,NA,NA,NA,NA,NA,NA,NA,NA,NA,NA,NA
36,"AUS","Australia",77.2615416871503,77.2615416871503,77.2615416871503,77.2615416871503,77.2615416871503,77.2615416871503,78.1706473473275,79.0797530075046,79.9888586676818,80.897964327859,81.8070699880362,82.7161756482134,83.6252813083906,84.5343869685678,85.4434926287449,86.3525982889221,84.7876242904082,83.2226502918943,81.6576762933803,80.0927022948664,78.5277282963525,77.3550146154265,76.1823009345006,75.0095872535745,73.8368735726485,73.8368735726485
40,"AUT","Austria",41.483522205448,41.483522205448,41.483522205448,41.483522205448,41.483522205448,41.483522205448,41.6442343927968,41.8049465801455,41.9656587674943,42.126370954843,42.2870831421919,42.4477953295407,42.6085075168894,42.7692197042382,42.9299318915869,43.0906440789357,42.775403884638,42.4601636903404,42.1449234960425,41.8296833017448,41.5144431074471,41.684584432613,41.8547257577788,42.0248670829445,42.1950084081103,42.1950084081103
31,"AZE","Azerbaijan",33.1340935836231,33.1340935836231,33.1340935836231,33.1340935836231,33.1340935836231,33.1340935836231,33.7501160633712,34.3661385431196,34.9821610228678,35.598183502616,36.2142059823643,36.8302284621125,37.4462509418607,38.0622734216089,38.6782959013572,39.2943183811054,38.351132325839,37.4079462705725,36.4647602153063,35.5215741600399,34.5783881047734,34.2188012950765,33.8592144853798,33.4996276756828,33.1400408659859,33.1400408659859
44,"BHS","Bahamas",55.7867487638733,55.7867487638733,55.7867487638733,55.7867487638733,55.7867487638733,55.7867487638733,55.9544493072516,56.1221498506299,56.2898503940082,56.4575509373865,56.6252514807646,56.7929520241429,56.9606525675211,57.1283531108994,57.2960536542777,57.463754197656,58.8009216110172,60.1380890243783,61.4752564377395,62.8124238511005,64.1495912644617,64.7548250043406,65.3600587442195,65.9652924840986,66.5705262239775,66.5705262239775
48,"BHR","Bahrain",13.6656055583107,13.6656055583107,13.6656055583107,13.6656055583107,13.6656055583107,13.6656055583107,14.3049396127009,14.944273667091,15.5836077214812,16.2229417758714,16.8622758302615,17.5016098846517,18.140943939042,18.7802779934322,19.4196120478223,20.0589461022125,20.9173345866857,21.7757230711588,22.634111555632,23.4925000401052,24.3508885245783,24.0430740644899,23.7352596044014,23.4274451443131,23.1196306842247,23.1196306842247
50,"BGD","Bangladesh",4.92075477946213,4.92075477946213,4.92075477946213,4.92075477946213,4.92075477946213,4.92075477946213,5.19052725187638,5.46029972429081,5.73007219670502,5.99984466911945,6.26961714153367,6.53938961394792,6.80916208636232,7.07893455877657,7.34870703119097,7.61847950360522,8.28282714528035,8.9471747869555,9.61152242863048,10.2758700703056,10.9402177119808,10.4932983768523,10.0463790417239,9.59945970659531,9.15254037146693,9.15254037146693
52,"BRB","Barbados",100,100,100,100,100,100,100,100,100,100,100,100,100,100,100,100,100,100,100,100,100,100,100,100,100,100
112,"BLR","Belarus",33.6022935602232,33.6022935602232,33.6022935602232,33.6022935602232,33.6022935602232,33.6022935602232,35.2678955184153,36.9334974766075,38.5990994347996,40.2647013929918,41.9303033511839,43.595905309376,45.2615072675682,46.9271092257603,48.5927111839526,50.2583131421447,51.3690069384979,52.479700734851,53.5903945312043,54.7010883275574,55.8117821239106,56.5069762226491,57.2021703213874,57.8973644201258,58.5925585188641,58.5925585188641
56,"BEL","Belgium",42.5821270060416,42.5821270060416,42.5821270060416,42.5821270060416,42.5821270060416,42.5821270060416,42.9496916164753,43.3172562269089,43.6848208373426,44.0523854477762,44.4199500582099,44.7875146686434,45.155079279077,45.5226438895107,45.8902084999443,46.257773110378,46.0958720916267,45.9339710728755,45.7720700541242,45.610169035373,45.4482680166217,45.5073786975908,45.56648937856,45.6256000595291,45.6847107404982,45.6847107404982
84,"BLZ","Belize",40.236756625217,40.236756625217,40.236756625217,40.236756625217,40.236756625217,40.236756625217,41.3768494162191,42.5169422072212,43.6570349982234,44.7971277892255,45.9372205802276,47.0773133712296,48.2174061622317,49.357498953234,50.497591744236,51.6376845352381,51.8399857431096,52.0422869509812,52.2445881588525,52.446889366724,52.6491905745955,51.6365168851624,50.6238431957292,49.611169506296,48.5984958168628,48.5984958168628
204,"BEN","Benin",39.7770150402942,39.7770150402942,39.7770150402942,39.7770150402942,39.7770150402942,39.7770150402942,39.4062479530138,39.0354808657332,38.6647137784527,38.2939466911723,37.9231796038919,37.5524125166113,37.1816454293308,36.8108783420504,36.4401112547698,36.0693441674894,34.4782313510528,32.8871185346165,31.29600571818,29.7048929017436,28.1137800853071,27.8479105539489,27.5820410225908,27.3161714912324,27.0503019598743,27.0503019598743
60,"BMU","Bermuda",41.3279982621972,41.3279982621972,41.3279982621972,41.3279982621972,41.3279982621972,41.3279982621972,42.0987766635214,42.8695550648455,43.6403334661698,44.4111118674939,45.1818902688181,45.9526686701422,46.7234470714663,47.4942254727906,48.2650038741147,49.0357822754389,49.6642050599411,50.2926278444435,50.9210506289457,51.5494734134482,52.1778961979504,52.8846972533945,53.5914983088387,54.2982993642829,55.005100419727,55.005100419727
64,"BTN","Bhutan",1.61476225005769,1.61476225005769,1.61476225005769,1.61476225005769,1.61476225005769,1.61476225005769,1.6904614702355,1.76616069041312,1.84185991059094,1.91755913076875,1.99325835094636,2.06895757112416,2.14465679130197,2.22035601147978,2.29605523165741,2.37175445183522,2.56933294808067,2.76691144432613,2.96448994057177,3.16206843681721,3.35964693306265,3.03551834938077,2.71138976569888,2.38726118201718,2.06313259833529,2.06313259833529
68,"BOL","Bolivia",61.0479343283287,61.0479343283287,61.0479343283287,61.0479343283287,61.0479343283287,61.0479343283287,60.6914023349737,60.3348703416187,59.9783383482636,59.6218063549086,59.2652743615536,58.9087423681987,58.5522103748437,58.1956783814887,57.8391463881336,57.4826143947786,56.1325573577694,54.7825003207601,53.4324432837508,52.0823862467416,50.7323292097323,47.9885269395184,45.2447246693044,42.5009223990904,39.7571201288765,39.7571201288765
70,"BIH","Bosnia and Herzegovina",34.7631926623249,34.7631926623249,34.7631926623249,34.7631926623249,34.7631926623249,34.7631926623249,35.308069036063,35.8529454098011,36.3978217835391,36.9426981572772,37.4875745310155,38.0324509047535,38.5773272784916,39.1222036522297,39.6670800259678,40.2119563997058,40.3578799367392,40.5038034737727,40.649727010806,40.7956505478395,40.9415740848728,40.9166942505068,40.8918144161408,40.8669345817749,40.8420547474089,40.8420547474089
72,"BWA","Botswana",32.8601632412565,32.8601632412565,32.8601632412565,32.8601632412565,32.8601632412565,32.8601632412565,32.8279733541349,32.7957834670132,32.7635935798918,32.7314036927702,32.6992138056485,32.6670239185269,32.6348340314053,32.6026441442838,32.5704542571622,32.5382643700406,32.9498364611897,33.3614085523386,33.7729806434876,34.1845527346365,34.5961248257856,33.7970040924088,32.9978833590321,32.1987626256553,31.3996418922786,31.3996418922786
76,"BRA","Brazil",45.3511310726912,45.3511310726912,45.3511310726912,45.3511310726912,45.3511310726912,45.3511310726912,45.9353134938128,46.5194959149346,47.1036783360562,47.6878607571781,48.2720431782997,48.8562255994213,49.4404080205431,50.0245904416647,50.6087728627865,51.1929552839082,49.9707061797973,48.7484570756864,47.5262079715757,46.3039588674648,45.0817097633539,43.4732227049816,41.8647356466094,40.2562485882371,38.6477615298648,38.6477615298648
92,"VGB","British Virgin Islands",NA,NA,NA,NA,NA,NA,NA,NA,NA,NA,NA,NA,NA,NA,NA,NA,NA,NA,NA,NA,NA,NA,NA,NA,NA,NA
96,"BRN","Brunei Darussalam",74.5201702715538,74.5201702715538,74.5201702715538,74.5201702715538,74.5201702715538,74.5201702715538,73.7636079901777,73.0070457088015,72.2504834274254,71.4939211460493,70.7373588646732,69.980796583297,69.2242343019209,68.4676720205448,67.7111097391685,66.9545474577925,65.9534517407228,64.9523560236532,63.9512603065837,62.9501645895141,61.9490688724445,62.7110766269534,63.4730843814624,64.2350921359713,64.9970998904803,64.9970998904803
100,"BGR","Bulgaria",48.9309731515462,48.9309731515462,48.9309731515462,48.9309731515462,48.9309731515462,48.9309731515462,48.0081334811927,47.0852938108393,46.1624541404857,45.2396144701323,44.3167747997788,43.3939351294254,42.471095459072,41.5482557887184,40.625416118365,39.7025764480115,40.2167800868743,40.7309837257371,41.2451873646001,41.7593910034628,42.2735946423256,43.1242049347602,43.9748152271947,44.8254255196291,45.6760358120636,45.6760358120636
854,"BFA","Burkina Faso",53.4717225726401,53.4717225726401,53.4717225726401,53.4717225726401,53.4717225726401,53.4717225726401,53.2213016082665,52.970880643893,52.7204596795194,52.470038715146,52.2196177507724,51.9691967863987,51.7187758220253,51.4683548576517,51.2179338932782,50.9675129289046,48.7011763081277,46.434839687351,44.1685030665741,41.9021664457974,39.6358298250205,39.0862726013957,38.5367153777711,37.9871581541463,37.4376009305214,37.4376009305214
108,"BDI","Burundi",44.773740116504,44.773740116504,44.773740116504,44.773740116504,44.773740116504,44.773740116504,44.1427783567513,43.5118165969989,42.8808548372462,42.2498930774936,41.6189313177412,40.9879695579885,40.3570077982359,39.7260460384832,39.0950842787308,38.4641225189782,36.6457858166096,34.8274491142411,33.0091124118726,31.1907757095041,29.3724390071355,28.0660237704245,26.7596085337135,25.4531932970023,24.1467780602913,24.1467780602913
132,"CPV","Cabo Verde",61.2806300736812,61.2806300736812,61.2806300736812,61.2806300736812,61.2806300736812,61.2806300736812,61.4043501739732,61.5280702742653,61.6517903745572,61.7755104748493,61.8992305751413,62.0229506754333,62.1466707757254,62.2703908760173,62.3941109763094,62.5178310766014,60.8233419203487,59.1288527640959,57.4343636078433,55.7398744515905,54.0453852953378,53.251145107773,52.4569049202083,51.6626647326435,50.8684245450786,50.8684245450786
116,"KHM","Cambodia",63.1316322637089,63.1316322637089,63.1316322637089,63.1316322637089,63.1316322637089,63.1316322637089,60.7643488539538,58.3970654441987,56.0297820344435,53.6624986246884,51.2952152149333,48.9279318051782,46.560648395423,44.1933649856679,41.8260815759128,39.4587981661577,39.2317108181192,39.0046234700808,38.7775361220424,38.550448774004,38.3233614259655,38.0959113002741,37.8684611745827,37.6410110488913,37.4135609231998,37.4135609231998
120,"CMR","Cameroon",44.2850930136871,44.2850930136871,44.2850930136871,44.2850930136871,44.2850930136871,44.2850930136871,43.8307071276259,43.3763212415648,42.9219353555038,42.4675494694426,42.0131635833815,41.5587776973203,41.1043918112592,40.6500059251982,40.195620039137,39.7412341530759,38.2069936170314,36.6727530809868,35.1385125449421,33.6042720088976,32.070031472853,31.4477526024758,30.8254737320985,30.2031948617213,29.5809159913441,29.5809159913441
124,"CAN","Canada",45.9790006988819,45.9790006988819,45.9790006988819,45.9790006988819,45.9790006988819,45.9790006988819,46.6095541733332,47.2401076477844,47.8706611222355,48.5012145966868,49.1317680711381,49.7623215455893,50.3928750200406,51.0234284944917,51.653981968943,52.2845354433943,52.2444501000415,52.2043647566887,52.1642794133357,52.1241940699829,52.0841087266301,52.3181460327657,52.5521833389011,52.7862206450367,53.0202579511723,53.0202579511723
136,"CYM","Cayman Islands",NA,NA,NA,NA,NA,NA,NA,NA,NA,NA,NA,NA,NA,NA,NA,NA,NA,NA,NA,NA,NA,NA,NA,NA,NA,NA
140,"CAF","Central African Republic",18.7378441304371,18.7378441304371,18.7378441304371,18.7378441304371,18.7378441304371,18.7378441304371,18.5312349037447,18.3246256770525,18.1180164503601,17.9114072236679,17.7047979969755,17.4981887702831,17.2915795435909,17.0849703168985,16.8783610902063,16.6717518635139,16.4604430166821,16.2491341698503,16.0378253230184,15.8265164761866,15.6152076293548,14.8251817742937,14.0351559192325,13.2451300641715,12.4551042091105,12.4551042091105
148,"TCD","Chad",41.290570174107,41.290570174107,41.290570174107,41.290570174107,41.290570174107,41.290570174107,40.722852032085,40.1551338900629,39.5874157480409,39.0196976060188,38.4519794639968,37.8842613219748,37.3165431799527,36.7488250379307,36.1811068959086,35.6133887538866,34.5021066544504,33.3908245550141,32.2795424555779,31.1682603561417,30.0569782567054,29.6421872088746,29.2273961610435,28.8126051132125,28.3978140653816,28.3978140653816
152,"CHL","Chile",50.3244804320949,50.3244804320949,50.3244804320949,50.3244804320949,50.3244804320949,50.3244804320949,51.0997879273618,51.8750954226286,52.6504029178955,53.4257104131623,54.2010179084292,54.9763254036961,55.7516328989629,56.5269403942298,57.3022478894966,58.0775553847635,58.7605892005572,59.443623016351,60.1266568321447,60.8096906479385,61.4927244637322,61.6557477628122,61.818771061892,61.981794360972,62.144817660052,62.144817660052
156,"CHN","China",0,0,0,0,0,0,0.562668889609853,1.12533777921972,1.68800666882957,2.2506755584394,2.81334444804945,3.37601333765929,3.93868222726914,4.50135111687899,5.06402000648885,5.62668889609871,7.84638600933093,10.0660831225632,12.2857802357954,14.5054773490277,16.7251744622599,17.6271004658766,18.5290264694932,19.4309524731099,20.3328784767266,20.3328784767266
170,"COL","Colombia",56.1095873705844,56.1095873705844,56.1095873705844,56.1095873705844,56.1095873705844,56.1095873705844,57.346065169716,58.5825429688474,59.8190207679791,61.0554985671105,62.2919763662421,63.5284541653735,64.764931964505,66.0014097636366,67.2378875627682,68.4743653618996,68.1381957408726,67.8020261198457,67.4658564988185,67.1296868777915,66.7935172567645,65.7308835696097,64.6682498824548,63.6056161952999,62.542982508145,62.542982508145
174,"COM","Comoros",98.5299964462627,98.5299964462627,98.5299964462627,98.5299964462627,98.5299964462627,98.5299964462627,97.4126740862858,96.295351726309,95.1780293663321,94.0607070063553,92.9433846463784,91.8260622864016,90.7087399264247,89.5914175664479,88.474095206471,87.3567728464942,82.6281716412886,77.8995704360829,73.1709692308774,68.4423680256717,63.7137668204661,62.8055856112064,61.8974044019466,60.9892231926867,60.081041983427,60.081041983427
184,"COK","Cook Islands",44.0195774113465,44.0195774113465,44.0195774113465,44.0195774113465,44.0195774113465,44.0195774113465,45.0852690136603,46.1509606159742,47.2166522182879,48.2823438206018,49.3480354229156,50.4137270252295,51.4794186275433,52.545110229857,53.6108018321708,54.6764934344847,54.9200619283136,55.1636304221425,55.4071989159716,55.6507674098005,55.8943359036295,56.7957624010912,57.6971888985531,58.598615396015,59.5000418934767,59.5000418934767
188,"CRI","Costa Rica",51.0507991658738,51.0507991658738,51.0507991658738,51.0507991658738,51.0507991658738,51.0507991658738,52.7931557854764,54.535512405079,56.2778690246816,58.0202256442841,59.7625822638867,61.5049388834893,63.2472955030919,64.9896521226945,66.732008742297,68.4743653618996,68.3224745291221,68.1705836963445,68.018692863567,67.8668020307893,67.7149111980118,66.0366240883148,64.3583369786178,62.6800498689206,61.0017627592236,61.0017627592236
384,"CIV","Cote d'Ivoire",61.1871815983897,61.1871815983897,61.1871815983897,61.1871815983897,61.1871815983897,61.1871815983897,60.5263284567712,59.8654753151528,59.2046221735343,58.5437690319159,57.8829158902974,57.2220627486788,56.5612096070605,55.9003564654419,55.2395033238236,54.578650182205,51.4139045089937,48.2491588357823,45.0844131625709,41.9196674893595,38.7549218161482,38.1315598830541,37.5081979499599,36.8848360168658,36.2614740837716,36.2614740837716
191,"HRV","Croatia",39.5692677610873,39.5692677610873,39.5692677610873,39.5692677610873,39.5692677610873,39.5692677610873,39.5382314187015,39.5071950763157,39.4761587339299,39.445122391544,39.4140860491584,39.3830497067726,39.3520133643867,39.3209770220009,39.2899406796151,39.2589043372293,39.079235233815,38.8995661304008,38.7198970269865,38.5402279235724,38.3605588201581,38.5309751979579,38.7013915757575,38.8718079535572,39.042224331357,39.042224331357
192,"CUB","Cuba",47.0634748922255,47.0634748922255,47.0634748922255,47.0634748922255,47.0634748922255,47.0634748922255,47.2490073601824,47.4345398281391,47.6200722960959,47.8056047640526,47.9911372320095,48.1766696999664,48.3622021679231,48.5477346358799,48.7332671038366,48.9187995717935,49.7559354576362,50.593071343479,51.4302072293215,52.2673431151642,53.1044790010069,53.9114293322204,54.7183796634339,55.5253299946474,56.3322803258609,56.3322803258609
531,"CUW","Curacao",NA,NA,NA,NA,NA,NA,NA,NA,NA,NA,NA,NA,NA,NA,NA,NA,NA,NA,NA,NA,NA,NA,NA,NA,NA,NA
196,"CYP","Cyprus",29.613328932071,29.613328932071,29.613328932071,29.613328932071,29.613328932071,29.613328932071,30.0150338936928,30.4167388553147,30.8184438169364,31.2201487785582,31.6218537401801,32.0235587018019,32.4252636634238,32.8269686250455,33.2286735866673,33.6303785482892,33.5216580239556,33.4129374996219,33.3042169752882,33.1954964509546,33.0867759266209,33.3574197379507,33.6280635492806,33.8987073606104,34.1693511719403,34.1693511719403
203,"CZE","Czech Republic",45.8360525312414,45.8360525312414,45.8360525312414,45.8360525312414,45.8360525312414,45.8360525312414,45.6580480781036,45.4800436249657,45.302039171828,45.1240347186901,44.9460302655524,44.7680258124147,44.5900213592768,44.4120169061391,44.2340124530012,44.0560079998634,43.0872101432797,42.1184122866959,41.1496144301121,40.1808165735284,39.2120187169446,39.5923144389218,39.9726101608989,40.3529058828761,40.7332016048534,40.7332016048534
180,"COD","Dem. Rep. Congo",39.1136459543892,39.1136459543892,39.1136459543892,39.1136459543892,39.1136459543892,39.1136459543892,38.0612215105807,37.0087970667721,35.9563726229636,34.9039481791552,33.8515237353467,32.7990992915381,31.7466748477297,30.6942504039212,29.6418259601126,28.5894015163041,27.9550420928807,27.3206826694574,26.686323246034,26.0519638226106,25.4176043991873,24.489041810901,23.560479222615,22.6319166343287,21.7033540460424,21.7033540460424
208,"DNK","Denmark",35.8619765142087,35.8619765142087,35.8619765142087,35.8619765142087,35.8619765142087,35.8619765142087,36.293356140326,36.7247357664436,37.1561153925609,37.5874950186785,38.0188746447958,38.4502542709132,38.8816338970307,39.3130135231481,39.7443931492656,40.175772775383,40.2653472981692,40.3549218209554,40.4444963437417,40.5340708665279,40.6236453893142,41.2316078691179,41.8395703489219,42.4475328287257,43.0554953085295,43.0554953085295
262,"DJI","Djibouti",49.8122315914064,49.8122315914064,49.8122315914064,49.8122315914064,49.8122315914064,49.8122315914064,49.8717247419428,49.9312178924794,49.9907110430158,50.0502041935523,50.1096973440887,50.1691904946251,50.2286836451617,50.2881767956981,50.3476699462347,50.4071630967711,48.7661077777904,47.1250524588097,45.4839971398292,43.8429418208486,42.2018865018679,41.1976749500611,40.1934633982543,39.1892518464473,38.1850402946405,38.1850402946405
212,"DMA","Dominica",74.8213480234662,74.8213480234662,74.8213480234662,74.8213480234662,74.8213480234662,74.8213480234662,76.2371744665062,77.6530009095461,79.0688273525861,80.4846537956262,81.9004802386662,83.3163066817061,84.7321331247461,86.1479595677861,87.5637860108261,88.9796124538661,92.1765454772115,95.373478500557,98.5704115239025,100,100,100,100,100,100,100
214,"DOM","Dominican Republic",57.999647177564,57.999647177564,57.999647177564,57.999647177564,57.999647177564,57.999647177564,58.1057898133643,58.2119324491646,58.3180750849649,58.4242177207652,58.5303603565655,58.636502992366,58.7426456281663,58.8487882639667,58.954930899767,59.0610735355673,59.702514341115,60.3439551466627,60.9853959522102,61.6268367577579,62.2682775633056,62.529901427237,62.7915252911683,63.0531491550998,63.3147730190312,63.3147730190312
218,"ECU","Ecuador",78.8431456005119,78.8431456005119,78.8431456005119,78.8431456005119,78.8431456005119,78.8431456005119,78.9684509150126,79.0937562295135,79.2190615440142,79.3443668585149,79.4696721730157,79.5949774875164,79.7202828020172,79.8455881165179,79.9708934310187,80.0961987455194,78.9611418431971,77.8260849408749,76.6910280385526,75.5559711362303,74.420914233908,72.3104745899647,70.2000349460216,68.0895953020784,65.9791556581351,65.9791556581351
818,"EGY","Egypt",24.8901668374849,24.8901668374849,24.8901668374849,24.8901668374849,24.8901668374849,24.8901668374849,24.6789770348924,24.4677872323,24.2565974297073,24.0454076271149,23.8342178245224,23.62302802193,23.4118382193375,23.2006484167449,22.9894586141524,22.77826881156,22.9130155778226,23.0477623440851,23.1825091103479,23.3172558766105,23.4520026428731,23.8057178256968,24.1594330085204,24.5131481913441,24.8668633741677,24.8668633741677
222,"SLV","El Salvador",44.3306458420924,44.3306458420924,44.3306458420924,44.3306458420924,44.3306458420924,44.3306458420924,45.6252070098938,46.9197681776951,48.2143293454965,49.5088905132979,50.8034516810993,52.0980128489005,53.3925740167019,54.6871351845032,55.9816963523046,57.276257520106,56.426843840529,55.5774301609521,54.7280164813754,53.8786028017984,53.0291891222215,52.1654791239837,51.3017691257459,50.4380591275082,49.5743491292704,49.5743491292704
226,"GNQ","Equatorial Guinea",66.3190976473504,66.3190976473504,66.3190976473504,66.3190976473504,66.3190976473504,66.3190976473504,65.4813320742529,64.6435665011552,63.8058009280576,62.9680353549599,62.1302697818622,61.2925042087647,60.454738635667,59.6169730625694,58.7792074894717,57.9414419163742,54.6686721976356,51.3959024788972,48.1231327601587,44.8503630414203,41.5775933226817,40.3728936985252,39.1681940743689,37.9634944502124,36.7587948260559,36.7587948260559
232,"ERI","Eritrea",31.5466090733254,31.5466090733254,31.5466090733254,31.5466090733254,31.5466090733254,31.5466090733254,31.7158324269823,31.8850557806391,32.0542791342957,32.2235024879526,32.3927258416094,32.5619491952662,32.731172548923,32.9003959025797,33.0696192562365,33.2388426098933,32.7169256347001,32.1950086595068,31.6730916843134,31.1511747091202,30.6292577339269,30.6273450595422,30.6254323851577,30.623519710773,30.6216070363883,30.6216070363883
233,"EST","Estonia",65.0260665449116,65.0260665449116,65.0260665449116,65.0260665449116,65.0260665449116,65.0260665449116,65.0552989530151,65.0845313611183,65.1137637692217,65.142996177325,65.1722285854284,65.2014609935319,65.2306934016351,65.2599258097386,65.2891582178418,65.3183906259453,66.0280663956814,66.7377421654175,67.4474179351538,68.15709370489,68.8667694746261,69.6765660390025,70.4863626033789,71.2961591677554,72.1059557321318,72.1059557321318
748,"SWZ","Eswatini",49.074560480821,49.074560480821,49.074560480821,49.074560480821,49.074560480821,49.074560480821,48.7279370320003,48.3813135831795,48.0346901343588,47.6880666855382,47.3414432367175,46.9948197878967,46.648196339076,46.3015728902553,45.9549494414345,45.6083259926138,44.0350329519029,42.4617399111919,40.8884468704811,39.3151538297701,37.7418607890591,36.4393881121167,35.1369154351742,33.8344427582317,32.5319700812893,32.5319700812893
231,"ETH","Ethiopia",42.1597116350827,42.1597116350827,42.1597116350827,42.1597116350827,42.1597116350827,42.1597116350827,42.4776809484713,42.7956502618597,43.1136195752483,43.4315888886367,43.7495582020252,44.0675275154138,44.3854968288023,44.7034661421908,45.0214354555793,45.3394047689678,43.7154233979805,42.091442026993,40.4674606560057,38.8434792850182,37.2194979140308,36.2999078089566,35.3803177038824,34.460727598808,33.5411374937338,33.5411374937338
234,"FRO","Faeroe Islands",NA,NA,NA,NA,NA,NA,NA,NA,NA,NA,NA,NA,NA,NA,NA,NA,NA,NA,NA,NA,NA,NA,NA,NA,NA,NA
238,"FLK","Falkland Islands",NA,NA,NA,NA,NA,NA,NA,NA,NA,NA,NA,NA,NA,NA,NA,NA,NA,NA,NA,NA,NA,NA,NA,NA,NA,NA
242,"FJI","Fiji",92.4798803522997,92.4798803522997,92.4798803522997,92.4798803522997,92.4798803522997,92.4798803522997,91.6131479115527,90.7464154708057,89.8796830300588,89.0129505893118,88.1462181485648,87.2794857078178,86.4127532670708,85.5460208263238,84.6792883855769,83.8125559448299,82.5966850511492,81.3808141574686,80.1649432637879,78.9490723701072,77.7332014764266,76.7831199316969,75.8330383869671,74.8829568422374,73.9328752975078,73.9328752975078
246,"FIN","Finland",56.3146148925649,56.3146148925649,56.3146148925649,56.3146148925649,56.3146148925649,56.3146148925649,56.9075050109651,57.5003951293655,58.0932852477657,58.6861753661659,59.2790654845662,59.8719556029664,60.4648457213666,61.0577358397668,61.6506259581672,62.2435160765674,63.4060235434056,64.5685310102439,65.731038477082,66.8935459439202,68.0560534107585,69.8627957110215,71.6695380112843,73.4762803115474,75.2830226118104,75.2830226118104
250,"FRA","France",51.8345593238787,51.8345593238787,51.8345593238787,51.8345593238787,51.8345593238787,51.8345593238787,52.2383145344713,52.6420697450639,53.0458249556566,53.4495801662492,53.853335376842,54.2570905874346,54.6608457980272,55.0646010086199,55.4683562192125,55.8721114298051,55.9204094876341,55.9687075454628,56.0170056032917,56.0653036611205,56.1136017189494,56.5802572865544,57.0469128541595,57.5135684217645,57.9802239893695,57.9802239893695
258,"PYF","French Polynesia",NA,NA,NA,NA,NA,NA,NA,NA,NA,NA,NA,NA,NA,NA,NA,NA,NA,NA,NA,NA,NA,NA,NA,NA,NA,NA
266,"GAB","Gabon",88.642830154762,88.642830154762,88.642830154762,88.642830154762,88.642830154762,88.642830154762,86.757807530591,84.87278490642,82.9877622822491,81.1027396580781,79.2177170339071,77.3326944097361,75.4476717855651,73.5626491613943,71.6776265372233,69.7926039130523,66.7696070093192,63.7466101055864,60.7236132018533,57.7006162981205,54.6776193943874,53.3802300510593,52.0828407077312,50.7854513644032,49.488062021075,49.488062021075
270,"GMB","Gambia",48.2805741759866,48.2805741759866,48.2805741759866,48.2805741759866,48.2805741759866,48.2805741759866,47.8086095970095,47.3366450180323,46.8646804390554,46.3927158600782,45.9207512811011,45.448786702124,44.9768221231468,44.5048575441699,44.0328929651927,43.5609283862156,42.0649883363209,40.5690482864263,39.0731082365316,37.577168186637,36.0812281367423,35.3837782169236,34.6863282971049,33.9888783772864,33.2914284574677,33.2914284574677
268,"GEO","Georgia",48.7610761786799,48.7610761786799,48.7610761786799,48.7610761786799,48.7610761786799,48.7610761786799,47.8717442275375,46.982412276395,46.0930803252527,45.2037483741103,44.314416422968,43.4250844718254,42.5357525206831,41.6464205695407,40.7570886183982,39.8677566672559,39.8533573869981,39.8389581067404,39.8245588264826,39.810159546225,39.7957602659672,39.2204724157236,38.6451845654798,38.069896715236,37.4946088649924,37.4946088649924
276,"DEU","Germany",47.6234414694714,47.6234414694714,47.6234414694714,47.6234414694714,47.6234414694714,47.6234414694714,47.6049674893396,47.5864935092077,47.568019529076,47.5495455489441,47.5310715688124,47.5125975886806,47.4941236085487,47.475649628417,47.4571756482851,47.4387016681534,46.8039047728753,46.1691078775972,45.5343109823192,44.8995140870411,44.2647171917631,44.7913113897352,45.3179055877072,45.8444997856792,46.3710939836513,46.3710939836513
288,"GHA","Ghana",53.7731634760966,53.7731634760966,53.7731634760966,53.7731634760966,53.7731634760966,53.7731634760966,52.7776288703059,51.7820942645151,50.7865596587246,49.7910250529338,48.7954904471431,47.7999558413523,46.8044212355616,45.808886629771,44.8133520239803,43.8178174181896,41.4235843739046,39.0293513296196,36.6351182853346,34.2408852410496,31.8466521967646,31.1935860993296,30.5405200018945,29.8874539044596,29.2343878070246,29.2343878070246
300,"GRC","Greece",40.7586035374375,40.7586035374375,40.7586035374375,40.7586035374375,40.7586035374375,40.7586035374375,40.3110233420543,39.8634431466713,39.4158629512882,38.9682827559052,38.520702560522,38.0731223651388,37.6255421697558,37.1779619743727,36.7303817789897,36.2828015836065,37.3155602392967,38.3483188949869,39.3810775506771,40.4138362063672,41.4465948620574,41.9280165828487,42.4094383036399,42.8908600244311,43.3722817452224,43.3722817452224
304,"GRL","Greenland",28.1999880252058,28.1999880252058,28.1999880252058,28.1999880252058,28.1999880252058,28.1999880252058,28.0126708005154,27.8253535758248,27.6380363511343,27.4507191264439,27.2634019017533,27.0760846770629,26.8887674523725,26.701450227682,26.5141330029914,26.326815778301,27.682509123122,29.0382024679432,30.3938958127642,31.7495891575855,33.1052825024065,34.292875810559,35.4804691187115,36.668062426864,37.8556557350165,37.8556557350165
308,"GRD","Grenada",63.0796550899001,63.0796550899001,63.0796550899001,63.0796550899001,63.0796550899001,63.0796550899001,64.2588945951257,65.4381341003515,66.6173736055773,67.7966131108029,68.9758526160287,70.1550921212544,71.33433162648,72.5135711317058,73.6928106369314,74.8720501421572,75.2694356626698,75.6668211831823,76.0642067036949,76.4615922242074,76.8589777447201,77.600450480865,78.3419232170099,79.083395953155,79.8248686892999,79.8248686892999
320,"GTM","Guatemala",47.7532200146284,47.7532200146284,47.7532200146284,47.7532200146284,47.7532200146284,47.7532200146284,49.0035926182204,50.2539652218124,51.5043378254041,52.7547104289961,54.0050830325881,55.2554556361801,56.505828239772,57.7562008433638,59.0065734469558,60.2569460505478,60.7648563053822,61.2727665602166,61.7806768150509,62.2885870698853,62.7964973247198,61.904125208694,61.0117530926682,60.1193809766426,59.2270088606168,59.2270088606168
831,"GGY","Guernsey",NA,NA,NA,NA,NA,NA,NA,NA,NA,NA,NA,NA,NA,NA,NA,NA,NA,NA,NA,NA,NA,NA,NA,NA,NA,NA
324,"GIN","Guinea",49.4978814482129,49.4978814482129,49.4978814482129,49.4978814482129,49.4978814482129,49.4978814482129,48.6372163247499,47.7765512012869,46.9158860778238,46.0552209543608,45.194555830898,44.3338907074349,43.4732255839719,42.6125604605089,41.7518953370459,40.8912302135829,39.232499729486,37.5737692453892,35.9150387612924,34.2563082771956,32.5975777930988,31.9487638622479,31.299949931397,30.6511360005463,30.0023220696954,30.0023220696954
624,"GNB","Guinea-Bissau",47.0926984705901,47.0926984705901,47.0926984705901,47.0926984705901,47.0926984705901,47.0926984705901,46.2746200095071,45.4565415484242,44.6384630873412,43.8203846262583,43.0023061651753,42.1842277040923,41.3661492430094,40.5480707819264,39.7299923208435,38.9119138597605,37.1961472238033,35.4803805878462,33.7646139518892,32.048847315932,30.3330806799748,30.0470260336716,29.7609713873684,29.4749167410653,29.1888620947621,29.1888620947621
328,"GUY","Guyana",100,100,100,100,100,100,100,100,100,100,100,100,100,100,99.8145228469696,99.5135145970664,99.6956978231462,99.877881049226,100,100,100,100,100,100,100,100
332,"HTI","Haiti",29.2411550059295,29.2411550059295,29.2411550059295,29.2411550059295,29.2411550059295,29.2411550059295,29.8862052389242,30.5312554719186,31.1763057049132,31.8213559379077,32.4664061709023,33.111456403897,33.7565066368914,34.401556869886,35.0466071028805,35.6916573358751,36.1131514110063,36.5346454861374,36.9561395612687,37.3776336363997,37.799127711531,37.6343761227302,37.4696245339292,37.3048729451284,37.1401213563274,37.1401213563274
336,"VAT","Holy See",NA,NA,NA,NA,NA,NA,NA,NA,NA,NA,NA,NA,NA,NA,NA,NA,NA,NA,NA,NA,NA,NA,NA,NA,NA,NA
340,"HND","Honduras",33.7181723978673,33.7181723978673,33.7181723978673,33.7181723978673,33.7181723978673,33.7181723978673,34.593612725098,35.4690530523285,36.3444933795592,37.2199337067899,38.0953740340206,38.9708143612511,39.8462546884818,40.7216950157125,41.597135342943,42.4725756701737,41.8954009919428,41.318226313712,40.7410516354811,40.1638769572503,39.5867022790194,38.5971933298247,37.6076843806299,36.6181754314352,35.6286664822405,35.6286664822405
344,"HKG","Hong Kong",NA,NA,NA,NA,NA,NA,NA,NA,NA,NA,NA,NA,NA,NA,NA,NA,NA,NA,NA,NA,NA,NA,NA,NA,NA,NA
348,"HUN","Hungary",32.2440362899323,32.2440362899323,32.2440362899323,32.2440362899323,32.2440362899323,32.2440362899323,31.9576996385838,31.6713629872355,31.385026335887,31.0986896845385,30.81235303319,30.5260163818417,30.2396797304932,29.9533430791448,29.6670064277964,29.380669776448,29.6879419995206,29.9952142225932,30.3024864456657,30.6097586687383,30.9170308918109,31.5544897142744,32.1919485367378,32.8294073592012,33.4668661816647,33.4668661816647
352,"ISL","Iceland",61.1638969403323,61.1638969403323,61.1638969403323,61.1638969403323,61.1638969403323,61.1638969403323,60.7995468102293,60.4351966801263,60.0708465500231,59.7064964199202,59.3421462898172,58.9777961597142,58.6134460296112,58.249095899508,57.884745769405,57.520395639302,58.3386506242867,59.1569056092717,59.9751605942564,60.7934155792413,61.6116705642261,61.7449573381825,61.8782441121389,62.0115308860956,62.144817660052,62.144817660052
356,"IND","India",0,0,0,0,0,0,0,0,0,0,0,0,0,0,0.123892270171169,0.367189677639303,0,0,0,0,0,0,0,0,0,0
360,"IDN","Indonesia",52.7257446552202,52.7257446552202,52.7257446552202,52.7257446552202,52.7257446552202,52.7257446552202,51.5104895962814,50.2952345373428,49.079979478404,47.8647244194653,46.6494693605265,45.4342143015879,44.218959242649,43.0037041837104,41.7884491247718,40.5731940658329,38.99366828013,37.4141424944268,35.8346167087239,34.2550909230208,32.6755651373178,32.9935124670957,33.3114597968736,33.6294071266515,33.9473544564295,33.9473544564295
364,"IRN","Iran",30.3354146174842,30.3354146174842,30.3354146174842,30.3354146174842,30.3354146174842,30.3354146174842,30.545193092233,30.754971566982,30.9647500417309,31.1745285164799,31.3843069912287,31.5940854659775,31.8038639407265,32.0136424154753,32.2234208902243,32.4331993649731,31.846872335611,31.260545306249,30.6742182768869,30.087891247525,29.5015642181629,29.4850354562946,29.4685066944263,29.451977932558,29.4354491706897,29.4354491706897
368,"IRQ","Iraq",35.720394199068,35.720394199068,35.720394199068,35.720394199068,35.720394199068,35.720394199068,36.0052876960253,36.2901811929825,36.5750746899398,36.8599681868971,37.1448616838544,37.4297551808115,37.7146486777688,37.999542174726,38.2844356716833,38.5693291686406,39.0079562052934,39.4465832419461,39.8852102785988,40.3238373152516,40.7624643519043,40.5794610554786,40.3964577590529,40.213454462627,40.0304511662013,40.0304511662013
372,"IRL","Ireland",42.5128530178457,42.5128530178457,42.5128530178457,42.5128530178457,42.5128530178457,42.5128530178457,44.2221872077553,45.9315213976647,47.6408555875743,49.3501897774838,51.0595239673934,52.7688581573028,54.4781923472123,56.1875265371219,57.8968607270313,59.6061949169408,62.414241880668,65.2222888443953,68.0303358081225,70.8383827718497,73.6464297355769,75.1076960247585,76.5689623139402,78.0302286031217,79.4914948923033,79.4914948923033
833,"IMN","Isle of Man",NA,NA,NA,NA,NA,NA,NA,NA,NA,NA,NA,NA,NA,NA,NA,NA,NA,NA,NA,NA,NA,NA,NA,NA,NA,NA
376,"ISR","Israel",37.0801144675921,37.0801144675921,37.0801144675921,37.0801144675921,37.0801144675921,37.0801144675921,37.1491808353057,37.2182472030192,37.2873135707327,37.3563799384463,37.4254463061598,37.4945126738733,37.5635790415869,37.6326454093004,37.7017117770139,37.7707781447275,38.2000469433388,38.6293157419503,39.0585845405616,39.4878533391731,39.9171221377844,40.2542759312585,40.5914297247327,40.9285835182068,41.265737311681,41.265737311681
380,"ITA","Italy",40.0369512420227,40.0369512420227,40.0369512420227,40.0369512420227,40.0369512420227,40.0369512420227,40.5012722429983,40.9655932439741,41.4299142449497,41.8942352459255,42.3585562469011,42.8228772478767,43.2871982488524,43.751519249828,44.2158402508038,44.6801612517794,44.3331172525484,43.9860732533174,43.6390292540863,43.2919852548553,42.9449412556243,42.5018673907842,42.0587935259443,41.6157196611043,41.1726457962644,41.1726457962644
388,"JAM","Jamaica",38.1050722465105,38.1050722465105,38.1050722465105,38.1050722465105,38.1050722465105,38.1050722465105,39.1518104051147,40.1985485637188,41.245286722323,42.2920248809272,43.3387630395313,44.3855011981355,45.4322393567396,46.4789775153438,47.525715673948,48.5724538325521,48.9911412632256,49.4098286938992,49.8285161245728,50.2472035552464,50.6658909859199,50.3865438789549,50.1071967719902,49.8278496650252,49.5485025580603,49.5485025580603
392,"JPN","Japan",53.8753676864136,53.8753676864136,53.8753676864136,53.8753676864136,53.8753676864136,53.8753676864136,54.1281429405745,54.3809181947356,54.6336934488965,54.8864687030574,55.1392439572185,55.3920192113794,55.6447944655404,55.8975697197013,56.1503449738624,56.4031202280233,56.6265753102791,56.8500303925348,57.0734854747904,57.2969405570462,57.520395639302,58.1879905936184,58.8555855479349,59.5231805022512,60.1907754565676,60.1907754565676
832,"JEY","Jersey",NA,NA,NA,NA,NA,NA,NA,NA,NA,NA,NA,NA,NA,NA,NA,NA,NA,NA,NA,NA,NA,NA,NA,NA,NA,NA
400,"JOR","Jordan",28.5709382859135,28.5709382859135,28.5709382859135,28.5709382859135,28.5709382859135,28.5709382859135,29.2208234771552,29.8707086683967,30.5205938596384,31.1704790508799,31.8203642421216,32.4702494333633,33.1201346246048,33.7700198158465,34.419905007088,35.0697901983297,36.0852558810906,37.1007215638516,38.1161872466124,39.1316529293734,40.1471186121343,40.2015327593879,40.2559469066415,40.3103610538951,40.3647752011486,40.3647752011486
398,"KAZ","Kazakhstan",19.8853500808793,19.8853500808793,19.8853500808793,19.8853500808793,19.8853500808793,19.8853500808793,20.5022472872747,21.1191444936701,21.7360417000655,22.352938906461,22.9698361128564,23.5867333192519,24.2036305256473,24.8205277320427,25.4374249384382,26.0543221448335,25.4789051719655,24.9034881990972,24.3280712262291,23.7526542533608,23.1772372804927,22.8948730365871,22.6125087926812,22.3301445487756,22.0477803048699,22.0477803048699
404,"KEN","Kenya",75.3872856592702,75.3872856592702,75.3872856592702,75.3872856592702,75.3872856592702,75.3872856592702,73.9978295397164,72.6083734201626,71.2189173006087,69.8294611810549,68.4400050615013,67.0505489419475,65.6610928223936,64.2716367028398,62.882180583286,61.4927244637322,57.9460417675566,54.3993590713808,50.8526763752052,47.3059936790294,43.7593109828538,42.6111968616637,41.4630827404735,40.3149686192834,39.1668544980932,39.1668544980932
296,"KIR","Kiribati",44.259471352253,44.259471352253,44.259471352253,44.259471352253,44.259471352253,44.259471352253,43.5125795375552,42.7656877228576,42.0187959081598,41.271904093462,40.5250122787644,39.7781204640666,39.0312286493688,38.284336834671,37.5374450199733,36.7905532052756,34.7857905750564,32.7810279448372,30.7762653146179,28.7715026843988,26.7667400541796,26.1195870935954,25.4724341330111,24.8252811724271,24.1781282118428,24.1781282118428
689,"XKX","Kosovo",NA,NA,NA,NA,NA,NA,NA,NA,NA,NA,NA,NA,NA,NA,NA,NA,NA,NA,NA,NA,NA,NA,NA,NA,NA,NA
414,"KWT","Kuwait",42.1734428901782,42.1734428901782,42.1734428901782,42.1734428901782,42.1734428901782,42.1734428901782,42.5117647485963,42.8500866070145,43.1884084654325,43.5267303238506,43.8650521822687,44.2033740406869,44.541695899105,44.880017757523,45.2183396159412,45.5566614743593,45.47453193223,45.3924023901007,45.3102728479713,45.228143305842,45.1460137637127,44.8827049395912,44.6193961154699,44.3560872913486,44.0927784672271,44.0927784672271
417,"KGZ","Kyrgyzstan",3.06985393736396,3.06985393736396,3.06985393736396,3.06985393736396,3.06985393736396,3.06985393736396,4.2219636818492,5.37407342633446,6.52618317081969,7.67829291530494,8.83040265979018,9.98251240427561,11.1346221487609,12.2867318932461,13.4388416377313,14.5909513822166,15.6394788093156,16.6880062364147,17.7365336635139,18.7850610906129,19.833588517712,19.6446704800552,19.4557524423984,19.2668344047416,19.0779163670848,19.0779163670848
418,"LAO","Laos",39.9709441137232,39.9709441137232,39.9709441137232,39.9709441137232,39.9709441137232,39.9709441137232,38.6516933838959,37.3324426540687,36.0131919242417,34.6939411944144,33.3746904645872,32.05543973476,30.7361890049327,29.4169382751057,28.0976875452785,26.7784368154512,26.5091550711002,26.2398733267491,25.9705915823979,25.7013098380468,25.4320280936957,25.5797000974294,25.7273721011631,25.8750441048967,26.0227161086304,26.0227161086304
428,"LVA","Latvia",63.5530802862493,63.5530802862493,63.5530802862493,63.5530802862493,63.5530802862493,63.5530802862493,63.8018198617515,64.0505594372537,64.2992990127559,64.5480385882581,64.7967781637603,65.0455177392627,65.2942573147649,65.5429968902671,65.7917364657693,66.0404760412715,65.7067060515435,65.3729360618156,65.0391660720878,64.7053960823598,64.3716260926318,65.726870547737,67.0821150028421,68.4373594579471,69.7926039130523,69.7926039130523
422,"LBN","Lebanon",35.1201282136896,35.1201282136896,35.1201282136896,35.1201282136896,35.1201282136896,35.1201282136896,34.9168682917641,34.7136083698384,34.5103484479128,34.3070885259871,34.1038286040616,33.900568682136,33.6973087602103,33.4940488382848,33.290788916359,33.0875289944335,33.7353225022564,34.3831160100793,35.030909517902,35.6787030257249,36.3264965335478,36.9270765560286,37.5276565785097,38.1282366009905,38.7288166234714,38.7288166234714
426,"LSO","Lesotho",33.3634301616094,33.3634301616094,33.3634301616094,33.3634301616094,33.3634301616094,33.3634301616094,32.7404083335814,32.1173865055533,31.4943646775253,30.8713428494972,30.2483210214692,29.6252991934411,29.0022773654131,28.379255537385,27.756233709357,27.1332118813289,26.1918743425715,25.2505368038141,24.3091992650569,23.3678617262995,22.4265241875421,21.5516131758706,20.6767021641991,19.8017911525276,18.9268801408562,18.9268801408562
430,"LBR","Liberia",77.4369335458875,77.4369335458875,77.4369335458875,77.4369335458875,77.4369335458875,77.4369335458875,76.3034413120262,75.1699490781649,74.0364568443035,72.9029646104422,71.7694723765809,70.6359801427196,69.5024879088583,68.3689956749969,67.2355034411356,66.1020112072743,62.2135030220713,58.3249948368684,54.4364866516654,50.5479784664625,46.6594702812595,46.4133466701294,46.1672230589991,45.9210994478688,45.6749758367387,45.6749758367387
434,"LBY","Libya",37.2356428420087,37.2356428420087,37.2356428420087,37.2356428420087,37.2356428420087,37.2356428420087,37.5148581491262,37.7940734562436,38.0732887633611,38.3525040704786,38.6317193775961,38.9109346847137,39.1901499918312,39.4693652989487,39.7485806060661,40.0277959131836,39.0923981229998,38.157000332816,37.221602542632,36.2862047524483,35.3508069622645,34.8678623860272,34.3849178097901,33.901973233553,33.4190286573157,33.4190286573157
438,"LIE","Liechtenstein",NA,NA,NA,NA,NA,NA,NA,NA,NA,NA,NA,NA,NA,NA,NA,NA,NA,NA,NA,NA,NA,NA,NA,NA,NA,NA
440,"LTU","Lithuania",51.7672350358993,51.7672350358993,51.7672350358993,51.7672350358993,51.7672350358993,51.7672350358993,52.511129635444,53.2550242349887,53.9989188345331,54.7428134340778,55.4867080336224,56.2306026331671,56.9744972327117,57.7183918322562,58.4622864318009,59.2061810313455,59.7596285301945,60.3130760290434,60.8665235278925,61.4199710267415,61.9734185255904,64.1126602990086,66.2519020724266,68.3911438458446,70.5303856192628,70.5303856192628
442,"LUX","Luxembourg",44.5749456679875,44.5749456679875,44.5749456679875,44.5749456679875,44.5749456679875,44.5749456679875,44.6299873313041,44.6850289946208,44.7400706579372,44.7951123212538,44.8501539845705,44.9051956478871,44.9602373112037,45.0152789745202,45.0703206378368,45.1253623011535,45.6970261708954,46.2686900406372,46.8403539103792,47.412017780121,47.983681649863,48.0344134838361,48.0851453178092,48.1358771517822,48.1866089857553,48.1866089857553
446,"MAC","Macao",NA,NA,NA,NA,NA,NA,NA,NA,NA,NA,NA,NA,NA,NA,NA,NA,NA,NA,NA,NA,NA,NA,NA,NA,NA,NA
450,"MDG","Madagascar",82.6681709707955,82.6681709707955,82.6681709707955,82.6681709707955,82.6681709707955,82.6681709707955,81.1661009269119,79.6640308830283,78.1619608391446,76.6598907952611,75.1578207513774,73.6557507074937,72.1536806636102,70.6516106197265,69.149540575843,67.6474705319594,63.7414739618044,59.8354773916495,55.9294808214946,52.0234842513397,48.1174876811848,46.4533828634,44.7892780456154,43.1251732278308,41.4610684100461,41.4610684100461
454,"MWI","Malawi",62.0956756086183,62.0956756086183,62.0956756086183,62.0956756086183,62.0956756086183,62.0956756086183,60.9327885333302,59.7699014580421,58.6070143827541,57.444127307466,56.2812402321781,55.11835315689,53.955466081602,52.7925790063139,51.6296919310258,50.4668048557377,49.9274951467114,49.388185437685,48.8488757286589,48.3095660196325,47.7702563106062,46.695278768937,45.6203012272679,44.5453236855987,43.4703461439295,43.4703461439295
458,"MYS","Malaysia",47.4241125116235,47.4241125116235,47.4241125116235,47.4241125116235,47.4241125116235,47.4241125116235,47.7564125756737,48.0887126397238,48.4210127037739,48.753312767824,49.0856128318743,49.4179128959245,49.7502129599746,50.0825130240247,50.4148130880749,50.747113152125,48.8516777568409,46.956242361557,45.060806966273,43.1653715709891,41.269936175705,40.9658338400733,40.6617315044415,40.3576291688097,40.053526833178,40.053526833178
462,"MDV","Maldives",31.5828200912402,31.5828200912402,31.5828200912402,31.5828200912402,31.5828200912402,31.5828200912402,32.1255333423255,32.6682465934107,33.210959844496,33.7536730955813,34.2963863466666,34.8390995977518,35.3818128488371,35.9245260999224,36.4672393510076,37.0099526020929,35.2021172168694,33.3942818316461,31.5864464464227,29.7786110611994,27.9707756759759,27.085484884129,26.2001940922822,25.3149033004351,24.4296125085883,24.4296125085883
466,"MLI","Mali",49.7983353416164,49.7983353416164,49.7983353416164,49.7983353416164,49.7983353416164,49.7983353416164,49.3645561249105,48.9307769082047,48.4969976914988,48.0632184747928,47.6294392580869,47.1956600413811,46.7618808246752,46.3281016079692,45.8943223912635,45.4605431745575,42.9732549734267,40.4859667722961,37.9986785711653,35.5113903700346,33.0241021689038,31.942188463989,30.8602747590742,29.7783610541592,28.6964473492443,28.6964473492443
470,"MLT","Malta",32.9313951225785,32.9313951225785,32.9313951225785,32.9313951225785,32.9313951225785,32.9313951225785,34.0505212216404,35.1696473207022,36.2887734197639,37.4078995188258,38.5270256178876,39.6461517169495,40.7652778160114,41.8844039150731,43.0035300141349,44.1226561131968,44.0271299647935,43.9316038163903,43.8360776679872,43.7405515195839,43.6450253711807,43.3502871349911,43.0555488988015,42.7608106626121,42.4660724264225,42.4660724264225
584,"MHL","Marshall Islands",100,100,100,100,100,100,100,100,100,100,100,100,100,100,100,100,100,100,100,100,100,100,100,100,100,100
478,"MRT","Mauritania",61.257221313479,61.257221313479,61.257221313479,61.257221313479,61.257221313479,61.257221313479,61.3288410346901,61.4004607559013,61.4720804771123,61.5437001983235,61.6153199195347,61.6869396407459,61.7585593619571,61.8301790831681,61.9017988043792,61.9734185255904,59.5293480180704,57.0852775105502,54.6412070030302,52.19713649551,49.7530659879899,49.236109379982,48.719152771974,48.202196163966,47.685239555958,47.685239555958
480,"MUS","Mauritius",100,100,100,100,100,100,100,100,100,100,100,100,100,100,100,100,100,100,100,100,100,100,100,100,100,100
484,"MEX","Mexico",24.0753661824911,24.0753661824911,24.0753661824911,24.0753661824911,24.0753661824911,24.0753661824911,24.8182358373274,25.5611054921636,26.3039751469999,27.0468448018362,27.7897144566725,28.5325841115088,29.275453766345,30.0183234211813,30.7611930760176,31.5040627308539,32.4616401591816,33.4192175875095,34.3767950158372,35.334372444165,36.2919498724927,36.3087156981633,36.325481523834,36.3422473495048,36.3590131751753,36.3590131751753
583,"FSM","Micronesia",100,100,100,100,100,100,100,100,100,100,100,99.6012512011784,97.5201932598767,95.4391353185751,93.3580773772734,91.2770194359717,92.9868035953949,94.6965877548181,96.4063719142413,98.1161560736645,99.8259402330876,100,100,100,100,100
498,"MDA","Moldova",29.5829593269636,29.5829593269636,29.5829593269636,29.5829593269636,29.5829593269636,29.5829593269636,30.399818994151,31.2166786613385,32.0335383285261,32.8503979957135,33.6672576629009,34.4841173300883,35.3009769972758,36.1178366644634,36.9346963316508,37.7515559988382,39.64294560952,41.5343352202015,43.4257248308833,45.3171144415649,47.2085040522466,48.7596525115287,50.310800970811,51.8619494300931,53.4130978893752,53.4130978893752
492,"MCO","Monaco",45.6535972657,45.6535972657,45.6535972657,45.6535972657,45.6535972657,45.6535972657,44.8087290096243,43.9638607535487,43.1189924974729,42.2741242413974,41.4292559853216,40.5843877292459,39.7395194731703,38.8946512170946,38.049782961019,37.2049147049433,38.3682305124656,39.5315463199879,40.6948621275103,41.8581779350326,43.021493742555,43.5004345343298,43.9793753261047,44.4583161178795,44.9372569096544,44.9372569096544
496,"MNG","Mongolia",22.0556409473403,22.0556409473403,22.0556409473403,22.0556409473403,22.0556409473403,22.0556409473403,22.97015273308,23.8846645188195,24.799176304559,25.7136880902986,26.6281998760383,27.5427116617778,28.4572234475173,29.371735233257,30.2862470189966,31.2007588047361,32.9557152884418,34.7106717721477,36.4656282558534,38.2205847395593,39.975541223265,40.501612378391,41.0276835335171,41.5537546886433,42.0798258437692,42.0798258437692
499,"MNE","Montenegro",56.8706760423058,56.8706760423058,56.8706760423058,56.8706760423058,56.8706760423058,56.8706760423058,56.8798119297332,56.8889478171607,56.8980837045881,56.9072195920156,56.9163554794431,56.9254913668705,56.934627254298,56.9437631417254,56.9528990291529,56.9620349165803,56.48935907059,56.0166832245998,55.5440073786095,55.0713315326193,54.5986556866289,54.7524031332052,54.9061505797817,55.0598980263582,55.2136454729345,55.2136454729345
504,"MAR","Morocco",39.421701285744,39.421701285744,39.421701285744,39.421701285744,39.421701285744,39.421701285744,39.1553816366402,38.8890619875365,38.6227423384327,38.3564226893289,38.0901030402252,37.8237833911216,37.5574637420179,37.2911440929141,37.0248244438103,36.7585047947066,35.7032148139007,34.6479248330949,33.5926348522888,32.537344871483,31.4820548906771,31.1074942544577,30.7329336182383,30.3583729820189,29.9838123457995,29.9838123457995
508,"MOZ","Mozambique",74.6199902669851,74.6199902669851,74.6199902669851,74.6199902669851,74.6199902669851,74.6199902669851,73.2284481952573,71.8369061235295,70.4453640518018,69.053821980074,67.6622799083464,66.2707378366186,64.8791957648908,63.487653693163,62.0961116214352,60.7045695497074,59.0998340473208,57.4950985449341,55.8903630425475,54.2856275401607,52.6808920377741,51.298046593253,49.9152011487319,48.5323557042106,47.1495102596895,47.1495102596895
104,"MMR","Myanmar",19.9206397064209,19.9206397064209,19.9206397064209,19.9206397064209,19.9206397064209,19.9206397064209,19.7922715946531,19.6639034828855,19.5355353711177,19.40716725935,19.2787991475823,19.1504310358146,19.0220629240469,18.8936948122792,18.7653267005115,18.6369585887438,18.3016275814028,17.9662965740617,17.6309655667208,17.2956345593797,16.9603035520387,17.2832866659682,17.6062697798976,17.9292528938269,18.2522360077563,18.2522360077563
516,"NAM","Namibia",28.2492360896378,28.2492360896378,28.2492360896378,28.2492360896378,28.2492360896378,28.2492360896378,28.066330782514,27.8834254753905,27.7005201682667,27.5176148611431,27.3347095540194,27.1518042468956,26.968898939772,26.7859936326483,26.6030883255247,26.420183018401,26.8949408996309,27.3696987808608,27.8444566620905,28.3192145433204,28.7939724245503,28.1976840269126,27.6013956292749,27.0051072316374,26.4088188339997,26.4088188339997
520,"NRU","Nauru",100,100,100,100,100,100,100,100,100,100,100,100,100,100,100,99.2878827843556,100,100,100,100,100,100,100,100,100,100
524,"NPL","Nepal",0,0,0,0,0,0,0,0,0,0,0,0,0,0,0,0,0,0,0,0,0,0,0,0,0,0
528,"NLD","Netherlands",43.8366397165913,43.8366397165913,43.8366397165913,43.8366397165913,43.8366397165913,43.8366397165913,44.6512571952861,45.4658746739811,46.2804921526759,47.0951096313708,47.9097271100658,48.7243445887606,49.5389620674556,50.3535795461503,51.1681970248453,51.9828145035401,51.0615494656073,50.1402844276745,49.2190193897418,48.297754351809,47.3764893138762,47.4008136111299,47.4251379083836,47.4494622056374,47.4737865028911,47.4737865028911
540,"NCL","New Caledonia",NA,NA,NA,NA,NA,NA,NA,NA,NA,NA,NA,NA,NA,NA,NA,NA,NA,NA,NA,NA,NA,NA,NA,NA,NA,NA
554,"NZL","New Zealand",86.6478703139064,86.6478703139064,86.6478703139064,86.6478703139064,86.6478703139064,86.6478703139064,85.5481515801063,84.4484328463062,83.3487141125061,82.248995378706,81.1492766449059,80.0495579111058,78.9498391773056,77.8501204435056,76.7504017097053,75.6506829759053,75.2879210952539,74.9251592146026,74.5623973339511,74.1996354532998,73.8368735726485,72.2310167601425,70.6251599476364,69.0193031351302,67.4134463226242,67.4134463226242
558,"NIC","Nicaragua",54.9906846200851,54.9906846200851,54.9906846200851,54.9906846200851,54.9906846200851,54.9906846200851,55.1426080143349,55.2945314085849,55.4464548028347,55.5983781970845,55.7503015913344,55.9022249855842,56.054148379834,56.2060717740838,56.3579951683337,56.5099185625835,56.6223941299529,56.7348696973224,56.8473452646918,56.9598208320613,57.0722963994307,55.6447784237169,54.2172604480031,52.7897424722894,51.3622244965756,51.3622244965756
562,"NER","Niger",42.6455919373114,42.6455919373114,42.6455919373114,42.6455919373114,42.6455919373114,42.6455919373114,42.2751772552613,41.9047625732112,41.5343478911611,41.1639332091111,40.7935185270612,40.4231038450111,40.052689162961,39.6822744809109,39.3118597988609,38.9414451168108,37.2705143778775,35.599583638944,33.9286529000108,32.2577221610773,30.586791422144,30.0563108766109,29.5258303310778,28.9953497855449,28.4648692400118,28.4648692400118
566,"NGA","Nigeria",39.6227157076089,39.6227157076089,39.6227157076089,39.6227157076089,39.6227157076089,39.6227157076089,39.2403967864946,38.8580778653804,38.4757589442661,38.0934400231518,37.7111211020376,37.3288021809233,36.946483259809,36.5641643386947,36.1818454175805,35.7995264964662,35.0162220318949,34.2329175673236,33.4496131027521,32.6663086381808,31.8830041736095,31.6385584189577,31.3941126643058,31.149666909654,30.9052211550021,30.9052211550021
570,"NIU","Niue",35.0179673585264,35.0179673585264,35.0179673585264,35.0179673585264,35.0179673585264,35.0179673585264,35.8496500511981,36.6813327438695,37.5130154365412,38.3446981292128,39.1763808218845,40.0080635145559,40.8397462072276,41.6714288998992,42.5031115925707,43.3347942852423,43.6224003761946,43.9100064671469,44.1976125580994,44.4852186490517,44.772824740004,45.6449309703404,46.5170372006769,47.3891434310135,48.2612496613499,48.2612496613499
408,"PRK","North Korea",0.924144615165503,0.924144615165503,0.924144615165503,0.924144615165503,0.924144615165503,0.924144615165503,1.0445573465696,1.16497007797371,1.28538280937781,1.40579554078194,1.52620827218601,1.64662100358994,1.76703373499406,1.88744646639817,2.00785919780228,2.12827192920638,1.99441152533069,1.86055112145502,1.72669071757934,1.59283031370366,1.45896990982799,1.66693009994241,1.87489029005665,2.08285048017107,2.29081067028551,2.29081067028551
807,"MKD","North Macedonia",37.2106870177597,37.2106870177597,37.2106870177597,37.2106870177597,37.2106870177597,37.2106870177597,37.1827815405379,37.1548760633159,37.1269705860941,37.0990651088721,37.0711596316502,37.0432541544284,37.0153486772064,36.9874431999846,36.9595377227626,36.9316322455407,38.5475531718775,40.1634740982142,41.7793950245511,43.3953159508879,45.0112368772246,47.1613781725365,49.3115194678484,51.4616607631605,53.6118020584724,53.6118020584724
578,"NOR","Norway",46.6507079998711,46.6507079998711,46.6507079998711,46.6507079998711,46.6507079998711,46.6507079998711,47.0059236707955,47.3611393417201,47.7163550126445,48.0715706835691,48.4267863544935,48.7820020254179,49.1372176963425,49.4924333672669,49.8476490381914,50.2028647091158,51.0173820895478,51.8318994699797,52.6464168504118,53.4609342308438,54.2754516112757,55.3849838055763,56.4945159998771,57.6040481941777,58.7135803884784,58.7135803884784
512,"OMN","Oman",25.0660543821681,25.0660543821681,25.0660543821681,25.0660543821681,25.0660543821681,25.0660543821681,25.3936241815801,25.7211939809922,26.0487637804042,26.3763335798164,26.7039033792284,27.0314731786404,27.3590429780525,27.6866127774645,28.0141825768767,28.3417523762887,28.4230001732733,28.5042479702578,28.5854957672424,28.6667435642269,28.7479913612116,29.7259785080046,30.7039656547976,31.6819528015909,32.6599399483839,32.6599399483839
586,"PAK","Pakistan",0.532448520706666,0.532448520706666,0.532448520706666,0.532448520706666,0.532448520706666,0.532448520706666,0.769240599076923,1.00603267744738,1.24282475581765,1.47961683418808,1.71640891255836,1.95320099092862,2.18999306929909,2.42678514766935,2.66357722603979,2.90036930441005,2.68168170704509,2.46299410967993,2.24430651231495,2.02561891494979,1.8069313175848,1.68393994493967,1.56094857229436,1.43795719964919,1.31496582700407,1.31496582700407
585,"PLW","Palau",100,100,100,100,100,100,100,99.8125685017862,97.6893925568322,95.5662166118781,93.4430406669241,91.3198647219701,89.1966887770161,87.0735128320621,84.9503368871081,82.827160942154,82.2537307355245,81.680300528895,81.1068703222655,80.533440115636,79.9600099090065,83.2305356904062,86.5010614718058,89.7715872532055,93.0421130346051,93.0421130346051
591,"PAN","Panama",52.4145790225235,52.4145790225235,52.4145790225235,52.4145790225235,52.4145790225235,52.4145790225235,54.3240129367264,56.2334468509293,58.1428807651322,60.0523146793351,61.9617485935379,63.8711825077408,65.7806164219437,67.6900503361466,69.5994842503495,71.5089181645525,70.6501956950622,69.7914732255718,68.9327507560816,68.0740282865912,67.215305817101,66.0978545762493,64.9804033353974,63.8629520945457,62.7455008536939,62.7455008536939
598,"PNG","Papua New Guinea",100,100,100,100,100,100,100,100,98.7237207275892,97.1295725974495,95.5354244673097,93.9412763371699,92.3471282070301,90.7529800768903,89.1588319467505,87.5646838166107,87.6067640128156,87.6488442090205,87.6909244052254,87.7330046014303,87.7750847976353,89.6630440375627,91.5510032774902,93.4389625174176,95.3269217573451,95.3269217573451
600,"PRY","Paraguay",64.2880338400808,64.2880338400808,64.2880338400808,64.2880338400808,64.2880338400808,64.2880338400808,64.0835820637295,63.8791302873781,63.6746785110268,63.4702267346754,63.2657749583241,63.0613231819727,62.8568714056214,62.65241962927,62.4479678529187,62.2435160765674,60.8427864152587,59.4420567539499,58.0413270926412,56.6405974313324,55.2398677700237,53.131379729873,51.0228916897222,48.9144036495717,46.8059156094209,46.8059156094209
604,"PER","Peru",90.518558980726,90.518558980726,90.518558980726,90.518558980726,90.518558980726,90.518558980726,90.2442115624169,89.9698641441078,89.6955167257988,89.4211693074897,89.1468218891806,88.8724744708715,88.5981270525625,88.3237796342534,88.0494322159443,87.7750847976353,86.9825790270742,86.1900732565131,85.397567485952,84.6050617153909,83.8125559448299,81.085579729275,78.3586035137202,75.6316272981655,72.9046510826106,72.9046510826106
608,"PHL","Philippines",66.602209319909,66.602209319909,66.602209319909,66.602209319909,66.602209319909,66.602209319909,65.5040875302354,64.4059657405617,63.3078439508881,62.2097221612145,61.111600371541,60.0134785818672,58.9153567921937,57.8172350025201,56.7191132128463,55.6209914231728,57.1440031855152,58.6670149478575,60.1900267101999,61.7130384725422,63.2360502348847,66.273859090981,69.3116679470774,72.3494768031738,75.3872856592702,75.3872856592702
616,"POL","Poland",40.787981620682,40.787981620682,40.787981620682,40.787981620682,40.787981620682,40.787981620682,41.448754898284,42.1095281758862,42.7703014534882,43.4310747310903,44.0918480086923,44.7526212862943,45.4133945638965,46.0741678414985,46.7349411191007,47.3957143967027,47.2446153949243,47.0935163931459,46.9424173913676,46.7913183895892,46.6402193878108,47.1554981233745,47.670776858938,48.1860555945017,48.7013343300654,48.7013343300654
620,"PRT","Portugal",47.2148140415152,47.2148140415152,47.2148140415152,47.2148140415152,47.2148140415152,47.2148140415152,46.891934920199,46.569055798883,46.2461766775668,45.9232975562508,45.6004184349346,45.2775393136184,44.9546601923024,44.6317810709862,44.3089019496702,43.986022828354,45.1854530697355,46.384883311117,47.5843135524984,48.7837437938799,49.9831740352614,50.3761834068262,50.7691927783912,51.162202149956,51.555211521521,51.555211521521
634,"QAT","Qatar",23.8679236678122,23.8679236678122,23.8679236678122,23.8679236678122,23.8679236678122,23.8679236678122,24.3596624877499,24.8514013076875,25.3431401276252,25.8348789475629,26.3266177675006,26.8183565874384,27.3100954073761,27.8018342273138,28.2935730472514,28.7853118671891,28.4740536792609,28.1627954913328,27.8515373034045,27.5402791154765,27.2290209275482,27.5353879715509,27.8417550155535,28.1481220595562,28.4544891035587,28.4544891035587
178,"COG","Republic of Congo",59.6488363746044,59.6488363746044,59.6488363746044,59.6488363746044,59.6488363746044,59.6488363746044,57.7203305480052,55.7918247214062,53.8633188948069,51.9348130682077,50.0063072416085,48.0778014150094,46.1492955884102,44.220789761811,42.2922839352119,40.3637781086127,39.4529495843608,38.5421210601087,37.6312925358567,36.7204640116046,35.8096354873527,34.3818514059382,32.9540673245236,31.5262832431093,30.0984991616948,30.0984991616948
642,"ROU","Romania",36.8930702211899,36.8930702211899,36.8930702211899,36.8930702211899,36.8930702211899,36.8930702211899,37.7777867221034,38.6625032230168,39.5472197239303,40.4319362248438,41.3166527257573,42.2013692266708,43.0860857275843,43.9708022284978,44.8555187294113,45.7402352303248,47.7357891939882,49.7313431576516,51.7268971213148,53.7224510849782,55.7180050486416,57.5454615968088,59.372918144976,61.2003746931432,63.0278312413103,63.0278312413103
643,"RUS","Russia",31.4475512456631,31.4475512456631,31.4475512456631,31.4475512456631,31.4475512456631,31.4475512456631,32.5210090319916,33.59446681832,34.6679246046487,35.7413823909772,36.8148401773056,37.8882979636341,38.9617557499626,40.0352135362912,41.1086713226197,42.1821291089481,43.8900623289534,45.5979955489587,47.305928768964,49.0138619889693,50.7217952089745,52.0979407849546,53.4740863609346,54.8502319369147,56.2263775128947,56.2263775128947
646,"RWA","Rwanda",46.5051413549172,46.5051413549172,46.5051413549172,46.5051413549172,46.5051413549172,46.5051413549172,46.1873814633225,45.8696215717281,45.5518616801334,45.2341017885388,44.9163418969441,44.5985820053497,44.280822113755,43.9630622221604,43.6453023305659,43.3275424389713,41.0309872322916,38.7344320256119,36.4378768189321,34.1413216122524,31.8447664055728,30.4502729838865,29.0557795622002,27.6612861405141,26.2667927188279,26.2667927188279
652,"BLM","Saint Barthelemy",NA,NA,NA,NA,NA,NA,NA,NA,NA,NA,NA,NA,NA,NA,NA,NA,NA,NA,NA,NA,NA,NA,NA,NA,NA,NA
659,"KNA","Saint Kitts and Nevis",80.5813495094168,80.5813495094168,80.5813495094168,80.5813495094168,80.5813495094168,80.5813495094168,90.020853895384,99.4603582813511,100,100,100,100,100,100,100,100,100,100,100,100,100,100,100,100,100,100
662,"LCA","Saint Lucia",69.1944773129948,69.1944773129948,69.1944773129948,69.1944773129948,69.1944773129948,69.1944773129948,71.326885479768,73.4592936465411,75.5917018133142,77.7241099800874,79.8565181468604,81.9889263136335,84.1213344804066,86.2537426471798,88.3861508139529,90.518558980726,92.1522185964135,93.7858782121011,95.4195378277886,97.0531974434761,98.6868570591637,100,100,100,100,100
670,"VCT","Saint Vincent and the Grenadines",83.0683767031595,83.0683767031595,83.0683767031595,83.0683767031595,83.0683767031595,83.0683767031595,84.9919837739613,86.9155908447631,88.8391979155648,90.7628049863666,92.6864120571684,94.6100191279701,96.5336261987719,98.4572332695737,100,100,100,100,100,100,100,100,100,100,100,100
882,"WSM","Samoa",30.579281607685,30.579281607685,30.579281607685,30.579281607685,30.579281607685,30.579281607685,31.3682387684513,32.1571959292177,32.9461530899839,33.7351102507502,34.5240674115166,35.3130245722829,36.1019817330493,36.8909388938155,37.6798960545818,38.4688532153482,38.6423462817001,38.815839348052,38.9893324144042,39.1628254807561,39.336318547108,40.2971227799461,41.257927012784,42.2187312456221,43.1795354784602,43.1795354784602
674,"SMR","San Marino",49.5712214754711,49.5712214754711,49.5712214754711,49.5712214754711,49.5712214754711,49.5712214754711,49.3559784297408,49.1407353840103,48.9254923382799,48.7102492925495,48.4950062468193,48.2797632010888,48.0645201553585,47.849277109628,47.6340340638976,47.4187910181672,47.2615500119126,47.104309005658,46.9470679994036,46.789826993149,46.6325859868944,46.4059212225954,46.1792564582966,45.9525916939978,45.7259269296989,45.7259269296989
678,"STP","Sao Tome and Principe",49.9323917176968,49.9323917176968,49.9323917176968,49.9323917176968,49.9323917176968,49.9323917176968,48.7516273480618,47.5708629784268,46.3900986087918,45.2093342391568,44.0285698695216,42.8478054998865,41.6670411302515,40.4862767606165,39.3055123909815,38.1247480213465,35.9219295462212,33.7191110710959,31.5162925959703,29.313474120845,27.1106556457197,26.7882419863674,26.4658283270151,26.1434146676628,25.8210010083105,25.8210010083105
682,"SAU","Saudi Arabia",22.8230051940848,22.8230051940848,22.8230051940848,22.8230051940848,22.8230051940848,22.8230051940848,23.3686972031263,23.9143892121678,24.4600812212093,25.0057732302508,25.5514652392923,26.0971572483339,26.6428492573754,27.1885412664169,27.7342332754584,28.2799252844999,28.3094114535358,28.3388976225718,28.3683837916077,28.3978699606438,28.4273561296796,28.5609101570198,28.6944641843601,28.8280182117003,28.9615722390405,28.9615722390405
686,"SEN","Senegal",54.6039409429423,54.6039409429423,54.6039409429423,54.6039409429423,54.6039409429423,54.6039409429423,54.0806123491077,53.5572837552732,53.0339551614385,52.5106265676039,51.9872979737692,51.4639693799347,50.9406407861001,50.4173121922654,49.893983598431,49.3706550045963,47.4518856842686,45.5331163639408,43.6143470436131,41.6955777232852,39.7768084029575,39.3673214195492,38.9578344361407,38.5483474527324,38.1388604693241,38.1388604693241
688,"SRB","Serbia",35.3473807825186,35.3473807825186,35.3473807825186,35.3473807825186,35.3473807825186,35.3473807825186,35.5007577142219,35.6541346459254,35.8075115776287,35.9608885093322,36.1142654410356,36.2676423727389,36.4210193044424,36.5743962361457,36.7277731678493,36.8811500995526,38.7900432778366,40.6989364561204,42.6078296344044,44.5167228126883,46.4256159909723,48.1643361800271,49.9030563690819,51.6417765581367,53.3804967471915,53.3804967471915
690,"SYC","Seychelles",100,100,100,100,100,100,100,99.3950606859195,98.5480231871241,97.7009856883286,96.8539481895332,96.0069106907378,95.1598731919424,94.3128356931469,93.4657981943515,92.6187606955561,87.941262460239,83.2637642249219,78.5862659896049,73.9087677542877,69.2312695189707,67.5216049434657,65.8119403679606,64.1022757924556,62.3926112169505,62.3926112169505
694,"SLE","Sierra Leone",54.6875953335106,54.6875953335106,54.6875953335106,54.6875953335106,54.6875953335106,54.6875953335106,53.8293399651091,52.9710845967076,52.1128292283062,51.2545738599047,50.3963184915031,49.5380631231017,48.6798077547002,47.8215523862987,46.9632970178973,46.1050416494958,44.0877213534113,42.0704010573267,40.0530807612422,38.0357604651575,36.018440169073,36.2394802389202,36.4605203087672,36.6815603786142,36.9026004484614,36.9026004484614
702,"SGP","Singapore",65.4070448356018,65.4070448356018,65.4070448356018,65.4070448356018,65.4070448356018,65.4070448356018,66.0130442590209,66.6190436824399,67.225043105859,67.8310425292781,68.4370419526973,69.0430413761164,69.6490407995355,70.2550402229545,70.8610396463736,71.4670390697927,68.7619196391089,66.0568002084253,63.3516807777415,60.6465613470579,57.9414419163742,57.8126050463623,57.6837681763507,57.5549313063389,57.4260944363272,57.4260944363272
534,"SXM","Sint Maarten",NA,NA,NA,NA,NA,NA,NA,NA,NA,NA,NA,NA,NA,NA,NA,NA,NA,NA,NA,NA,NA,NA,NA,NA,NA,NA
703,"SVK","Slovakia",45.0818029224687,45.0818029224687,45.0818029224687,45.0818029224687,45.0818029224687,45.0818029224687,44.905736262346,44.7296696022233,44.5536029421006,44.3775362819779,44.2014696218552,44.0254029617325,43.8493363016098,43.6732696414871,43.4972029813645,43.3211363212418,44.0447890495439,44.768441777846,45.4920945061481,46.2157472344502,46.9393999627523,47.6273177306013,48.3152354984502,49.0031532662992,49.6910710341481,49.6910710341481
705,"SVN","Slovenia",36.1461458451115,36.1461458451115,36.1461458451115,36.1461458451115,36.1461458451115,36.1461458451115,37.2596201979529,38.3730945507944,39.4865689036358,40.6000432564772,41.7135176093187,42.8269919621601,43.9404663150015,45.053940667843,46.1674150206844,47.2808893735259,47.4009143728248,47.5209393721239,47.6409643714228,47.7609893707219,47.8810143700208,47.3176205564317,46.7542267428426,46.1908329292537,45.6274391156646,45.6274391156646
90,"SLB","Solomon Islands",100,100,100,100,100,100,100,100,100,100,99.8884520601465,97.6616366707536,95.4348212813608,93.2080058919679,90.981190502575,88.7543751131821,89.7876420310899,90.8209089489976,91.8541758669053,92.887442784813,93.9207097027207,95.7525123698613,97.5843150370018,99.4161177041424,100,100
706,"SOM","Somalia",58.5925585188641,58.5925585188641,58.5925585188641,58.5925585188641,58.5925585188641,58.5925585188641,58.6727553099331,58.7529521010021,58.8331488920709,58.9133456831399,58.9935424742089,59.0737392652779,59.1539360563468,59.2341328474157,59.3143296384846,59.3945264295536,55.9048479366184,52.4151694436832,48.9254909507481,45.4358124578129,41.9461339648776,40.4167656119536,38.8873972590296,37.3580289061056,35.8286605531815,35.8286605531815
710,"ZAF","South Africa",42.3711267379549,42.3711267379549,42.3711267379549,42.3711267379549,42.3711267379549,42.3711267379549,42.3886346558804,42.4061425738062,42.4236504917317,42.4411584096575,42.458666327583,42.4761742455086,42.4936821634343,42.5111900813599,42.5286979992856,42.5462059172112,42.2009581259687,41.8557103347261,41.5104625434834,41.1652147522409,40.8199669609984,40.2437122778865,39.6674575947746,39.0912029116625,38.5149482285506,38.5149482285506
410,"KOR","South Korea",39.3221507204794,39.3221507204794,39.3221507204794,39.3221507204794,39.3221507204794,39.3221507204794,40.2224020897981,41.122653459117,42.0229048284358,42.9231561977547,43.8234075670734,44.7236589363921,45.623910305711,46.5241616750298,47.4244130443487,48.3246644136674,47.603895176186,46.8831259387046,46.162356701223,45.4415874637416,44.7208182262601,43.9585796615563,43.1963410968526,42.4341025321487,41.6718639674449,41.6718639674449
728,"SSD","South Sudan",37.6748770446135,37.6748770446135,37.6748770446135,37.6748770446135,37.6748770446135,37.6748770446135,37.5491008345118,37.4233246244104,37.2975484143087,37.1717722042071,37.0459959941056,36.9202197840039,36.7944435739023,36.6686673638006,36.5428911536991,36.4171149435975,36.0432675068591,35.6694200701208,35.2955726333823,34.9217251966441,34.5478777599057,35.0230590786618,35.4982403974179,35.9734217161738,36.4486030349299,36.4486030349299
724,"ESP","Spain",37.3136570099948,37.3136570099948,37.3136570099948,37.3136570099948,37.3136570099948,37.3136570099948,37.400260664909,37.4868643198231,37.5734679747373,37.6600716296513,37.7466752845655,37.8332789394798,37.9198825943938,38.006486249308,38.0930899042221,38.1796935591363,38.1262776487008,38.0728617382653,38.0194458278299,37.9660299173944,37.9126140069589,37.8602591491203,37.8079042912818,37.7555494334432,37.7031945756046,37.7031945756046
144,"LKA","Sri Lanka",61.5402063086691,61.5402063086691,61.5402063086691,61.5402063086691,61.5402063086691,61.5402063086691,61.7282145260977,61.9162227435261,62.1042309609546,62.2922391783832,62.4802473958116,62.6682556132401,62.8562638306687,63.0442720480973,63.2322802655256,63.4202884829542,60.2747699655971,57.1292514482398,53.9837329308827,50.8382144135255,47.6926958961684,46.7798346954461,45.866973494724,44.9541122940018,44.0412510932795,44.0412510932795
275,"PSE","State of Palestine",30.4282990562932,30.4282990562932,30.4282990562932,30.4282990562932,30.4282990562932,30.4282990562932,30.6505538479148,30.8728086395367,31.0950634311584,31.3173182227802,31.5395730144019,31.7618278060236,31.9840825976455,32.2063373892671,32.428592180889,32.6508469725107,32.9554089015841,33.2599708306575,33.5645327597308,33.8690946888042,34.1736566178776,34.4071844125874,34.6407122072971,34.8742400020071,35.1077677967168,35.1077677967168
729,"SDN","Sudan",39.4557544892894,39.4557544892894,39.4557544892894,39.4557544892894,39.4557544892894,39.4557544892894,39.2747236270395,39.0936927647897,38.9126619025398,38.73163104029,38.5506001780403,38.3695693157904,38.1885384535406,38.0075075912907,37.826476729041,37.645445866791,36.5881541581107,35.5308624494302,34.4735707407498,33.4162790320693,32.3589873233889,31.923456198293,31.487925073197,31.0523939481013,30.6168628230053,30.6168628230053
740,"SUR","Suriname",100,100,100,100,100,100,100,100,100,100,100,100,100,100,100,100,100,100,100,100,100,100,100,99.7760315132629,99.47227450317,99.47227450317
752,"SWE","Sweden",56.8706760423058,56.8706760423058,56.8706760423058,56.8706760423058,56.8706760423058,56.8706760423058,56.9112341900858,56.9517923378659,56.9923504856458,57.0329086334258,57.0734667812059,57.1140249289859,57.154583076766,57.1951412245459,57.2356993723259,57.276257520106,57.8328414758193,58.3894254315326,58.946009387246,59.5025933429593,60.0591772986726,61.2147778708494,62.3703784430261,63.5259790152027,64.6815795873794,64.6815795873794
756,"CHE","Switzerland",42.2677202138839,42.2677202138839,42.2677202138839,42.2677202138839,42.2677202138839,42.2677202138839,42.5928664404977,42.9180126671117,43.2431588937255,43.5683051203393,43.893451346953,44.218597573567,44.5437438001808,44.8688900267946,45.1940362534085,45.5191824800223,45.5503411513655,45.5814998227089,45.6126584940521,45.6438171653955,45.6749758367387,45.8555015705037,46.0360273042686,46.2165530380336,46.3970787717985,46.3970787717985
760,"SYR","Syria",27.5185607676425,27.5185607676425,27.5185607676425,27.5185607676425,27.5185607676425,27.5185607676425,27.7080449264059,27.8975290851694,28.0870132439326,28.2764974026961,28.4659815614595,28.6554657202229,28.8449498789864,29.0344340377496,29.2239181965131,29.4134023552765,29.7014056310327,29.989408906789,30.2774121825452,30.5654154583015,30.8534187340577,30.9212185500919,30.9890183661262,31.0568181821604,31.1246179981947,31.1246179981947
158,"TWN","Taiwan",33.2180609055733,33.2180609055733,33.2180609055733,33.2180609055733,33.2180609055733,33.2180609055733,33.5877317382802,33.9574025709871,34.327073403694,34.696744236401,35.0664150691078,35.4360859018148,35.8057567345218,36.1754275672288,36.5450983999356,36.9147692326426,38.0693129215534,39.2238566104641,40.3784002993747,41.5329439882855,42.6874876771963,43.8305358212062,44.9735839652159,46.1166321092256,47.2596802532355,47.2596802532355
762,"TJK","Tajikistan",16.2095890488097,16.2095890488097,16.2095890488097,16.2095890488097,16.2095890488097,16.2095890488097,16.5289779289712,16.8483668091326,17.1677556892941,17.4871445694556,17.8065334496169,18.1259223297783,18.4453112099398,18.7647000901013,19.0840889702628,19.4034778504242,19.6581042557928,19.9127306611614,20.1673570665298,20.4219834718984,20.676609877267,21.0443050135215,21.4120001497762,21.7796952860309,22.1473904222855,22.1473904222855
834,"TZA","Tanzania",77.5548418537867,77.5548418537867,77.5548418537867,77.5548418537867,77.5548418537867,77.5548418537867,76.3106830861698,75.0665243185529,73.8223655509362,72.5782067833192,71.3340480157024,70.0898892480854,68.8457304804685,67.6015717128518,66.3574129452349,65.113254177618,62.6887463356961,60.264238493774,57.8397306518521,55.41522280993,52.990714968008,51.700362657444,50.4100103468799,49.1196580363157,47.8293057257516,47.8293057257516
764,"THA","Thailand",53.448159227843,53.448159227843,53.448159227843,53.448159227843,53.448159227843,53.448159227843,52.2848741207973,51.1215890137515,49.9583039067058,48.79501879966,47.6317336926143,46.4684485855686,45.3051634785228,44.1418783714771,42.9785932644313,41.8153081573856,41.6498472158941,41.4843862744028,41.3189253329113,41.15346439142,40.9880034499285,40.69220144708,40.3963994442314,40.1005974413829,39.8047954385343,39.8047954385343
626,"TLS","Timor-Leste",58.6529652440482,58.6529652440482,58.6529652440482,58.6529652440482,58.6529652440482,58.6529652440482,58.06025757943,57.4675499148119,56.8748422501937,56.2821345855755,55.6894269209572,55.096719256339,54.5040115917209,53.9113039271027,53.3185962624845,52.7258885978664,50.9192231246064,49.1125576513463,47.3058921780864,45.4992267048263,43.6925612315664,42.8910968305028,42.089632429439,41.2881680283753,40.4867036273117,40.4867036273117
768,"TGO","Togo",43.4027358154059,43.4027358154059,43.4027358154059,43.4027358154059,43.4027358154059,43.4027358154059,42.8082432670489,42.2137507186921,41.6192581703351,41.0247656219783,40.4302730736215,39.8357805252645,39.2412879769076,38.6467954285507,38.0523028801938,37.457810331837,35.7261266756641,33.9944430194914,32.2627593633185,30.5310757071458,28.7993920509729,28.3006410494373,27.8018900479018,27.3031390463662,26.8043880448307,26.8043880448307
776,"TON","Tonga",37.3702635232908,37.3702635232908,37.3702635232908,37.3702635232908,37.3702635232908,37.3702635232908,38.235829838976,39.1013961546612,39.9669624703464,40.8325287860316,41.6980951017168,42.563661417402,43.4292277330872,44.2947940487724,45.1603603644576,46.0259266801428,46.1610430336451,46.2961593871473,46.4312757406496,46.5663920941518,46.7015084476542,47.6403650423701,48.579221637086,49.518078231802,50.4569348265179,50.4569348265179
780,"TTO","Trinidad and Tobago",78.5903603481877,78.5903603481877,78.5903603481877,78.5903603481877,78.5903603481877,78.5903603481877,79.8206939611723,81.051027574157,82.2813611871416,83.5116948001262,84.7420284131109,85.9723620260955,87.2026956390801,88.4330292520647,89.6633628650494,90.893696478034,91.3233797893482,91.7530631006624,92.1827464119767,92.6124297232909,93.0421130346051,93.7790733014964,94.5160335683878,95.2529938352791,95.9899541021704,95.9899541021704
788,"TUN","Tunisia",33.2469151951128,33.2469151951128,33.2469151951128,33.2469151951128,33.2469151951128,33.2469151951128,33.6629537013022,34.0789922074918,34.4950307136812,34.9110692198706,35.3271077260602,35.7431462322496,36.159184738439,36.5752232446284,36.991261750818,37.4073002570074,37.2527098265286,37.0981193960497,36.943528965571,36.7889385350921,36.6343481046133,36.5588994374701,36.4834507703269,36.4080021031836,36.3325534360405,36.3325534360405
792,"TUR","Turkey",26.6366959811465,26.6366959811465,26.6366959811465,26.6366959811465,26.6366959811465,26.6366959811465,26.2990486562429,25.9614013313392,25.6237540064357,25.2861066815321,24.9484593566284,24.6108120317247,24.2731647068211,23.9355173819176,23.5978700570139,23.2602227321103,23.353172698582,23.4461226650537,23.5390726315252,23.6320225979969,23.7249725644686,24.2159882173117,24.7070038701548,25.1980195229977,25.6890351758407,25.6890351758407
795,"TKM","Turkmenistan",32.4941606229237,32.4941606229237,32.4941606229237,32.4941606229237,32.4941606229237,32.4941606229237,33.9594964871677,35.4248323514119,36.890168215656,38.3555040799,39.820839944144,41.2861758083882,42.7515116726323,44.2168475368763,45.6821834011205,47.1475192653645,47.0389404507456,46.9303616361265,46.8217828215076,46.7132040068885,46.6046251922695,46.324820199565,46.0450152068605,45.7652102141559,45.4854052214513,45.4854052214513
796,"TCA","Turks and Caicos Islands",NA,NA,NA,NA,NA,NA,NA,NA,NA,NA,NA,NA,NA,NA,NA,NA,NA,NA,NA,NA,NA,NA,NA,NA,NA,NA
798,"TUV","Tuvalu",84.8565227548217,84.8565227548217,84.8565227548217,84.8565227548217,84.8565227548217,84.8565227548217,83.7738109300414,82.6910991052611,81.6083872804808,80.5256754557005,79.4429636309202,78.3602518061398,77.2775399813595,76.1948281565793,75.1121163317989,74.0294045070186,73.0477482561421,72.0660920052655,71.0844357543891,70.1027795035126,69.1211232526361,68.702514463451,68.283905674266,67.8652968850809,67.4466880958959,67.4466880958959
800,"UGA","Uganda",51.7205465395088,51.7205465395088,51.7205465395088,51.7205465395088,51.7205465395088,51.7205465395088,51.6079521241952,51.4953577088814,51.3827632935678,51.2701688782541,51.1575744629403,51.0449800476267,50.932385632313,50.8197912169993,50.7071968016856,50.594602386372,47.5553110825629,44.5160197787537,41.4767284749445,38.4374371711354,35.3981458673262,34.9772744034523,34.5564029395784,34.1355314757047,33.7146600118308,33.7146600118308
804,"UKR","Ukraine",26.2372881569581,26.2372881569581,26.2372881569581,26.2372881569581,26.2372881569581,26.2372881569581,27.8693415196653,29.5013948823725,31.1334482450799,32.7655016077871,34.3975549704943,36.0296083332014,37.6616616959086,39.293715058616,40.9257684213232,42.5578217840304,43.6816009967944,44.8053802095584,45.9291594223224,47.0529386350864,48.1767178478504,48.7922953818805,49.4078729159107,50.0234504499409,50.639027983971,50.639027983971
784,"ARE","United Arab Emirates",8.71057774628872,8.71057774628872,8.71057774628872,8.71057774628872,8.71057774628872,8.71057774628872,9.188211057708,9.6658443691273,10.1434776805464,10.6211109919657,11.098744303385,11.5763776148043,12.0540109262236,12.5316442376427,13.009277549062,13.4869108604813,14.0053188981739,14.5237269358665,15.0421349735592,15.5605430112518,16.0789510489443,16.7566602170881,17.4343693852317,18.1120785533754,18.7897877215191,18.7897877215191
826,"GBR","United Kingdom",59.3734991715885,59.3734991715885,59.3734991715885,59.3734991715885,59.3734991715885,59.3734991715885,59.5156971854081,59.6578951992275,59.800093213047,59.9422912268666,60.0844892406862,60.2266872545056,60.3688852683252,60.5110832821447,60.6532812959641,60.7954793097837,60.7010568113271,60.6066343128705,60.512211814414,60.4177893159574,60.3233668175008,61.3704842403992,62.4176016632974,63.4647190861958,64.5118365090941,64.5118365090941
840,"USA","United States of America",25.2126204648682,25.2126204648682,25.2126204648682,25.2126204648682,25.2126204648682,25.2126204648682,25.6800101359428,26.1473998070173,26.6147894780918,27.0821791491664,27.5495688202407,28.0169584913153,28.4843481623898,28.9517378334643,29.4191275045389,29.8865171756134,30.4372498178735,30.9879824601336,31.5387151023934,32.0894477446535,32.6401803869136,33.0616014632287,33.4830225395439,33.9044436158591,34.3258646921742,34.3258646921742
858,"URY","Uruguay",59.5636567074597,59.5636567074597,59.5636567074597,59.5636567074597,59.5636567074597,59.5636567074597,59.6153952350564,59.6671337626532,59.7188722902499,59.7706108178466,59.8223493454434,59.8740878730401,59.9258264006368,59.9775649282334,60.0293034558303,60.081041983427,60.1118058831501,60.1425697828731,60.1733336825963,60.2040975823193,60.2348614820424,59.2013620339187,58.1678625857949,57.134363137671,56.1008636895473,56.1008636895473
860,"UZB","Uzbekistan",18.6634665574798,18.6634665574798,18.6634665574798,18.6634665574798,18.6634665574798,18.6634665574798,20.2552097881729,21.8469530188661,23.438696249559,25.0304394802521,26.6221827109453,28.2139259416384,29.8056691723315,31.3974124030245,32.9891556337176,34.5808988644107,34.6761278750146,34.7713568856184,34.8665858962221,34.9618149068259,35.0570439174298,34.9170095981302,34.7769752788309,34.6369409595313,34.496906640232,34.496906640232
548,"VUT","Vanuatu",75.6506829759053,75.6506829759053,75.6506829759053,75.6506829759053,75.6506829759053,75.6506829759053,74.5737855310136,73.4968880861219,72.4199906412302,71.3430931963386,70.2661957514468,69.1892983065552,68.1124008616636,67.0355034167719,65.9586059718802,64.8817085269885,64.0462807315323,63.2108529360762,62.3754251406198,61.5399973451636,60.7045695497074,60.3092061025505,59.9138426553936,59.5184792082368,59.1231157610799,59.1231157610799
862,"VEN","Venezuela",54.3356110522337,54.3356110522337,54.3356110522337,54.3356110522337,54.3356110522337,54.3356110522337,55.2282751457694,56.120939239305,57.0136033328405,57.9062674263762,58.7989315199119,59.6915956134476,60.5842597069833,61.4769238005188,62.3695878940545,63.2622519875901,62.7011948875597,62.1401377875293,61.5790806874989,61.0180235874685,60.4569664874381,59.2882128453962,58.1194592033543,56.9507055613126,55.7819519192707,55.7819519192707
704,"VNM","Viet Nam",46.6117382644662,46.6117382644662,46.6117382644662,46.6117382644662,46.6117382644662,46.6117382644662,45.2920117018771,43.9722851392881,42.652558576699,41.33283201411,40.0131054515211,38.693378888932,37.373652326343,36.0539257637539,34.7341992011649,33.4144726385758,34.1418397720575,34.8692069055392,35.5965740390209,36.3239411725026,37.0513083059843,37.4644765520291,37.8776447980742,38.290813044119,38.7039812901638,38.7039812901638
876,"WLF","Wallis and Futuna Islands",NA,NA,NA,NA,NA,NA,NA,NA,NA,NA,NA,NA,NA,NA,NA,NA,NA,NA,NA,NA,NA,NA,NA,NA,NA,NA
732,"ESH","Western Sahara",NA,NA,NA,NA,NA,NA,NA,NA,NA,NA,NA,NA,NA,NA,NA,NA,NA,NA,NA,NA,NA,NA,NA,NA,NA,NA
887,"YEM","Yemen",32.8344882333404,32.8344882333404,32.8344882333404,32.8344882333404,32.8344882333404,32.8344882333404,32.9475403447669,33.0605924561932,33.1736445676197,33.2866966790462,33.3997487904727,33.512800901899,33.6258530133255,33.738905124752,33.8519572361783,33.9650093476048,32.9790904037268,31.9931714598488,31.0072525159706,30.0213335720925,29.0354146282145,28.3569757815931,27.6785369349716,27.0000980883503,26.3216592417289,26.3216592417289
894,"ZMB","Zambia",39.5956305453365,39.5956305453365,39.5956305453365,39.5956305453365,39.5956305453365,39.5956305453365,39.0230400453144,38.4504495452926,37.8778590452705,37.3052685452485,36.7326780452264,36.1600875452045,35.5874970451825,35.0149065451604,34.4423160451385,33.8697255451165,34.4034993998785,34.9372732546403,35.4710471094023,36.0048209641641,36.5385948189261,35.9040888037734,35.2695827886208,34.6350767734681,34.0005707583154,34.0005707583154
716,"ZWE","Zimbabwe",59.6701959783693,59.6701959783693,59.6701959783693,59.6701959783693,59.6701959783693,59.6701959783693,58.2979517384836,56.9257074985978,55.5534632587122,54.1812190188265,52.8089747789408,51.436730539055,50.0644862991692,48.6922420592837,47.3199978193979,45.9477535795122,45.8593661592521,45.770978738992,45.682591318732,45.5942038984718,45.5058164782118,44.3265766476479,43.1473368170841,41.9680969865204,40.7888571559566,40.7888571559566
