"code","iso","country","PAR.ind.1995","PAR.ind.1996","PAR.ind.1997","PAR.ind.1998","PAR.ind.1999","PAR.ind.2000","PAR.ind.2001","PAR.ind.2002","PAR.ind.2003","PAR.ind.2004","PAR.ind.2005","PAR.ind.2006","PAR.ind.2007","PAR.ind.2008","PAR.ind.2009","PAR.ind.2010","PAR.ind.2011","PAR.ind.2012","PAR.ind.2013","PAR.ind.2014","PAR.ind.2015","PAR.ind.2016","PAR.ind.2017","PAR.ind.2018","PAR.ind.2019","PAR.ind.2020"
4,"AFG","Afghanistan",2.25718797332468,2.25718797332468,2.25718797332468,2.25718797332468,2.25718797332468,2.25718797332468,2.43233488853769,2.60748180375075,2.78262871896376,2.95777563417681,3.13292254938982,3.37078351399834,3.60864447860683,3.84650544321535,4.08436640782384,4.32222737243236,4.32222737243236,4.87086196024951,4.87086196024951,5.02314910097017,5.02314910097017,5.01628878242469,5.01628878242469,5.01628878242469,5.01628878242469,5.01628878242469
8,"ALB","Albania",20.7053958493283,20.7053958493283,20.7053958493283,20.7053958493283,20.7053958493283,20.7053958493283,21.8377779249267,22.970160000525,24.1025420761234,25.2349241517217,26.3673062273201,27.999632525546,29.6319588237715,31.2642851219975,32.896611420223,34.528937718449,34.528937718449,35.6851698406078,35.6851698406078,38.2959088042941,38.2959088042941,38.6432198875267,38.6432198875267,38.6432198875267,38.6432198875267,38.6432198875267
12,"DZA","Algeria",2.55189532704928,2.55189532704928,2.55189532704928,2.55189532704928,2.55189532704928,2.55189532704928,2.82728163755208,3.10266794805485,3.37805425855765,3.65344056906042,3.92882687956322,3.95355504689774,3.97828321423225,4.00301138156673,4.02773954890124,4.05246771623576,4.05246771623576,7.03329402072531,7.03329402072531,7.07115104810754,7.07115104810754,7.07394289948082,7.07394289948082,7.07394289948082,7.07394289948082,7.07394289948082
20,"AND","Andorra",79.2824345421214,79.2824345421214,79.2824345421214,79.2824345421214,79.2824345421214,79.2824345421214,80.8097204151744,82.3370062882275,83.8642921612806,85.3915780343337,86.9188639073868,89.3786042771399,91.8383446468934,94.2980850166466,96.7578253864001,99.2175657561533,99.2175657561533,100,100,100,100,100,100,100,100,100
24,"AGO","Angola",24.7554177128652,24.7554177128652,24.7554177128652,24.7554177128652,24.7554177128652,24.7554177128652,24.8899634732779,25.0245092336905,25.1590549941031,25.2936007545157,25.4281465149284,26.107100906934,26.78605529894,27.4650096909456,28.1439640829516,28.8229184749573,28.8229184749573,29.6606170588086,29.6606170588086,29.7756317905968,29.7756317905968,29.8368377630112,29.8368377630112,29.8368377630112,29.8368377630112,29.8368377630112
660,"AIA","Anguilla",21.6878531199834,21.6878531199834,21.6878531199834,21.6878531199834,21.6878531199834,21.6878531199834,22.4539896331638,23.2201261463443,23.9862626595247,24.7523991727051,25.5185356858856,27.4481583624002,29.3777810389148,31.3074037154291,33.2370263919437,35.1666490684583,35.1666490684583,35.6055901454805,35.6055901454805,35.6601147641809,35.6601147641809,35.6605920037321,35.6605920037321,35.6605920037321,35.6605920037321,35.6605920037321
28,"ATG","Antigua and Barbuda",32.9303045325231,32.9303045325231,32.9303045325231,32.9303045325231,32.9303045325231,32.9303045325231,34.1318982740038,35.333492015484,36.5350857569647,37.736679498445,38.9382732399256,41.7948144343487,44.6513556287722,47.5078968231953,50.3644380176187,53.2209792120418,53.2209792120418,53.6897477610007,53.6897477610007,53.7515502828539,53.7515502828539,53.7520275224048,53.7520275224048,53.7520275224048,53.7520275224048,53.7520275224048
32,"ARG","Argentina",7.62238659147759,7.62238659147759,7.62238659147759,7.62238659147759,7.62238659147759,7.62238659147759,8.18856211899135,8.75473764650509,9.32091317401885,9.88708870153258,10.4532642290464,11.4284268931645,12.4035895572828,13.378752221401,14.3539148855192,15.3290775496374,15.3290775496374,15.919053013559,15.919053013559,16.1649387612173,16.1649387612173,16.1654637247235,16.1654637247235,16.1654637247235,16.1654637247235,16.1654637247235
51,"ARM","Armenia",12.7200685793235,12.7200685793235,12.7200685793235,12.7200685793235,12.7200685793235,12.7200685793235,13.0957968916195,13.4715252039155,13.8472535162115,14.2229818285075,14.5987101408035,15.2755789959715,15.9524478511394,16.6293167063074,17.3061855614753,17.9830544166433,17.9830544166433,18.6534328139177,18.6534328139177,18.9487844410362,18.9487844410362,18.9861522978786,18.9861522978786,18.9861522978786,18.9861522978786,18.9861522978786
533,"ABW","Aruba",10.5794463663279,10.5794463663279,10.5794463663279,10.5794463663279,10.5794463663279,10.5794463663279,10.8541502242728,11.1288540822176,11.4035579401625,11.6782617981074,11.9529656560523,12.6016415847455,13.2503175134388,13.898993442132,14.5476693708253,15.1963452995185,15.1963452995185,15.6443181350433,15.6443181350433,15.6931993960534,15.6931993960534,15.693640842638,15.693640842638,15.693640842638,15.693640842638,15.693640842638
36,"AUS","Australia",10.5062020262398,10.5062020262398,10.5062020262398,10.5062020262398,10.5062020262398,10.5062020262398,12.3552189425923,14.2042358589447,16.0532527752971,17.9022696916495,19.751286608002,20.7084310928726,21.6655755777432,22.6227200626138,23.5798645474845,24.5370090323551,24.5370090323551,32.2949793802688,32.2949793802688,40.4109151843903,40.4109151843903,40.4117503536048,40.4117503536048,40.4117503536048,40.4117503536048,40.4117503536048
40,"AUT","Austria",43.1435888533544,43.1435888533544,43.1435888533544,43.1435888533544,43.1435888533544,43.1435888533544,44.5749018527037,46.0062148520526,47.4375278514019,48.8688408507508,50.3001538501001,52.3371792875646,54.3742047250295,56.411230162494,58.4482555999588,60.4852810374233,60.4852810374233,62.3333911986288,62.3333911986288,63.5147977071026,63.5147977071026,63.6776557038776,63.6776557038776,63.6776557038776,63.6776557038776,63.6776557038776
31,"AZE","Azerbaijan",5.30889628212492,5.30889628212492,5.30889628212492,5.30889628212492,5.30889628212492,5.30889628212492,5.77638582908737,6.24387537604985,6.7113649230123,7.17885446997478,7.64634401693723,8.34681952649485,9.04729503605247,9.74777054561008,10.4482460551677,11.1487215647253,11.1487215647253,11.632606676462,11.632606676462,11.79991493205,11.79991493205,11.6503241947925,11.6503241947925,11.6503241947925,11.6503241947925,11.6503241947925
44,"BHS","Bahamas",22.2740583914522,22.2740583914522,22.2740583914522,22.2740583914522,22.2740583914522,22.2740583914522,24.0365279152327,25.7989974390133,27.5614669627939,29.3239364865742,31.0864060103549,35.0320007015421,38.9775953927294,42.9231900839166,46.8687847751038,50.8143794662911,50.8143794662911,51.4151047510986,51.4151047510986,51.6759161657143,51.6759161657143,51.6763934052652,51.6763934052652,51.6763934052652,51.6763934052652,51.6763934052652
48,"BHR","Bahrain",0,0,0,0,0,0,0.120662861874334,0.241325723748704,0.36198858562304,0.482651447497409,0.603314309371743,0.754444144181226,0.905573978990711,1.05670381380023,1.20783364860971,1.35896348341919,1.35896348341919,1.98938499928711,1.98938499928711,2.01557351964765,2.01557351964765,2.01297256409475,2.01297256409475,2.01297256409475,2.01297256409475,2.01297256409475
50,"BGD","Bangladesh",2.40701733035773,2.40701733035773,2.40701733035773,2.40701733035773,2.40701733035773,2.40701733035773,1.71652137705084,1.02602542374398,0.335529470437085,0,0,0.056173004109641,1.15780844439591,2.25944388468222,3.36107932496849,4.4627147652548,4.4627147652548,4.55002574110829,4.55002574110829,4.62934295448269,4.62934295448269,4.70295715522275,4.70295715522275,4.70295715522275,4.70295715522275,4.70295715522275
52,"BRB","Barbados",35.5054652876831,35.5054652876831,35.5054652876831,35.5054652876831,35.5054652876831,35.5054652876831,36.2981888162493,37.0909123448151,37.8836358733813,38.6763594019471,39.4690829305133,41.4959431655418,43.5228034005705,45.549663635599,47.5765238706278,49.6033841056562,49.6033841056562,50.3326061395675,50.3326061395675,50.4396271088768,50.4396271088768,50.4399850385401,50.4399850385401,50.4399850385401,50.4399850385401,50.4399850385401
112,"BLR","Belarus",21.7143399150633,21.7143399150633,21.7143399150633,21.7143399150633,21.7143399150633,21.7143399150633,22.0961291696569,22.4779184242505,22.859707678844,23.2414969334376,23.6232861880312,24.2863413443958,24.9493965007604,25.6124516571249,26.2755068134897,26.9385619698541,26.9385619698541,27.4545772343609,27.4545772343609,27.5950049722397,27.5950049722397,27.4949039764196,27.4949039764196,27.4949039764196,27.4949039764196,27.4949039764196
56,"BEL","Belgium",38.3015163690183,38.3015163690183,38.3015163690183,38.3015163690183,38.3015163690183,38.3015163690183,39.6326329246372,40.9637494802564,42.2948660358753,43.6259825914945,44.9570991471134,46.9022321090351,48.8473650709567,50.7924980328783,52.7376309948,54.6827639567217,54.6827639567217,55.6519181748927,55.6519181748927,56.2108849989889,56.2108849989889,56.1605362263594,56.1605362263594,56.1605362263594,56.1605362263594,56.1605362263594
84,"BLZ","Belize",85.5402381544671,85.5402381544671,85.5402381544671,85.5402381544671,85.5402381544671,85.5402381544671,86.3093096908862,87.078381227305,87.8474527637242,88.616524300143,89.3855958365622,90.8033790946409,92.2211623527193,93.638945610798,95.0567288688764,96.4745121269551,96.4745121269551,98.4576810810908,98.4576810810908,98.6492927608128,98.6492927608128,98.6498893102516,98.6498893102516,98.6498893102516,98.6498893102516,98.6498893102516
204,"BEN","Benin",43.6615130760654,43.6615130760654,43.6615130760654,43.6615130760654,43.6615130760654,43.6615130760654,40.5658677080035,37.4702223399412,34.3745769718793,31.278931603817,28.183286235755,31.6596017316637,35.1359172275724,38.6122327234807,42.0885482193894,45.5648637152981,45.5648637152981,45.9002438097557,45.9002438097557,45.9442691583345,45.9442691583345,45.9875786475868,45.9875786475868,45.9875786475868,45.9875786475868,45.9875786475868
60,"BMU","Bermuda",5.82995835488368,5.82995835488368,5.82995835488368,5.82995835488368,5.82995835488368,5.82995835488368,5.70865837820878,5.58735840153384,5.46605842485893,5.34475844818399,5.22345847150909,5.60367522178217,5.98389197205525,6.3641087223283,6.74432547260138,7.12454222287446,7.12454222287446,7.2077608695782,7.2077608695782,7.28958359059529,7.28958359059529,9.86108153220143,9.86108153220143,9.86108153220143,9.86108153220143,9.86108153220143
64,"BTN","Bhutan",36.9066644713647,36.9066644713647,36.9066644713647,36.9066644713647,36.9066644713647,36.9066644713647,35.5070425643989,34.1074206574334,32.7077987504675,31.3081768435021,29.9085549365362,34.051755436206,38.1949559358758,42.3381564355456,46.4813569352155,50.6245574348853,50.6245574348853,50.8055505345977,50.8055505345977,50.8912150340005,50.8912150340005,50.6634524582906,50.6634524582906,50.6634524582906,50.6634524582906,50.6634524582906
68,"BOL","Bolivia",33.6001102423363,33.6001102423363,33.6001102423363,33.6001102423363,33.6001102423363,33.6001102423363,34.7067094511925,35.8133086600484,36.9199078689047,38.0265070777606,39.1331062866168,41.2220076632741,43.3109090399314,45.3998104165883,47.4887117932455,49.5776131699028,49.5776131699028,50.3476391854237,50.3476391854237,50.4794766113843,50.4794766113843,50.4800731608232,50.4800731608232,50.4800731608232,50.4800731608232,50.4800731608232
70,"BIH","Bosnia and Herzegovina",20.1586582887264,20.1586582887264,20.1586582887264,20.1586582887264,20.1586582887264,20.1586582887264,21.6663391610248,23.1740200333233,24.6817009056217,26.18938177792,27.6970626502186,29.1047427470028,30.512422843787,31.9201029405711,33.3277830373553,34.7354631341395,34.7354631341395,36.1755334792492,36.1755334792492,41.4977089518807,41.4977089518807,41.8478834724188,41.8478834724188,41.8478834724188,41.8478834724188,41.8478834724188
72,"BWA","Botswana",51.9901784100406,51.9901784100406,51.9901784100406,51.9901784100406,51.9901784100406,51.9901784100406,53.1223099348747,54.2544414597088,55.3865729845428,56.5187045093769,57.6508360342109,59.5267931232166,61.4027502122226,63.2787073012282,65.1546643902343,67.0306214792399,67.0306214792399,70.0089542070756,70.0089542070756,70.1972252099408,70.1972252099408,70.6749420004807,70.6749420004807,70.6749420004807,70.6749420004807,70.6749420004807
76,"BRA","Brazil",22.1177505075145,22.1177505075145,22.1177505075145,22.1177505075145,22.1177505075145,22.1177505075145,24.0331991693646,25.9486478312147,27.8640964930649,29.7795451549148,31.6949938167651,35.474129738765,39.253265660765,43.032401582765,46.8115375047649,50.5906734267649,50.5906734267649,51.4918210089203,51.4918210089203,51.7667109902901,51.7667109902901,51.767188229841,51.767188229841,51.767188229841,51.767188229841,51.767188229841
92,"VGB","British Virgin Islands",24.9151617215701,24.9151617215701,24.9151617215701,24.9151617215701,24.9151617215701,24.9151617215701,25.539252654794,26.1633435880183,26.7874345212422,27.4115254544665,28.0356163876904,29.731988233659,31.4283600796275,33.1247319255961,34.8211037715646,36.5174756175332,36.5174756175332,36.9324354071181,36.9324354071181,37.0120151022455,37.0120151022455,37.0124923417967,37.0124923417967,37.0124923417967,37.0124923417967,37.0124923417967
96,"BRN","Brunei Darussalam",9.40021129781119,9.40021129781119,9.40021129781119,9.40021129781119,9.40021129781119,9.40021129781119,8.42626559454802,7.45231989128484,6.47837418802164,5.50442848475846,4.53048278149529,5.97759479617996,7.4247068108646,8.87181882554927,10.3189308402339,11.7660428549186,11.7660428549186,11.8718349323841,11.8718349323841,11.9876848333867,11.9876848333867,12.6510000853066,12.6510000853066,12.6510000853066,12.6510000853066,12.6510000853066
100,"BGR","Bulgaria",10.8468436867471,10.8468436867471,10.8468436867471,10.8468436867471,10.8468436867471,10.8468436867471,12.6360720321516,14.4253003775561,16.2145287229607,18.0037570683651,19.7929854137697,22.7907632671104,25.7885411204512,28.786318973792,31.7840968271325,34.7818746804733,34.7818746804733,36.0530022245329,36.0530022245329,37.0214405833778,37.0214405833778,37.0037827199909,37.0037827199909,37.0037827199909,37.0037827199909,37.0037827199909
854,"BFA","Burkina Faso",32.040849319367,32.040849319367,32.040849319367,32.040849319367,32.040849319367,32.040849319367,30.070005076636,28.0991608339045,26.1283165911735,24.1574723484422,22.1866281057109,24.6639428219294,27.141257538148,29.6185722543663,32.095886970585,34.5732016868033,34.5732016868033,35.0395840380075,35.0395840380075,35.064758424322,35.064758424322,35.1085451531252,35.1085451531252,35.1085451531252,35.1085451531252,35.1085451531252
108,"BDI","Burundi",22.5722973178541,22.5722973178541,22.5722973178541,22.5722973178541,22.5722973178541,22.5722973178541,22.590828529619,22.6093597413839,22.6278909531488,22.6464221649137,22.6649533766786,23.1137327470446,23.5625121174105,24.0112914877765,24.4600708581424,24.9088502285084,24.9088502285084,25.2074232225957,25.2074232225957,25.2461154191922,25.2461154191922,25.2908924200637,25.2908924200637,25.2908924200637,25.2908924200637,25.2908924200637
132,"CPV","Cabo Verde",0.0798421768804993,0.0798421768804993,0.0798421768804993,0.0798421768804993,0.0798421768804993,0.0798421768804993,0.0115181765631235,0,0,0,0,0.0529592729732677,0.367696370652882,0.682433468332458,0.997170566012072,1.31190766369169,1.31190766369169,2.03945935917465,2.03945935917465,2.07303316158674,2.07303316158674,2.11721361301958,2.11721361301958,2.11721361301958,2.11721361301958,2.11721361301958
116,"KHM","Cambodia",23.5088322127152,23.5088322127152,23.5088322127152,23.5088322127152,23.5088322127152,23.5088322127152,21.1813229915522,18.8538137703893,16.5263045492264,14.1987953280634,11.8712861069005,15.6233410705795,19.3753960342586,23.1274509979376,26.8795059616167,30.6315609252958,30.6315609252958,30.9150412185833,30.9150412185833,31.1364803702424,31.1364803702424,31.0333966272288,31.0333966272288,31.0333966272288,31.0333966272288,31.0333966272288
120,"CMR","Cameroon",22.4560059702668,22.4560059702668,22.4560059702668,22.4560059702668,22.4560059702668,22.4560059702668,22.0828738411282,21.7097417119895,21.3366095828509,20.9634774537122,20.5903453245736,21.8588981612557,23.1274509979377,24.3960038346197,25.6645566713017,26.9331095079838,26.9331095079838,27.2505931192793,27.2505931192793,27.3693780435207,27.3693780435207,27.413737459785,27.413737459785,27.413737459785,27.413737459785,27.413737459785
124,"CAN","Canada",21.5892673597378,21.5892673597378,21.5892673597378,21.5892673597378,21.5892673597378,21.5892673597378,21.9039519610668,22.2186365623958,22.5333211637248,22.8480057650538,23.1626903663828,23.6167050546231,24.0707197428633,24.5247344311036,24.9787491193438,25.4327638075842,25.4327638075842,26.4669419145776,26.4669419145776,27.7975931616346,27.7975931616346,28.7782011290293,28.7782011290293,28.7782011290293,28.7782011290293,28.7782011290293
136,"CYM","Cayman Islands",31.3929966288992,31.3929966288992,31.3929966288992,31.3929966288992,31.3929966288992,31.3929966288992,32.9475567422914,34.5021168556835,36.0566769690756,37.6112370824677,39.1657971958598,40.7404729563261,42.3151487167925,43.8898244772588,45.4645002377251,47.0391759981914,47.0391759981914,50.5062020262398,50.5062020262398,55.1120409328363,55.1120409328363,55.1125181723872,55.1125181723872,55.1125181723872,55.1125181723872,55.1125181723872
140,"CAF","Central African Republic",31.7627379710281,31.7627379710281,31.7627379710281,31.7627379710281,31.7627379710281,31.7627379710281,30.2686488811419,28.7745597912554,27.2804707013693,25.7863816114827,24.2922925215966,26.1550491646219,28.0178058076475,29.8805624506728,31.7433190936985,33.6060757367238,33.6060757367238,33.9385923938755,33.9385923938755,34.0119679748401,34.0119679748401,34.057663661847,34.057663661847,34.057663661847,34.057663661847,34.057663661847
148,"TCD","Chad",12.7456366882677,12.7456366882677,12.7456366882677,12.7456366882677,12.7456366882677,12.7456366882677,12.6758404039355,12.6060441196034,12.5362478352712,12.466451550939,12.3966552666069,12.9466786215174,13.4967019764279,14.0467253313385,14.596748686249,15.1467720411595,15.1467720411595,19.1692810445819,19.1692810445819,19.1957320466955,19.1957320466955,19.2188543029409,19.2188543029409,19.2188543029409,19.2188543029409,19.2188543029409
152,"CHL","Chile",20.9941854326206,20.9941854326206,20.9941854326206,20.9941854326206,20.9941854326206,20.9941854326206,21.6938687245236,22.3935520164266,23.0932353083296,23.7929186002325,24.4926018921355,25.8206378664529,27.1486738407703,28.4767098150878,29.8047457894049,31.1327817637224,31.1327817637224,31.8136832930961,31.8136832930961,31.9334704203945,31.9334704203945,31.9343055896086,31.9343055896086,31.9343055896086,31.9343055896086,31.9343055896086
156,"CHN","China",17.5533956488877,17.5533956488877,17.5533956488877,17.5533956488877,17.5533956488877,17.5533956488877,17.6818231982567,17.8102507476256,17.9386782969945,18.0671058463635,18.1955333957324,18.4527631275178,18.7099928593032,18.9672225910886,19.224452322874,19.4816820546594,19.4816820546594,20.1263372401356,20.1263372401356,20.2614556880094,20.2614556880094,20.206394174814,20.206394174814,20.206394174814,20.206394174814,20.206394174814
170,"COL","Colombia",29.9964743928171,29.9964743928171,29.9964743928171,29.9964743928171,29.9964743928171,29.9964743928171,31.3010564294011,32.6056384659851,33.910220502569,35.214802539153,36.519384575737,38.9094241090683,41.2994636423996,43.6895031757309,46.0795427090623,48.4695822423936,48.4695822423936,51.8887650054556,51.8887650054556,52.2476491477992,52.2476491477992,52.248245697238,52.248245697238,52.248245697238,52.248245697238,52.248245697238
174,"COM","Comoros",11.1112821219502,11.1112821219502,11.1112821219502,11.1112821219502,11.1112821219502,11.1112821219502,11.2049069770633,11.2985318321763,11.3921566872894,11.4857815424025,11.5794063975155,11.9835662560617,12.3877261146079,12.7918859731541,13.1960458317003,13.6002056902465,13.6002056902465,14.0047020026761,14.0047020026761,14.0448617108919,14.0448617108919,14.0878967874023,14.0878967874023,14.0878967874023,14.0878967874023,14.0878967874023
184,"COK","Cook Islands",0,0,0,0,0,0,0,0,0,0,0,0,0,0,0,0,0,0,0,0,0,0,0,0,0,0
188,"CRI","Costa Rica",44.1462691499826,44.1462691499826,44.1462691499826,44.1462691499826,44.1462691499826,44.1462691499826,44.7688997301805,45.3915303103787,46.0141608905766,46.6367914707749,47.2594220509728,48.7284846988051,50.1975473466377,51.66660999447,53.1356726423026,54.6047352901349,54.6047352901349,55.9841962122691,55.9841962122691,56.1736603140117,56.1736603140117,56.1742568634506,56.1742568634506,56.1742568634506,56.1742568634506,56.1742568634506
384,"CIV","Cote d'Ivoire",42.9056849371862,42.9056849371862,42.9056849371862,42.9056849371862,42.9056849371862,42.9056849371862,40.5831843451108,38.2606837530357,35.9381831609603,33.6156825688852,31.2931819768097,33.9560736786282,36.6189653804463,39.2818570822648,41.9447487840829,44.6076404859013,44.6076404859013,44.9888355772539,44.9888355772539,45.0576773824844,45.0576773824844,45.1012254915119,45.1012254915119,45.1012254915119,45.1012254915119,45.1012254915119
191,"HRV","Croatia",18.036135385702,18.036135385702,18.036135385702,18.036135385702,18.036135385702,18.036135385702,19.8307517656372,21.6253681455724,23.4199845255076,25.2146009054429,27.009217285378,27.9813972023026,28.9535771192271,29.9257570361516,30.8979369530761,31.8701168700007,31.8701168700007,33.3765235126977,33.3765235126977,44.1139361704032,44.1139361704032,44.4922678244498,44.4922678244498,44.4922678244498,44.4922678244498,44.4922678244498
192,"CUB","Cuba",23.2512779580351,23.2512779580351,23.2512779580351,23.2512779580351,23.2512779580351,23.2512779580351,23.877075022654,24.5028720872728,25.1286691518917,25.7544662165106,26.3802632811294,27.6174209139498,28.8545785467698,30.0917361795901,31.3288938124101,32.5660514452305,32.5660514452305,33.2043593446784,33.2043593446784,33.4976230487615,33.4976230487615,33.4981002883123,33.4981002883123,33.4981002883123,33.4981002883123,33.4981002883123
531,"CUW","Curacao",6.29179499936468,6.29179499936468,6.29179499936468,6.29179499936468,6.29179499936468,6.29179499936468,6.5685080358192,6.84522107227377,7.1219341087283,7.39864714518286,7.67536018163739,8.31594928613914,8.95653839064086,9.59712749514261,10.2377165996443,10.8783057041461,10.8783057041461,11.3045641401008,11.3045641401008,11.351584166862,11.351584166862,11.3520256134467,11.3520256134467,11.3520256134467,11.3520256134467,11.3520256134467
196,"CYP","Cyprus",5.66680208338927,5.66680208338927,5.66680208338927,5.66680208338927,5.66680208338927,5.66680208338927,6.27885464893961,6.89090721448996,7.5029597800403,8.11501234559065,8.72706491114099,9.5242506295088,10.3214363478766,11.1186220662444,11.9158077846122,12.7129935029801,12.7129935029801,14.1412044452478,14.1412044452478,14.2336934702295,14.2336934702295,14.5922674068652,14.5922674068652,14.5922674068652,14.5922674068652,14.5922674068652
203,"CZE","Czech Republic",34.7316452177315,34.7316452177315,34.7316452177315,34.7316452177315,34.7316452177315,34.7316452177315,35.7897091642521,36.8477731107728,37.9058370572931,38.9639010038137,40.0219649503344,41.569461918372,43.1169588864092,44.6644558544468,46.2119528224841,47.7594497905217,47.7594497905217,48.8166547058505,48.8166547058505,49.3444816492443,49.3444816492443,49.3836152924257,49.3836152924257,49.3836152924257,49.3836152924257,49.3836152924257
180,"COD","Dem. Rep. Congo",24.7388813624235,24.7388813624235,24.7388813624235,24.7388813624235,24.7388813624235,24.7388813624235,24.7637670188098,24.7886526751961,24.8135383315824,24.8384239879686,24.863309644355,25.2720891817549,25.6808687191548,26.0896482565543,26.4984277939542,26.9072073313541,26.9072073313541,27.3149011487753,27.3149011487753,27.6110521521416,27.6110521521416,27.6561393587214,27.6561393587214,27.6561393587214,27.6561393587214,27.6561393587214
208,"DNK","Denmark",26.6158287234975,26.6158287234975,26.6158287234975,26.6158287234975,26.6158287234975,26.6158287234975,27.2200855809825,27.8243424384674,28.4285992959524,29.0328561534373,29.6371130109222,30.6138314759767,31.5905499410311,32.5672684060855,33.54398687114,34.5207053361944,34.5207053361944,34.943420268483,34.943420268483,35.1456505282147,35.1456505282147,34.879708788426,34.879708788426,34.879708788426,34.879708788426,34.879708788426
262,"DJI","Djibouti",4.87473953160132,4.87473953160132,4.87473953160132,4.87473953160132,4.87473953160132,4.87473953160132,4.41433699197107,3.95393445234077,3.49353191271051,3.03312937308022,2.57272683344996,3.31515408573729,4.05758133802459,4.80000859031192,5.54243584259921,6.28486309488655,6.28486309488655,6.82259275896361,6.82259275896361,7.55181479287505,7.55181479287505,7.59549414277932,7.59549414277932,7.59549414277932,7.59549414277932,7.59549414277932
212,"DMA","Dominica",59.1308751917161,59.1308751917161,59.1308751917161,59.1308751917161,59.1308751917161,59.1308751917161,60.0902459990919,61.0496168064682,62.008987613844,62.9683584212202,63.9277292285961,65.8696408235486,67.811552418501,69.7534640134535,71.695375608406,73.6372872033585,73.6372872033585,75.0938223129773,75.0938223129773,75.2003660427357,75.2003660427357,75.2008432822866,75.2008432822866,75.2008432822866,75.2008432822866,75.2008432822866
214,"DOM","Dominican Republic",31.1904084395043,31.1904084395043,31.1904084395043,31.1904084395043,31.1904084395043,31.1904084395043,31.6600837436103,32.1297590477163,32.5994343518223,33.0691096559283,33.5387849600343,34.5864212223656,35.6340574846969,36.6816937470286,37.7293300093599,38.7769662716912,38.7769662716912,39.4299492873323,39.4299492873323,39.5945969324236,39.5945969324236,39.5951934818621,39.5951934818621,39.5951934818621,39.5951934818621,39.5951934818621
218,"ECU","Ecuador",24.6648018531212,24.6648018531212,24.6648018531212,24.6648018531212,24.6648018531212,24.6648018531212,25.9719180317208,27.2790342103205,28.5861503889203,29.89326656752,31.2003827461198,33.5788587651305,35.9573347841416,38.3358108031523,40.7142868221634,43.0927628411741,43.0927628411741,46.5420116959484,46.5420116959484,47.3747947124243,47.3747947124243,47.3752719519755,47.3752719519755,47.3752719519755,47.3752719519755,47.3752719519755
818,"EGY","Egypt",1.18820717207529,1.18820717207529,1.18820717207529,1.18820717207529,1.18820717207529,1.18820717207529,1.76256019929524,2.33691322651518,2.91126625373516,3.4856192809551,4.05997230817504,5.12987895415336,6.19978560013172,7.26969224611004,8.33959889208839,9.40950553806672,9.40950553806672,10.5177034994187,10.5177034994187,10.5531027431133,10.5531027431133,10.5933936922055,10.5933936922055,10.5933936922055,10.5933936922055,10.5933936922055
222,"SLV","El Salvador",10.2224115272441,10.2224115272441,10.2224115272441,10.2224115272441,10.2224115272441,10.2224115272441,11.2723981943641,12.3223848614842,13.3723715286042,14.4223581957243,15.4723448628443,17.4950626585702,19.5177804542962,21.5404982500221,23.5632160457481,25.585933841474,25.585933841474,27.6710292327123,27.6710292327123,27.8758246550303,27.8758246550303,27.876683686222,27.876683686222,27.876683686222,27.876683686222,27.876683686222
226,"GNQ","Equatorial Guinea",27.186965156144,27.186965156144,27.186965156144,27.186965156144,27.186965156144,27.186965156144,27.6365486751534,28.0861321941625,28.535715713172,28.9852992321811,29.4348827511906,30.5817371161725,31.7285914811548,32.8754458461368,34.0223002111191,35.169154576101,35.169154576101,35.4795989040194,35.4795989040194,35.6567740873241,35.6567740873241,35.7004415062396,35.7004415062396,35.7004415062396,35.7004415062396,35.7004415062396
232,"ERI","Eritrea",8.5346180622046,8.5346180622046,8.5346180622046,8.5346180622046,8.5346180622046,8.5346180622046,8.15335377111712,7.7720894800296,7.39082518894212,7.00956089785461,6.62829660676713,7.30095382289758,7.97361103902804,8.6462682551585,9.31892547128896,9.99158268741942,9.99158268741942,10.577692510978,10.577692510978,10.7002953516271,10.7002953516271,10.746802345871,10.746802345871,10.746802345871,10.746802345871,10.746802345871
233,"EST","Estonia",20.8678243305075,20.8678243305075,20.8678243305075,20.8678243305075,20.8678243305075,20.8678243305075,21.5954022741658,22.3229802178241,23.0505581614824,23.7781361051407,24.505714048799,25.690437372152,26.8751606955049,28.0598840188579,29.2446073422112,30.4293306655641,30.4293306655641,30.9084791747574,30.9084791747574,31.2117649094109,31.2117649094109,31.2970714791504,31.2970714791504,31.2970714791504,31.2970714791504,31.2970714791504
748,"SWZ","Eswatini",20.6296937255527,20.6296937255527,20.6296937255527,20.6296937255527,20.6296937255527,20.6296937255527,21.4622810738129,22.2948684220731,23.1274557703333,23.9600431185934,24.7926304668536,26.305269858087,27.8179092493202,29.3305486405534,30.8431880317867,32.3558274230199,32.3558274230199,33.0839756679415,33.0839756679415,33.8975497924903,33.8975497924903,34.7831870892383,34.7831870892383,34.7831870892383,34.7831870892383,34.7831870892383
231,"ETH","Ethiopia",23.7888286572806,23.7888286572806,23.7888286572806,23.7888286572806,23.7888286572806,23.7888286572806,22.7418867784958,21.6949448997111,20.6480030209264,19.6010611421416,18.5541192633569,19.9632477821783,21.3723763009998,22.7815048198213,24.1906333386427,25.5997618574642,25.5997618574642,25.9739773203836,25.9739773203836,26.0351236378539,26.0351236378539,26.0849951709322,26.0849951709322,26.0849951709322,26.0849951709322,26.0849951709322
234,"FRO","Faeroe Islands",31.303919866707,31.303919866707,31.303919866707,31.303919866707,31.303919866707,31.303919866707,31.9691679388083,32.6344160109097,33.299664083011,33.9649121551124,34.6301602272138,36.3254248774241,38.0206895276341,39.7159541778445,41.4112188280545,43.1064834782649,43.1064834782649,43.5145232943606,43.5145232943606,43.7038680862156,43.7038680862156,43.4848151323116,43.4848151323116,43.4848151323116,43.4848151323116,43.4848151323116
238,"FLK","Falkland Islands",30.8551476549343,30.8551476549343,30.8551476549343,30.8551476549343,30.8551476549343,30.8551476549343,31.8111539234757,32.7671601920174,33.7231664605588,34.6791727291006,35.635178997642,37.4651301939324,39.2950813902228,41.1250325865132,42.9549837828036,44.7849349790941,44.7849349790941,45.2024002763217,45.2024002763217,45.3221874036201,45.3221874036201,45.3225453332834,45.3225453332834,45.3225453332834,45.3225453332834,45.3225453332834
242,"FJI","Fiji",0,0,0,0,0,0,0,0,0,0,0,1.01999931993364,2.29360373726291,3.56720815459222,4.84081257192149,6.11441698925076,6.11441698925076,6.29455105777164,6.29455105777164,6.31198223237152,6.31198223237152,6.11182796468666,6.11182796468666,6.11182796468666,6.11182796468666,6.11182796468666
246,"FIN","Finland",22.4065400908068,22.4065400908068,22.4065400908068,22.4065400908068,22.4065400908068,22.4065400908068,22.6471165484604,22.887693006114,23.1282694637677,23.3688459214213,23.609422379075,24.0549565204942,24.5004906619133,24.9460248033323,25.3915589447518,25.8370930861708,25.8370930861708,26.3155257360376,26.3155257360376,26.4645437858339,26.4645437858339,26.394890673367,26.394890673367,26.394890673367,26.394890673367,26.394890673367
250,"FRA","France",32.9694381757041,32.9694381757041,32.9694381757041,32.9694381757041,32.9694381757041,32.9694381757041,34.1760190704925,35.3825999652808,36.5891808600692,37.7957617548576,39.0023426496459,40.684969996546,42.367597343446,44.0502246903461,45.7328520372462,47.4154793841462,47.4154793841462,48.4477485329358,48.4477485329358,49.8906823153514,49.8906823153514,50.2156824495751,50.2156824495751,50.2156824495751,50.2156824495751,50.2156824495751
258,"PYF","French Polynesia",0,0,0,0,0,0,0,0,0,0,0,0,0,0,0,0,0,0,0,0,0,0,0,0,0,0
266,"GAB","Gabon",19.1282145812193,19.1282145812193,19.1282145812193,19.1282145812193,19.1282145812193,19.1282145812193,19.8835869563272,20.6389593314351,21.394331706543,22.1497040816509,22.9050764567588,24.3657826400534,25.8264888233481,27.2871950066428,28.7479011899372,30.2086073732319,30.2086073732319,30.5217958285685,30.5217958285685,30.7043399568219,30.7043399568219,30.7480073757374,30.7480073757374,30.7480073757374,30.7480073757374,30.7480073757374
270,"GMB","Gambia",25.4893524873427,25.4893524873427,25.4893524873427,25.4893524873427,25.4893524873427,25.4893524873427,23.8088464702468,22.1283404531509,20.447834436055,18.767328418959,17.0868224018631,19.5984315522157,22.1100407025683,24.6216498529208,27.1332590032733,29.6448681536259,29.6448681536259,30.084286470199,30.084286470199,30.1067167290956,30.1067167290956,30.1493103590213,30.1493103590213,30.1493103590213,30.1493103590213,30.1493103590213
268,"GEO","Georgia",18.1395889893677,18.1395889893677,18.1395889893677,18.1395889893677,18.1395889893677,18.1395889893677,18.9001632755814,19.6607375617951,20.4213118480087,21.1818861342224,21.9424604204361,22.9015759046523,23.8606913888685,24.8198068730846,25.7789223573008,26.738037841517,26.738037841517,27.7169516085062,27.7169516085062,28.8889207048591,28.8889207048591,28.8105937635527,28.8105937635527,28.8105937635527,28.8105937635527,28.8105937635527
276,"DEU","Germany",40.3500671416392,40.3500671416392,40.3500671416392,40.3500671416392,40.3500671416392,40.3500671416392,41.588718534254,42.8273699268689,44.0660213194837,45.3046727120986,46.5433241047134,48.2932422283029,50.0431603518925,51.793078475482,53.5429965990715,55.2929147226611,55.2929147226611,56.0967054364147,56.0967054364147,56.651377104552,56.651377104552,56.3970084238746,56.3970084238746,56.3970084238746,56.3970084238746,56.3970084238746
288,"GHA","Ghana",36.5372810588991,36.5372810588991,36.5372810588991,36.5372810588991,36.5372810588991,36.5372810588991,34.4739430187906,32.4106049786824,30.3472669385739,28.2839288984657,26.2205908583572,28.6561757482373,31.091760638117,33.5273455279971,35.9629304178768,38.3985153077569,38.3985153077569,38.6913017722887,38.6913017722887,38.771000777304,38.771000777304,38.8138330270051,38.8138330270051,38.8138330270051,38.8138330270051,38.8138330270051
300,"GRC","Greece",19.1206861273024,19.1206861273024,19.1206861273024,19.1206861273024,19.1206861273024,19.1206861273024,20.0410974839334,20.9615088405644,21.8819201971954,22.8023315538264,23.7227429104573,25.1376269382636,26.5525109660701,27.9673949938765,29.3822790216827,30.7971630494891,30.7971630494891,31.7980536978011,31.7980536978011,32.2274499838037,32.2274499838037,32.1466771897987,32.1466771897987,32.1466771897987,32.1466771897987,32.1466771897987
304,"GRL","Greenland",95.2983552535423,95.2983552535423,95.2983552535423,95.2983552535423,95.2983552535423,95.2983552535423,93.1374145666635,90.9764738797847,88.8155331929055,86.6545925060266,84.4936518191478,87.2540531060242,90.0144543929005,92.7748556797771,95.5352569666535,98.2956582535298,98.2956582535298,98.4097185062164,98.4097185062164,98.7934191052116,98.7934191052116,99.0690249459079,99.0690249459079,99.0690249459079,99.0690249459079,99.0690249459079
308,"GRD","Grenada",51.6500259200732,51.6500259200732,51.6500259200732,51.6500259200732,51.6500259200732,51.6500259200732,52.4556540060981,53.2612820921229,54.0669101781477,54.8725382641725,55.6781663501973,57.7654689743586,59.85277159852,61.9400742226813,64.0273768468426,66.114679471004,66.114679471004,66.9857609614467,66.9857609614467,67.0982701855926,67.0982701855926,67.0987474251435,67.0987474251435,67.0987474251435,67.0987474251435,67.0987474251435
320,"GTM","Guatemala",41.5508018519281,41.5508018519281,41.5508018519281,41.5508018519281,41.5508018519281,41.5508018519281,42.2602900304061,42.9697782088842,43.6792663873622,44.3887545658403,45.0982427443183,46.4899925848904,47.8817424254628,49.2734922660348,50.6652421066072,52.0569919471792,52.0569919471792,53.0643253294295,53.0643253294295,53.3667758948689,53.3667758948689,53.3689234728484,53.3689234728484,53.3689234728484,53.3689234728484,53.3689234728484
831,"GGY","Guernsey",37.749827448075,37.749827448075,37.749827448075,37.749827448075,37.749827448075,37.749827448075,38.5270836427934,39.3043398375117,40.0815960322305,40.8588522269489,41.6361084216673,42.7818889976595,43.9276695736521,45.0734501496443,46.2192307256369,47.3650113016291,47.3650113016291,48.018948796372,48.018948796372,49.9007043459222,49.9007043459222,50.2488505983689,50.2488505983689,50.2488505983689,50.2488505983689,50.2488505983689
324,"GIN","Guinea",15.5996246510931,15.5996246510931,15.5996246510931,15.5996246510931,15.5996246510931,15.5996246510931,14.5028327150098,13.4060407789265,12.3092488428432,11.2124569067599,10.1156649706766,11.6355416997006,13.1554184287246,14.6752951577486,16.1951718867725,17.7150486157965,17.7150486157965,18.2502727722309,18.2502727722309,18.2795872116504,18.2795872116504,18.322932493869,18.322932493869,18.322932493869,18.322932493869,18.322932493869
624,"GNB","Guinea-Bissau",25.7666405974562,25.7666405974562,25.7666405974562,25.7666405974562,25.7666405974562,25.7666405974562,23.9715493641678,22.1764581308794,20.381366897591,18.5862756643026,16.7911844310141,19.0631000168824,21.3350156027506,23.6069311886189,25.8788467744871,28.1507623603554,28.1507623603554,28.6072300598877,28.6072300598877,28.6352678835082,28.6352678835082,28.6796511617502,28.6796511617502,28.6796511617502,28.6796511617502,28.6796511617502
328,"GUY","Guyana",35.0092793265195,35.0092793265195,35.0092793265195,35.0092793265195,35.0092793265195,35.0092793265195,37.7453652582731,40.4814511900266,43.2175371217802,45.9536230535338,48.6897089852873,53.5656654777438,58.4416219701999,63.3175784626563,68.1935349551124,73.0694914475689,73.0694914475689,77.9935298247874,77.9935298247874,78.1506609469505,78.1506609469505,78.151376806277,78.151376806277,78.151376806277,78.151376806277,78.151376806277
332,"HTI","Haiti",22.9659841544538,22.9659841544538,22.9659841544538,22.9659841544538,22.9659841544538,22.9659841544538,23.4091965254574,23.852408896461,24.2956212674647,24.7388336384683,25.1820460094719,26.1597261122217,27.1374062149715,28.1150863177209,29.0927664204707,30.0704465232205,30.0704465232205,30.7322584705547,30.7322584705547,30.8852137466466,30.8852137466466,30.8856909861975,30.8856909861975,30.8856909861975,30.8856909861975,30.8856909861975
336,"VAT","Holy See",22.2334810986293,22.2334810986293,22.2334810986293,22.2334810986293,22.2334810986293,22.2334810986293,22.7305785873351,23.227676076041,23.7247735647468,24.2218710534526,24.7189685421585,25.7831793340958,26.8473901260331,27.9116009179704,28.9758117099077,30.040022501845,30.040022501845,30.8342684245787,30.8342684245787,31.7539090393347,31.7539090393347,31.1815795078109,31.1815795078109,31.1815795078109,31.1815795078109,31.1815795078109
340,"HND","Honduras",40.4070972679827,40.4070972679827,40.4070972679827,40.4070972679827,40.4070972679827,40.4070972679827,41.1428097597877,41.8785222515923,42.6142347433974,43.349947235202,44.085659727007,45.3777380873552,46.6698164477031,47.9618948080513,49.2539731683991,50.5460515287473,50.5460515287473,52.0828821928203,52.0828821928203,52.3861679274738,52.3861679274738,52.3875996461268,52.3875996461268,52.3875996461268,52.3875996461268,52.3875996461268
344,"HKG","Hong Kong",5.56183324414919,5.56183324414919,5.56183324414919,5.56183324414919,5.56183324414919,5.56183324414919,5.32369548060111,5.08555771705302,4.84741995350494,4.60928218995685,4.37114442640877,5.21902014368489,6.06689586096104,6.91477157823716,7.76264729551332,8.61052301278944,8.61052301278944,8.72212548178825,8.72212548178825,8.95404004159143,8.95404004159143,9.51959277149115,9.51959277149115,9.51959277149115,9.51959277149115,9.51959277149115
348,"HUN","Hungary",11.3017364957612,11.3017364957612,11.3017364957612,11.3017364957612,11.3017364957612,11.3017364957612,12.7555417951485,14.2093470945358,15.6631523939231,17.1169576933103,18.5707629926976,20.5163016082376,22.4618402237776,24.4073788393176,26.3529174548577,28.2984560703976,28.2984560703976,29.707028605142,29.707028605142,30.8051568119681,30.8051568119681,30.7749714103682,30.7749714103682,30.7749714103682,30.7749714103682,30.7749714103682
352,"ISL","Iceland",22.2635710523192,22.2635710523192,22.2635710523192,22.2635710523192,22.2635710523192,22.2635710523192,24.0874088099615,25.9112465676038,27.735084325246,29.5589220828883,31.3827598405305,34.5163099599298,37.649860079329,40.7834101987286,43.9169603181279,47.0505104375271,47.0505104375271,47.6668653176297,47.6668653176297,47.8517956436381,47.8517956436381,47.751813957706,47.751813957706,47.751813957706,47.751813957706,47.751813957706
356,"IND","India",6.12645535692449,6.12645535692449,6.12645535692449,6.12645535692449,6.12645535692449,6.12645535692449,5.28022683195861,4.43399830699269,3.58776978202681,2.7415412570609,1.89531273209502,3.16243790666028,4.42956308122559,5.69668825579086,6.96381343035616,8.23093860492143,8.23093860492143,8.51326159229782,8.51326159229782,8.59639672208014,8.59639672208014,8.6548704980651,8.6548704980651,8.6548704980651,8.6548704980651,8.6548704980651
360,"IDN","Indonesia",14.226355912133,14.226355912133,14.226355912133,14.226355912133,14.226355912133,14.226355912133,13.8033975876734,13.3804392632137,12.957480938754,12.5345226142944,12.1115642898347,13.5000235637028,14.8884828375709,16.276942111439,17.6654013853071,19.0538606591752,19.0538606591752,19.6630450150241,19.6630450150241,20.2670871147111,20.2670871147111,20.2266887867198,20.2266887867198,20.2266887867198,20.2266887867198,20.2266887867198
364,"IRN","Iran",4.4734407241633,4.4734407241633,4.4734407241633,4.4734407241633,4.4734407241633,4.4734407241633,4.7365548196124,4.9996689150615,5.26278301051061,5.52589710595971,5.78901120140881,6.15465544199242,6.52029968257605,6.88594392315966,7.2515881637433,7.6172324043269,7.6172324043269,8.4128981147248,8.4128981147248,8.48508059681192,8.48508059681192,8.48289722586615,8.48289722586615,8.48289722586615,8.48289722586615,8.48289722586615
368,"IRQ","Iraq",0,0,0,0,0,0,0,0,0,0,0.166819085048275,0.336883399043254,0.506947713038232,0.677012027033246,0.847076341028224,1.0171406550232,1.0171406550232,2.25505232633403,2.25505232633403,2.65614830696288,2.65614830696288,2.65106570574484,2.65106570574484,2.65106570574484,2.65106570574484,2.65106570574484
372,"IRL","Ireland",32.8871143531585,32.8871143531585,32.8871143531585,32.8871143531585,32.8871143531585,32.8871143531585,33.6414153254744,34.3957162977903,35.1500172701062,35.9043182424222,36.6586192147381,37.9358077010954,39.2129961874524,40.4901846738098,41.7673731601667,43.0445616465241,43.0445616465241,43.4844572026483,43.4844572026483,43.760898212559,43.760898212559,43.7035101565524,43.7035101565524,43.7035101565524,43.7035101565524,43.7035101565524
833,"IMN","Isle of Man",38.804884785424,38.804884785424,38.804884785424,38.804884785424,38.804884785424,38.804884785424,39.6455422544916,40.4861997235591,41.3268571926263,42.1675146616938,43.0081721307614,44.3826697615652,45.7571673923689,47.1316650231731,48.5061626539769,49.8806602847807,49.8806602847807,50.3550363984641,50.3550363984641,50.5975934002541,50.5975934002541,50.5720610842763,50.5720610842763,50.5720610842763,50.5720610842763,50.5720610842763
376,"ISR","Israel",7.28965517652794,7.28965517652794,7.28965517652794,7.28965517652794,7.28965517652794,7.28965517652794,7.56556645053681,7.84147772454567,8.11738899855457,8.39330027256344,8.66921154657231,9.05159735060463,9.43398315463696,9.81636895866925,10.1987547627016,10.5811405667339,10.5811405667339,11.9622121723527,11.9622121723527,12.028930261581,12.028930261581,12.1828042238087,12.1828042238087,12.1828042238087,12.1828042238087,12.1828042238087
380,"ITA","Italy",27.2559262712617,27.2559262712617,27.2559262712617,27.2559262712617,27.2559262712617,27.2559262712617,28.1099941717117,28.9640620721622,29.8181299726123,30.6721978730627,31.5262657735129,32.7927402319502,34.059214690388,35.3256891488254,36.5921636072631,37.8586380657005,37.8586380657005,39.030619093042,39.030619093042,40.8656051665955,40.8656051665955,41.0642561296947,41.0642561296947,41.0642561296947,41.0642561296947,41.0642561296947
388,"JAM","Jamaica",31.1114252938155,31.1114252938155,31.1114252938155,31.1114252938155,31.1114252938155,31.1114252938155,31.5538740815375,31.9963228692597,32.4387716569817,32.881220444704,33.3236692324259,34.3345819113086,35.3454945901913,36.3564072690743,37.367319947957,38.3782326268397,38.3782326268397,39.1694958023799,39.1694958023799,39.2848684638314,39.2848684638314,39.2852263934946,39.2852263934946,39.2852263934946,39.2852263934946,39.2852263934946
392,"JPN","Japan",24.4169952162701,24.4169952162701,24.4169952162701,24.4169952162701,24.4169952162701,24.4169952162701,24.6318675517074,24.8467398871448,25.0616122225821,25.2764845580195,25.4913568934569,25.9323691901304,26.373381486804,26.8143937834776,27.2554060801512,27.6964183768248,27.6964183768248,28.2244839399942,28.2244839399942,28.5092766420471,28.5092766420471,28.3486855331391,28.3486855331391,28.3486855331391,28.3486855331391,28.3486855331391
832,"JEY","Jersey",33.9727150217711,33.9727150217711,33.9727150217711,33.9727150217711,33.9727150217711,33.9727150217711,34.8042572154146,35.6357994090581,36.4673416027017,37.2988837963452,38.1304259899887,39.2892352057229,40.4480444214575,41.6068536371918,42.7656628529263,43.9244720686606,43.9244720686606,44.6644319924692,44.6644319924692,46.671582234042,46.671582234042,46.7819438802081,46.7819438802081,46.7819438802081,46.7819438802081,46.7819438802081
400,"JOR","Jordan",6.89540758345577,6.89540758345577,6.89540758345577,6.89540758345577,6.89540758345577,6.89540758345577,7.18489632269031,7.4743850619248,7.76387380115934,8.05336254039383,8.34285127962836,8.48194990535742,8.62104853108648,8.76014715681554,8.89924578254459,9.03834440827365,9.03834440827365,10.8163242174613,10.8163242174613,10.8779477744828,10.8779477744828,10.9081093141054,10.9081093141054,10.9081093141054,10.9081093141054,10.9081093141054
398,"KAZ","Kazakhstan",2.97729473181225,2.97729473181225,2.97729473181225,2.97729473181225,2.97729473181225,2.97729473181225,3.04480026629967,3.11230580078709,3.1798113352745,3.24731686976192,3.31482240424934,3.43544231456409,3.55606222487887,3.67668213519361,3.7973020455084,3.91792195582314,3.91792195582314,4.34095902480871,4.34095902480871,4.40018445308645,4.40018445308645,4.40069748560378,4.40069748560378,4.40069748560378,4.40069748560378,4.40069748560378
404,"KEN","Kenya",23.4675509915546,23.4675509915546,23.4675509915546,23.4675509915546,23.4675509915546,23.4675509915546,23.1973952265307,22.9272394615067,22.6570836964828,22.3869279314588,22.1167721664349,22.8387330005781,23.5606938347213,24.2826546688644,25.0046155030075,25.7265763371508,25.7265763371508,26.0868086812261,26.0868086812261,26.11822297467,26.11822297467,26.167736578085,26.167736578085,26.167736578085,26.167736578085,26.167736578085
296,"KIR","Kiribati",0,0,0,0,0,0,0,0,0,0,0,0,0,0,0,0,0,0,0,0,0,0,0,0,0,0
689,"XKX","Kosovo",NA,NA,NA,NA,NA,NA,NA,NA,NA,NA,NA,NA,NA,NA,NA,NA,NA,NA,NA,NA,NA,NA,NA,NA,NA,NA
414,"KWT","Kuwait",1.45898096231777,1.45898096231777,1.45898096231777,1.45898096231777,1.45898096231777,1.45898096231777,2.07212163404437,2.68526230577097,3.29840297749757,3.91154364922417,4.52468432095077,4.20177210976271,3.87885989857465,3.55594768738663,3.23303547619857,2.91012326501051,2.91012326501051,9.17913007581548,9.17913007581548,9.38616852402335,9.38616852402335,9.16828480701925,9.16828480701925,9.16828480701925,9.16828480701925,9.16828480701925
417,"KGZ","Kyrgyzstan",17.4086369620839,17.4086369620839,17.4086369620839,17.4086369620839,17.4086369620839,17.4086369620839,17.615897326683,17.8231576912821,18.0304180558812,18.2376784204803,18.4449387850793,18.5047536042026,18.5645684233258,18.624383242449,18.6841980615723,18.7440128806955,18.7440128806955,19.8346722885486,19.8346722885486,20.6308868244301,20.6308868244301,20.5701700225555,20.5701700225555,20.5701700225555,20.5701700225555,20.5701700225555
418,"LAO","Laos",22.4870861960249,22.4870861960249,22.4870861960249,22.4870861960249,22.4870861960249,22.4870861960249,20.7323073876086,18.9775285791922,17.2227497707759,15.4679709623595,13.7131921539432,16.789929290995,19.8666664280469,22.9434035650988,26.0201407021506,29.0968778392026,29.0968778392026,29.3012556769137,29.3012556769137,29.6620487774615,29.6620487774615,29.6224378947293,29.6224378947293,29.6224378947293,29.6224378947293,29.6224378947293
428,"LVA","Latvia",23.6910303422941,23.6910303422941,23.6910303422941,23.6910303422941,23.6910303422941,23.6910303422941,24.2812253364091,24.8714203305241,25.461615324639,26.0518103187543,26.6420053128692,27.576049017274,28.5100927216793,29.4441364260841,30.3781801304893,31.3122238348942,31.3122238348942,31.7713282829459,31.7713282829459,31.9434924509652,31.9434924509652,31.8773947731531,31.8773947731531,31.8773947731531,31.8773947731531,31.8773947731531
422,"LBN","Lebanon",7.42933126211368,7.42933126211368,7.42933126211368,7.42933126211368,7.42933126211368,7.42933126211368,7.81710032828117,8.20486939444862,8.5926384606161,8.98040752678356,9.36817659295104,9.93780972101172,10.5074428490724,11.0770759771331,11.6467091051937,12.2163422332544,12.2163422332544,13.462474355831,13.462474355831,13.601661270877,13.601661270877,13.4557333471733,13.4557333471733,13.4557333471733,13.4557333471733,13.4557333471733
426,"LSO","Lesotho",4.57574895290659,4.57574895290659,4.57574895290659,4.57574895290659,4.57574895290659,4.57574895290659,4.76243552046252,4.94912208801848,5.13580865557441,5.32249522313038,5.50918179068631,6.03542668496882,6.56167157925128,7.08791647353379,7.61416136781625,8.14040626209876,8.14040626209876,8.52941615109883,8.52941615109883,8.95170156779159,8.95170156779159,10.5927613498005,10.5927613498005,10.5927613498005,10.5927613498005,10.5927613498005
430,"LBR","Liberia",14.8453594717435,14.8453594717435,14.8453594717435,14.8453594717435,14.8453594717435,14.8453594717435,14.6079781328837,14.370596794024,14.1332154551642,13.8958341163045,13.6584527774447,14.2661004219394,14.8737480664341,15.4813957109288,16.0890433554236,16.6966909999183,16.6966909999183,17.0356623219971,17.0356623219971,17.1150749832817,17.1150749832817,17.1586827472533,17.1586827472533,17.1586827472533,17.1586827472533,17.1586827472533
434,"LBY","Libya",0,0,0,0,0,0,0,0,0,0.20825302286512,0.445204846129009,0.767787762026883,1.09037067792476,1.4129535938226,1.73553650972048,2.05811942561835,2.05811942561835,3.49200951854283,3.49200951854283,3.52273181463778,3.52273181463778,3.53389922013093,3.53389922013093,3.53389922013093,3.53389922013093,3.53389922013093
438,"LIE","Liechtenstein",46.0838617269988,46.0838617269988,46.0838617269988,46.0838617269988,46.0838617269988,46.0838617269988,47.4611273471986,48.838392967398,50.2156585875977,51.5929242077972,52.9701898279969,55.0073822993044,57.0445747706118,59.0817672419193,61.1189597132268,63.1561521845342,63.1561521845342,64.3822999009133,64.3822999009133,65.8759403856216,65.8759403856216,66.089505084689,66.089505084689,66.089505084689,66.089505084689,66.089505084689
440,"LTU","Lithuania",24.6680470820679,24.6680470820679,24.6680470820679,24.6680470820679,24.6680470820679,24.6680470820679,25.356863629395,26.0456801767217,26.7344967240488,27.4233132713755,28.1121298187025,29.1339641247099,30.1557984307172,31.1776327367241,32.1994670427314,33.2213013487387,33.2213013487387,33.681956825331,33.681956825331,33.8355086508618,33.8355086508618,33.6954388426462,33.6954388426462,33.6954388426462,33.6954388426462,33.6954388426462
442,"LUX","Luxembourg",42.5477552739443,42.5477552739443,42.5477552739443,42.5477552739443,42.5477552739443,42.5477552739443,44.2432919506988,45.9388286274532,47.6343653042073,49.3299019809617,51.0254386577162,53.3085288076708,55.5916189576254,57.8747091075801,60.1577992575347,62.4408894074893,62.4408894074893,63.7813359963302,63.7813359963302,64.4089060058808,64.4089060058808,64.6113748853881,64.6113748853881,64.6113748853881,64.6113748853881,64.6113748853881
446,"MAC","Macao",0,0,0,0,0,0,0,0,0,0,0,0,0,0.474490651175458,1.11296797066408,1.75144529015271,1.75144529015271,1.83166925867398,1.83166925867398,2.0178642694924,2.0178642694924,2.21847191475071,2.21847191475071,2.21847191475071,2.21847191475071,2.21847191475071
450,"MDG","Madagascar",12.7675181216806,12.7675181216806,12.7675181216806,12.7675181216806,12.7675181216806,12.7675181216806,12.9357068842402,13.1038956467998,13.2720844093594,13.440273171919,13.6084619344786,14.1970295417248,14.7855971489709,15.3741647562171,15.9627323634633,16.5512999707094,16.5512999707094,17.328448786529,17.328448786529,17.3693720780263,17.3693720780263,17.4435708972163,17.4435708972163,17.4435708972163,17.4435708972163,17.4435708972163
454,"MWI","Malawi",35.7270476112071,35.7270476112071,35.7270476112071,35.7270476112071,35.7270476112071,35.7270476112071,35.9130278642276,36.0990081172481,36.2849883702686,36.470968623289,36.6569488763095,37.345223756746,38.0334986371828,38.7217735176193,39.4100483980561,40.0983232784925,40.0983232784925,40.9382648882336,40.9382648882336,40.9833640258021,40.9833640258021,41.0572168463175,41.0572168463175,41.0572168463175,41.0572168463175,41.0572168463175
458,"MYS","Malaysia",11.2026615649759,11.2026615649759,11.2026615649759,11.2026615649759,11.2026615649759,11.2026615649759,10.3846133196366,9.56656507429725,8.74851682895794,7.93046858361863,7.11242033827932,8.54395286782195,9.97548539736457,11.4070179269072,12.8385504564498,14.2700829859924,14.2700829859924,14.4401950239425,14.4401950239425,14.5717938301278,14.5717938301278,14.632689596834,14.632689596834,14.632689596834,14.632689596834,14.632689596834
462,"MDV","Maldives",2.28010740276096,2.28010740276096,2.28010740276096,2.28010740276096,2.28010740276096,2.28010740276096,2.46734995439382,2.65459250602664,2.8418350576595,3.02907760929232,3.21632016092518,4.43682929200915,5.65733842309316,6.87784755417713,8.09835668526114,9.31886581634511,9.31886581634511,12.1391725978595,12.1391725978595,12.6814718306372,12.6814718306372,10.4272546735174,10.4272546735174,10.4272546735174,10.4272546735174,10.4272546735174
466,"MLI","Mali",5.06184129756662,5.06184129756662,5.06184129756662,5.06184129756662,5.06184129756662,5.06184129756662,5.12771944518515,5.19359759280372,5.25947574042225,5.32535388804082,5.39123203565935,5.79794989819886,6.20466776073834,6.61138562327785,7.01810348581732,7.42482134835683,7.42482134835683,11.3350358854315,11.3350358854315,11.361069302938,11.361069302938,11.3770448969073,11.3770448969073,11.3770448969073,11.3770448969073,11.3770448969073
470,"MLT","Malta",7.40742596672328,7.40742596672328,7.40742596672328,7.40742596672328,7.40742596672328,7.40742596672328,7.89820003137851,8.38897409603371,8.87974816068894,9.37052222534414,9.86129628999938,10.0889538730077,10.3166114560161,10.5442690390245,10.7719266220328,10.9995842050412,10.9995842050412,14.5595407046561,14.5595407046561,14.6538432399316,14.6538432399316,14.134570815489,14.134570815489,14.134570815489,14.134570815489,14.134570815489
584,"MHL","Marshall Islands",0,0,0,0,0,0,0,0,0,0,0.24753222410932,1.73431000407446,3.22108778403956,4.7078655640047,6.1946433439698,7.68142112393494,7.68142112393494,12.3766469984317,12.3766469984317,12.3879217828238,12.3879217828238,13.0010791579347,13.0010791579347,13.0010791579347,13.0010791579347,13.0010791579347
478,"MRT","Mauritania",0.402945283888941,0.402945283888941,0.402945283888941,0.402945283888941,0.402945283888941,0.402945283888941,0.638043031497237,0.873140779105498,1.10823852671379,1.34333627432205,1.57843402193035,1.57500982815199,1.57158563437367,1.56816144059531,1.56473724681698,1.56131305303863,1.56131305303863,4.53586365743268,4.53586365743268,4.56048921826372,4.56048921826372,4.56892442732746,4.56892442732746,4.56892442732746,4.56892442732746,4.56892442732746
480,"MUS","Mauritius",4.9225708655992,4.9225708655992,4.9225708655992,4.9225708655992,4.9225708655992,4.9225708655992,5.21809668515372,5.51362250470828,5.8091483242628,6.10467414381736,6.40019996337188,7.02814221977239,7.65608447617291,8.28402673257346,8.91196898897398,9.53991124537449,9.53991124537449,10.8264774889087,10.8264774889087,10.8582497120158,10.8582497120158,10.9032414706853,10.9032414706853,10.9032414706853,10.9032414706853,10.9032414706853
484,"MEX","Mexico",7.46285734057068,7.46285734057068,7.46285734057068,7.46285734057068,7.46285734057068,7.46285734057068,7.59954590656726,7.7362344725638,7.87292303856037,8.00961160455691,8.14630017055348,10.5958824964639,13.0454648223744,15.4950471482849,17.9446294741954,20.3942118001058,20.3942118001058,20.8571460955541,20.8571460955541,21.1683420757654,21.1683420757654,21.19770423914,21.19770423914,21.19770423914,21.19770423914,21.19770423914
583,"FSM","Micronesia",0,0,0,0,0,0,0,0,0,0,0,0,0,0,0,0,0,2.9340806904702,2.9340806904702,2.94677526252648,2.94677526252648,2.97869065749889,2.97869065749889,2.97869065749889,2.97869065749889,2.97869065749889
498,"MDA","Moldova",6.32886458148777,6.32886458148777,6.32886458148777,6.32886458148777,6.32886458148777,6.32886458148777,6.87998320116782,7.43110182084786,7.98222044052791,8.53333906020796,9.084457679888,9.91416011506247,10.7438625502369,11.5735649854114,12.4032674205859,13.2329698557603,13.2329698557603,14.3403087859205,14.3403087859205,14.660703558477,14.660703558477,14.5268020714583,14.5268020714583,14.5268020714583,14.5268020714583,14.5268020714583
492,"MCO","Monaco",NA,NA,NA,NA,NA,NA,NA,NA,NA,NA,NA,NA,NA,NA,NA,NA,NA,NA,NA,NA,NA,NA,NA,NA,NA,NA
496,"MNG","Mongolia",17.8123816222207,17.8123816222207,17.8123816222207,17.8123816222207,17.8123816222207,17.8123816222207,18.1963757235399,18.580369824859,18.9643639261782,19.3483580274973,19.7323521288165,19.7744255676317,19.8164990064469,19.8585724452621,19.9006458840773,19.9427193228925,19.9427193228925,23.3916937649249,23.3916937649249,23.4607145349867,23.4607145349867,23.4723353180533,23.4723353180533,23.4723353180533,23.4723353180533,23.4723353180533
499,"MNE","Montenegro",24.0776063095841,24.0776063095841,24.0776063095841,24.0776063095841,24.0776063095841,24.0776063095841,25.5296505950284,26.9816948804723,28.4337391659165,29.8857834513604,31.3378277368047,32.7948973547208,34.251966972637,35.7090365905528,37.166106208469,38.6231758263851,38.6231758263851,39.7732038343813,39.7732038343813,44.7053552839664,44.7053552839664,45.1386887962647,45.1386887962647,45.1386887962647,45.1386887962647,45.1386887962647
504,"MAR","Morocco",18.0243356378038,18.0243356378038,18.0243356378038,18.0243356378038,18.0243356378038,18.0243356378038,20.0718794349722,22.1194232321407,24.1669670293091,26.2145108264775,28.2620546236459,27.0507418987095,25.8394291737731,24.6281164488366,23.4168037239002,22.2054909989638,22.2054909989638,45.8492984876874,45.8492984876874,45.9115782490915,45.9115782490915,45.8262716793523,45.8262716793523,45.8262716793523,45.8262716793523,45.8262716793523
508,"MOZ","Mozambique",37.871046294026,37.871046294026,37.871046294026,37.871046294026,37.871046294026,37.871046294026,38.4805766485492,39.0901070030728,39.6996373575961,40.3091677121197,40.9186980666429,41.9089701349456,42.8992422032479,43.8895142715505,44.8797863398528,45.8700584081554,45.8700584081554,48.8414711625019,48.8414711625019,48.8926551043455,48.8926551043455,48.9945457484818,48.9945457484818,48.9945457484818,48.9945457484818,48.9945457484818
104,"MMR","Myanmar",9.87335851965062,9.87335851965062,9.87335851965062,9.87335851965062,9.87335851965062,9.87335851965062,9.0089416795372,8.14452483942381,7.28010799931038,6.41569115919699,5.55127431908356,7.71590884008716,9.88054336109079,12.0451778820944,14.209812403098,16.3744469241016,16.3744469241016,16.5042202890043,16.5042202890043,16.5984393073584,16.5984393073584,16.6564954987362,16.6564954987362,16.6564954987362,16.6564954987362,16.6564954987362
516,"NAM","Namibia",40.9420828046413,40.9420828046413,40.9420828046413,40.9420828046413,40.9420828046413,40.9420828046413,43.5434917351056,46.1449006655702,48.7463095960345,51.3477185264992,53.9491274569634,57.5485397364564,61.1479520159494,64.7473642954423,68.3467765749353,71.9461888544282,71.9461888544282,77.8521476078068,77.8521476078068,78.4224488712391,78.4224488712391,78.8627023570266,78.8627023570266,78.8627023570266,78.8627023570266,78.8627023570266
520,"NRU","Nauru",0,0,0,0,0,0,0,0,0,0,0,0,0,0,0,0,0,0,0,0,0,0,0,0,0,0
524,"NPL","Nepal",19.5299906282083,19.5299906282083,19.5299906282083,19.5299906282083,19.5299906282083,19.5299906282083,18.666848017696,17.8037054071838,16.9405627966715,16.0774201861592,15.2142775756469,17.6940405307619,20.173803485877,22.653566440992,25.1333293961072,27.6130923512221,27.6130923512221,27.7714642962179,27.7714642962179,27.8860017884553,27.8860017884553,27.5053913155526,27.5053913155526,27.5053913155526,27.5053913155526,27.5053913155526
528,"NLD","Netherlands",29.0793392857037,29.0793392857037,29.0793392857037,29.0793392857037,29.0793392857037,29.0793392857037,29.7989688046402,30.5185983235767,31.2382278425135,31.9578573614499,32.6774868803863,33.834697343625,34.9919078068637,36.149118270102,37.3063287333406,38.4635391965793,38.4635391965793,39.046248688337,39.046248688337,39.4405678673416,39.4405678673416,39.0302611633788,39.0302611633788,39.0302611633788,39.0302611633788,39.0302611633788
540,"NCL","New Caledonia",35.0333799238444,35.0333799238444,35.0333799238444,35.0333799238444,35.0333799238444,35.0333799238444,35.8742998746648,36.7152198254853,37.5561397763058,38.3970597271262,39.2379796779467,40.5703370563983,41.9026944348498,43.2350518133014,44.5674091917529,45.8997665702045,45.8997665702045,46.960908711829,46.960908711829,48.1427924598537,48.1427924598537,48.1593765342505,48.1593765342505,48.1593765342505,48.1593765342505,48.1593765342505
554,"NZL","New Zealand",44.0768307953136,44.0768307953136,44.0768307953136,44.0768307953136,44.0768307953136,44.0768307953136,44.783646432306,45.4904620692988,46.1972777062912,46.9040933432839,47.6109089802763,48.6581873129444,49.7054656456128,50.7527439782808,51.8000223109493,52.8473006436173,52.8473006436173,54.6912349587515,54.6912349587515,56.5231189752234,56.5231189752234,56.5145286633056,56.5145286633056,56.5145286633056,56.5145286633056,56.5145286633056
558,"NIC","Nicaragua",56.0857289267418,56.0857289267418,56.0857289267418,56.0857289267418,56.0857289267418,56.0857289267418,56.7814964681291,57.4772640095163,58.1730315509031,58.8687990922904,59.5645666336776,61.0719277554768,62.5792888772759,64.0866499990755,65.5940111208747,67.1013722426738,67.1013722426738,68.2213341589576,68.2213341589576,68.4385974645455,68.4385974645455,68.4391940139843,68.4391940139843,68.4391940139843,68.4391940139843,68.4391940139843
562,"NER","Niger",12.1456272627866,12.1456272627866,12.1456272627866,12.1456272627866,12.1456272627866,12.1456272627866,12.877507520997,13.6093877792075,14.341268037418,15.0731482956284,15.8050285538389,15.5124210541387,15.2198135544384,14.9272060547382,14.634598555038,14.3419910553377,14.3419910553377,25.553362242119,25.553362242119,25.5791570398501,25.5791570398501,25.6122774646886,25.6122774646886,25.6122774646886,25.6122774646886,25.6122774646886
566,"NGA","Nigeria",29.3394348409926,29.3394348409926,29.3394348409926,29.3394348409926,29.3394348409926,29.3394348409926,27.6072437805247,25.8750527200564,24.1428616595886,22.4106705991206,20.6784795386525,22.87593143738,25.0733833361074,27.2708352348348,29.4682871335622,31.6657390322896,31.6657390322896,32.1648122927364,32.1648122927364,32.2179051927838,32.2179051927838,32.261214682036,32.261214682036,32.261214682036,32.261214682036,32.261214682036
570,"NIU","Niue",0,0,0,0,0,0,0,0,0,0,0,0,0,0,0.767379722210789,1.7267123504227,1.7267123504227,1.85538806435815,1.85538806435815,1.86987228473065,1.86987228473065,1.70053576105092,1.70053576105092,1.70053576105092,1.70053576105092,1.70053576105092
408,"PRK","North Korea",7.99130469538099,7.99130469538099,7.99130469538099,7.99130469538099,7.99130469538099,7.99130469538099,8.12423977230902,8.25717484923706,8.39010992616509,8.52304500309312,8.65598008002115,8.83193591627309,9.00789175252503,9.18384758877701,9.35980342502895,9.53575926128089,9.53575926128089,10.1785293505306,10.1785293505306,10.2975648255361,10.2975648255361,10.2867792116838,10.2867792116838,10.2867792116838,10.2867792116838,10.2867792116838
807,"MKD","North Macedonia",16.3468147540994,16.3468147540994,16.3468147540994,16.3468147540994,16.3468147540994,16.3468147540994,17.7640754348696,19.1813361156399,20.5985967964102,22.0158574771805,23.4331181579508,25.6596554211132,27.8861926842756,30.112729947438,32.3392672106004,34.5658044737629,34.5658044737629,35.6665574981193,35.6665574981193,36.6864184185833,36.6864184185833,36.626644164822,36.626644164822,36.626644164822,36.626644164822,36.626644164822
578,"NOR","Norway",33.0697777912994,33.0697777912994,33.0697777912994,33.0697777912994,33.0697777912994,33.0697777912994,34.0926691829121,35.1155605745247,36.1384519661374,37.16134335775,38.1842347493626,39.8214288910086,41.4586230326546,43.0958171743003,44.7330113159463,46.3702054575923,46.3702054575923,47.5106886745686,47.5106886745686,47.7293836988094,47.7293836988094,47.7441781248899,47.7441781248899,47.7441781248899,47.7441781248899,47.7441781248899
512,"OMN","Oman",1.4951318583052,1.4951318583052,1.4951318583052,1.4951318583052,1.4951318583052,1.4951318583052,1.57039253549621,1.64565321268717,1.72091388987818,1.79617456706915,1.87143524426015,1.99204322358613,2.11265120291212,2.2332591822381,2.35386716156408,2.47447514089006,2.47447514089006,3.40701315451169,3.40701315451169,3.43346415662526,3.43346415662526,3.47093939236668,3.47093939236668,3.47093939236668,3.47093939236668,3.47093939236668
586,"PAK","Pakistan",7.17038108174695,7.17038108174695,7.17038108174695,7.17038108174695,7.17038108174695,7.17038108174695,7.01566956410728,6.86095804646761,6.70624652882794,6.55153501118827,6.39682349354861,6.84969996545979,7.30257643737097,7.75545290928212,8.2083293811933,8.66120585310449,8.66120585310449,9.1507343225316,9.1507343225316,9.21825178800782,9.21825178800782,9.35458719673665,9.35458719673665,9.35458719673665,9.35458719673665,9.35458719673665
585,"PLW","Palau",21.1166093084381,21.1166093084381,21.1166093084381,21.1166093084381,21.1166093084381,21.1166093084381,23.2336010050665,25.350592701695,27.4675843983235,29.5845760949516,31.7015677915801,30.0800629001731,28.4585580087657,26.8370531173587,25.2155482259513,23.5940433345443,23.5940433345443,46.0713341887854,46.0713341887854,46.0824300083459,46.0824300083459,46.2469583435491,46.2469583435491,46.2469583435491,46.2469583435491,46.2469583435491
591,"PAN","Panama",32.6328649823691,32.6328649823691,32.6328649823691,32.6328649823691,32.6328649823691,32.6328649823691,33.2410113421947,33.84915770202,34.4573040618456,35.0654504216709,35.6735967814965,37.2274648975398,38.7813330135827,40.335201129626,41.889069245669,43.4429373617123,43.4429373617123,44.6293548854715,44.6293548854715,44.7907811635936,44.7907811635936,44.7912584031444,44.7912584031444,44.7912584031444,44.7912584031444,44.7912584031444
598,"PNG","Papua New Guinea",8.99323333971641,8.99323333971641,8.99323333971641,8.99323333971641,8.99323333971641,8.99323333971641,9.23611247820359,9.47899161669073,9.7218707551779,9.96474989366504,10.2076290321522,10.4335327598107,10.6594364874692,10.8853402151276,11.1112439427861,11.3371476704446,11.3371476704446,12.3343993671804,12.3343993671804,13.2666391060826,13.2666391060826,13.2729625301332,13.2729625301332,13.2729625301332,13.2729625301332,13.2729625301332
600,"PRY","Paraguay",12.8778797678468,12.8778797678468,12.8778797678468,12.8778797678468,12.8778797678468,12.8778797678468,13.2939801599588,13.7100805520707,14.1261809441827,14.5422813362946,14.9583817284066,15.873228471873,16.7880752153394,17.7029219588059,18.6177687022723,19.5326154457388,19.5326154457388,19.8084241132442,19.8084241132442,19.8650605169578,19.8650605169578,19.8655377565088,19.8655377565088,19.8655377565088,19.8655377565088,19.8655377565088
604,"PER","Peru",15.1606835740709,15.1606835740709,15.1606835740709,15.1606835740709,15.1606835740709,15.1606835740709,17.8701729456478,20.5796623172248,23.2891516888017,25.9986410603788,28.7081304319556,32.8796646437676,37.0511988555797,41.2227330673917,45.3942672792038,49.5658014910158,49.5658014910158,56.2860502282697,56.2860502282697,56.7158044439355,56.7158044439355,56.7167589230373,56.7167589230373,56.7167589230373,56.7167589230373,56.7167589230373
608,"PHL","Philippines",12.7259147638231,12.7259147638231,12.7259147638231,12.7259147638231,12.7259147638231,12.7259147638231,11.4784773910745,10.231040018326,8.98360264557744,7.73616527282891,6.48872790008036,9.68209999719623,12.8754720943121,16.0688441914279,19.2622162885438,22.4555883856597,22.4555883856597,22.6955086389307,22.6955086389307,22.920849223919,22.920849223919,23.0406244202285,23.0406244202285,23.0406244202285,23.0406244202285,23.0406244202285
616,"POL","Poland",36.2344725637965,36.2344725637965,36.2344725637965,36.2344725637965,36.2344725637965,36.2344725637965,37.1302034770479,38.0259343902997,38.9216653035512,39.817396216803,40.7131271300545,42.0776265922651,43.4421260544758,44.8066255166865,46.1711249788972,47.5356244411079,47.5356244411079,48.2028053333907,48.2028053333907,48.4314030783143,48.4314030783143,48.2921684393132,48.2921684393132,48.2921684393132,48.2921684393132,48.2921684393132
620,"PRT","Portugal",32.935912097247,32.935912097247,32.935912097247,32.935912097247,32.935912097247,32.935912097247,33.4618062204596,33.9877003436723,34.5135944668845,35.0394885900972,35.5653827133098,36.4107171299768,37.2560515466438,38.1013859633111,38.9467203799781,39.7920547966451,39.7920547966451,41.6845482360929,41.6845482360929,42.1931662875596,42.1931662875596,42.0329331083149,42.0329331083149,42.0329331083149,42.0329331083149,42.0329331083149
634,"QAT","Qatar",0.788423600211644,0.788423600211644,0.788423600211644,0.788423600211644,0.788423600211644,0.788423600211644,0.94309455248949,1.09776550476734,1.25243645704515,1.40710740932299,1.56177836160084,1.73333643539044,1.90489450918,2.0764525829696,2.24801065675916,2.41956873054876,2.41956873054876,3.11576578753177,3.11576578753177,3.14230030656676,3.14230030656676,3.14253892634226,3.14253892634226,3.14253892634226,3.14253892634226,3.14253892634226
178,"COG","Republic of Congo",20.7351875282988,20.7351875282988,20.7351875282988,20.7351875282988,20.7351875282988,20.7351875282988,21.0966726261955,21.4581577240923,21.819642821989,22.1811279198858,22.5426130177826,23.1176174769896,23.6926219361966,24.2676263954036,24.8426308546108,25.4176353138177,25.4176353138177,25.7377556736326,25.7377556736326,27.5515523111221,27.5515523111221,27.5953509709139,27.5953509709139,27.5953509709139,27.5953509709139,27.5953509709139
642,"ROU","Romania",13.2926963855666,13.2926963855666,13.2926963855666,13.2926963855666,13.2926963855666,13.2926963855666,14.7764842597448,16.260272133923,17.7440600081011,19.2278478822793,20.7116357564575,22.6807309162343,24.6498260760111,26.618921235788,28.5880163955645,30.5571115553415,30.5571115553415,33.6955581525342,33.6955581525342,34.6079208641378,34.6079208641378,34.6687689068889,34.6687689068889,34.6687689068889,34.6687689068889,34.6687689068889
643,"RUS","Russia",20.1022485737994,20.1022485737994,20.1022485737994,20.1022485737994,20.1022485737994,20.1022485737994,20.2611144617305,20.4199803496615,20.5788462375925,20.7377121255235,20.8965780134546,21.0319183777196,21.1672587419846,21.3025991062496,21.4379394705146,21.5732798347797,21.5732798347797,22.4793668462877,22.4793668462877,22.5496165081933,22.5496165081933,22.5474927921914,22.5474927921914,22.5474927921914,22.5474927921914,22.5474927921914
646,"RWA","Rwanda",25.9768407576895,25.9768407576895,25.9768407576895,25.9768407576895,25.9768407576895,25.9768407576895,26.0478850234476,26.1189292892054,26.1899735549635,26.2610178207213,26.3320620864794,26.8863686663602,27.4406752462406,27.9949818261214,28.5492884060018,29.1035949858825,29.1035949858825,29.3965842772237,29.3965842772237,29.4331288958407,29.4331288958407,29.4783115503305,29.4783115503305,29.4783115503305,29.4783115503305,29.4783115503305
652,"BLM","Saint Barthelemy",NA,NA,NA,NA,NA,NA,NA,NA,NA,NA,NA,NA,NA,NA,NA,NA,NA,NA,NA,NA,NA,NA,NA,NA,NA,NA
659,"KNA","Saint Kitts and Nevis",30.3275593313158,30.3275593313158,30.3275593313158,30.3275593313158,30.3275593313158,30.3275593313158,30.8569850272055,31.3864107230956,31.9158364189853,32.4452621148754,32.9746878107651,34.1422543722601,35.3098209337551,36.4773874952501,37.6449540567451,38.8125206182401,38.8125206182401,39.8641179688447,39.8641179688447,39.9373742399213,39.9373742399213,39.9378514794726,39.9378514794726,39.9378514794726,39.9378514794726,39.9378514794726
662,"LCA","Saint Lucia",47.0934619971162,47.0934619971162,47.0934619971162,47.0934619971162,47.0934619971162,47.0934619971162,48.3064379018879,49.5194138066596,50.732389711431,51.9453656162028,53.1583415209745,55.5941483272458,58.0299551335167,60.465761939788,62.9015687460589,65.3373755523302,65.3373755523302,66.5105496785495,66.5105496785495,66.6143492808896,66.6143492808896,66.6150651402161,66.6150651402161,66.6150651402161,66.6150651402161,66.6150651402161
670,"VCT","Saint Vincent and the Grenadines",50.900879134908,50.900879134908,50.900879134908,50.900879134908,50.900879134908,50.900879134908,51.9991982375543,53.0975173402007,54.1958364428474,55.2941555454938,56.3924746481401,58.8347480503271,61.2770214525144,63.7192948547013,66.1615682568886,68.6038416590756,68.6038416590756,70.0816139287137,70.0816139287137,70.1824307838599,70.1824307838599,70.1829080234111,70.1829080234111,70.1829080234111,70.1829080234111,70.1829080234111
882,"WSM","Samoa",0,0,0,0,0,0,0,0,0,0,0,0,0,0,0.596332294740761,1.26159468402864,1.26159468402864,1.43665808232024,1.43665808232024,1.45284843408754,1.45284843408754,1.49676640376732,1.49676640376732,1.49676640376732,1.49676640376732,1.49676640376732
674,"SMR","San Marino",25.9861469289338,25.9861469289338,25.9861469289338,25.9861469289338,25.9861469289338,25.9861469289338,27.1062281551052,28.2263093812767,29.3463906074485,30.46647183362,31.5865530597914,33.0480681641251,34.5095832684587,35.971098372792,37.4326134771256,38.8941285814592,38.8941285814592,39.8875027068431,39.8875027068431,43.4148995380918,43.4148995380918,42.892083609983,42.892083609983,42.892083609983,42.892083609983,42.892083609983
678,"STP","Sao Tome and Principe",16.3414219471732,16.3414219471732,16.3414219471732,16.3414219471732,16.3414219471732,16.3414219471732,16.9835143562605,17.6256067653479,18.2676991744352,18.9097915835226,19.5518839926099,21.4763477095782,23.4008114265466,25.3252751435148,27.2497388604833,29.1742025774515,29.1742025774515,29.4420532754441,29.4420532754441,29.5603251671682,29.5603251671682,29.6057464414336,29.6057464414336,29.6057464414336,29.6057464414336,29.6057464414336
682,"SAU","Saudi Arabia",3.48506568307594,3.48506568307594,3.48506568307594,3.48506568307594,3.48506568307594,3.48506568307594,3.62246056360797,3.75985544413999,3.89725032467202,4.03464520520405,4.17204008573607,4.30271543339019,4.4333907810443,4.56406612869837,4.69474147635248,4.82541682400659,4.82541682400659,5.92941507730984,5.92941507730984,5.97212801712336,5.97212801712336,5.98430955666234,5.98430955666234,5.98430955666234,5.98430955666234,5.98430955666234
686,"SEN","Senegal",34.8829301553952,34.8829301553952,34.8829301553952,34.8829301553952,34.8829301553952,34.8829301553952,32.9518041742949,31.020678193195,29.0895522120948,27.1584262309949,25.2273002498947,27.7994543958835,30.3716085418722,32.943762687861,35.5159168338498,38.0880709798385,38.0880709798385,38.8133557874542,38.8133557874542,38.8356667364628,38.8356667364628,38.8796920850416,38.8796920850416,38.8796920850416,38.8796920850416,38.8796920850416
688,"SRB","Serbia",12.7911534104433,12.7911534104433,12.7911534104433,12.7911534104433,12.7911534104433,12.7911534104433,14.0382758050882,15.2853981997331,16.532520594378,17.7796429890229,19.0267653836678,20.7610777739399,22.4953901642121,24.2297025544843,25.9640149447564,27.6983273350286,27.6983273350286,29.428082087589,29.428082087589,31.2963556198239,31.2963556198239,31.4320109621926,31.4320109621926,31.4320109621926,31.4320109621926,31.4320109621926
690,"SYC","Seychelles",4.98115202048313,4.98115202048313,4.98115202048313,4.98115202048313,4.98115202048313,4.98115202048313,5.0604716200553,5.13979121962743,5.2191108191996,5.29843041877173,5.3777500183439,5.68936358316227,6.00097714798065,6.31259071279903,6.62420427761741,6.93581784243578,6.93581784243578,7.2296542339798,7.2296542339798,7.46834559540705,7.46834559540705,7.51861085111497,7.51861085111497,7.51861085111497,7.51861085111497,7.51861085111497
694,"SLE","Sierra Leone",11.9776150788609,11.9776150788609,11.9776150788609,11.9776150788609,11.9776150788609,11.9776150788609,11.4805605417146,10.9835060045684,10.4864514674221,9.98939693027588,9.49234239312965,10.4127919289247,11.3332414647198,12.2536910005148,13.1741405363099,14.0945900721049,14.0945900721049,14.7059100749445,14.7059100749445,14.7481099822407,14.7481099822407,14.791419471493,14.791419471493,14.791419471493,14.791419471493,14.791419471493
702,"SGP","Singapore",2.0211214294279,2.0211214294279,2.0211214294279,2.0211214294279,2.0211214294279,2.0211214294279,1.6906759919275,1.36023055442707,1.02978511692667,0.69933967942624,0.36889424192584,1.21694892403358,2.06500360614136,2.9130582882491,3.76111297035687,4.60916765246461,4.60916765246461,4.7771082504577,4.7771082504577,4.9078480254512,4.9078480254512,5.03939910768135,5.03939910768135,5.03939910768135,5.03939910768135,5.03939910768135
534,"SXM","Sint Maarten",29.8889523219792,29.8889523219792,29.8889523219792,29.8889523219792,29.8889523219792,29.8889523219792,30.7052276223867,31.5215029227939,32.3377782232014,33.1540535236085,33.970328824016,36.0815888736369,38.1928489232581,40.304108972879,42.4153690225002,44.526629072121,44.526629072121,45.0221230359354,45.0221230359354,45.0826131490233,45.0826131490233,45.0830903885745,45.0830903885745,45.0830903885745,45.0830903885745,45.0830903885745
703,"SVK","Slovakia",27.6291276001353,27.6291276001353,27.6291276001353,27.6291276001353,27.6291276001353,27.6291276001353,29.0205195110441,30.4119114219533,31.8033033328621,33.1946952437712,34.58608715468,36.4302123656348,38.2743375765896,40.1184627875444,41.9625879984992,43.806713209454,43.806713209454,45.6950308028302,45.6950308028302,46.3095960346165,46.3095960346165,46.22679497252,46.22679497252,46.22679497252,46.22679497252,46.22679497252
705,"SVN","Slovenia",26.8150762360356,26.8150762360356,26.8150762360356,26.8150762360356,26.8150762360356,26.8150762360356,28.7762444468705,30.7374126577054,32.6985808685403,34.6597490793752,36.6209172902101,38.9053437109074,41.1897701316047,43.4741965523023,45.7586229729996,48.0430493936969,48.0430493936969,49.6526590892956,49.6526590892956,55.6657581218715,55.6657581218715,55.8363712613502,55.8363712613502,55.8363712613502,55.8363712613502,55.8363712613502
90,"SLB","Solomon Islands",1.38009326453926,1.38009326453926,1.38009326453926,1.38009326453926,1.38009326453926,1.38009326453926,1.69357044980427,2.00704763506923,2.32052482033423,2.6340020055992,2.9474791908642,3.29278109558691,3.63808300030961,3.98338490503231,4.32868680975502,4.67398871447772,4.67398871447772,5.37469568521758,5.37469568521758,6.15979053956107,6.15979053956107,6.1624272880803,6.1624272880803,6.1624272880803,6.1624272880803,6.1624272880803
706,"SOM","Somalia",3.75909663325392,3.75909663325392,3.75909663325392,3.75909663325392,3.75909663325392,3.75909663325392,3.63761053315413,3.51612443305434,3.39463833295451,3.27315223285472,3.15166613275493,3.54473494413613,3.93780375551733,4.33087256689856,4.72394137827975,5.11701018966095,5.11701018966095,5.74987755822771,5.74987755822771,5.79829351067554,5.79829351067554,5.84230692826553,5.84230692826553,5.84230692826553,5.84230692826553,5.84230692826553
710,"ZAF","South Africa",9.9832787192322,9.9832787192322,9.9832787192322,9.9832787192322,9.9832787192322,9.9832787192322,10.8339653774637,11.6846520356951,12.5353386939266,13.386025352158,14.2367120103895,14.9294419220346,15.6221718336796,16.3149017453247,17.0076316569698,17.7003615686148,17.7003615686148,18.4993918178472,18.4993918178472,19.3044830093772,19.3044830093772,24.3874660190526,24.3874660190526,24.3874660190526,24.3874660190526,24.3874660190526
410,"KOR","South Korea",12.3411284448493,12.3411284448493,12.3411284448493,12.3411284448493,12.3411284448493,12.3411284448493,12.5850264897778,12.8289245347064,13.0728225796349,13.3167206245634,13.5606186694919,13.9478007310117,14.3349827925314,14.7221648540512,15.1093469155709,15.4965289770907,15.4965289770907,15.8790603391861,15.8790603391861,16.0440062589967,16.0440062589967,15.9856875858658,15.9856875858658,15.9856875858658,15.9856875858658,15.9856875858658
728,"SSD","South Sudan",35.5077560375279,35.5077560375279,35.5077560375279,35.5077560375279,35.5077560375279,35.5077560375279,34.0907029559621,32.6736498743964,31.256596792831,29.8395437112653,28.4224906296996,30.8127067416646,33.20292285363,35.5931389655951,37.9833550775605,40.3735711895256,40.3735711895256,40.6774534736179,40.6774534736179,40.7096671433097,40.7096671433097,40.7550049006538,40.7550049006538,40.7550049006538,40.7550049006538,40.7550049006538
724,"ESP","Spain",33.396328954064,33.396328954064,33.396328954064,33.396328954064,33.396328954064,33.396328954064,34.2857364432651,35.1751439324658,36.0645514216669,36.9539589108676,37.8433664000687,38.9600115014731,40.0766566028778,41.1933017042821,42.3099468056868,43.4265919070911,43.4265919070911,46.1420849522193,46.1420849522193,46.5847246357618,46.5847246357618,46.7136986244165,46.7136986244165,46.7136986244165,46.7136986244165,46.7136986244165
144,"LKA","Sri Lanka",24.7576965317212,24.7576965317212,24.7576965317212,24.7576965317212,24.7576965317212,24.7576965317212,22.9606295266917,21.1635625216622,19.3664955166327,17.5694285116032,15.7723615065737,18.9996199980075,22.2268784894413,25.4541369808751,28.6813954723089,31.9086539637428,31.9086539637428,38.4001856461855,38.4001856461855,41.8311800881341,41.8311800881341,41.609860246363,41.609860246363,41.609860246363,41.609860246363,41.609860246363
275,"PSE","State of Palestine",7.19897966183997,7.19897966183997,7.19897966183997,7.19897966183997,7.19897966183997,7.19897966183997,7.54972686983945,7.90047407783896,8.25122128583844,8.60196849383795,8.95271570183743,9.26982945248097,9.58694320312448,9.90405695376802,10.2211707044115,10.5382844550551,10.5382844550551,12.3047866530415,12.3047866530415,12.42106606964,12.42106606964,12.3773867197357,12.3773867197357,12.3773867197357,12.3773867197357,12.3773867197357
729,"SDN","Sudan",4.56101418176982,4.56101418176982,4.56101418176982,4.56101418176982,4.56101418176982,4.56101418176982,4.61221244079994,4.66341069983006,4.71460895886017,4.76580721789029,4.81700547692041,5.1778844805874,5.53876348425439,5.89964248792138,6.26052149158837,6.62140049525536,6.62140049525536,9.0638647932628,9.0638647932628,9.08841876816119,9.08841876816119,9.10310581534291,9.10310581534291,9.10310581534291,9.10310581534291,9.10310581534291
740,"SUR","Suriname",44.0189654997564,44.0189654997564,44.0189654997564,44.0189654997564,44.0189654997564,44.0189654997564,47.4810282364748,50.9430909731929,54.4051537099113,57.8672164466293,61.3292791833477,68.4432266881903,75.5571741930326,82.6711216978752,89.7850692027174,96.89901670756,96.89901670756,97.835718636264,97.835718636264,98.0348468389145,98.0348468389145,98.0353240784653,98.0353240784653,98.0353240784653,98.0353240784653,98.0353240784653
752,"SWE","Sweden",26.426364621755,26.426364621755,26.426364621755,26.426364621755,26.426364621755,26.426364621755,26.8798376431048,27.3333106644545,27.7867836858047,28.2402567071545,28.6937297285043,29.4247891346871,30.15584854087,30.8869079470525,31.6179673532354,32.3490267594183,32.3490267594183,33.0306441481185,33.0306441481185,33.2674742752969,33.2674742752969,33.2195117004225,33.2195117004225,33.2195117004225,33.2195117004225,33.2195117004225
756,"CHE","Switzerland",48.272005068284,48.272005068284,48.272005068284,48.272005068284,48.272005068284,48.272005068284,49.6951811332887,51.1183571982938,52.5415332632984,53.9647093283035,55.3878853933082,57.6809737118559,59.9740620304036,62.2671503489517,64.5602386674995,66.8533269860472,66.8533269860472,67.9926171041461,67.9926171041461,69.2853397378881,69.2853397378881,69.5802737803994,69.5802737803994,69.5802737803994,69.5802737803994,69.5802737803994
760,"SYR","Syria",0.785953885535274,0.785953885535274,0.785953885535274,0.785953885535274,0.785953885535274,0.785953885535274,1.00218158129746,1.21840927705964,1.43463697282179,1.65086466858398,1.86709236434616,1.99896558327323,2.1308388022003,2.26271202112741,2.39458524005448,2.52645845898155,2.52645845898155,3.9009918827518,3.9009918827518,3.96395171051605,3.96395171051605,3.97263747034402,3.97263747034402,3.97263747034402,3.97263747034402,3.97263747034402
158,"TWN","Taiwan",15.4223062959231,15.4223062959231,15.4223062959231,15.4223062959231,15.4223062959231,15.4223062959231,14.0955254616249,12.7687446273266,11.4419637930283,10.1151829587301,8.78840212443185,11.0339621560967,13.2795221877616,15.5250822194264,17.7706422510912,20.0162022827561,20.0162022827561,20.2421036242168,20.2421036242168,20.7331234672408,20.7331234672408,21.2350840269712,21.2350840269712,21.2350840269712,21.2350840269712,21.2350840269712
762,"TJK","Tajikistan",22.9696111750413,22.9696111750413,22.9696111750413,22.9696111750413,22.9696111750413,22.9696111750413,23.2666045062151,23.563597837389,23.8605911685628,24.1575844997366,24.4545778309104,24.5298838458588,24.6051898608071,24.6804958757555,24.7558018907038,24.8311079056521,24.8311079056521,25.5529207955345,25.5529207955345,27.0521688449671,27.0521688449671,27.1055361577564,27.1055361577564,27.1055361577564,27.1055361577564,27.1055361577564
834,"TZA","Tanzania",58.0397862682672,58.0397862682672,58.0397862682672,58.0397862682672,58.0397862682672,58.0397862682672,58.5311521099657,59.0225179516641,59.5138837933626,60.005249635061,60.4966154767595,61.7530201806711,63.0094248845827,64.2658295884944,65.522234292406,66.7786389963176,66.7786389963176,67.2390558531343,67.2390558531343,67.2761612282238,67.2761612282238,67.3281803392815,67.3281803392815,67.3281803392815,67.3281803392815,67.3281803392815
764,"THA","Thailand",17.129678513542,17.129678513542,17.129678513542,17.129678513542,17.129678513542,17.129678513542,15.3903904237112,13.6511023338804,11.9118142440496,10.1725261542188,8.43323806438797,11.0537108059562,13.6741835475244,16.2946562890926,18.9151290306609,21.5356017722291,21.5356017722291,21.7210570617435,21.7210570617435,21.8670088474247,21.8670088474247,21.781141521213,21.781141521213,21.781141521213,21.781141521213,21.781141521213
626,"TLS","Timor-Leste",8.58629117458796,8.58629117458796,8.58629117458796,8.58629117458796,8.58629117458796,8.58629117458796,9.50831321470354,10.4303352548191,11.3523572949347,12.2743793350502,13.1964013751658,14.2537900277217,15.3111786802775,16.3685673328334,17.4259559853893,18.4833446379452,18.4833446379452,19.9790491837116,19.9790491837116,22.7093485859094,22.7093485859094,23.837745711257,23.837745711257,23.837745711257,23.837745711257,23.837745711257
768,"TGO","Togo",32.5896748030045,32.5896748030045,32.5896748030045,32.5896748030045,32.5896748030045,32.5896748030045,30.49803884372,28.406402884436,26.3147669251515,24.2231309658673,22.1314950065829,24.5986707685406,27.0658465304983,29.5330222924561,32.0001980544135,34.4673738163713,34.4673738163713,34.7700630015863,34.7700630015863,34.8307917344495,34.8307917344495,34.8735046742632,34.8735046742632,34.8735046742632,34.8735046742632,34.8735046742632
776,"TON","Tonga",0,0,0,0,0,0,0,0,0,0,0,0.586503546188139,1.70366168010992,2.82081981403167,3.93797794795345,5.05513608187523,5.05513608187523,5.19117321588467,5.19117321588467,5.20751867050606,5.20751867050606,5.01398610159118,5.01398610159118,5.01398610159118,5.01398610159118,5.01398610159118
780,"TTO","Trinidad and Tobago",72.5742361035301,72.5742361035301,72.5742361035301,72.5742361035301,72.5742361035301,72.5742361035301,73.693816228173,74.8133963528159,75.9329764774592,77.0525566021021,78.1721367267451,80.7608988091082,83.3496608914714,85.9384229738346,88.5271850561978,91.115947138561,91.115947138561,92.0612393791828,92.0612393791828,92.185798901991,92.185798901991,92.1863954514298,92.1863954514298,92.1863954514298,92.1863954514298,92.1863954514298
788,"TUN","Tunisia",0,0,0,0,0,0,0,0.155121943653531,0.386688118584496,0.618254293515461,0.849820468446423,0.927982762107417,1.00614505576841,1.08430734942944,1.16246964309044,1.24063193675143,1.24063193675143,4.10627647560978,4.10627647560978,4.15922620379202,4.15922620379202,4.1467821825,4.1467821825,4.1467821825,4.1467821825,4.1467821825
792,"TUR","Turkey",5.28168169672978,5.28168169672978,5.28168169672978,5.28168169672978,5.28168169672978,5.28168169672978,5.65165927243637,6.02163684814297,6.39161442384957,6.76159199955617,7.13156957526277,7.67590662092324,8.22024366658376,8.76458071224424,9.30891775790475,9.85325480356523,9.85325480356523,10.6555302817443,10.6555302817443,10.891179241034,10.891179241034,10.8870033949629,10.8870033949629,10.8870033949629,10.8870033949629,10.8870033949629
795,"TKM","Turkmenistan",1.39143963486403,1.39143963486403,1.39143963486403,1.39143963486403,1.39143963486403,1.39143963486403,1.46422582498313,1.53701201510223,1.60979820522137,1.68258439534047,1.75537058545957,1.85876692037912,1.9621632552987,2.06555959021825,2.16895592513783,2.27235226005738,2.27235226005738,2.69238271987172,2.69238271987172,2.73585924296684,2.73585924296684,2.74353086874898,2.74353086874898,2.74353086874898,2.74353086874898,2.74353086874898
796,"TCA","Turks and Caicos Islands",55.4861967408117,55.4861967408117,55.4861967408117,55.4861967408117,55.4861967408117,55.4861967408117,56.3560374084221,57.2258780760325,58.0957187436429,58.9655594112533,59.8354000788637,61.6303934780441,63.4253868772248,65.2203802764051,67.0153736755858,68.8103670747661,68.8103670747661,69.2720963403482,69.2720963403482,69.5350553329433,69.5350553329433,69.5354132626066,69.5354132626066,69.5354132626066,69.5354132626066,69.5354132626066
798,"TUV","Tuvalu",0,0,0,0,0,0,0,0,0,0,0,0,0,0,0,0,0,0,0,0,0,0,0,0,0,0
800,"UGA","Uganda",32.8588379097624,32.8588379097624,32.8588379097624,32.8588379097624,32.8588379097624,32.8588379097624,32.8113048504838,32.7637717912053,32.7162387319268,32.6687056726483,32.6211726133697,33.4752643757975,34.3293561382253,35.183447900653,36.0375396630808,36.8916314255086,36.8916314255086,37.1852530592545,37.1852530592545,37.2455045525672,37.2455045525672,37.2900071406968,37.2900071406968,37.2900071406968,37.2900071406968,37.2900071406968
804,"UKR","Ukraine",11.3977928863866,11.3977928863866,11.3977928863866,11.3977928863866,11.3977928863866,11.3977928863866,11.7907495464733,12.18370620656,12.5766628666468,12.9696195267335,13.3625761868202,14.0006979628433,14.6388197388664,15.2769415148896,15.9150632909127,16.5531850669358,16.5531850669358,17.3049089456764,17.3049089456764,17.5145483494372,17.5145483494372,17.4688884553963,17.4688884553963,17.4688884553963,17.4688884553963,17.4688884553963
784,"ARE","United Arab Emirates",6.28227407032244,6.28227407032244,6.28227407032244,6.28227407032244,6.28227407032244,6.28227407032244,6.41075172984425,6.53922938936602,6.66770704888782,6.79618470840959,6.9246623679314,7.11457984724754,7.30449732656368,7.49441480587982,7.68433228519596,7.8742497645121,7.8742497645121,8.82936120889552,8.82936120889552,8.86032212476594,8.86032212476594,8.9013170021959,8.9013170021959,8.9013170021959,8.9013170021959,8.9013170021959
826,"GBR","United Kingdom",39.0056833265027,39.0056833265027,39.0056833265027,39.0056833265027,39.0056833265027,39.0056833265027,39.8355313197404,40.665379312978,41.4952273062153,42.3250752994529,43.1549232926905,44.538774818694,45.922626344697,47.3064778707004,48.6903293967035,50.0741809227069,50.0741809227069,50.5941334135097,50.5941334135097,50.891811583439,50.891811583439,50.7297887558784,50.7297887558784,50.7297887558784,50.7297887558784,50.7297887558784
840,"USA","United States of America",13.0771988663175,13.0771988663175,13.0771988663175,13.0771988663175,13.0771988663175,13.0771988663175,13.0888721457346,13.1005454251518,13.112218704569,13.1238919839862,13.1355652634034,13.5517873516009,13.9680094397983,14.3842315279958,14.8004536161932,15.2166757043907,15.2166757043907,15.4743969929136,15.4743969929136,15.6501523885541,15.6501523885541,15.7594044527643,15.7594044527643,15.7594044527643,15.7594044527643,15.7594044527643
858,"URY","Uruguay",0.0650954747549346,0.0650954747549346,0.0650954747549346,0.0650954747549346,0.0650954747549346,0.0650954747549346,0.473457427547591,0.881819380340248,1.29018133313291,1.69854328592556,2.10690523871822,2.93285895721968,3.75881267572109,4.58476639422255,5.41072011272397,6.23667383122543,6.23667383122543,6.53104711726431,6.53104711726431,6.59006971873289,6.59006971873289,6.59051116531758,6.59051116531758,6.59051116531758,6.59051116531758,6.59051116531758
860,"UZB","Uzbekistan",0.526132742987997,0.526132742987997,0.526132742987997,0.526132742987997,0.526132742987997,0.526132742987997,0.580165804950991,0.634198866913984,0.688231928876977,0.742264990839973,0.796298052802966,0.901741745396256,1.00718543798958,1.11262913058287,1.2180728231762,1.32351651576949,1.32351651576949,1.67087532295696,1.67087532295696,1.72849006775011,1.72849006775011,1.73988416203,1.73988416203,1.73988416203,1.73988416203,1.73988416203
548,"VUT","Vanuatu",6.99803794889598,6.99803794889598,6.99803794889598,6.99803794889598,6.99803794889598,6.99803794889598,7.22363624324184,7.4492345375877,7.67483283193352,7.90043112627938,8.12602942062523,8.30714898881889,8.48826855701254,8.6693881252062,8.85050769339985,9.0316272615935,9.0316272615935,9.74962223506791,9.74962223506791,10.571762809557,10.571762809557,10.5766067909995,10.5766067909995,10.5766067909995,10.5766067909995,10.5766067909995
862,"VEN","Venezuela",54.1915651488658,54.1915651488658,54.1915651488658,54.1915651488658,54.1915651488658,54.1915651488658,55.2789554657946,56.3663457827235,57.4537360996523,58.5411264165811,59.6285167335099,62.0448998900558,64.4612830466017,66.8776662031476,69.2940493596935,71.7104325162395,71.7104325162395,72.8087993428412,72.8087993428412,72.9639021969125,72.9639021969125,72.964618056239,72.964618056239,72.964618056239,72.964618056239,72.964618056239
704,"VNM","Viet Nam",11.2794971326851,11.2794971326851,11.2794971326851,11.2794971326851,11.2794971326851,11.2794971326851,10.3128722841341,9.34624743558311,8.3796225870321,7.41299773848109,6.44637288993008,9.85023864960297,13.2541044092759,16.6579701689488,20.0618359286217,23.4657016882946,23.4657016882946,23.9477136347936,23.9477136347936,25.0363328435661,25.0363328435661,25.0216815893509,25.0216815893509,25.0216815893509,25.0216815893509,25.0216815893509
876,"WLF","Wallis and Futuna Islands",0,0,0,0,0,0,0,0,0,0,0,0,0,0,0,0.288371998685217,0.288371998685217,0.543551986599113,0.543551986599113,0.557737932252255,0.557737932252255,0.576911031213256,0.576911031213256,0.576911031213256,0.576911031213256,0.576911031213256
732,"ESH","Western Sahara",5.75618905128953,5.75618905128953,5.75618905128953,5.75618905128953,5.75618905128953,5.75618905128953,6.12866974844106,6.50115044559262,6.87363114274414,7.2461118398957,7.61859253704722,7.53884103568144,7.45908953431561,7.37933803294982,7.299586531584,7.21983503021821,7.21983503021821,10.97729711801,10.97729711801,11.0041537737419,11.0041537737419,10.9680386707208,10.9680386707208,10.9680386707208,10.9680386707208,10.9680386707208
887,"YEM","Yemen",0,0,0,0,0,0,0,0,0,0,0,0,0.105808780849796,0.354894419697585,0.603980058545338,0.853065697393125,0.853065697393125,1.65374242307644,1.65374242307644,1.69418847502277,1.69418847502277,1.71960148111295,1.71960148111295,1.71960148111295,1.71960148111295,1.71960148111295
894,"ZMB","Zambia",63.3907154238453,63.3907154238453,63.3907154238453,63.3907154238453,63.3907154238453,63.3907154238453,63.5714699037824,63.7522243837196,63.9329788636567,64.1137333435939,64.294487823531,65.0347818150255,65.7750758065201,66.5153697980142,67.2556637895087,67.9959577810033,67.9959577810033,68.4709304441252,68.4709304441252,68.5415618976715,68.5415618976715,68.6098071534631,68.6098071534631,68.6098071534631,68.6098071534631,68.6098071534631
716,"ZWE","Zimbabwe",35.0783597515252,35.0783597515252,35.0783597515252,35.0783597515252,35.0783597515252,35.0783597515252,36.2695019468392,37.4606441421528,38.6517863374668,39.8429285327805,41.0340707280944,43.3686073016456,45.7031438751971,48.0376804487482,50.3722170222998,52.7067535958509,52.7067535958509,53.6580113308602,53.6580113308602,53.8052397323402,53.8052397323402,54.1130592427282,54.1130592427282,54.1130592427282,54.1130592427282,54.1130592427282
