"code","iso","country","PBD.ind.1995","PBD.ind.1996","PBD.ind.1997","PBD.ind.1998","PBD.ind.1999","PBD.ind.2000","PBD.ind.2001","PBD.ind.2002","PBD.ind.2003","PBD.ind.2004","PBD.ind.2005","PBD.ind.2006","PBD.ind.2007","PBD.ind.2008","PBD.ind.2009","PBD.ind.2010","PBD.ind.2011","PBD.ind.2012","PBD.ind.2013","PBD.ind.2014","PBD.ind.2015","PBD.ind.2016","PBD.ind.2017","PBD.ind.2018","PBD.ind.2019","PBD.ind.2020"
4,"AFG","Afghanistan",0,0,0,0,0,0,0,0,0,0,0,0,0,0,0,0,0,0,0,0,0,0,0,0,0,0
8,"ALB","Albania",41.0444796562597,41.0444796562597,41.0444796562597,41.0444796562597,41.0444796562597,41.0444796562597,41.343117232428,41.6417548085965,41.9403923847648,42.2390299609331,42.5376675371014,42.8363051132699,43.1349426894382,43.4335802656065,43.732217841775,44.0308554179433,44.1147388960122,44.1986223740812,44.2825058521501,44.3663893302191,44.4502728082881,44.8604722581376,45.2706717079868,45.6808711578364,46.0910706076859,46.0910706076859
12,"DZA","Algeria",26.8891385979756,26.8891385979756,26.8891385979756,26.8891385979756,26.8891385979756,26.8891385979756,27.5738383600584,28.258538122141,28.9432378842239,29.6279376463065,30.3126374083894,30.997337170472,31.6820369325546,32.3667366946375,33.0514364567201,33.7361362188029,34.3208133287495,34.9054904386959,35.4901675486422,36.0748446585887,36.6595217685353,37.2137669367056,37.768012104876,38.3222572730464,38.8765024412168,38.8765024412168
20,"AND","Andorra",83.6686908176577,83.6686908176577,83.6686908176577,83.6686908176577,83.6686908176577,83.6686908176577,84.1916259444236,84.7145610711896,85.2374961979558,85.7604313247217,86.2833664514877,86.8063015782536,87.3292367050195,87.8521718317857,88.3751069585517,88.8980420853176,89.4021130886029,89.9061840918882,90.4102550951735,90.9143260984588,91.4183971017441,92.135311354943,92.8522256081419,93.5691398613411,94.28605411454,94.28605411454
24,"AGO","Angola",28.1301711653067,28.1301711653067,28.1301711653067,28.1301711653067,28.1301711653067,28.1301711653067,28.5621017660135,28.9940323667201,29.4259629674269,29.8578935681335,30.2898241688403,30.7217547695472,31.1536853702538,31.5856159709606,32.0175465716672,32.449477172374,33.0891562791133,33.7288353858525,34.3685144925917,35.008193599331,35.6478727060702,36.0508040307336,36.4537353553969,36.85666668006,37.2595980047234,37.2595980047234
660,"AIA","Anguilla",NA,NA,NA,NA,NA,NA,NA,NA,NA,NA,NA,NA,NA,NA,NA,NA,NA,NA,NA,NA,NA,NA,NA,NA,NA,NA
28,"ATG","Antigua and Barbuda",51.1005666180375,51.1005666180375,51.1005666180375,51.1005666180375,51.1005666180375,51.1005666180375,51.5691328264281,52.0376990348187,52.5062652432094,52.9748314516,53.4433976599903,53.911963868381,54.3805300767716,54.8490962851622,55.3176624935528,55.7862287019434,56.1936583532567,56.6010880045698,57.0085176558831,57.4159473071961,57.8233769585094,58.500050322086,59.1767236856629,59.8533970492398,60.5300704128164,60.5300704128164
32,"ARG","Argentina",63.6287598066793,63.6287598066793,63.6287598066793,63.6287598066793,63.6287598066793,63.6287598066793,64.1947040994994,64.7606483923194,65.3265926851393,65.8925369779594,66.4584812707795,67.0244255635996,67.5903698564196,68.1563141492395,68.7222584420596,69.2882027348796,69.8366545437116,70.3851063525435,70.9335581613755,71.4820099702074,72.0304617790394,72.2861528338497,72.54184388866,72.7975349434703,73.0532259982805,73.0532259982805
51,"ARM","Armenia",41.0300352170042,41.0300352170042,41.0300352170042,41.0300352170042,41.0300352170042,41.0300352170042,41.4339739293797,41.8379126417552,42.2418513541306,42.6457900665061,43.0497287788813,43.4536674912568,43.8576062036323,44.2615449160077,44.6654836283832,45.0694223407587,45.7968781260766,46.5243339113945,47.2517896967124,47.9792454820303,48.7067012673482,49.2406954059975,49.7746895446465,50.3086836832958,50.8426778219448,50.8426778219448
533,"ABW","Aruba",NA,NA,NA,NA,NA,NA,NA,NA,NA,NA,NA,NA,NA,NA,NA,NA,NA,NA,NA,NA,NA,NA,NA,NA,NA,NA
36,"AUS","Australia",59.678555219381,59.678555219381,59.678555219381,59.678555219381,59.678555219381,59.678555219381,60.7971380133976,61.9157208074139,63.0343036014305,64.1528863954468,65.2714691894634,66.39005198348,67.5086347774963,68.6272175715129,69.7458003655292,70.8643831595458,71.757421540743,72.6504599219405,73.5434983031378,74.4365366843353,75.3295750655326,75.8015969968396,76.2736189281464,76.7456408594535,77.2176627907605,77.2176627907605
40,"AUT","Austria",73.8743556701863,73.8743556701863,73.8743556701863,73.8743556701863,73.8743556701863,73.8743556701863,74.8988179524222,75.9232802346581,76.9477425168939,77.9722047991298,78.9966670813659,80.0211293636018,81.0455916458376,82.0700539280735,83.0945162103094,84.1189784925452,84.8972602384744,85.6755419844036,86.4538237303325,87.2321054762616,88.0103872221908,88.930081820637,89.849776419083,90.769471017529,91.6891656159753,91.6891656159753
31,"AZE","Azerbaijan",37.1211242315629,37.1211242315629,37.1211242315629,37.1211242315629,37.1211242315629,37.1211242315629,37.0687977812546,37.0164713309461,36.9641448806376,36.9118184303294,36.8594919800209,36.8071655297126,36.7548390794044,36.7025126290959,36.6501861787874,36.5978597284791,36.8750031073495,37.1521464862202,37.4292898650906,37.7064332439612,37.9835766228317,38.726983735076,39.4703908473207,40.2137979595651,40.9572050718097,40.9572050718097
44,"BHS","Bahamas",57.1653005043454,57.1653005043454,57.1653005043454,57.1653005043454,57.1653005043454,57.1653005043454,57.6353798938007,58.105459283256,58.575538672711,59.0456180621663,59.5156974516216,59.9857768410768,60.4558562305321,60.9259356199872,61.3960150094424,61.8660943988977,62.4858514239379,63.1056084489781,63.7253654740186,64.3451224990588,64.964879524099,65.4924992043545,66.0201188846102,66.5477385648658,67.0753582451214,67.0753582451214
48,"BHR","Bahrain",40.4846346488116,40.4846346488116,40.4846346488116,40.4846346488116,40.4846346488116,40.4846346488116,41.4090639601225,42.3334932714335,43.2579225827442,44.1823518940552,45.1067812053661,46.0312105166771,46.9556398279881,47.8800691392988,48.8044984506098,49.7289277619207,51.2181745582801,52.7074213546392,54.1966681509985,55.6859149473577,57.175161743717,57.5617341997011,57.9483066556852,58.3348791116695,58.7214515676536,58.7214515676536
50,"BGD","Bangladesh",13.7466782529736,13.7466782529736,13.7466782529736,13.7466782529736,13.7466782529736,13.7466782529736,13.8185204453414,13.8903626377092,13.9622048300771,14.0340470224449,14.1058892148125,14.1777314071803,14.2495735995481,14.3214157919159,14.3932579842837,14.4651001766516,15.7610583989772,17.0570166213032,18.3529748436289,19.6489330659548,20.9448912882805,21.5169371255717,22.0889829628629,22.6610288001539,23.2330746374451,23.2330746374451
52,"BRB","Barbados",59.4984296524596,59.4984296524596,59.4984296524596,59.4984296524596,59.4984296524596,59.4984296524596,60.2333772136597,60.9683247748596,61.7032723360597,62.4382198972595,63.1731674584596,63.9081150196597,64.6430625808595,65.3780101420596,66.1129577032594,66.8479052644595,67.3429430035017,67.8379807425438,68.333018481586,68.8280562206281,69.3230939596703,69.6027323234327,69.8823706871954,70.1620090509579,70.4416474147204,70.4416474147204
112,"BLR","Belarus",48.8730350460705,48.8730350460705,48.8730350460705,48.8730350460705,48.8730350460705,48.8730350460705,48.9346279382355,48.9962208304003,49.0578137225653,49.1194066147304,49.1809995068952,49.2425923990602,49.3041852912252,49.3657781833903,49.4273710755551,49.4889639677201,50.6833677515779,51.8777715354356,53.0721753192932,54.2665791031509,55.4609828870087,56.0323309842485,56.6036790814881,57.1750271787279,57.7463752759678,57.7463752759678
56,"BEL","Belgium",50.3055676123517,50.3055676123517,50.3055676123517,50.3055676123517,50.3055676123517,50.3055676123517,51.3239219120188,52.3422762116857,53.3606305113528,54.3789848110197,55.3973391106868,56.4156934103539,57.4340477100208,58.4524020096879,59.4707563093548,60.489110609022,61.4442849243644,62.3994592397069,63.3546335550491,64.3098078703915,65.264982185734,65.8085524157102,66.3521226456864,66.8956928756629,67.4392631056392,67.4392631056392
84,"BLZ","Belize",37.8328271298196,37.8328271298196,37.8328271298196,37.8328271298196,37.8328271298196,37.8328271298196,39.0038790813878,40.1749310329561,41.3459829845242,42.5170349360926,43.6880868876607,44.8591388392289,46.0301907907972,47.2012427423654,48.3722946939337,49.5433466455018,50.0949337445928,50.6465208436837,51.1981079427747,51.7496950418656,52.3012821409566,52.8410677443797,53.3808533478025,53.9206389512255,54.4604245546486,54.4604245546486
204,"BEN","Benin",31.6502561571979,31.6502561571979,31.6502561571979,31.6502561571979,31.6502561571979,31.6502561571979,31.8127049455626,31.975153733927,32.1376025222916,32.3000513106562,32.4625000990206,32.6249488873853,32.7873976757499,32.9498464641145,33.1122952524789,33.2747440408435,33.5482307606329,33.8217174804224,34.0952042002118,34.3686909200013,34.6421776397906,35.1748880712984,35.7075985028064,36.2403089343145,36.7730193658222,36.7730193658222
60,"BMU","Bermuda",64.6834893172874,64.6834893172874,64.6834893172874,64.6834893172874,64.6834893172874,64.6834893172874,65.8904321354312,67.0973749535752,68.3043177717191,69.5112605898632,70.718203408007,71.925146226151,73.1320890442948,74.3390318624389,75.545974680583,76.7529174987268,77.4243249939137,78.0957324891006,78.7671399842878,79.4385474794747,80.1099549746616,80.9702475029435,81.8305400312251,82.6908325595067,83.5511250877886,83.5511250877886
64,"BTN","Bhutan",33.7668730054992,33.7668730054992,33.7668730054992,33.7668730054992,33.7668730054992,33.7668730054992,34.1943870872725,34.6219011690456,35.049415250819,35.4769293325923,35.9044434143654,36.3319574961388,36.7594715779121,37.1869856596855,37.6144997414586,38.0420138232319,38.6043309607046,39.1666480981773,39.7289652356503,40.291282373123,40.8535995105957,41.4538516917287,42.0541038728615,42.6543560539943,43.2546082351274,43.2546082351274
68,"BOL","Bolivia",38.1049216141823,38.1049216141823,38.1049216141823,38.1049216141823,38.1049216141823,38.1049216141823,38.4437634516344,38.7826052890864,39.1214471265383,39.4602889639905,39.7991308014427,40.1379726388947,40.4768144763469,40.8156563137988,41.1544981512507,41.493339988703,41.6803160868146,41.8672921849262,42.0542682830381,42.2412443811497,42.4282204792613,42.7337635939661,43.0393067086706,43.3448498233751,43.6503929380798,43.6503929380798
70,"BIH","Bosnia and Herzegovina",33.9955409678352,33.9955409678352,33.9955409678352,33.9955409678352,33.9955409678352,33.9955409678352,34.4552915988849,34.9150422299349,35.3747928609846,35.8345434920346,36.2942941230844,36.7540447541341,37.2137953851841,37.6735460162338,38.1332966472838,38.5930472783336,38.9671997454048,39.341352212476,39.7155046795473,40.0896571466185,40.4638096136898,41.0718078349399,41.6798060561903,42.2878042774408,42.8958024986909,42.8958024986909
72,"BWA","Botswana",24.2588344460354,24.2588344460354,24.2588344460354,24.2588344460354,24.2588344460354,24.2588344460354,25.1416536607691,26.0244728755028,26.9072920902363,27.79011130497,28.6729305197037,29.5557497344374,30.4385689491711,31.3213881639046,32.2042073786383,33.087026593372,33.8549571687327,34.6228877440934,35.3908183194538,36.1587488948145,36.9266794701751,37.6341595691931,38.341639668211,39.0491197672292,39.7565998662472,39.7565998662472
76,"BRA","Brazil",43.2461719419653,43.2461719419653,43.2461719419653,43.2461719419653,43.2461719419653,43.2461719419653,44.0417638348573,44.8373557277494,45.6329476206414,46.4285395135334,47.2241314064254,48.0197232993177,48.8153151922098,49.6109070851018,50.4064989779938,51.2020908708859,52.1259068768822,53.0497228828787,53.973538888875,54.8973548948715,55.8211709008678,56.5880480876255,57.3549252743832,58.1218024611411,58.8886796478988,58.8886796478988
92,"VGB","British Virgin Islands",NA,NA,NA,NA,NA,NA,NA,NA,NA,NA,NA,NA,NA,NA,NA,NA,NA,NA,NA,NA,NA,NA,NA,NA,NA,NA
96,"BRN","Brunei Darussalam",51.8022312536162,51.8022312536162,51.8022312536162,51.8022312536162,51.8022312536162,51.8022312536162,52.6722037062106,53.5421761588049,54.4121486113992,55.2821210639936,56.1520935165877,57.022065969182,57.8920384217763,58.7620108743707,59.631983326965,60.5019557795593,61.3284797644516,62.1550037493441,62.9815277342364,63.8080517191289,64.6345757040211,65.5639252415839,66.4932747791469,67.4226243167099,68.3519738542727,68.3519738542727
100,"BGR","Bulgaria",33.4010337610013,33.4010337610013,33.4010337610013,33.4010337610013,33.4010337610013,33.4010337610013,34.1092343887702,34.8174350165392,35.5256356443081,36.233836272077,36.942036899846,37.6502375276149,38.3584381553839,39.0666387831528,39.7748394109217,40.4830400386906,41.1775344781614,41.8720289176323,42.5665233571028,43.2610177965736,43.9555122360444,44.414207746165,44.8729032562859,45.3315987664065,45.7902942765273,45.7902942765273
854,"BFA","Burkina Faso",29.7202725948855,29.7202725948855,29.7202725948855,29.7202725948855,29.7202725948855,29.7202725948855,29.5982121547255,29.4761517145655,29.3540912744058,29.2320308342458,29.1099703940858,28.9879099539259,28.8658495137659,28.7437890736061,28.6217286334462,28.4996681932862,28.5159137668658,28.5321593404455,28.5484049140253,28.564650487605,28.5808960611846,28.8490096898975,29.1171233186102,29.3852369473229,29.6533505760358,29.6533505760358
108,"BDI","Burundi",26.344707999929,26.344707999929,26.344707999929,26.344707999929,26.344707999929,26.344707999929,26.8908951182127,27.4370822364966,27.9832693547803,28.5294564730643,29.075643591348,29.6218307096317,30.1680178279157,30.7142049461994,31.2603920644834,31.8065791827671,32.2957843748591,32.784989566951,33.2741947590427,33.7633999511347,34.2526051432267,34.6285147409595,35.004424338692,35.3803339364245,35.7562435341573,35.7562435341573
132,"CPV","Cabo Verde",55.2096366464817,55.2096366464817,55.2096366464817,55.2096366464817,55.2096366464817,55.2096366464817,55.8119127675522,56.4141888886228,57.0164650096933,57.6187411307638,58.2210172518341,58.8232933729046,59.4255694939751,60.0278456150457,60.6301217361162,61.2323978571867,61.4793064075984,61.7262149580101,61.9731235084216,62.2200320588333,62.466940609245,61.7173222935557,60.9677039778662,60.2180856621766,59.4684673464874,59.4684673464874
116,"KHM","Cambodia",27.778410411598,27.778410411598,27.778410411598,27.778410411598,27.778410411598,27.778410411598,28.1418559261346,28.5053014406715,28.8687469552081,29.232192469745,29.5956379842817,29.9590834988183,30.3225290133552,30.6859745278918,31.0494200424287,31.4128655569653,31.8449242103607,32.276982863756,32.7090415171515,33.1411001705468,33.5731588239422,33.9342267711211,34.2952947183003,34.6563626654792,35.0174306126581,35.0174306126581
120,"CMR","Cameroon",31.456368123955,31.456368123955,31.456368123955,31.456368123955,31.456368123955,31.456368123955,31.4796069073906,31.5028456908259,31.5260844742616,31.5493232576971,31.5725620411327,31.5958008245681,31.6190396080037,31.6422783914393,31.6655171748747,31.6887559583103,32.0398783022077,32.3910006461052,32.7421229900024,33.0932453338998,33.4443676777973,34.1150677468008,34.7857678158046,35.4564678848084,36.1271679538119,36.1271679538119
124,"CAN","Canada",83.9526518316171,83.9526518316171,83.9526518316171,83.9526518316171,83.9526518316171,83.9526518316171,84.6246732650243,85.2966946984315,85.9687161318387,86.6407375652459,87.3127589986531,87.9847804320602,88.6568018654674,89.3288232988747,90.0008447322818,90.672866165689,91.4339221594379,92.1949781531868,92.9560341469357,93.7170901406846,94.4781461344334,94.9990359006565,95.5199256668794,96.0408154331025,96.5617051993255,96.5617051993255
136,"CYM","Cayman Islands",NA,NA,NA,NA,NA,NA,NA,NA,NA,NA,NA,NA,NA,NA,NA,NA,NA,NA,NA,NA,NA,NA,NA,NA,NA,NA
140,"CAF","Central African Republic",21.1970774079462,21.1970774079462,21.1970774079462,21.1970774079462,21.1970774079462,21.1970774079462,21.2816433582303,21.3662093085143,21.4507752587984,21.5353412090824,21.6199071593665,21.7044731096508,21.7890390599349,21.873605010219,21.958170960503,22.0427369107871,22.1837762086137,22.3248155064406,22.4658548042673,22.6068941020942,22.7479333999209,23.0596539627269,23.3713745255329,23.6830950883389,23.994815651145,23.994815651145
148,"TCD","Chad",27.6244782512435,27.6244782512435,27.6244782512435,27.6244782512435,27.6244782512435,27.6244782512435,27.53113078189,27.4377833125367,27.3444358431833,27.2510883738299,27.1577409044762,27.0643934351228,26.9710459657694,26.877698496416,26.7843510270626,26.6910035577092,26.9122709001648,27.1335382426205,27.3548055850761,27.5760729275317,27.7973402699874,28.1174886286459,28.4376369873045,28.7577853459631,29.0779337046217,29.0779337046217
152,"CHL","Chile",86.8581193719663,86.8581193719663,86.8581193719663,86.8581193719663,86.8581193719663,86.8581193719663,87.3760324864203,87.8939456008741,88.4118587153281,88.9297718297818,89.4476849442358,89.9655980586896,90.4835111731434,91.0014242875973,91.5193374020511,92.0372505165051,92.7492490530698,93.4612475896345,94.1732461261989,94.8852446627635,95.5972431993282,96.1558003690658,96.7143575388036,97.2729147085412,97.8314718782787,97.8314718782787
156,"CHN","China",27.2402930963644,27.2402930963644,27.2402930963644,27.2402930963644,27.2402930963644,27.2402930963644,27.6241651399831,28.0080371836019,28.3919092272203,28.7757812708391,29.1596533144578,29.5435253580765,29.9273974016952,30.3112694453137,30.6951414889324,31.0790135325512,31.7400392257073,32.4010649188635,33.0620906120196,33.7231163051758,34.384141998332,35.1797672604228,35.9753925225137,36.7710177846043,37.5666430466952,37.5666430466952
170,"COL","Colombia",43.2394876412696,43.2394876412696,43.2394876412696,43.2394876412696,43.2394876412696,43.2394876412696,44.1660136532604,45.0925396652515,46.0190656772423,46.9455916892334,47.8721177012242,48.798643713215,49.7251697252061,50.6516957371969,51.5782217491879,52.5047477611788,53.7566745740912,55.0086013870037,56.2605281999164,57.5124550128288,58.7643818257413,59.5368643369975,60.3093468482534,61.0818293595096,61.8543118707659,61.8543118707659
174,"COM","Comoros",35.5705779643885,35.5705779643885,35.5705779643885,35.5705779643885,35.5705779643885,35.5705779643885,36.2630184778377,36.9554589912869,37.6478995047359,38.3403400181851,39.0327805316344,39.7252210450836,40.4176615585328,41.1101020719818,41.802542585431,42.4949830988802,42.8497313469831,43.2044795950859,43.5592278431885,43.9139760912913,44.2687243393942,44.9693853459612,45.6700463525281,46.3707073590953,47.0713683656623,47.0713683656623
184,"COK","Cook Islands",97.9829594090869,97.9829594090869,97.9829594090869,97.9829594090869,97.9829594090869,97.9829594090869,98.7139098984152,99.4448603877435,100,100,100,100,100,100,100,100,100,100,100,100,100,100,100,100,100,100
188,"CRI","Costa Rica",42.9366411487859,42.9366411487859,42.9366411487859,42.9366411487859,42.9366411487859,42.9366411487859,43.4607352480922,43.9848293473983,44.5089234467046,45.0330175460109,45.557111645317,46.0812057446233,46.6052998439296,47.1293939432359,47.653488042542,48.1775821418483,49.0079451446372,49.8383081474258,50.6686711502147,51.4990341530034,52.3293971557923,52.6877141415669,53.0460311273416,53.4043481131162,53.7626650988909,53.7626650988909
384,"CIV","Cote d'Ivoire",36.5083524672385,36.5083524672385,36.5083524672385,36.5083524672385,36.5083524672385,36.5083524672385,36.8179370346673,37.127521602096,37.437106169525,37.7466907369538,38.0562753043825,38.3658598718112,38.6754444392399,38.9850290066689,39.2946135740977,39.6041981415264,40.0084015830106,40.4126050244947,40.8168084659786,41.2210119074628,41.625215348947,42.4363127974644,43.2474102459817,44.0585076944991,44.8696051430164,44.8696051430164
191,"HRV","Croatia",60.9766320232792,60.9766320232792,60.9766320232792,60.9766320232792,60.9766320232792,60.9766320232792,61.663024501287,62.3494169792947,63.0358094573028,63.7222019353105,64.4085944133183,65.094986891326,65.7813793693338,66.4677718473418,67.1541643253495,67.8405568033573,68.5715170919371,69.3024773805166,70.0334376690964,70.764397957676,71.4953582462558,72.3856844508802,73.2760106555044,74.1663368601286,75.056663064753,75.056663064753
192,"CUB","Cuba",39.4164296241529,39.4164296241529,39.4164296241529,39.4164296241529,39.4164296241529,39.4164296241529,39.9236827114405,40.4309357987284,40.938188886016,41.4454419733039,41.9526950605915,42.4599481478791,42.9672012351669,43.4744543224545,43.9817074097424,44.48896049703,44.8967285716,45.3044966461699,45.7122647207402,46.1200327953101,46.5278008698801,46.9641609932933,47.4005211167062,47.8368812401194,48.2732413635326,48.2732413635326
531,"CUW","Curacao",NA,NA,NA,NA,NA,NA,NA,NA,NA,NA,NA,NA,NA,NA,NA,NA,NA,NA,NA,NA,NA,NA,NA,NA,NA,NA
196,"CYP","Cyprus",48.9577353966341,48.9577353966341,48.9577353966341,48.9577353966341,48.9577353966341,48.9577353966341,50.0867988408394,51.2158622850446,52.34492572925,53.4739891734553,54.6030526176605,55.7321160618657,56.8611795060709,57.9902429502764,59.1193063944816,60.2483698386868,61.3498202204296,62.4512706021724,63.5527209839155,64.6541713656582,65.755621747401,66.6727046243475,67.5897875012939,68.5068703782404,69.4239532551868,69.4239532551868
203,"CZE","Czech Republic",58.179189950466,58.179189950466,58.179189950466,58.179189950466,58.179189950466,58.179189950466,59.2563326504847,60.3334753505034,61.4106180505221,62.4877607505408,63.5649034505595,64.6420461505782,65.719188850597,66.7963315506157,67.8734742506344,68.9506169506531,69.8725498795659,70.7944828084787,71.7164157373916,72.6383486663044,73.5602815952172,74.2646032699948,74.9689249447724,75.6732466195499,76.3775682943275,76.3775682943275
180,"COD","Dem. Rep. Congo",33.1363587307539,33.1363587307539,33.1363587307539,33.1363587307539,33.1363587307539,33.1363587307539,33.1111774629809,33.0859961952079,33.0608149274349,33.0356336596619,33.0104523918887,32.9852711241157,32.9600898563427,32.9349085885698,32.9097273207968,32.8845460530238,33.2464755438091,33.6084050345943,33.9703345253793,34.3322640161646,34.6941935069498,35.0333780869825,35.3725626670154,35.7117472470483,36.050931827081,36.050931827081
208,"DNK","Denmark",81.2938425364968,81.2938425364968,81.2938425364968,81.2938425364968,81.2938425364968,81.2938425364968,82.5202177629786,83.7465929894605,84.9729682159424,86.1993434424242,87.4257186689061,88.6520938953879,89.8784691218698,91.1048443483516,92.3312195748335,93.5575948013153,94.8574715544489,96.1573483075824,97.457225060716,98.7571018138495,100,100,100,100,100,100
262,"DJI","Djibouti",36.9127707771518,36.9127707771518,36.9127707771518,36.9127707771518,36.9127707771518,36.9127707771518,37.2761464568685,37.639522136585,38.0028978163017,38.3662734960184,38.7296491757351,39.0930248554515,39.4564005351682,39.8197762148849,40.1831518946014,40.5465275743181,41.1915449658735,41.8365623574287,42.4815797489841,43.1265971405392,43.7716145320946,44.3798117831754,44.988009034256,45.5962062853368,46.2044035364175,46.2044035364175
212,"DMA","Dominica",44.5294433377193,44.5294433377193,44.5294433377193,44.5294433377193,44.5294433377193,44.5294433377193,44.9706884659038,45.4119335940882,45.8531787222727,46.2944238504571,46.7356689786413,47.1769141068258,47.6181592350102,48.0594043631947,48.5006494913792,48.9418946195636,49.2011193135679,49.4603440075721,49.7195687015764,49.9787933955806,50.2380180895849,50.8796675598036,51.5213170300225,52.1629665002412,52.8046159704601,52.8046159704601
214,"DOM","Dominican Republic",31.3980320212301,31.3980320212301,31.3980320212301,31.3980320212301,31.3980320212301,31.3980320212301,31.1985494871305,30.999066953031,30.7995844189314,30.6001018848318,30.4006193507323,30.2011368166329,30.0016542825334,29.8021717484338,29.6026892143342,29.4032066802347,28.8615681024616,28.3199295246885,27.7782909469151,27.2366523691421,26.695013791369,27.51924938987,28.3434849883708,29.1677205868719,29.9919561853729,29.9919561853729
218,"ECU","Ecuador",58.7961541810766,58.7961541810766,58.7961541810766,58.7961541810766,58.7961541810766,58.7961541810766,58.6976849483454,58.5992157156139,58.5007464828827,58.4022772501512,58.3038080174197,58.2053387846885,58.1068695519571,58.0084003192258,57.9099310864944,57.8114618537631,58.4229618574014,59.0344618610399,59.6459618646782,60.2574618683167,60.868961871955,61.4060018653703,61.9430418587858,62.480081852201,63.0171218456165,63.0171218456165
818,"EGY","Egypt",10.2322912657118,10.2322912657118,10.2322912657118,10.2322912657118,10.2322912657118,10.2322912657118,10.2195507661335,10.2068102665552,10.1940697669769,10.1813292673986,10.1685887678203,10.1558482682417,10.1431077686634,10.1303672690851,10.1176267695068,10.1048862699285,10.286840899399,10.4687955288698,10.6507501583403,10.832704787811,11.0146594172815,11.6386468951538,12.2626343730261,12.8866218508984,13.5106093287706,13.5106093287706
222,"SLV","El Salvador",29.1853987403175,29.1853987403175,29.1853987403175,29.1853987403175,29.1853987403175,29.1853987403175,29.4684239034972,29.7514490666767,30.0344742298564,30.3174993930361,30.6005245562156,30.8835497193954,31.1665748825751,31.4496000457548,31.7326252089343,32.015650372114,32.1753521908115,32.3350540095089,32.4947558282063,32.6544576469037,32.8141594656011,33.4830915370531,34.1520236085049,34.8209556799569,35.4898877514089,35.4898877514089
226,"GNQ","Equatorial Guinea",25.2997162344034,25.2997162344034,25.2997162344034,25.2997162344034,25.2997162344034,25.2997162344034,26.3712007177406,27.4426852010779,28.5141696844154,29.5856541677527,30.65713865109,31.7286231344273,32.8001076177646,33.8715921011021,34.9430765844394,36.0145610677766,36.5637016591629,37.1128422505491,37.6619828419353,38.2111234333216,38.7602640247078,39.1001925038106,39.4401209829136,39.7800494620164,40.1199779411191,40.1199779411191
232,"ERI","Eritrea",27.6986594766386,27.6986594766386,27.6986594766386,27.6986594766386,27.6986594766386,27.6986594766386,28.190184814555,28.6817101524715,29.1732354903879,29.6647608283043,30.1562861662205,30.647811504137,31.1393368420534,31.6308621799698,32.1223875178863,32.6139128558027,33.2301087161093,33.8463045764158,34.4625004367221,35.0786962970286,35.6948921573351,36.3537629113539,37.0126336653726,37.6715044193915,38.3303751734103,38.3303751734103
233,"EST","Estonia",74.1699395597396,74.1699395597396,74.1699395597396,74.1699395597396,74.1699395597396,74.1699395597396,74.9054281631873,75.640916766635,76.3764053700829,77.1118939735306,77.8473825769783,78.582871180426,79.3183597838737,80.0538483873217,80.7893369907694,81.5248255942171,82.1707179322133,82.8166102702097,83.4625026082059,84.1083949462023,84.7542872841985,85.4189297319911,86.0835721797839,86.7482146275764,87.412857075369,87.412857075369
748,"SWZ","Eswatini",32.0866014562349,32.0866014562349,32.0866014562349,32.0866014562349,32.0866014562349,32.0866014562349,32.1534278039601,32.220254151685,32.2870804994102,32.3539068471351,32.42073319486,32.4875595425852,32.5543858903104,32.6212122380353,32.6880385857603,32.7548649334855,33.6793304955716,34.6037960576578,35.5282616197437,36.4527271818298,37.377192743916,38.0799222582783,38.7826517726406,39.4853812870026,40.1881108013649,40.1881108013649
231,"ETH","Ethiopia",20.9341189616472,20.9341189616472,20.9341189616472,20.9341189616472,20.9341189616472,20.9341189616472,21.8010504468131,22.667981931979,23.5349134171447,24.4018449023107,25.2687763874766,26.1357078726425,27.0026393578084,27.8695708429742,28.7365023281401,29.603433813306,30.3471085452569,31.0907832772076,31.8344580091585,32.5781327411092,33.3218074730601,33.9389447557245,34.5560820383891,35.1732193210535,35.7903566037181,35.7903566037181
234,"FRO","Faeroe Islands",NA,NA,NA,NA,NA,NA,NA,NA,NA,NA,NA,NA,NA,NA,NA,NA,NA,NA,NA,NA,NA,NA,NA,NA,NA,NA
238,"FLK","Falkland Islands",NA,NA,NA,NA,NA,NA,NA,NA,NA,NA,NA,NA,NA,NA,NA,NA,NA,NA,NA,NA,NA,NA,NA,NA,NA,NA
242,"FJI","Fiji",65.3044565869764,65.3044565869764,65.3044565869764,65.3044565869764,65.3044565869764,65.3044565869764,66.0031859117395,66.7019152365028,67.4006445612659,68.099373886029,68.798103210792,69.4968325355553,70.1955618603184,70.8942911850815,71.5930205098448,72.2917498346079,72.7476752448453,73.2036006550827,73.6595260653198,74.1154514755572,74.5713768857946,75.1702179190866,75.7690589523787,76.367899985671,76.966741018963,76.966741018963
246,"FIN","Finland",96.6779231434878,96.6779231434878,96.6779231434878,96.6779231434878,96.6779231434878,96.6779231434878,97.4923792509663,98.3068353584449,99.1212914659235,99.935747573402,100,100,100,100,100,100,100,100,100,100,100,100,100,100,100,100
250,"FRA","France",64.8324581315009,64.8324581315009,64.8324581315009,64.8324581315009,64.8324581315009,64.8324581315009,65.8968562683323,66.9612544051637,68.0256525419949,69.0900506788263,70.1544488156577,71.2188469524891,72.2832450893205,73.3476432261517,74.4120413629831,75.4764394998145,76.4751170132404,77.4737945266662,78.4724720400918,79.4711495535176,80.4698270669434,81.3590444830599,82.2482618991763,83.1374793152928,84.0266967314093,84.0266967314093
258,"PYF","French Polynesia",NA,NA,NA,NA,NA,NA,NA,NA,NA,NA,NA,NA,NA,NA,NA,NA,NA,NA,NA,NA,NA,NA,NA,NA,NA,NA
266,"GAB","Gabon",42.5796549382897,42.5796549382897,42.5796549382897,42.5796549382897,42.5796549382897,42.5796549382897,43.0782754128273,43.5768958873652,44.0755163619028,44.5741368364407,45.0727573109783,45.5713777855159,46.0699982600538,46.5686187345914,47.0672392091293,47.5658596836669,48.3161633267472,49.0664669698274,49.8167706129077,50.567074255988,51.3173778990682,52.0062407862627,52.6951036734569,53.3839665606513,54.0728294478457,54.0728294478457
270,"GMB","Gambia",36.3213218136489,36.3213218136489,36.3213218136489,36.3213218136489,36.3213218136489,36.3213218136489,36.2816490086975,36.2419762037464,36.202303398795,36.1626305938439,36.1229577888925,36.0832849839411,36.04361217899,36.0039393740386,35.9642665690874,35.924593764136,36.1896706800272,36.4547475959184,36.7198245118095,36.9849014277007,37.2499783435918,37.2097997349568,37.1696211263216,37.1294425176865,37.0892639090515,37.0892639090515
268,"GEO","Georgia",42.8885615574266,42.8885615574266,42.8885615574266,42.8885615574266,42.8885615574266,42.8885615574266,43.0616838434173,43.2348061294084,43.4079284153992,43.58105070139,43.7541729873807,43.9272952733718,44.1004175593626,44.2735398453534,44.4466621313444,44.6197844173352,45.5457636495692,46.4717428818032,47.397722114037,48.323701346271,49.249680578505,49.4171989399931,49.5847173014811,49.7522356629692,49.9197540244574,49.9197540244574
276,"DEU","Germany",75.8555649860582,75.8555649860582,75.8555649860582,75.8555649860582,75.8555649860582,75.8555649860582,76.7418428970176,77.6281208079768,78.5143987189362,79.4006766298954,80.2869545408548,81.1732324518142,82.0595103627734,82.9457882737328,83.832066184692,84.7183440956514,85.3151528193892,85.9119615431271,86.5087702668652,87.1055789906031,87.7023877143409,88.4566721885163,89.210956662692,89.9652411368674,90.7195256110428,90.7195256110428
288,"GHA","Ghana",49.8657508524742,49.8657508524742,49.8657508524742,49.8657508524742,49.8657508524742,49.8657508524742,49.9031346522204,49.9405184519666,49.9779022517128,50.015286051459,50.0526698512054,50.0900536509516,50.1274374506978,50.164821250444,50.2022050501902,50.2395888499363,50.737249657819,51.2349104657014,51.732571273584,52.2302320814664,52.7278928893491,53.3649318021948,54.0019707150402,54.6390096278856,55.2760485407313,55.2760485407313
300,"GRC","Greece",56.0439798155447,56.0439798155447,56.0439798155447,56.0439798155447,56.0439798155447,56.0439798155447,56.8036184066755,57.563256997806,58.3228955889368,59.0825341800673,59.8421727711981,60.6018113623288,61.3614499534594,62.1210885445901,62.8807271357207,63.6403657268514,64.4513458171131,65.2623259073748,66.0733059976365,66.8842860878982,67.6952661781599,68.1222887516783,68.5493113251967,68.9763338987149,69.4033564722334,69.4033564722334
304,"GRL","Greenland",44.2779858828731,44.2779858828731,44.2779858828731,44.2779858828731,44.2779858828731,44.2779858828731,45.0397423020304,45.8014987211879,46.5632551403453,47.3250115595027,48.0867679786601,48.8485243978175,49.6102808169749,50.3720372361323,51.1337936552897,51.8955500744471,52.8253040840476,53.7550580936482,54.6848121032485,55.614566112849,56.5443201224495,57.2303206071776,57.9163210919055,58.6023215766333,59.2883220613614,59.2883220613614
308,"GRD","Grenada",31.7981711580358,31.7981711580358,31.7981711580358,31.7981711580358,31.7981711580358,31.7981711580358,32.267992807541,32.7378144570462,33.2076361065514,33.6774577560566,34.1472794055617,34.6171010550669,35.0869227045721,35.5567443540773,36.0265660035825,36.4963876530876,37.1924161881879,37.8884447232883,38.5844732583885,39.280501793489,39.9765303285892,40.4637799957657,40.9510296629425,41.438279330119,41.9255289972958,41.9255289972958
320,"GTM","Guatemala",23.9977598396167,23.9977598396167,23.9977598396167,23.9977598396167,23.9977598396167,23.9977598396167,24.3123180317239,24.6268762238311,24.9414344159382,25.2559926080454,25.5705508001523,25.8851089922594,26.1996671843666,26.5142253764738,26.8287835685809,27.1433417606881,27.2832796779938,27.4232175952992,27.5631555126049,27.7030934299103,27.843031347216,28.5366220869708,29.2302128267255,29.9238035664803,30.6173943062351,30.6173943062351
831,"GGY","Guernsey",NA,NA,NA,NA,NA,NA,NA,NA,NA,NA,NA,NA,NA,NA,NA,NA,NA,NA,NA,NA,NA,NA,NA,NA,NA,NA
324,"GIN","Guinea",33.170869608369,33.170869608369,33.170869608369,33.170869608369,33.170869608369,33.170869608369,32.8922632667602,32.6136569251512,32.3350505835424,32.0564442419336,31.7778379003246,31.4992315587158,31.220625217107,30.9420188754982,30.6634125338892,30.3848061922804,30.4305652327598,30.4763242732391,30.5220833137187,30.567842354198,30.6136013946773,31.1772357259911,31.7408700573049,32.3045043886189,32.8681387199326,32.8681387199326
624,"GNB","Guinea-Bissau",24.4534490472395,24.4534490472395,24.4534490472395,24.4534490472395,24.4534490472395,24.4534490472395,24.4329307968428,24.412412546446,24.3918942960492,24.3713760456525,24.3508577952555,24.3303395448587,24.309821294462,24.2893030440652,24.2687847936685,24.2482665432717,24.6221786003664,24.9960906574611,25.3700027145555,25.7439147716501,26.1178268287448,26.7136678803737,27.3095089320028,27.905349983632,28.5011910352608,28.5011910352608
328,"GUY","Guyana",16.9614014007357,16.9614014007357,16.9614014007357,16.9614014007357,16.9614014007357,16.9614014007357,17.2717241681731,17.5820469356103,17.8923697030477,18.2026924704849,18.5130152379221,18.8233380053596,19.1336607727968,19.4439835402343,19.7543063076715,20.0646290751089,20.5279412867937,20.9912534984785,21.454565710163,21.9178779218478,22.3811901335326,23.0113836186515,23.6415771037702,24.2717705888891,24.901964074008,24.901964074008
332,"HTI","Haiti",7.9060180252818,7.9060180252818,7.9060180252818,7.9060180252818,7.9060180252818,7.9060180252818,8.02461592664262,8.14321382800374,8.2618117293646,8.38040963072568,8.49900753208655,8.61760543344738,8.73620333480849,8.85480123616935,8.97339913753046,9.09199703889129,9.34219294604951,9.59238885320748,9.8425847603657,10.0927806675236,10.3429765746819,10.7794291700372,11.2158817653926,11.6523343607479,12.0887869561033,12.0887869561033
336,"VAT","Holy See",NA,NA,NA,NA,NA,NA,NA,NA,NA,NA,NA,NA,NA,NA,NA,NA,NA,NA,NA,NA,NA,NA,NA,NA,NA,NA
340,"HND","Honduras",19.0214229565991,19.0214229565991,19.0214229565991,19.0214229565991,19.0214229565991,19.0214229565991,19.0423914673125,19.0633599780256,19.084328488739,19.1052969994523,19.1262655101654,19.1472340208788,19.1682025315921,19.1891710423055,19.2101395530186,19.231108063732,19.0356996846346,18.8402913055372,18.6448829264396,18.4494745473423,18.2540661682449,18.8576509534584,19.4612357386716,20.0648205238851,20.6684053090983,20.6684053090983
344,"HKG","Hong Kong",NA,NA,NA,NA,NA,NA,NA,NA,NA,NA,NA,NA,NA,NA,NA,NA,NA,NA,NA,NA,NA,NA,NA,NA,NA,NA
348,"HUN","Hungary",54.7388978823107,54.7388978823107,54.7388978823107,54.7388978823107,54.7388978823107,54.7388978823107,55.4608336379487,56.1827693935867,56.9047051492247,57.6266409048627,58.3485766605005,59.0705124161385,59.7924481717765,60.5143839274145,61.2363196830525,61.9582554386905,62.5845150894916,63.2107747402924,63.8370343910934,64.4632940418942,65.0895536926952,65.8713725460093,66.6531913993233,67.4350102526371,68.2168291059512,68.2168291059512
352,"ISL","Iceland",75.0699054316503,75.0699054316503,75.0699054316503,75.0699054316503,75.0699054316503,75.0699054316503,76.2069475919107,77.3439897521711,78.4810319124315,79.6180740726919,80.7551162329521,81.8921583932125,83.0292005534729,84.1662427137333,85.3032848739937,86.4403270342541,87.584045682241,88.7277643302279,89.8714829782145,91.0152016262014,92.1589202741884,93.1428325054696,94.1267447367509,95.1106569680321,96.0945691993134,96.0945691993134
356,"IND","India",13.6950561095888,13.6950561095888,13.6950561095888,13.6950561095888,13.6950561095888,13.6950561095888,14.0364099112182,14.3777637128476,14.7191175144773,15.0604713161067,15.4018251177361,15.7431789193655,16.084532720995,16.4258865226246,16.767240324254,17.1085941258835,17.4527947904363,17.7969954549895,18.1411961195423,18.4853967840955,18.8295974486483,19.3724625782598,19.915327707871,20.4581928374824,21.0010579670939,21.0010579670939
360,"IDN","Indonesia",29.3872453499514,29.3872453499514,29.3872453499514,29.3872453499514,29.3872453499514,29.3872453499514,29.4241397507262,29.4610341515011,29.4979285522762,29.5348229530511,29.5717173538259,29.6086117546008,29.6455061553757,29.6824005561507,29.7192949569256,29.7561893577004,30.1922293249956,30.6282692922906,31.0643092595857,31.5003492268807,31.9363891941758,32.5938189495741,33.2512487049721,33.9086784603704,34.5661082157684,34.5661082157684
364,"IRN","Iran",13.4753741211139,13.4753741211139,13.4753741211139,13.4753741211139,13.4753741211139,13.4753741211139,14.3067189319959,15.1380637428779,15.9694085537599,16.8007533646419,17.6320981755236,18.4634429864056,19.2947877972876,20.1261326081696,20.9574774190516,21.7888222299336,22.4357099904029,23.0825977508723,23.7294855113414,24.3763732718107,25.0232610322801,25.6050921405748,26.1869232488695,26.7687543571642,27.3505854654589,27.3505854654589
368,"IRQ","Iraq",20.9788935509526,20.9788935509526,20.9788935509526,20.9788935509526,20.9788935509526,20.9788935509526,21.3786613500434,21.7784291491343,22.1781969482249,22.5779647473157,22.9777325464065,23.3775003454974,23.7772681445882,24.1770359436788,24.5768037427696,24.9765715418604,25.6838242516446,26.391076961429,27.0983296712132,27.8055823809976,28.5128350907818,28.7928069149016,29.0727787390214,29.3527505631414,29.6327223872612,29.6327223872612
372,"IRL","Ireland",57.770944184293,57.770944184293,57.770944184293,57.770944184293,57.770944184293,57.770944184293,59.4208932998682,61.0708424154432,62.7207915310185,64.3707406465934,66.0206897621687,67.6706388777439,69.3205879933189,70.9705371088941,72.6204862244692,74.2704353400444,75.2221147445932,76.1737941491421,77.1254735536909,78.0771529582398,79.0288323627886,79.9434591986119,80.8580860344349,81.7727128702581,82.6873397060811,82.6873397060811
833,"IMN","Isle of Man",NA,NA,NA,NA,NA,NA,NA,NA,NA,NA,NA,NA,NA,NA,NA,NA,NA,NA,NA,NA,NA,NA,NA,NA,NA,NA
376,"ISR","Israel",72.6028237294959,72.6028237294959,72.6028237294959,72.6028237294959,72.6028237294959,72.6028237294959,73.8178252950002,75.0328268605045,76.2478284260087,77.462829991513,78.6778315570173,79.8928331225218,81.1078346880261,82.3228362535303,83.5378378190346,84.7528393845389,85.6240577219741,86.4952760594092,87.3664943968446,88.2377127342798,89.108931071715,89.8483515691426,90.5877720665701,91.3271925639979,92.0666130614254,92.0666130614254
380,"ITA","Italy",64.3005358986012,64.3005358986012,64.3005358986012,64.3005358986012,64.3005358986012,64.3005358986012,65.291087388194,66.2816388777868,67.2721903673793,68.2627418569721,69.2532933465649,70.2438448361577,71.2343963257505,72.2249478153431,73.2154993049359,74.2060507945287,75.0023696956688,75.7986885968089,76.595007497949,77.3913263990892,78.1876453002293,79.0061978825711,79.8247504649128,80.6433030472543,81.4618556295961,81.4618556295961
388,"JAM","Jamaica",43.8158315175504,43.8158315175504,43.8158315175504,43.8158315175504,43.8158315175504,43.8158315175504,44.1050993089911,44.3943671004317,44.6836348918723,44.972902683313,45.2621704747536,45.5514382661942,45.8407060576348,46.1299738490755,46.4192416405161,46.7085094319567,46.7026154526846,46.6967214734125,46.6908274941403,46.6849335148682,46.679039535596,47.2241119173279,47.7691842990595,48.3142566807914,48.8593290625233,48.8593290625233
392,"JPN","Japan",91.6744667527753,91.6744667527753,91.6744667527753,91.6744667527753,91.6744667527753,91.6744667527753,92.7046359299811,93.734805107187,94.7649742843928,95.7951434615987,96.8253126388042,97.8554818160101,98.8856509932159,99.9158201704218,100,100,100,100,100,100,100,100,100,100,100,100
832,"JEY","Jersey",NA,NA,NA,NA,NA,NA,NA,NA,NA,NA,NA,NA,NA,NA,NA,NA,NA,NA,NA,NA,NA,NA,NA,NA,NA,NA
400,"JOR","Jordan",31.7744385524084,31.7744385524084,31.7744385524084,31.7744385524084,31.7744385524084,31.7744385524084,32.66413993114,33.5538413098713,34.4435426886029,35.3332440673342,36.2229454460658,37.1126468247974,38.0023482035287,38.8920495822602,39.7817509609916,40.6714523397231,41.497371841978,42.3232913442332,43.1492108464881,43.9751303487432,44.8010498509981,45.2800270004447,45.7590041498915,46.237981299338,46.7169584487845,46.7169584487845
398,"KAZ","Kazakhstan",36.7046578100853,36.7046578100853,36.7046578100853,36.7046578100853,36.7046578100853,36.7046578100853,37.1975510909368,37.6904443717883,38.1833376526398,38.6762309334913,39.1691242143425,39.662017495194,40.1549107760455,40.647804056897,41.1406973377485,41.6335906186,43.0104921552449,44.3873936918898,45.7642952285345,47.1411967651794,48.5180983018243,49.6003633972785,50.6826284927325,51.7648935881867,52.8471586836409,52.8471586836409
404,"KEN","Kenya",42.3195158125946,42.3195158125946,42.3195158125946,42.3195158125946,42.3195158125946,42.3195158125946,42.5190471820813,42.7185785515678,42.9181099210546,43.1176412905413,43.3171726600278,43.5167040295146,43.7162353990013,43.9157667684881,44.1152981379746,44.3148295074613,45.0353324394216,45.7558353713818,46.4763383033421,47.1968412353024,47.9173441672626,48.591229477835,49.2651147884074,49.9390000989798,50.6128854095523,50.6128854095523
296,"KIR","Kiribati",33.3114669400343,33.3114669400343,33.3114669400343,33.3114669400343,33.3114669400343,33.3114669400343,33.4795792452575,33.6476915504807,33.815803855704,33.9839161609272,34.1520284661502,34.3201407713734,34.4882530765966,34.6563653818199,34.8244776870431,34.9925899922663,35.1869570494751,35.3813241066835,35.5756911638923,35.7700582211007,35.9644252783095,36.2292634246634,36.4941015710173,36.7589397173713,37.0237778637252,37.0237778637252
689,"XKX","Kosovo",NA,NA,NA,NA,NA,NA,NA,NA,NA,NA,NA,NA,NA,NA,NA,NA,NA,NA,NA,NA,NA,NA,NA,NA,NA,NA
414,"KWT","Kuwait",40.6713481390603,40.6713481390603,40.6713481390603,40.6713481390603,40.6713481390603,40.6713481390603,41.5264492798344,42.3815504206086,43.2366515613827,44.0917527021569,44.946853842931,45.8019549837052,46.6570561244793,47.5121572652534,48.3672584060276,49.2223595468017,50.3639287480387,51.5054979492757,52.647067150513,53.78863635175,54.930205552987,55.3898863493481,55.8495671457091,56.3092479420703,56.7689287384312,56.7689287384312
417,"KGZ","Kyrgyzstan",35.2535573333679,35.2535573333679,35.2535573333679,35.2535573333679,35.2535573333679,35.2535573333679,35.200722881666,35.1478884299643,35.0950539782623,35.0422195265606,34.9893850748587,34.9365506231567,34.883716171455,34.8308817197531,34.7780472680514,34.7252128163495,35.3407910455529,35.9563692747566,36.57194750396,37.1875257331637,37.8031039623671,38.5579432996156,39.3127826368642,40.0676219741129,40.8224613113613,40.8224613113613
418,"LAO","Laos",25.6266646956024,25.6266646956024,25.6266646956024,25.6266646956024,25.6266646956024,25.6266646956024,25.9746331705562,26.3226016455097,26.6705701204635,27.0185385954173,27.3665070703709,27.7144755453246,28.0624440202784,28.4104124952322,28.7583809701858,29.1063494451396,29.8351957791281,30.5640421131166,31.2928884471054,32.0217347810939,32.7505811150824,33.2368135906914,33.7230460663005,34.2092785419095,34.6955110175186,34.6955110175186
428,"LVA","Latvia",65.9381565139961,65.9381565139961,65.9381565139961,65.9381565139961,65.9381565139961,65.9381565139961,66.4028007116315,66.8674449092669,67.3320891069023,67.7967333045376,68.2613775021733,68.7260216998086,69.190665897444,69.6553100950794,70.1199542927148,70.5845984903501,71.468323899292,72.3520493082339,73.2357747171757,74.1195001261176,75.0032255350594,75.8496085951126,76.6959916551656,77.5423747152185,78.3887577752717,78.3887577752717
422,"LBN","Lebanon",32.1256742270012,32.1256742270012,32.1256742270012,32.1256742270012,32.1256742270012,32.1256742270012,32.5035600721241,32.8814459172471,33.2593317623703,33.6372176074933,34.0151034526162,34.3929892977392,34.7708751428621,35.1487609879853,35.5266468331083,35.9045326782312,36.6131960762879,37.3218594743445,38.0305228724014,38.739186270458,39.4478496685146,40.4830980029112,41.5183463373078,42.5535946717047,43.5888430061013,43.5888430061013
426,"LSO","Lesotho",24.8398401343847,24.8398401343847,24.8398401343847,24.8398401343847,24.8398401343847,24.8398401343847,24.4884433753065,24.1370466162283,23.7856498571504,23.4342530980722,23.082856338994,22.7314595799158,22.3800628208376,22.0286660617597,21.6772693026815,21.3258725436033,21.5063246391098,21.6867767346163,21.8672288301228,22.0476809256294,22.2281330211359,22.919505836575,23.6108786520142,24.3022514674534,24.9936242828925,24.9936242828925
430,"LBR","Liberia",33.524106798699,33.524106798699,33.524106798699,33.524106798699,33.524106798699,33.524106798699,33.5345791502895,33.5450515018801,33.5555238534706,33.5659962050611,33.5764685566519,33.5869409082425,33.597413259833,33.6078856114236,33.6183579630141,33.6288303146047,34.0113258280795,34.3938213415546,34.7763168550294,35.1588123685045,35.5413078819793,35.973418708007,36.4055295340349,36.8376403600629,37.2697511860906,37.2697511860906
434,"LBY","Libya",38.9228191006613,38.9228191006613,38.9228191006613,38.9228191006613,38.9228191006613,38.9228191006613,39.5816948864041,40.2405706721473,40.8994464578901,41.5583222436333,42.2171980293762,42.876073815119,43.5349496008621,44.193825386605,44.8527011723481,45.511576958091,45.8210932188084,46.1306094795258,46.4401257402432,46.7496420009606,47.0591582616779,47.3504506417981,47.6417430219183,47.9330354020385,48.2243277821587,48.2243277821587
438,"LIE","Liechtenstein",NA,NA,NA,NA,NA,NA,NA,NA,NA,NA,NA,NA,NA,NA,NA,NA,NA,NA,NA,NA,NA,NA,NA,NA,NA,NA
440,"LTU","Lithuania",73.8202455352624,73.8202455352624,73.8202455352624,73.8202455352624,73.8202455352624,73.8202455352624,73.9943020201401,74.1683585050181,74.3424149898959,74.5164714747739,74.6905279596517,74.8645844445294,75.0386409294074,75.2126974142852,75.3867538991632,75.560810384041,76.275612230133,76.9904140762248,77.7052159223168,78.4200177684086,79.1348196145006,80.3338539176573,81.532888220814,82.7319225239705,83.9309568271272,83.9309568271272
442,"LUX","Luxembourg",72.4538258793079,72.4538258793079,72.4538258793079,72.4538258793079,72.4538258793079,72.4538258793079,73.7427551802218,75.0316844811358,76.3206137820497,77.6095430829637,78.8984723838779,80.1874016847918,81.4763309857058,82.7652602866197,84.0541895875337,85.3431188884476,86.7428415458408,88.1425642032339,89.5422868606268,90.94200951802,92.3417321754131,93.2745269057899,94.2073216361666,95.1401163665434,96.0729110969201,96.0729110969201
446,"MAC","Macao",NA,NA,NA,NA,NA,NA,NA,NA,NA,NA,NA,NA,NA,NA,NA,NA,NA,NA,NA,NA,NA,NA,NA,NA,NA,NA
450,"MDG","Madagascar",25.3739265828473,25.3739265828473,25.3739265828473,25.3739265828473,25.3739265828473,25.3739265828473,25.7011255159233,26.0283244489991,26.3555233820751,26.6827223151509,27.0099212482269,27.3371201813029,27.6643191143787,27.9915180474547,28.3187169805305,28.6459159136065,29.1482090284018,29.6505021431974,30.1527952579927,30.6550883727883,31.1573814875835,31.6120575433147,32.0667335990456,32.5214096547767,32.9760857105078,32.9760857105078
454,"MWI","Malawi",27.2682709314578,27.2682709314578,27.2682709314578,27.2682709314578,27.2682709314578,27.2682709314578,27.7193943928319,28.1705178542057,28.6216413155798,29.0727647769539,29.5238882383279,29.9750116997018,30.4261351610759,30.8772586224499,31.3283820838238,31.7795055451979,32.459609812847,33.1397140804964,33.8198183481456,34.499922615795,35.1800268834441,35.7251364158955,36.2702459483468,36.8153554807981,37.3604650132495,37.3604650132495
458,"MYS","Malaysia",51.026424674343,51.026424674343,51.026424674343,51.026424674343,51.026424674343,51.026424674343,51.5327397819366,52.03905488953,52.5453699971237,53.0516851047173,53.5580002123109,54.0643153199043,54.5706304274979,55.0769455350915,55.5832606426849,56.0895757502785,56.9765624546204,57.8635491589622,58.750535863304,59.6375225676458,60.5245092719876,60.9220877686496,61.3196662653117,61.7172447619739,62.1148232586358,62.1148232586358
462,"MDV","Maldives",37.3955890414687,37.3955890414687,37.3955890414687,37.3955890414687,37.3955890414687,37.3955890414687,38.5914616426518,39.7873342438346,40.9832068450177,42.1790794462005,43.3749520473835,44.5708246485666,45.7666972497494,46.9625698509325,48.1584424521153,49.3543150532983,50.2374164643252,51.1205178753522,52.0036192863791,52.886720697406,53.7698221084329,54.1859807361116,54.6021393637906,55.0182979914694,55.4344566191482,55.4344566191482
466,"MLI","Mali",30.6052592723932,30.6052592723932,30.6052592723932,30.6052592723932,30.6052592723932,30.6052592723932,30.638132876389,30.6710064803846,30.7038800843802,30.7367536883761,30.769627292372,30.8025008963675,30.8353745003634,30.868248104359,30.9011217083546,30.9339953123505,31.0742145005761,31.2144336888017,31.3546528770273,31.4948720652529,31.6350912534785,31.8413282979268,32.0475653423751,32.2538023868233,32.4600394312716,32.4600394312716
470,"MLT","Malta",34.8816532614926,34.8816532614926,34.8816532614926,34.8816532614926,34.8816532614926,34.8816532614926,35.6860506114676,36.4904479614426,37.2948453114179,38.099242661393,38.903640011368,39.708037361343,40.512434711318,41.3168320612933,42.1212294112683,42.9256267612434,43.949476331509,44.9733259017748,45.9971754720404,47.0210250423063,48.0448746125719,48.6802843840935,49.3156941556153,49.951103927137,50.5865136986586,50.5865136986586
584,"MHL","Marshall Islands",40.0943989731149,40.0943989731149,40.0943989731149,40.0943989731149,40.0943989731149,40.0943989731149,40.302777073684,40.5111551742535,40.7195332748227,40.9279113753921,41.1362894759613,41.3446675765305,41.5530456771,41.7614237776692,41.9698018782386,42.1781799788078,42.6582952537633,43.1384105287191,43.6185258036745,44.0986410786303,44.5787563535858,45.0898565556562,45.600956757727,46.1120569597977,46.6231571618681,46.6231571618681
478,"MRT","Mauritania",47.4878390394439,47.4878390394439,47.4878390394439,47.4878390394439,47.4878390394439,47.4878390394439,47.8487567729477,48.2096745064515,48.5705922399552,48.931509973459,49.2924277069627,49.6533454404665,50.0142631739703,50.375180907474,50.7360986409778,51.0970163744816,51.5612041954673,52.0253920164532,52.4895798374389,52.9537676584248,53.4179554794106,54.0107816230943,54.6036077667781,55.1964339104619,55.7892600541457,55.7892600541457
480,"MUS","Mauritius",48.6524032505178,48.6524032505178,48.6524032505178,48.6524032505178,48.6524032505178,48.6524032505178,49.7543872922843,50.8563713340509,51.9583553758178,53.0603394175843,54.1623234593509,55.2643075011175,56.3662915428841,57.4682755846509,58.5702596264175,59.6722436681841,60.665519692683,61.6587957171822,62.6520717416812,63.6453477661804,64.6386237906793,65.1792981472713,65.7199725038633,66.2606468604551,66.8013212170471,66.8013212170471
484,"MEX","Mexico",41.0762930119129,41.0762930119129,41.0762930119129,41.0762930119129,41.0762930119129,41.0762930119129,41.241248900081,41.4062047882489,41.5711606764171,41.7361165645852,41.9010724527532,42.0660283409213,42.2309842290894,42.3959401172576,42.5608960054255,42.7258518935937,43.0324495107111,43.3390471278285,43.6456447449456,43.952242362063,44.2588399791804,44.6212501498139,44.983660320447,45.3460704910805,45.7084806617137,45.7084806617137
583,"FSM","Micronesia",34.0472438220762,34.0472438220762,34.0472438220762,34.0472438220762,34.0472438220762,34.0472438220762,34.3986281846879,34.7500125472993,35.101396909911,35.4527812725227,35.8041656351345,36.1555499977459,36.5069343603576,36.8583187229693,37.2097030855808,37.5610874481925,37.9830856988192,38.4050839494459,38.8270822000726,39.2490804506993,39.671078701326,40.124665240099,40.5782517788722,41.0318383176455,41.4854248564186,41.4854248564186
498,"MDA","Moldova",47.30665355886,47.30665355886,47.30665355886,47.30665355886,47.30665355886,47.30665355886,47.2768950638833,47.2471365689068,47.2173780739303,47.1876195789535,47.1578610839768,47.1281025890003,47.0983440940235,47.068585599047,47.0388271040705,47.0090686090938,47.6652152280851,48.3213618470764,48.977508466068,49.6336550850593,50.2898017040506,51.3894176875917,52.4890336711329,53.5886496546743,54.6882656382154,54.6882656382154
492,"MCO","Monaco",77.6702224140026,77.6702224140026,77.6702224140026,77.6702224140026,77.6702224140026,77.6702224140026,78.3816567639218,79.0930911138409,79.8045254637601,80.5159598136793,81.2273941635985,81.9388285135174,82.6502628634366,83.3616972133557,84.0731315632749,84.7845659131941,85.5643418070667,86.3441177009393,87.123893594812,87.9036694886846,88.6834453825573,89.6669901611715,90.6505349397856,91.6340797183999,92.6176244970139,92.6176244970139
496,"MNG","Mongolia",18.693682209622,18.693682209622,18.693682209622,18.693682209622,18.693682209622,18.693682209622,19.3847160172486,20.0757498248753,20.7667836325022,21.4578174401288,22.1488512477555,22.8398850553821,23.5309188630088,24.2219526706357,24.9129864782623,25.604020285889,26.8145830113611,28.0251457368332,29.2357084623056,30.4462711877777,31.6568339132498,32.0378851916787,32.4189364701076,32.7999877485363,33.1810390269652,33.1810390269652
499,"MNE","Montenegro",59.7133837829134,59.7133837829134,59.7133837829134,59.7133837829134,59.7133837829134,59.7133837829134,59.8257736297485,59.9381634765833,60.0505533234184,60.1629431702533,60.2753330170884,60.3877228639234,60.5001127107583,60.6125025575934,60.7248924044283,60.8372822512633,61.1592131242338,61.4811439972042,61.8030748701747,62.1250057431451,62.4469366161155,63.1280879020448,63.8092391879742,64.4903904739037,65.171541759833,65.171541759833
504,"MAR","Morocco",22.3143851109186,22.3143851109186,22.3143851109186,22.3143851109186,22.3143851109186,22.3143851109186,22.6770318210345,23.0396785311504,23.4023252412663,23.7649719513821,24.127618661498,24.4902653716141,24.8529120817299,25.2155587918458,25.5782055019617,25.9408522120775,26.1092060356721,26.2775598592668,26.4459136828611,26.6142675064557,26.7826213300503,27.3113032632583,27.839985196466,28.3686671296739,28.8973490628819,28.8973490628819
508,"MOZ","Mozambique",21.5074822029893,21.5074822029893,21.5074822029893,21.5074822029893,21.5074822029893,21.5074822029893,21.2999420647779,21.0924019265666,20.8848617883553,20.6773216501439,20.4697815119326,20.2622413737213,20.0547012355099,19.8471610972986,19.6396209590873,19.432080820876,19.7089517447776,19.9858226686792,20.2626935925811,20.5395645164827,20.8164354403843,21.5484984415958,22.2805614428077,23.0126244440195,23.744687445231,23.744687445231
104,"MMR","Myanmar",24.6416222546468,24.6416222546468,24.6416222546468,24.6416222546468,24.6416222546468,24.6416222546468,25.3238925667901,26.0061628789334,26.6884331910764,27.3707035032197,28.052973815363,28.7352441275062,29.4175144396495,30.0997847517926,30.7820550639358,31.4643253760791,32.2841528977032,33.1039804193275,33.9238079409515,34.7436354625758,35.5634629841999,36.2209604308115,36.8784578774231,37.535955324035,38.1934527706466,38.1934527706466
516,"NAM","Namibia",33.3757749932821,33.3757749932821,33.3757749932821,33.3757749932821,33.3757749932821,33.3757749932821,34.0217731813121,34.6677713693422,35.3137695573723,35.9597677454024,36.6057659334325,37.2517641214628,37.8977623094929,38.543760497523,39.1897586855531,39.8357568735832,40.415111275666,40.9944656777487,41.5738200798317,42.1531744819144,42.7325288839971,43.186551102427,43.6405733208566,44.0945955392864,44.5486177577161,44.5486177577161
520,"NRU","Nauru",59.7493858841158,59.7493858841158,59.7493858841158,59.7493858841158,59.7493858841158,59.7493858841158,59.7421152774989,59.7348446708818,59.7275740642649,59.720303457648,59.7130328510312,59.705762244414,59.6984916377972,59.6912210311803,59.6839504245631,59.6766798179463,60.5603833559475,61.4440868939488,62.3277904319498,63.2114939699511,64.0951975079523,64.8728391915004,65.6504808750485,66.4281225585968,67.2057642421449,67.2057642421449
524,"NPL","Nepal",25.0031156837641,25.0031156837641,25.0031156837641,25.0031156837641,25.0031156837641,25.0031156837641,25.1172261716426,25.2313366595211,25.3454471473999,25.4595576352783,25.5736681231568,25.6877786110353,25.8018890989138,25.9159995867926,26.0301100746711,26.1442205625496,26.1946045354734,26.2449885083973,26.2953724813211,26.3457564542449,26.3961404271688,26.6072380292999,26.818335631431,27.0294332335621,27.2405308356932,27.2405308356932
528,"NLD","Netherlands",72.236096287181,72.236096287181,72.236096287181,72.236096287181,72.236096287181,72.236096287181,73.7702484387586,75.3044005903364,76.8385527419139,78.3727048934918,79.9068570450693,81.4410091966471,82.9751613482249,84.5093134998025,86.0434656513803,87.5776178029578,88.5676155791242,89.5576133552905,90.547611131457,91.5376089076234,92.5276066837897,93.1768452913286,93.8260838988676,94.4753225064065,95.1245611139455,95.1245611139455
540,"NCL","New Caledonia",NA,NA,NA,NA,NA,NA,NA,NA,NA,NA,NA,NA,NA,NA,NA,NA,NA,NA,NA,NA,NA,NA,NA,NA,NA,NA
554,"NZL","New Zealand",59.2445045497202,59.2445045497202,59.2445045497202,59.2445045497202,59.2445045497202,59.2445045497202,60.3695961591784,61.4946877686368,62.6197793780949,63.7448709875533,64.8699625970115,65.9950542064699,67.1201458159281,68.2452374253865,69.3703290348447,70.4954206443031,71.2554203144557,72.015419984608,72.7754196547605,73.5354193249128,74.2954189950654,74.5957398933525,74.8960607916397,75.1963816899267,75.4967025882138,75.4967025882138
558,"NIC","Nicaragua",27.6762875711287,27.6762875711287,27.6762875711287,27.6762875711287,27.6762875711287,27.6762875711287,27.8164568618139,27.9566261524992,28.0967954431844,28.2369647338697,28.3771340245549,28.5173033152402,28.6574726059254,28.7976418966107,28.9378111872959,29.0779804779812,29.655242464662,30.2325044513429,30.8097664380235,31.3870284247044,31.9642904113852,32.6043038244364,33.2443172374876,33.884330650539,34.5243440635901,34.5243440635901
562,"NER","Niger",26.4998800300154,26.4998800300154,26.4998800300154,26.4998800300154,26.4998800300154,26.4998800300154,26.5869700206534,26.6740600112911,26.7611500019291,26.8482399925671,26.9353299832051,27.0224199738428,27.1095099644808,27.1965999551188,27.2836899457565,27.3707799363945,27.2760398436289,27.181299750863,27.0865596580974,26.9918195653315,26.8970794725659,26.9946257012435,27.0921719299212,27.1897181585989,27.2872643872766,27.2872643872766
566,"NGA","Nigeria",40.9650416335072,40.9650416335072,40.9650416335072,40.9650416335072,40.9650416335072,40.9650416335072,41.5615752762317,42.1581089189559,42.7546425616804,43.3511762044046,43.9477098471291,44.5442434898536,45.1407771325779,45.7373107753024,46.3338444180266,46.9303780607511,47.3696773467776,47.8089766328042,48.2482759188309,48.6875752048575,49.126874490884,49.7300904072363,50.3333063235886,50.9365222399409,51.5397381562932,51.5397381562932
570,"NIU","Niue",84.6849586442751,84.6849586442751,84.6849586442751,84.6849586442751,84.6849586442751,84.6849586442751,85.2435024368762,85.8020462294772,86.3605900220784,86.9191338146796,87.4776776072805,88.0362213998817,88.5947651924829,89.1533089850841,89.7118527776851,90.2703965702863,90.9251393759342,91.5798821815824,92.2346249872303,92.8893677928785,93.5441105985265,94.2058042048513,94.8674978111761,95.5291914175012,96.190885023826,96.190885023826
408,"PRK","North Korea",36.9853586206748,36.9853586206748,36.9853586206748,36.9853586206748,36.9853586206748,36.9853586206748,36.8409270187812,36.6964954168876,36.5520638149938,36.4076322131002,36.2632006112066,36.1187690093131,35.9743374074195,35.8299058055256,35.685474203632,35.5410426017385,35.7257913305168,35.9105400592951,36.0952887880734,36.2800375168517,36.46478624563,36.7573608117963,37.0499353779623,37.3425099441286,37.6350845102948,37.6350845102948
807,"MKD","North Macedonia",39.4052972663201,39.4052972663201,39.4052972663201,39.4052972663201,39.4052972663201,39.4052972663201,39.6699298563857,39.9345624464515,40.199195036517,40.4638276265828,40.7284602166483,40.9930928067139,41.2577253967797,41.5223579868452,41.786990576911,42.0516231669765,42.6232675413094,43.1949119156422,43.7665562899753,44.3382006643081,44.9098450386409,45.3674323617708,45.8250196849004,46.2826070080302,46.74019433116,46.74019433116
578,"NOR","Norway",71.3794587552912,71.3794587552912,71.3794587552912,71.3794587552912,71.3794587552912,71.3794587552912,72.6722266502223,73.9649945451532,75.2577624400843,76.5505303350155,77.8432982299463,79.1360661248775,80.4288340198086,81.7216019147398,83.0143698096707,84.3071377046018,85.524891945842,86.7426461870824,87.9604004283225,89.1781546695629,90.3959089108031,91.2905597782555,92.1852106457078,93.0798615131599,93.9745123806122,93.9745123806122
512,"OMN","Oman",20.7456942418977,20.7456942418977,20.7456942418977,20.7456942418977,20.7456942418977,20.7456942418977,21.3342225424774,21.9227508430574,22.5112791436373,23.0998074442171,23.6883357447968,24.2768640453767,24.8653923459567,25.4539206465364,26.0424489471161,26.6309772476961,27.5761674550376,28.5213576623792,29.4665478697206,30.4117380770622,31.3569282844038,32.7746592755233,34.1923902666429,35.6101212577625,37.0278522488821,37.0278522488821
586,"PAK","Pakistan",18.1106061372113,18.1106061372113,18.1106061372113,18.1106061372113,18.1106061372113,18.1106061372113,18.2170736335621,18.3235411299126,18.4300086262634,18.5364761226141,18.6429436189646,18.7494111153154,18.8558786116661,18.9623461080169,19.0688136043674,19.1752811007182,19.5343474202656,19.8934137398127,20.2524800593601,20.6115463789072,20.9706126984546,21.4814841082246,21.9923555179945,22.5032269277642,23.0140983375342,23.0140983375342
585,"PLW","Palau",90.4252538659265,90.4252538659265,90.4252538659265,90.4252538659265,90.4252538659265,90.4252538659265,90.8793042822129,91.3333546984991,91.7874051147855,92.2414555310719,92.6955059473583,93.1495563636445,93.6036067799309,94.0576571962173,94.5117076125034,94.9657580287898,95.3950866552416,95.8244152816933,96.2537439081448,96.6830725345965,97.1124011610483,97.6262461698084,98.1400911785684,98.6539361873285,99.1677811960887,99.1677811960887
591,"PAN","Panama",48.1700978343659,48.1700978343659,48.1700978343659,48.1700978343659,48.1700978343659,48.1700978343659,48.4839430912666,48.7977883481672,49.1116336050679,49.4254788619684,49.7393241188692,50.0531693757699,50.3670146326705,50.6808598895712,50.9947051464717,51.3085504033725,51.8880640390197,52.4675776746669,53.0470913103142,53.6266049459614,54.2061185816086,55.0270009231965,55.8478832647843,56.6687656063722,57.48964794796,57.48964794796
598,"PNG","Papua New Guinea",58.1712431844595,58.1712431844595,58.1712431844595,58.1712431844595,58.1712431844595,58.1712431844595,58.0537093234549,57.9361754624499,57.8186416014453,57.7011077404406,57.5835738794359,57.466040018431,57.3485061574263,57.2309722964216,57.1134384354167,56.995904574412,57.3249013679314,57.6538981614508,57.98289495497,58.3118917484894,58.6408885420088,59.0643212094707,59.4877538769326,59.9111865443945,60.3346192118564,60.3346192118564
600,"PRY","Paraguay",44.8396917698227,44.8396917698227,44.8396917698227,44.8396917698227,44.8396917698227,44.8396917698227,44.9832794221912,45.12686707456,45.2704547269286,45.4140423792974,45.5576300316659,45.7012176840345,45.8448053364033,45.9883929887718,46.1319806411406,46.2755682935091,46.9734845741186,47.6714008547279,48.3693171353373,49.0672334159466,49.7651496965561,50.1307165204216,50.4962833442871,50.8618501681526,51.2274169920181,51.2274169920181
604,"PER","Peru",57.5896534928343,57.5896534928343,57.5896534928343,57.5896534928343,57.5896534928343,57.5896534928343,58.004594301096,58.4195351093578,58.8344759176198,59.2494167258815,59.6643575341433,60.079298342405,60.4942391506667,60.9091799589287,61.3241207671905,61.7390615754522,62.6586383819048,63.5782151883574,64.4977919948102,65.4173688012628,66.3369456077154,66.7925208380393,67.2480960683631,67.7036712986873,68.1592465290112,68.1592465290112
608,"PHL","Philippines",48.6773462328108,48.6773462328108,48.6773462328108,48.6773462328108,48.6773462328108,48.6773462328108,48.3028973858178,47.9284485388251,47.553999691832,47.1795508448392,46.8051019978462,46.4306531508532,46.0562043038604,45.6817554568674,45.3073066098746,44.9328577628816,45.1438518103117,45.3548458577418,45.5658399051717,45.7768339526018,45.9878280000319,46.4931915047647,46.9985550094971,47.5039185142299,48.0092820189626,48.0092820189626
616,"POL","Poland",48.4358226555277,48.4358226555277,48.4358226555277,48.4358226555277,48.4358226555277,48.4358226555277,49.2757452108002,50.1156677660727,50.9555903213449,51.7955128766173,52.6354354318898,53.4753579871622,54.3152805424347,55.1552030977069,55.9951256529794,56.8350482082519,57.8998305739175,58.9646129395832,60.0293953052487,61.0941776709143,62.15896003658,62.9497134149586,63.740466793337,64.5312201717156,65.3219735500942,65.3219735500942
620,"PRT","Portugal",43.7842706414832,43.7842706414832,43.7842706414832,43.7842706414832,43.7842706414832,43.7842706414832,45.1518851192483,46.5194995970131,47.8871140747782,49.2547285525433,50.6223430303081,51.9899575080732,53.3575719858383,54.7251864636034,56.0928009413682,57.4604154191333,58.595350431931,59.7302854447287,60.8652204575267,62.0001554703244,63.1350904831221,63.6841645523284,64.2332386215347,64.7823126907412,65.3313867599474,65.3313867599474
634,"QAT","Qatar",44.6010911970694,44.6010911970694,44.6010911970694,44.6010911970694,44.6010911970694,44.6010911970694,45.2933877669146,45.9856843367598,46.677980906605,47.3702774764503,48.0625740462955,48.7548706161407,49.447167185986,50.1394637558312,50.8317603256764,51.5240568955217,52.3427312564474,53.1614056173732,53.9800799782987,54.7987543392245,55.6174287001502,56.501533647767,57.3856385953841,58.2697435430009,59.1538484906177,59.1538484906177
178,"COG","Republic of Congo",34.2218102713471,34.2218102713471,34.2218102713471,34.2218102713471,34.2218102713471,34.2218102713471,34.8579072926152,35.494004313883,36.1301013351511,36.7661983564189,37.4022953776869,38.038392398955,38.6744894202228,39.3105864414909,39.9466834627587,40.5827804840268,41.0316368255305,41.4804931670345,41.9293495085382,42.3782058500422,42.8270621915459,43.3828849416733,43.9387076918008,44.4945304419284,45.0503531920558,45.0503531920558
642,"ROU","Romania",39.2553877484002,39.2553877484002,39.2553877484002,39.2553877484002,39.2553877484002,39.2553877484002,39.7913500953592,40.3273124423184,40.8632747892774,41.3992371362364,41.9351994831954,42.4711618301546,43.0071241771136,43.5430865240726,44.0790488710318,44.6150112179908,45.5577097404551,46.5004082629192,47.4431067853835,48.3858053078476,49.3285038303119,49.8563669889196,50.3842301475276,50.9120933061353,51.4399564647433,51.4399564647433
643,"RUS","Russia",58.0966958425633,58.0966958425633,58.0966958425633,58.0966958425633,58.0966958425633,58.0966958425633,58.5554824145929,59.0142689866223,59.4730555586519,59.9318421306815,60.3906287027111,60.8494152747405,61.3082018467701,61.7669884187997,62.225774990829,62.6845615628586,63.852709438195,65.0208573135314,66.189005188868,67.3571530642043,68.5253009395407,69.4368327205116,70.3483645014822,71.2598962824528,72.1714280634237,72.1714280634237
646,"RWA","Rwanda",28.4729366873703,28.4729366873703,28.4729366873703,28.4729366873703,28.4729366873703,28.4729366873703,29.6520789826928,30.8312212780152,32.0103635733376,33.1895058686601,34.3686481639828,35.5477904593051,36.7269327546275,37.9060750499501,39.0852173452727,40.264359640595,40.8917239794761,41.5190883183574,42.1464526572385,42.7738169961198,43.4011813350009,43.8468530337154,44.2925247324298,44.7381964311442,45.1838681298586,45.1838681298586
652,"BLM","Saint Barthelemy",NA,NA,NA,NA,NA,NA,NA,NA,NA,NA,NA,NA,NA,NA,NA,NA,NA,NA,NA,NA,NA,NA,NA,NA,NA,NA
659,"KNA","Saint Kitts and Nevis",39.049149946494,39.049149946494,39.049149946494,39.049149946494,39.049149946494,39.049149946494,40.1325479455858,41.2159459446775,42.299343943769,43.3827419428608,44.4661399419525,45.5495379410443,46.632935940136,47.7163339392275,48.7997319383192,49.883129937411,50.3273710696474,50.7716122018841,51.2158533341205,51.6600944663572,52.1043355985936,52.3496798084061,52.5950240182188,52.8403682280313,53.0857124378438,53.0857124378438
662,"LCA","Saint Lucia",40.6338984617284,40.6338984617284,40.6338984617284,40.6338984617284,40.6338984617284,40.6338984617284,41.5021735353071,42.3704486088856,43.2387236824643,44.106998756043,44.9752738296215,45.8435489032002,46.711823976779,47.5800990503577,48.4483741239361,49.3166491975149,49.6833546526668,50.0500601078186,50.4167655629702,50.7834710181221,51.150176473274,51.3221156191528,51.4940547650318,51.6659939109106,51.8379330567893,51.8379330567893
670,"VCT","Saint Vincent and the Grenadines",26.1321317057723,26.1321317057723,26.1321317057723,26.1321317057723,26.1321317057723,26.1321317057723,26.6721394534442,27.2121472011163,27.7521549487881,28.2921626964602,28.8321704441321,29.372178191804,29.9121859394761,30.452193687148,30.9922014348201,31.5322091824919,31.6484860768188,31.7647629711457,31.8810398654726,31.9973167597995,32.1135936541263,32.763062941189,33.4125322282516,34.0620015153143,34.7114708023769,34.7114708023769
882,"WSM","Samoa",63.8955806291286,63.8955806291286,63.8955806291286,63.8955806291286,63.8955806291286,63.8955806291286,64.1573786520393,64.4191766749497,64.6809746978604,64.9427727207711,65.2045707436815,65.4663687665922,65.7281667895029,65.9899648124135,66.251762835324,66.5135608582346,66.7027886435021,66.8920164287693,67.0812442140367,67.2704719993039,67.4596997845713,67.751601355445,68.0435029263188,68.3354044971925,68.6273060680662,68.6273060680662
674,"SMR","San Marino",81.2082397199989,81.2082397199989,81.2082397199989,81.2082397199989,81.2082397199989,81.2082397199989,81.7611872347537,82.3141347495083,82.8670822642631,83.4200297790179,83.9729772937724,84.5259248085272,85.078872323282,85.6318198380368,86.1847673527914,86.7377148675462,87.1210282796835,87.5043416918208,87.8876551039579,88.2709685160953,88.6542819282326,89.2037565460108,89.7532311637891,90.3027057815675,90.8521803993457,90.8521803993457
678,"STP","Sao Tome and Principe",40.4649298418815,40.4649298418815,40.4649298418815,40.4649298418815,40.4649298418815,40.4649298418815,40.6197932222751,40.7746566026686,40.929519983062,41.0843833634556,41.2392467438491,41.3941101242427,41.5489735046363,41.7038368850296,41.8587002654232,42.0135636458168,42.235781696621,42.4579997474254,42.6802177982296,42.9024358490341,43.1246538998383,43.5851625581151,44.045671216392,44.5061798746687,44.9666885329456,44.9666885329456
682,"SAU","Saudi Arabia",23.94630384041,23.94630384041,23.94630384041,23.94630384041,23.94630384041,23.94630384041,24.1579384706118,24.3695731008139,24.5812077310157,24.7928423612176,25.0044769914197,25.2161116216215,25.4277462518233,25.6393808820251,25.8510155122272,26.062650142429,27.0998125803571,28.1369750182854,29.1741374562135,30.2112998941418,31.2484623320698,32.2909315575045,33.3334007829391,34.3758700083737,35.4183392338083,35.4183392338083
686,"SEN","Senegal",43.7846605105267,43.7846605105267,43.7846605105267,43.7846605105267,43.7846605105267,43.7846605105267,43.8891305893511,43.9936006681755,44.098070747,44.2025408258244,44.3070109046486,44.411480983473,44.5159510622974,44.6204211411218,44.7248912199463,44.8293612987707,44.9950666680663,45.1607720373621,45.3264774066577,45.4921827759535,45.657888145249,46.1597092323687,46.6615303194884,47.1633514066082,47.6651724937278,47.6651724937278
688,"SRB","Serbia",40.2491494264566,40.2491494264566,40.2491494264566,40.2491494264566,40.2491494264566,40.2491494264566,40.8040574329733,41.3589654394901,41.9138734460069,42.4687814525237,43.0236894590404,43.5785974655575,44.1335054720742,44.688413478591,45.2433214851078,45.7982294916246,46.384511763228,46.9707940348317,47.5570763064352,48.1433585780389,48.7296408496424,49.3229909783929,49.9163411071433,50.5096912358938,51.1030413646443,51.1030413646443
690,"SYC","Seychelles",57.2144484634981,57.2144484634981,57.2144484634981,57.2144484634981,57.2144484634981,57.2144484634981,57.8143131650772,58.4141778666566,59.0140425682357,59.6139072698148,60.2137719713939,60.8136366729733,61.4135013745524,62.0133660761315,62.6132307777109,63.21309547929,63.906660701598,64.6002259239061,65.2937911462141,65.9873563685222,66.6809215908302,67.1681592898274,67.6553969888242,68.1426346878211,68.6298723868182,68.6298723868182
694,"SLE","Sierra Leone",35.6020448281404,35.6020448281404,35.6020448281404,35.6020448281404,35.6020448281404,35.6020448281404,35.4368748720684,35.2717049159961,35.106534959924,34.941365003852,34.7761950477799,34.6110250917076,34.4458551356356,34.2806851795636,34.1155152234913,33.9503452674192,34.3470707091795,34.7437961509399,35.1405215927002,35.5372470344605,35.9339724762208,36.3018033322129,36.6696341882052,37.0374650441973,37.4052959001893,37.4052959001893
702,"SGP","Singapore",61.2183395356361,61.2183395356361,61.2183395356361,61.2183395356361,61.2183395356361,61.2183395356361,62.5525724613543,63.8868053870724,65.2210383127906,66.5552712385087,67.8895041642269,69.2237370899451,70.5579700156632,71.8922029413814,73.2264358670995,74.5606687928177,75.7990404005615,77.0374120083056,78.2757836160494,79.5141552237935,80.7525268315374,81.9156959335157,83.0788650354941,84.2420341374725,85.4052032394509,85.4052032394509
534,"SXM","Sint Maarten",NA,NA,NA,NA,NA,NA,NA,NA,NA,NA,NA,NA,NA,NA,NA,NA,NA,NA,NA,NA,NA,NA,NA,NA,NA,NA
703,"SVK","Slovakia",54.1046877103471,54.1046877103471,54.1046877103471,54.1046877103471,54.1046877103471,54.1046877103471,54.8273364615076,55.5499852126682,56.2726339638287,56.9952827149892,57.7179314661498,58.4405802173101,59.1632289684706,59.8858777196311,60.6085264707917,61.3311752219522,62.2678307563559,63.2044862907593,64.141141825163,65.0777973595664,66.0144528939701,66.8223040274422,67.6301551609143,68.4380062943866,69.2458574278588,69.2458574278588
705,"SVN","Slovenia",70.426671983988,70.426671983988,70.426671983988,70.426671983988,70.426671983988,70.426671983988,71.4606044772258,72.4945369704635,73.5284694637016,74.5624019569393,75.5963344501771,76.6302669434149,77.6641994366526,78.6981319298906,79.7320644231284,80.7659969163662,81.6639813199976,82.5619657236291,83.4599501272608,84.3579345308923,85.2559189345237,85.9651357584963,86.6743525824691,87.3835694064419,88.0927862304144,88.0927862304144
90,"SLB","Solomon Islands",23.6563212153935,23.6563212153935,23.6563212153935,23.6563212153935,23.6563212153935,23.6563212153935,23.701342081574,23.7463629477542,23.7913838139346,23.8364046801148,23.8814255462953,23.9264464124757,23.971467278656,24.0164881448364,24.0615090110166,24.1065298771971,24.1936369369234,24.2807439966496,24.3678510563762,24.4549581161024,24.5420651758287,24.7844115730667,25.0267579703047,25.2691043675427,25.5114507647806,25.5114507647806
706,"SOM","Somalia",16.2812174560841,16.2812174560841,16.2812174560841,16.2812174560841,16.2812174560841,16.2812174560841,16.3958177258211,16.5104179955585,16.6250182652956,16.7396185350327,16.8542188047698,16.9688190745071,17.0834193442442,17.1980196139813,17.3126198837187,17.4272201534558,17.7045926025186,17.9819650515814,18.2593375006442,18.536709949707,18.8140823987698,19.1132019260882,19.4123214534066,19.7114409807252,20.0105605080436,20.0105605080436
710,"ZAF","South Africa",46.4182242844564,46.4182242844564,46.4182242844564,46.4182242844564,46.4182242844564,46.4182242844564,46.8326831462536,47.2471420080505,47.6616008698477,48.0760597316446,48.4905185934418,48.904977455239,49.3194363170359,49.7338951788331,50.14835404063,50.5628129024272,51.1990365475357,51.8352601926443,52.4714838377528,53.1077074828613,53.7439311279699,55.0081882086713,56.2724452893724,57.5367023700738,58.8009594507749,58.8009594507749
410,"KOR","South Korea",60.4953530052781,60.4953530052781,60.4953530052781,60.4953530052781,60.4953530052781,60.4953530052781,62.2535075861848,64.0116621670915,65.7698167479982,67.5279713289049,69.2861259098116,71.044280490718,72.8024350716247,74.5605896525314,76.318744233438,78.0768988143447,79.6042618629707,81.1316249115967,82.6589879602225,84.1863510088485,85.7137140574745,86.6250427017465,87.5363713460184,88.44769999029,89.359028634562,89.359028634562
728,"SSD","South Sudan",35.4670374351674,35.4670374351674,35.4670374351674,35.4670374351674,35.4670374351674,35.4670374351674,35.7289423985424,35.9908473619173,36.2527523252923,36.5146572886672,36.7765622520422,37.0384672154171,37.3003721787921,37.562277142167,37.824182105542,38.0860870689169,38.4445353225261,38.8029835761353,39.1614318297447,39.5198800833538,39.878328336963,40.317775177296,40.7572220176291,41.1966688579619,41.6361156982949,41.6361156982949
724,"ESP","Spain",55.687267333512,55.687267333512,55.687267333512,55.687267333512,55.687267333512,55.687267333512,56.588272276039,57.4892772185663,58.3902821610936,59.2912871036206,60.1922920461479,61.093296988675,61.9943019312022,62.8953068737293,63.7963118162565,64.6973167587836,65.3982285266045,66.0991402944255,66.8000520622464,67.5009638300674,68.2018755978883,68.9825461624989,69.7632167271097,70.5438872917203,71.3245578563309,71.3245578563309
144,"LKA","Sri Lanka",59.4037378356879,59.4037378356879,59.4037378356879,59.4037378356879,59.4037378356879,59.4037378356879,59.9404700370195,60.4772022383512,61.0139344396831,61.5506666410147,62.0873988423464,62.624131043678,63.1608632450097,63.6975954463416,64.2343276476732,64.7710598490049,65.6311846628745,66.491309476744,67.3514342906134,68.211559104483,69.0716839183526,69.911634353153,70.7515847879533,71.5915352227536,72.431485657554,72.431485657554
275,"PSE","State of Palestine",21.768082338068,21.768082338068,21.768082338068,21.768082338068,21.768082338068,21.768082338068,22.2972094900432,22.8263366420184,23.3554637939937,23.8845909459689,24.4137180979439,24.9428452499191,25.4719724018943,26.0010995538696,26.5302267058448,27.05935385782,27.7508643066463,28.4423747554726,29.1338852042992,29.8253956531255,30.5169061019518,31.0742685929454,31.6316310839391,32.1889935749324,32.7463560659261,32.7463560659261
729,"SDN","Sudan",0,0,0,0,0,0,0,0,0.133607226509938,0.551444968559082,0.969282710608496,1.38712045265791,1.80495819470707,2.22279593675647,2.64063367880561,3.05847142085503,3.50959789208794,3.96072436332085,4.41185083455377,4.86297730578669,5.31410377701961,5.7493303517021,6.18455692638436,6.61978350106686,7.05501007574935,7.05501007574935
740,"SUR","Suriname",31.8327868214258,31.8327868214258,31.8327868214258,31.8327868214258,31.8327868214258,31.8327868214258,32.549040046557,33.2652932716879,33.981546496819,34.6977997219502,35.4140529470812,36.1303061722124,36.8465593973435,37.5628126224747,38.2790658476056,38.9953190727368,39.3749898308175,39.7546605888982,40.1343313469792,40.5140021050599,40.8936728631406,41.4722924058668,42.0509119485933,42.6295314913195,43.2081510340459,43.2081510340459
752,"SWE","Sweden",83.8053133154262,83.8053133154262,83.8053133154262,83.8053133154262,83.8053133154262,83.8053133154262,84.6681388249226,85.5309643344193,86.3937898439157,87.2566153534121,88.1194408629087,88.9822663724051,89.8450918819015,90.7079173913979,91.5707429008946,92.433568410391,93.2601799680989,94.0867915258065,94.9134030835144,95.740014641222,96.5666261989299,96.9161388495901,97.2656515002505,97.6151641509107,97.9646768015708,97.9646768015708
756,"CHE","Switzerland",79.470087494566,79.470087494566,79.470087494566,79.470087494566,79.470087494566,79.470087494566,80.3603082082806,81.2505289219955,82.1407496357101,83.0309703494248,83.9211910631397,84.8114117768543,85.701632490569,86.5918532042836,87.4820739179985,88.3722946317131,89.2230624218946,90.073830212076,90.9245980022576,91.7753657924391,92.6261335826205,93.22662206308,93.8271105435394,94.4275990239989,95.0280875044584,95.0280875044584
760,"SYR","Syria",11.9407070671226,11.9407070671226,11.9407070671226,11.9407070671226,11.9407070671226,11.9407070671226,12.6465208933172,13.3523347195116,14.058148545706,14.7639623719006,15.4697761980953,16.1755900242897,16.8814038504841,17.5872176766787,18.2930315028731,18.9988453290677,19.242625457566,19.486405586064,19.7301857145622,19.9739658430602,20.2177459715585,20.5314610076174,20.8451760436766,21.1588910797355,21.4726061157947,21.4726061157947
158,"TWN","Taiwan",59.1134771295705,59.1134771295705,59.1134771295705,59.1134771295705,59.1134771295705,59.1134771295705,60.0118735181659,60.9102699067612,61.8086662953563,62.7070626839517,63.605459072547,64.5038554611424,65.4022518497377,66.3006482383328,67.1990446269281,68.0974410155235,68.7055710739695,69.3137011324155,69.9218311908615,70.5299612493075,71.1380913077535,71.7593276433387,72.3805639789236,73.0018003145088,73.623036650094,73.623036650094
762,"TJK","Tajikistan",17.1757201989176,17.1757201989176,17.1757201989176,17.1757201989176,17.1757201989176,17.1757201989176,16.751443681932,16.3271671649461,15.9028906479606,15.4786141309747,15.0543376139889,14.6300610970033,14.2057845800177,13.7815080630319,13.3572315460461,12.9329550290605,12.9528386779774,12.9727223268944,12.992605975811,13.012489624728,13.0323732736449,13.7107307759866,14.3890882783286,15.0674457806705,15.7458032830123,15.7458032830123
834,"TZA","Tanzania",35.7647144188424,35.7647144188424,35.7647144188424,35.7647144188424,35.7647144188424,35.7647144188424,36.1353209412791,36.5059274637157,36.8765339861524,37.2471405085891,37.6177470310257,37.9883535534624,38.3589600758991,38.7295665983358,39.1001731207724,39.4707796432091,39.9279600331354,40.3851404230616,40.8423208129879,41.2995012029142,41.7566815928404,42.2285868271139,42.7004920613873,43.1723972956608,43.6443025299342,43.6443025299342
764,"THA","Thailand",65.6712987084178,65.6712987084178,65.6712987084178,65.6712987084178,65.6712987084178,65.6712987084178,66.4656472101743,67.2599957119308,68.0543442136875,68.848692715444,69.6430412172005,70.437389718957,71.2317382207136,72.0260867224703,72.8204352242268,73.6147837259833,74.6586104796556,75.7024372333281,76.7462639870004,77.7900907406729,78.8339174943452,79.5297884557983,80.2256594172515,80.9215303787049,81.617401340158,81.617401340158
626,"TLS","Timor-Leste",35.2452759986255,35.2452759986255,35.2452759986255,35.2452759986255,35.2452759986255,35.2452759986255,35.2594645610764,35.2736531235269,35.2878416859778,35.3020302484284,35.3162188108792,35.3304073733301,35.3445959357807,35.3587844982315,35.3729730606822,35.387161623133,35.1560725661085,34.9249835090842,34.6938944520598,34.4628053950355,34.231716338011,34.2611498558124,34.290583373614,34.3200168914156,34.349450409217,34.349450409217
768,"TGO","Togo",39.1307565330083,39.1307565330083,39.1307565330083,39.1307565330083,39.1307565330083,39.1307565330083,39.1430632335255,39.1553699340428,39.16767663456,39.1799833350773,39.1922900355945,39.2045967361116,39.216903436629,39.2292101371461,39.2415168376635,39.2538235381806,39.7612574570953,40.2686913760098,40.7761252949245,41.2835592138389,41.7909931327536,42.2772280536277,42.7634629745017,43.2496978953758,43.7359328162499,43.7359328162499
776,"TON","Tonga",70.6620676627465,70.6620676627465,70.6620676627465,70.6620676627465,70.6620676627465,70.6620676627465,71.1018641377863,71.5416606128261,71.981457087866,72.4212535629058,72.8610500379456,73.3008465129852,73.740642988025,74.1804394630648,74.6202359381046,75.0600324131444,75.4414346017421,75.8228367903395,76.2042389789371,76.5856411675345,76.9670433561322,77.4287566131048,77.8904698700771,78.3521831270497,78.8138963840223,78.8138963840223
780,"TTO","Trinidad and Tobago",63.5360747400802,63.5360747400802,63.5360747400802,63.5360747400802,63.5360747400802,63.5360747400802,64.745173519011,65.9542722979416,67.1633710768725,68.3724698558033,69.5815686347342,70.7906674136648,71.9997661925957,73.2088649715265,74.4179637504571,75.627062529388,76.4968567623375,77.3666509952873,78.2364452282369,79.1062394611867,79.9760336941362,80.4740632463525,80.9720927985687,81.4701223507852,81.9681519030014,81.9681519030014
788,"TUN","Tunisia",25.8026779369663,25.8026779369663,25.8026779369663,25.8026779369663,25.8026779369663,25.8026779369663,26.302764893241,26.802851849516,27.3029388057907,27.8030257620656,28.3031127183403,28.8031996746151,29.30328663089,29.8033735871647,30.3034605434397,30.8035474997144,31.4009450898427,31.998342679971,32.5957402700995,33.1931378602278,33.7905354503561,34.4573096949428,35.1240839395295,35.7908581841165,36.4576324287032,36.4576324287032
792,"TUR","Turkey",46.9595199280559,46.9595199280559,46.9595199280559,46.9595199280559,46.9595199280559,46.9595199280559,47.631155292768,48.3027906574799,48.9744260221918,49.6460613869039,50.3176967516158,50.989332116328,51.6609674810401,52.332602845752,53.0042382104639,53.675873575176,54.4337633719075,55.191653168639,55.9495429653703,56.7074327621018,57.4653225588333,58.474157820073,59.4829930813127,60.4918283425524,61.5006636037921,61.5006636037921
795,"TKM","Turkmenistan",35.4140244065148,35.4140244065148,35.4140244065148,35.4140244065148,35.4140244065148,35.4140244065148,35.8329184342397,36.2518124619649,36.6707064896898,37.089600517415,37.5084945451401,37.927388572865,38.3462826005902,38.7651766283151,39.1840706560402,39.6029646837652,39.9277175968531,40.2524705099409,40.5772234230286,40.9019763361165,41.2267292492044,41.8030228499953,42.379316450786,42.9556100515767,43.5319036523676,43.5319036523676
796,"TCA","Turks and Caicos Islands",NA,NA,NA,NA,NA,NA,NA,NA,NA,NA,NA,NA,NA,NA,NA,NA,NA,NA,NA,NA,NA,NA,NA,NA,NA,NA
798,"TUV","Tuvalu",55.0085076830813,55.0085076830813,55.0085076830813,55.0085076830813,55.0085076830813,55.0085076830813,55.3519010169592,55.6952943508371,56.0386876847151,56.382081018593,56.725474352471,57.0688676863489,57.4122610202268,57.7556543541048,58.0990476879827,58.4424410218607,58.8153558730314,59.1882707242021,59.5611855753727,59.9341004265434,60.3070152777141,60.8403486975194,61.3736821173247,61.9070155371298,62.440348956935,62.440348956935
800,"UGA","Uganda",30.6255139926892,30.6255139926892,30.6255139926892,30.6255139926892,30.6255139926892,30.6255139926892,31.2553543214472,31.8851946502049,32.5150349789628,33.1448753077206,33.7747156364785,34.4045559652365,35.0343962939942,35.6642366227522,36.2940769515099,36.9239172802679,37.4731204804133,38.0223236805588,38.5715268807042,39.1207300808496,39.6699332809951,40.2367527898174,40.8035722986401,41.3703918074624,41.9372113162848,41.9372113162848
804,"UKR","Ukraine",61.8910921483617,61.8910921483617,61.8910921483617,61.8910921483617,61.8910921483617,61.8910921483617,62.2691477448288,62.6472033412956,63.0252589377627,63.4033145342296,63.7813701306967,64.1594257271638,64.5374813236307,64.9155369200978,65.2935925165646,65.6716481130318,65.8547787130401,66.0379093130485,66.2210399130572,66.4041705130656,66.5873011130739,67.2534840641118,67.9196670151496,68.5858499661875,69.2520329172253,69.2520329172253
784,"ARE","United Arab Emirates",32.9352562620828,32.9352562620828,32.9352562620828,32.9352562620828,32.9352562620828,32.9352562620828,33.753907290644,34.5725583192055,35.3912093477667,36.2098603763282,37.0285114048894,37.8471624334506,38.665813462012,39.4844644905732,40.3031155191347,41.1217665476959,42.8842924156039,44.6468182835121,46.4093441514201,48.1718700193284,49.9343958872363,51.0348494236475,52.1353029600586,53.2357564964695,54.3362100328807,54.3362100328807
826,"GBR","United Kingdom",72.8840432445394,72.8840432445394,72.8840432445394,72.8840432445394,72.8840432445394,72.8840432445394,74.2992694327474,75.7144956209553,77.1297218091632,78.5449479973711,79.960174185579,81.3754003737869,82.7906265619948,84.2058527502027,85.6210789384106,87.0363051266185,88.0081831188843,88.9800611111501,89.951939103416,90.9238170956818,91.8956950879476,92.5605871759768,93.2254792640058,93.8903713520348,94.555263440064,94.555263440064
840,"USA","United States of America",59.3564970477414,59.3564970477414,59.3564970477414,59.3564970477414,59.3564970477414,59.3564970477414,60.3747615695147,61.393026091288,62.4112906130615,63.4295551348349,64.4478196566081,65.4660841783815,66.4843487001548,67.5026132219283,68.5208777437016,69.539142265475,70.2510859004854,70.9630295354957,71.6749731705062,72.3869168055164,73.0988604405269,73.7998314523463,74.5008024641656,75.201773475985,75.9027444878044,75.9027444878044
858,"URY","Uruguay",51.9745119308013,51.9745119308013,51.9745119308013,51.9745119308013,51.9745119308013,51.9745119308013,52.5500864880195,53.1256610452378,53.7012356024563,54.2768101596746,54.8523847168928,55.4279592741111,56.0035338313293,56.5791083885479,57.1546829457661,57.7302575029844,58.3355157061124,58.9407739092404,59.5460321123687,60.1512903154967,60.7565485186247,61.1313229978065,61.5060974769886,61.8808719561705,62.2556464353525,62.2556464353525
860,"UZB","Uzbekistan",24.4830088217029,24.4830088217029,24.4830088217029,24.4830088217029,24.4830088217029,24.4830088217029,24.1840350785174,23.8850613353319,23.5860875921464,23.287113848961,22.9881401057755,22.6891663625898,22.3901926194043,22.0912188762189,21.7922451330334,21.4932713898479,21.8901751158205,22.287078841793,22.6839825677652,23.0808862937378,23.4777900197103,24.5634027815126,25.649015543315,26.7346283051174,27.8202410669197,27.8202410669197
548,"VUT","Vanuatu",43.0346069097329,43.0346069097329,43.0346069097329,43.0346069097329,43.0346069097329,43.0346069097329,43.1395239602155,43.244441010698,43.3493580611807,43.4542751116631,43.5591921621458,43.6641092126285,43.7690262631109,43.8739433135936,43.978860364076,44.0837774145587,44.1945417986368,44.3053061827149,44.4160705667931,44.5268349508712,44.6375993349493,44.8699482583331,45.1022971817168,45.3346461051006,45.5669950284844,45.5669950284844
862,"VEN","Venezuela",38.7919122801338,38.7919122801338,38.7919122801338,38.7919122801338,38.7919122801338,38.7919122801338,39.06087805673,39.3298438333261,39.5988096099223,39.8677753865185,40.1367411631146,40.4057069397105,40.6746727163067,40.9436384929028,41.212604269499,41.4815700460952,42.0680609794518,42.6545519128085,43.2410428461654,43.8275337795221,44.4140247128788,44.0808841273139,43.747743541749,43.4146029561841,43.0814623706192,43.0814623706192
704,"VNM","Viet Nam",41.4567589290079,41.4567589290079,41.4567589290079,41.4567589290079,41.4567589290079,41.4567589290079,41.5704378872257,41.6841168454435,41.7977958036613,41.9114747618791,42.0251537200969,42.1388326783147,42.2525116365325,42.3661905947503,42.4798695529681,42.5935485111859,43.1521151267525,43.710681742319,44.2692483578855,44.8278149734521,45.3863815890186,45.9882352576269,46.5900889262354,47.1919425948439,47.7937962634522,47.7937962634522
876,"WLF","Wallis and Futuna Islands",NA,NA,NA,NA,NA,NA,NA,NA,NA,NA,NA,NA,NA,NA,NA,NA,NA,NA,NA,NA,NA,NA,NA,NA,NA,NA
732,"ESH","Western Sahara",NA,NA,NA,NA,NA,NA,NA,NA,NA,NA,NA,NA,NA,NA,NA,NA,NA,NA,NA,NA,NA,NA,NA,NA,NA,NA
887,"YEM","Yemen",0,0,0,0,0,0,0,0,0,0,0,0,0,0,0,0,0,0,0.136273248604752,0.391028377322201,0.645783506039649,0.604396742317363,0.563009978595048,0.521623214872733,0.480236451150446,0.480236451150446
894,"ZMB","Zambia",32.3672144822939,32.3672144822939,32.3672144822939,32.3672144822939,32.3672144822939,32.3672144822939,32.856136696697,33.3450589111,33.8339811255033,34.3229033399064,34.8118255543094,35.3007477687125,35.7896699831155,36.2785921975188,36.7675144119219,37.2564366263249,37.7294587473719,38.2024808684187,38.6755029894657,39.1485251105124,39.6215472315594,40.3037869898025,40.9860267480453,41.6682665062881,42.3505062645311,42.3505062645311
716,"ZWE","Zimbabwe",30.8138390307524,30.8138390307524,30.8138390307524,30.8138390307524,30.8138390307524,30.8138390307524,30.6202132423319,30.4265874539114,30.2329616654911,30.0393358770705,29.84571008865,29.6520843002294,29.4584585118089,29.2648327233886,29.071206934968,28.8775811465475,29.340136555113,29.8026919636788,30.2652473722443,30.7278027808101,31.1903581893756,31.5510615139697,31.9117648385637,32.2724681631578,32.6331714877518,32.6331714877518
