"code","iso","country","PMD.ind.1995","PMD.ind.1996","PMD.ind.1997","PMD.ind.1998","PMD.ind.1999","PMD.ind.2000","PMD.ind.2001","PMD.ind.2002","PMD.ind.2003","PMD.ind.2004","PMD.ind.2005","PMD.ind.2006","PMD.ind.2007","PMD.ind.2008","PMD.ind.2009","PMD.ind.2010","PMD.ind.2011","PMD.ind.2012","PMD.ind.2013","PMD.ind.2014","PMD.ind.2015","PMD.ind.2016","PMD.ind.2017","PMD.ind.2018","PMD.ind.2019","PMD.ind.2020"
4,"AFG","Afghanistan",39.8002641928715,39.8002641928715,39.8002641928715,39.8002641928715,39.8002641928715,39.8002641928715,39.3588609345485,38.9174576762254,38.4760544179021,38.034651159579,37.593247901256,37.151844642933,36.7104413846099,36.2690381262866,35.8276348679635,35.3862316096405,33.5077541921427,31.6292767746451,29.7507993571472,27.8723219396497,25.9938445221518,25.8336802770743,25.6735160319969,25.5133517869198,25.3531875418423,25.3531875418423
8,"ALB","Albania",38.1137007780698,38.1137007780698,38.1137007780698,38.1137007780698,38.1137007780698,38.1137007780698,38.4394141448617,38.7651275116539,39.0908408784459,39.4165542452378,39.74226761203,40.067980978822,40.3936943456139,40.7194077124058,41.045121079198,41.37083444599,41.6398942502266,41.9089540544632,42.1780138587001,42.4470736629367,42.7161334671734,43.088916015817,43.4616985644607,43.8344811131043,44.207263661748,44.207263661748
12,"DZA","Algeria",12.3457673368103,12.3457673368103,12.3457673368103,12.3457673368103,12.3457673368103,12.3457673368103,13.1019730956874,13.8581788545643,14.6143846134413,15.3705903723183,16.1267961311956,16.8830018900726,17.6392076489496,18.3954134078265,19.1516191667035,19.9078249255805,20.0237415862822,20.1396582469839,20.2555749076857,20.3714915683874,20.4874082290891,20.8362524184695,21.1850966078501,21.5339407972305,21.8827849866109,21.8827849866109
20,"AND","Andorra",67.9612662159341,67.9612662159341,67.9612662159341,67.9612662159341,67.9612662159341,67.9612662159341,68.9352647703118,69.9092633246895,70.8832618790672,71.8572604334449,72.8312589878229,73.8052575422006,74.7792560965783,75.753254650956,76.7272532053337,77.7012517597114,78.5749346109063,79.4486174621008,80.3223003132956,81.1959831644901,82.0696660156849,83.4913893073904,84.9131125990962,86.334835890802,87.7565591825075,87.7565591825075
24,"AGO","Angola",46.141833513209,46.141833513209,46.141833513209,46.141833513209,46.141833513209,46.141833513209,45.789636259434,45.4374390056593,45.0852417518843,44.7330444981097,44.3808472443347,44.0286499905597,43.676452736785,43.32425548301,42.9720582292354,42.6198609754604,41.3969468001511,40.1740326248418,38.9511184495322,37.7282042742229,36.5052900989136,35.5406038920062,34.5759176850985,33.6112314781912,32.6465452712838,32.6465452712838
660,"AIA","Anguilla",NA,NA,NA,NA,NA,NA,NA,NA,NA,NA,NA,NA,NA,NA,NA,NA,NA,NA,NA,NA,NA,NA,NA,NA,NA,NA
28,"ATG","Antigua and Barbuda",39.2410639486572,39.2410639486572,39.2410639486572,39.2410639486572,39.2410639486572,39.2410639486572,39.7417249224609,40.2423858962646,40.7430468700683,41.243707843872,41.7443688176757,42.2450297914797,42.7456907652833,43.2463517390871,43.7470127128908,44.2476736866944,44.0412812283972,43.8348887701,43.6284963118028,43.4221038535056,43.2157113952084,43.5674941964225,43.9192769976365,44.2710597988506,44.6228426000647,44.6228426000647
32,"ARG","Argentina",47.2132680654484,47.2132680654484,47.2132680654484,47.2132680654484,47.2132680654484,47.2132680654484,47.7344273724028,48.2555866793571,48.7767459863114,49.2979052932658,49.8190646002201,50.3402239071745,50.8613832141288,51.3825425210831,51.9037018280375,52.4248611349918,52.4666370610888,52.5084129871858,52.5501889132831,52.5919648393801,52.6337407654772,53.1557589600616,53.6777771546458,54.1997953492302,54.7218135438146,54.7218135438146
51,"ARM","Armenia",17.5088949696659,17.5088949696659,17.5088949696659,17.5088949696659,17.5088949696659,17.5088949696659,17.3959773654862,17.2830597613065,17.1701421571265,17.0572245529468,16.9443069487671,16.8313893445874,16.7184717404077,16.6055541362276,16.4926365320479,16.3797189278682,16.906113698283,17.4325084686977,17.9589032391125,18.4852980095272,19.0116927799419,19.7825344089621,20.5533760379821,21.324217667002,22.0950592960222,22.0950592960222
533,"ABW","Aruba",NA,NA,NA,NA,NA,NA,NA,NA,NA,NA,NA,NA,NA,NA,NA,NA,NA,NA,NA,NA,NA,NA,NA,NA,NA,NA
36,"AUS","Australia",85.5331009737973,85.5331009737973,85.5331009737973,85.5331009737973,85.5331009737973,85.5331009737973,86.8082917195048,88.0834824652125,89.35867321092,90.6338639566278,91.9090547023352,93.1842454480427,94.4594361937504,95.7346269394579,97.0098176851656,98.2850084308731,98.7713845881092,99.2577607453453,99.7441369025811,100,100,100,100,100,100,100
40,"AUT","Austria",51.2539881328216,51.2539881328216,51.2539881328216,51.2539881328216,51.2539881328216,51.2539881328216,52.285636653479,53.3172851741364,54.3489336947938,55.3805822154513,56.4122307361087,57.4438792567661,58.4755277774235,59.5071762980809,60.5388248187383,61.5704733393957,63.0670802401618,64.563687140928,66.0602940416938,67.5569009424599,69.0535078432261,70.2688169558114,71.4841260683965,72.6994351809815,73.9147442935668,73.9147442935668
31,"AZE","Azerbaijan",10.706353410107,10.706353410107,10.706353410107,10.706353410107,10.706353410107,10.706353410107,10.5544589786224,10.402564547138,10.2506701156534,10.0987756841691,9.9468812526848,9.79498682120021,9.6430923897159,9.49119795823131,9.33930352674699,9.1874090952624,9.36882501785064,9.55024094043856,9.73165686302679,9.91307278561473,10.094488708203,10.733691205404,11.3728937026047,12.0120961998057,12.6512986970067,12.6512986970067
44,"BHS","Bahamas",39.6567573600805,39.6567573600805,39.6567573600805,39.6567573600805,39.6567573600805,39.6567573600805,40.2548965916224,40.8530358231643,41.4511750547065,42.0493142862483,42.6474535177902,43.2455927493321,43.843731980874,44.4418712124162,45.0400104439581,45.6381496755,45.4775971864948,45.3170446974894,45.1564922084842,44.9959397194788,44.8353872304736,45.1269417433403,45.4184962562071,45.7100507690735,46.0016052819403,46.0016052819403
48,"BHR","Bahrain",2.94695908015025,2.94695908015025,2.94695908015025,2.94695908015025,2.94695908015025,2.94695908015025,3.66069348392242,4.37442788769458,5.0881622914668,5.80189669523897,6.51563109901112,7.2293655027833,7.94309990655545,8.65683431032762,9.37056871409982,10.084303117872,11.103864625027,12.123426132182,13.1429876393367,14.1625491464917,15.1821106536468,15.5235634053593,15.8650161570716,16.2064689087842,16.5479216604967,16.5479216604967
50,"BGD","Bangladesh",31.2435895748423,31.2435895748423,31.2435895748423,31.2435895748423,31.2435895748423,31.2435895748423,30.9143045204536,30.5850194660647,30.2557344116761,29.9264493572872,29.5971643028985,29.2678792485099,28.938594194121,28.6093091397323,28.2800240853434,27.9507390309548,27.3042369642061,26.6577348974574,26.0112328307084,25.3647307639596,24.7182286972109,24.595018223983,24.4718077507547,24.3485972775265,24.2253868042986,24.2253868042986
52,"BRB","Barbados",35.9774105430701,35.9774105430701,35.9774105430701,35.9774105430701,35.9774105430701,35.9774105430701,36.607092445471,37.2367743478718,37.8664562502726,38.4961381526734,39.1258200550742,39.755501957475,40.3851838598759,41.0148657622767,41.6445476646775,42.2742295670783,41.942594381782,41.6109591964861,41.2793240111898,40.9476888258939,40.6160536405976,40.6423429354044,40.6686322302112,40.694921525018,40.7212108198248,40.7212108198248
112,"BLR","Belarus",17.0776976333994,17.0776976333994,17.0776976333994,17.0776976333994,17.0776976333994,17.0776976333994,17.2347733123536,17.3918489913078,17.5489246702621,17.7060003492163,17.8630760281705,18.0201517071251,18.1772273860793,18.3343030650336,18.4913787439878,18.6484544229421,20.8613327245674,23.0742110261927,25.2870893278184,27.4999676294437,29.712845931069,30.8161681458508,31.9194903606325,33.0228125754145,34.1261347901962,34.1261347901962
56,"BEL","Belgium",49.4169282931761,49.4169282931761,49.4169282931761,49.4169282931761,49.4169282931761,49.4169282931761,50.2048104384639,50.9926925837519,51.7805747290397,52.5684568743277,53.3563390196155,54.1442211649033,54.9321033101913,55.7199854554791,56.5078676007671,57.2957497460549,59.3668751142893,61.4380004825237,63.5091258507578,65.5802512189922,67.6513765872267,68.1775605038685,68.7037444205106,69.2299283371525,69.7561122537944,69.7561122537944
84,"BLZ","Belize",34.5351472680242,34.5351472680242,34.5351472680242,34.5351472680242,34.5351472680242,34.5351472680242,35.4701563890956,36.4051655101674,37.3401746312391,38.2751837523105,39.210192873382,40.1452019944537,41.0802111155251,42.0152202365969,42.9502293576683,43.88523847874,43.1283509486058,42.3714634184715,41.6145758883373,40.8576883582031,40.1008008280688,40.1308317399195,40.1608626517703,40.1908935636213,40.220924475472,40.220924475472
204,"BEN","Benin",43.12555300698,43.12555300698,43.12555300698,43.12555300698,43.12555300698,43.12555300698,43.1952569490689,43.264960891158,43.3346648332469,43.4043687753361,43.474072717425,43.5437766595139,43.613480601603,43.6831845436919,43.7528884857811,43.82259242787,42.4803353343267,41.1380782407834,39.7958211472404,38.4535640536971,37.1113069601539,37.2138193635601,37.316331766966,37.4188441703722,37.5213565737783,37.5213565737783
60,"BMU","Bermuda",71.6790813067568,71.6790813067568,71.6790813067568,71.6790813067568,71.6790813067568,71.6790813067568,73.3374971165962,74.9959129264358,76.6543287362751,78.3127445461145,79.9711603559539,81.6295761657935,83.2879919756328,84.9464077854722,86.6048235953118,88.2632394051512,88.6670122537134,89.0707851022755,89.4745579508377,89.8783307993999,90.2821036479621,90.4141683493382,90.5462330507144,90.6782977520909,90.8103624534671,90.8103624534671
64,"BTN","Bhutan",46.5851543014413,46.5851543014413,46.5851543014413,46.5851543014413,46.5851543014413,46.5851543014413,45.3095170697921,44.0338798381432,42.758242606494,41.4826053748448,40.2069681431956,38.9313309115467,37.6556936798975,36.3800564482483,35.1044192165994,33.8287819849502,32.9156589964568,32.0025360079635,31.0894130194699,30.1762900309765,29.2631670424832,29.5873032283127,29.9114394141424,30.2355755999719,30.5597117858017,30.5597117858017
68,"BOL","Bolivia",28.6526822145943,28.6526822145943,28.6526822145943,28.6526822145943,28.6526822145943,28.6526822145943,28.9431061876473,29.2335301607006,29.5239541337536,29.8143781068069,30.1048020798599,30.3952260529132,30.6856500259662,30.9760739990194,31.2664979720725,31.5569219451257,32.1016467064774,32.646371467829,33.1910962291804,33.7358209905321,34.2805457518837,34.347658994334,34.4147722367844,34.481885479235,34.5489987216854,34.5489987216854
70,"BIH","Bosnia and Herzegovina",25.845508848779,25.845508848779,25.845508848779,25.845508848779,25.845508848779,25.845508848779,25.8414393406666,25.8373698325542,25.8333003244415,25.8292308163291,25.8251613082167,25.8210918001043,25.8170222919919,25.8129527838792,25.8088832757668,25.8048137676545,25.9496569489647,26.0945001302753,26.2393433115856,26.3841864928961,26.5290296742064,27.2284589547282,27.9278882352501,28.6273175157722,29.326746796294,29.326746796294
72,"BWA","Botswana",19.4369384813005,19.4369384813005,19.4369384813005,19.4369384813005,19.4369384813005,19.4369384813005,19.0322111331508,18.6274837850008,18.2227564368511,17.8180290887011,17.4133017405513,17.0085743924016,16.6038470442516,16.1991196961019,15.7943923479519,15.3896649998022,15.5410308634327,15.6923967270632,15.843762590694,15.9951284543245,16.1464943179551,16.5706718476571,16.9948493773593,17.4190269070614,17.8432044367634,17.8432044367634
76,"BRA","Brazil",43.3910475627876,43.3910475627876,43.3910475627876,43.3910475627876,43.3910475627876,43.3910475627876,43.825734602896,44.2604216430046,44.6951086831129,45.1297957232212,45.5644827633295,45.9991698034381,46.4338568435465,46.8685438836548,47.3032309237634,47.7379179638717,49.2506028741858,50.7632877845,52.2759726948138,53.788657605128,55.3013425154421,55.6347105456833,55.9680785759247,56.3014466061662,56.6348146364073,56.6348146364073
92,"VGB","British Virgin Islands",NA,NA,NA,NA,NA,NA,NA,NA,NA,NA,NA,NA,NA,NA,NA,NA,NA,NA,NA,NA,NA,NA,NA,NA,NA,NA
96,"BRN","Brunei Darussalam",64.6638588803176,64.6638588803176,64.6638588803176,64.6638588803176,64.6638588803176,64.6638588803176,65.3027753591414,65.941691837965,66.5806083167889,67.2195247956125,67.8584412744361,68.49735775326,69.1362742320836,69.7751907109075,70.414107189731,71.0530236685549,68.9840802285269,66.9151367884988,64.8461933484705,62.7772499084424,60.7083064684144,61.3920502524917,62.0757940365687,62.7595378206456,63.4432816047229,63.4432816047229
100,"BGR","Bulgaria",12.1373988913746,12.1373988913746,12.1373988913746,12.1373988913746,12.1373988913746,12.1373988913746,13.1322889349933,14.1271789786117,15.1220690222303,16.116959065849,17.1118491094674,18.1067391530861,19.1016291967048,20.0965192403235,21.0914092839419,22.0862993275606,23.0906873682769,24.0950754089932,25.0994634497092,26.1038514904256,27.1082395311419,27.3753111991011,27.6423828670602,27.9094545350195,28.1765262029785,28.1765262029785
854,"BFA","Burkina Faso",52.7421665431938,52.7421665431938,52.7421665431938,52.7421665431938,52.7421665431938,52.7421665431938,52.4776146421411,52.2130627410883,51.9485108400359,51.6839589389831,51.4194070379303,51.1548551368776,50.8903032358248,50.6257513347724,50.3611994337196,50.0966475326669,48.7881970194827,47.4797465062986,46.1712959931148,44.8628454799307,43.5543949667466,43.8412182776817,44.1280415886172,44.4148648995523,44.7016882104874,44.7016882104874
108,"BDI","Burundi",54.8243299228861,54.8243299228861,54.8243299228861,54.8243299228861,54.8243299228861,54.8243299228861,55.2390172189783,55.6537045150705,56.0683918111626,56.4830791072548,56.8977664033469,57.3124536994388,57.727140995531,58.1418282916231,58.5565155877153,58.9712028838075,58.3734402274887,57.7756775711696,57.1779149148508,56.5801522585318,55.982389602213,56.4726855517032,56.9629815011935,57.4532774506835,57.9435734001737,57.9435734001737
132,"CPV","Cabo Verde",35.0656548229476,35.0656548229476,35.0656548229476,35.0656548229476,35.0656548229476,35.0656548229476,35.2912896365292,35.5169244501106,35.7425592636923,35.9681940772737,36.1938288908553,36.4194637044369,36.6450985180183,36.8707333316,37.0963681451814,37.322002958763,34.8520705770028,32.3821381952426,29.9122058134821,27.4422734317218,24.9723410499616,24.0907490870827,23.2091571242038,22.3275651613252,21.4459731984463,21.4459731984463
116,"KHM","Cambodia",43.7452009786443,43.7452009786443,43.7452009786443,43.7452009786443,43.7452009786443,43.7452009786443,43.4490050617859,43.1528091449276,42.8566132280689,42.5604173112105,42.2642213943522,41.9680254774938,41.6718295606354,41.3756336437767,41.0794377269184,40.78324181006,41.2738112425283,41.7643806749967,42.2549501074653,42.7455195399336,43.2360889724019,43.2199199836402,43.2037509948782,43.1875820061165,43.1714130173547,43.1714130173547
120,"CMR","Cameroon",23.273271183907,23.273271183907,23.273271183907,23.273271183907,23.273271183907,23.273271183907,23.0547119440548,22.8361527042025,22.6175934643503,22.399034224498,22.1804749846457,21.9619157447934,21.7433565049412,21.5247972650889,21.3062380252366,21.0876787853844,20.0974143349741,19.1071498845639,18.1168854341537,17.1266209837435,16.1363565333333,16.2055592853015,16.2747620372694,16.3439647892377,16.4131675412056,16.4131675412056
124,"CAN","Canada",72.9438887894126,72.9438887894126,72.9438887894126,72.9438887894126,72.9438887894126,72.9438887894126,74.3738510812236,75.8038133730349,77.2337756648459,78.6637379566573,80.0937002484683,81.5236625402793,82.9536248320906,84.3835871239017,85.813549415713,87.243511707524,88.5553333876316,89.8671550677395,91.1789767478471,92.490798427955,93.8026201080626,94.0498230800273,94.2970260519918,94.5442290239564,94.7914319959211,94.7914319959211
136,"CYM","Cayman Islands",NA,NA,NA,NA,NA,NA,NA,NA,NA,NA,NA,NA,NA,NA,NA,NA,NA,NA,NA,NA,NA,NA,NA,NA,NA,NA
140,"CAF","Central African Republic",39.5981620669503,39.5981620669503,39.5981620669503,39.5981620669503,39.5981620669503,39.5981620669503,39.4858768648755,39.3735916628005,39.2613064607255,39.1490212586508,39.0367360565758,38.9244508545011,38.8121656524263,38.6998804503514,38.5875952482763,38.4753100462016,37.7971917497712,37.1190734533407,36.4409551569103,35.7628368604798,35.0847185640494,35.5043602950762,35.9240020261031,36.34364375713,36.7632854881569,36.7632854881569
148,"TCD","Chad",49.884961069122,49.884961069122,49.884961069122,49.884961069122,49.884961069122,49.884961069122,49.6470335871433,49.4091061051644,49.1711786231857,48.9332511412071,48.6953236592284,48.4573961772495,48.2194686952708,47.9815412132922,47.7436137313132,47.5056862493346,46.4055511540413,45.3054160587479,44.2052809634546,43.1051458681612,42.0050107728679,42.0948251132284,42.1846394535891,42.2744537939499,42.3642681343104,42.3642681343104
152,"CHL","Chile",47.3150374031897,47.3150374031897,47.3150374031897,47.3150374031897,47.3150374031897,47.3150374031897,47.7090472119967,48.103057020804,48.497066829611,48.891076638418,49.2850864472253,49.6790962560323,50.0731060648393,50.4671158736463,50.8611256824536,51.2551354912606,51.2205825893255,51.1860296873904,51.1514767854556,51.1169238835205,51.0823709815854,51.5730618517565,52.0637527219273,52.5544435920981,53.0451344622692,53.0451344622692
156,"CHN","China",18.5246122927732,18.5246122927732,18.5246122927732,18.5246122927732,18.5246122927732,18.5246122927732,18.5779239139971,18.6312355352212,18.6845471564451,18.7378587776693,18.7911703988934,18.8444820201173,18.8977936413412,18.9511052625654,19.0044168837893,19.0577285050134,19.3682730446701,19.6788175843268,19.9893621239832,20.2999066636398,20.6104512032965,21.3048813813571,21.9993115594177,22.693741737478,23.3881719155387,23.3881719155387
170,"COL","Colombia",38.5479188312245,38.5479188312245,38.5479188312245,38.5479188312245,38.5479188312245,38.5479188312245,39.1446865313605,39.7414542314963,40.3382219316322,40.9349896317683,41.531757331904,42.12852503204,42.725292732176,43.322060432312,43.9188281324477,44.5155958325837,45.36662312377,46.2176504149563,47.0686777061424,47.9197049973286,48.7707322885149,49.0960429998598,49.4213537112046,49.7466644225497,50.0719751338945,50.0719751338945
174,"COM","Comoros",58.5577503486437,58.5577503486437,58.5577503486437,58.5577503486437,58.5577503486437,58.5577503486437,58.4455965543359,58.3334427600279,58.2212889657201,58.109135171412,57.9969813771043,57.8848275827965,57.7726737884885,57.6605199941807,57.5483661998726,57.4362124055649,56.6739267486739,55.9116410917833,55.1493554348924,54.3870697780017,53.6247841211108,53.8888991748681,54.1530142286251,54.4171292823824,54.6812443361397,54.6812443361397
184,"COK","Cook Islands",63.5291944091004,63.5291944091004,63.5291944091004,63.5291944091004,63.5291944091004,63.5291944091004,64.2322191216317,64.9352438341628,65.6382685466938,66.3412932592251,67.0443179717564,67.7473426842874,68.4503673968187,69.1533921093497,69.8564168218811,70.5594415344121,70.4525928898689,70.3457442453261,70.2388956007829,70.1320469562401,70.0251983116969,69.5811132572549,69.1370282028128,68.6929431483708,68.2488580939287,68.2488580939287
188,"CRI","Costa Rica",53.642368851822,53.642368851822,53.642368851822,53.642368851822,53.642368851822,53.642368851822,53.8568250947262,54.0712813376303,54.2857375805344,54.5001938234386,54.7146500663427,54.9291063092468,55.1435625521509,55.3580187950551,55.5724750379592,55.7869312808633,55.9070961884156,56.0272610959682,56.1474260035204,56.267590911073,56.3877558186253,56.6484177457167,56.9090796728078,57.1697415998992,57.4304035269904,57.4304035269904
384,"CIV","Cote d'Ivoire",26.4755245606709,26.4755245606709,26.4755245606709,26.4755245606709,26.4755245606709,26.4755245606709,26.8402056398874,27.2048867191043,27.5695677983208,27.9342488775373,28.2989299567542,28.6636110359707,29.0282921151872,29.3929731944038,29.7576542736206,30.1223353528371,28.6554785468828,27.1886217409284,25.7217649349743,24.25490812902,22.7880513230656,23.5743346228793,24.3606179226931,25.146901222507,25.9331845223207,25.9331845223207
191,"HRV","Croatia",29.0973864205138,29.0973864205138,29.0973864205138,29.0973864205138,29.0973864205138,29.0973864205138,29.9837738023552,30.8701611841966,31.756548566038,32.6429359478795,33.5293233297209,34.4157107115624,35.3020980934038,36.1884854752452,37.0748728570867,37.9612602389281,38.8315605552732,39.7018608716183,40.5721611879634,41.4424615043085,42.3127618206536,43.3419681574792,44.3711744943046,45.4003808311303,46.429587167956,46.429587167956
192,"CUB","Cuba",38.5714946271431,38.5714946271431,38.5714946271431,38.5714946271431,38.5714946271431,38.5714946271431,39.3236576520253,40.0758206769071,40.8279837017893,41.5801467266715,42.3323097515534,43.0844727764356,43.8366358013177,44.5887988261999,45.3409618510818,46.0931248759639,45.588853965896,45.0845830558284,44.5803121457605,44.0760412356928,43.5717703256249,44.442490650075,45.3132109745251,46.1839312989753,47.0546516234253,47.0546516234253
531,"CUW","Curacao",NA,NA,NA,NA,NA,NA,NA,NA,NA,NA,NA,NA,NA,NA,NA,NA,NA,NA,NA,NA,NA,NA,NA,NA,NA,NA
196,"CYP","Cyprus",39.3691420641807,39.3691420641807,39.3691420641807,39.3691420641807,39.3691420641807,39.3691420641807,40.264061181725,41.1589802992693,42.0538994168136,42.9488185343579,43.8437376519022,44.7386567694465,45.6335758869908,46.5284950045351,47.4234141220795,48.3183332396237,49.6046601542413,50.8909870688589,52.1773139834767,53.4636408980943,54.7499678127119,55.7645938565536,56.779219900395,57.7938459442367,58.8084719880785,58.8084719880785
203,"CZE","Czech Republic",31.3059896116901,31.3059896116901,31.3059896116901,31.3059896116901,31.3059896116901,31.3059896116901,32.2134837264506,33.1209778412114,34.0284719559719,34.9359660707324,35.8434601854932,36.7509543002537,37.6584484150142,38.5659425297747,39.4734366445355,40.380930759296,41.6914712475332,43.0020117357704,44.3125522240079,45.623092712245,46.9336332004823,47.4701555084688,48.0066778164556,48.5432001244424,49.0797224324289,49.0797224324289
180,"COD","Dem. Rep. Congo",49.7879904984545,49.7879904984545,49.7879904984545,49.7879904984545,49.7879904984545,49.7879904984545,50.3343477480794,50.8807049977045,51.4270622473293,51.9734194969544,52.5197767465792,53.0661339962041,53.6124912458292,54.158848495454,54.7052057450791,55.2515629947039,53.4014521819685,51.5513413692328,49.7012305564974,47.8511197437617,46.0010089310263,45.8456837995693,45.6903586681126,45.5350335366556,45.3797084051989,45.3797084051989
208,"DNK","Denmark",52.2521873213811,52.2521873213811,52.2521873213811,52.2521873213811,52.2521873213811,52.2521873213811,53.3411407282743,54.4300941351677,55.5190475420609,56.6080009489543,57.6969543558475,58.7859077627406,59.8748611696341,60.9638145765273,62.0527679834207,63.1417213903139,65.8264683358327,68.5112152813519,71.1959622268708,73.8807091723899,76.5654561179088,77.1173553826074,77.6692546473057,78.2211539120043,78.7730531767029,78.7730531767029
262,"DJI","Djibouti",26.7246890286158,26.7246890286158,26.7246890286158,26.7246890286158,26.7246890286158,26.7246890286158,25.7645455558479,24.8044020830801,23.8442586103122,22.8841151375444,21.9239716647765,20.9638281920084,20.0036847192405,19.0435412464726,18.0833977737048,17.1232543009369,17.0036211743515,16.8839880477658,16.7643549211804,16.6447217945947,16.5250886680092,16.5594682835352,16.5938478990614,16.6282275145874,16.6626071301136,16.6626071301136
212,"DMA","Dominica",40.1486535566249,40.1486535566249,40.1486535566249,40.1486535566249,40.1486535566249,40.1486535566249,40.2411869984665,40.3337204403083,40.4262538821499,40.5187873239918,40.6113207658333,40.7038542076749,40.7963876495168,40.8889210913583,40.9814545332002,41.0739879750418,40.3114616195828,39.5489352641238,38.7864089086645,38.0238825532055,37.2613561977465,37.4405444909073,37.6197327840678,37.7989210772285,37.978109370389,37.978109370389
214,"DOM","Dominican Republic",51.8901247922591,51.8901247922591,51.8901247922591,51.8901247922591,51.8901247922591,51.8901247922591,50.8171103440955,49.7440958959322,48.6710814477686,47.5980669996051,46.5250525514418,45.4520381032782,44.3790236551146,43.3060092069511,42.2329947587878,41.1599803106242,39.5769531548051,37.993925998986,36.4108988431669,34.8278716873478,33.2448445315287,33.6386469190027,34.0324493064767,34.4262516939507,34.8200540814247,34.8200540814247
218,"ECU","Ecuador",46.6347269532758,46.6347269532758,46.6347269532758,46.6347269532758,46.6347269532758,46.6347269532758,46.1711394048667,45.7075518564576,45.2439643080488,44.7803767596397,44.3167892112306,43.8532016628215,43.3896141144125,42.9260265660036,42.4624390175946,41.9988514691855,42.5375965700857,43.0763416709859,43.6150867718862,44.1538318727864,44.6925769736867,45.0600042425134,45.4274315113403,45.794858780167,46.1622860489937,46.1622860489937
818,"EGY","Egypt",0,0,0,0,0,0,0,0,0,0,0,0,0,0,0,0,0,0,0,0,0,0,0,0,0,0
222,"SLV","El Salvador",47.4177147421933,47.4177147421933,47.4177147421933,47.4177147421933,47.4177147421933,47.4177147421933,47.6365206881285,47.8553266340637,48.0741325799989,48.2929385259341,48.5117444718693,48.7305504178048,48.94935636374,49.1681623096752,49.3869682556104,49.6057742015456,48.3481631667163,47.0905521318867,45.8329410970574,44.5753300622278,43.3177190273985,43.6885797843044,44.0594405412105,44.4303012981164,44.8011620550225,44.8011620550225
226,"GNQ","Equatorial Guinea",36.0438409358228,36.0438409358228,36.0438409358228,36.0438409358228,36.0438409358228,36.0438409358228,34.8696313430491,33.6954217502754,32.521212157502,31.3470025647283,30.1727929719545,28.9985833791809,27.8243737864071,26.6501641936337,25.47595460086,24.3017450080863,22.8956700637438,21.4895951194013,20.0835201750588,18.6774452307163,17.2713702863738,17.3598944491566,17.4484186119391,17.5369427747219,17.6254669375047,17.6254669375047
232,"ERI","Eritrea",35.1540367214758,35.1540367214758,35.1540367214758,35.1540367214758,35.1540367214758,35.1540367214758,35.0561130011401,34.9581892808043,34.8602655604683,34.7623418401326,34.6644181197969,34.5664943994611,34.4685706791254,34.3706469587894,34.2727232384537,34.174799518118,33.8602262293365,33.5456529405551,33.2310796517734,32.916506362992,32.6019330742105,31.9284674771748,31.255001880139,30.581536283103,29.9080706860672,29.9080706860672
233,"EST","Estonia",53.4416367764808,53.4416367764808,53.4416367764808,53.4416367764808,53.4416367764808,53.4416367764808,55.1555249827022,56.8694131889238,58.5833013951452,60.2971896013666,62.0110778075883,63.7249660138097,65.4388542200311,67.1527424262525,68.8666306324742,70.5805188386956,74.2970231428156,78.0135274469359,81.7300317510559,85.4465360551762,89.1630403592962,90.789284389273,92.4155284192501,94.0417724492271,95.6680164792039,95.6680164792039
748,"SWZ","Eswatini",29.124776394782,29.124776394782,29.124776394782,29.124776394782,29.124776394782,29.124776394782,28.4249064102733,27.7250364257649,27.0251664412562,26.3252964567478,25.6254264722391,24.9255564877304,24.225686503222,23.5258165187133,22.8259465342048,22.1260765496961,22.5055858790049,22.8850952083136,23.2646045376227,23.6441138669314,24.0236231962402,24.0386623134199,24.0537014305995,24.0687405477795,24.0837796649592,24.0837796649592
231,"ETH","Ethiopia",65.9194726970357,65.9194726970357,65.9194726970357,65.9194726970357,65.9194726970357,65.9194726970357,65.6660603691088,65.412648041182,65.1592357132548,64.905823385328,64.6524110574011,64.3989987294743,64.1455864015474,63.8921740736203,63.6387617456934,63.3853494177666,62.8042990783067,62.2232487388469,61.6421983993874,61.0611480599275,60.4800977204677,59.9518804802715,59.4236632400753,58.8954459998789,58.3672287596827,58.3672287596827
234,"FRO","Faeroe Islands",NA,NA,NA,NA,NA,NA,NA,NA,NA,NA,NA,NA,NA,NA,NA,NA,NA,NA,NA,NA,NA,NA,NA,NA,NA,NA
238,"FLK","Falkland Islands",NA,NA,NA,NA,NA,NA,NA,NA,NA,NA,NA,NA,NA,NA,NA,NA,NA,NA,NA,NA,NA,NA,NA,NA,NA,NA
242,"FJI","Fiji",32.8423385345347,32.8423385345347,32.8423385345347,32.8423385345347,32.8423385345347,32.8423385345347,32.9474381884343,33.0525378423339,33.1576374962335,33.2627371501332,33.3678368040331,33.4729364579327,33.5780361118323,33.683135765732,33.7882354196316,33.8933350735312,33.7902288062942,33.6871225390571,33.5840162718204,33.4809100045833,33.3778037373463,32.9008638382993,32.4239239392524,31.9469840402055,31.4700441411585,31.4700441411585
246,"FIN","Finland",80.0121693303628,80.0121693303628,80.0121693303628,80.0121693303628,80.0121693303628,80.0121693303628,81.1430160802628,82.2738628301626,83.4047095800626,84.5355563299623,85.6664030798623,86.7972498297621,87.9280965796619,89.0589433295619,90.1897900794619,91.3206368293616,95.4585845153128,99.5965322012636,100,100,100,100,100,100,100,100
250,"FRA","France",62.2970108616922,62.2970108616922,62.2970108616922,62.2970108616922,62.2970108616922,62.2970108616922,63.0140165025601,63.7310221434279,64.4480277842955,65.1650334251634,65.8820390660312,66.5990447068991,67.3160503477669,68.0330559886345,68.7500616295024,69.4670672703702,71.1413897765703,72.8157122827701,74.4900347889702,76.16435729517,77.8386798013701,78.9349910291369,80.0313022569037,81.1276134846705,82.2239247124372,82.2239247124372
258,"PYF","French Polynesia",NA,NA,NA,NA,NA,NA,NA,NA,NA,NA,NA,NA,NA,NA,NA,NA,NA,NA,NA,NA,NA,NA,NA,NA,NA,NA
266,"GAB","Gabon",17.2124419745709,17.2124419745709,17.2124419745709,17.2124419745709,17.2124419745709,17.2124419745709,16.9802041479406,16.7479663213103,16.5157284946799,16.2834906680496,16.0512528414192,15.8190150147889,15.5867771881585,15.3545393615282,15.1223015348979,14.8900637082675,14.7018439973477,14.5136242864279,14.325404575508,14.1371848645882,13.9489651536683,14.4932636221132,15.037562090558,15.5818605590029,16.1261590274477,16.1261590274477
270,"GMB","Gambia",44.0384878703618,44.0384878703618,44.0384878703618,44.0384878703618,44.0384878703618,44.0384878703618,43.5890624218784,43.139636973395,42.6902115249116,42.2407860764281,41.7913606279445,41.341935179461,40.8925097309776,40.4430842824942,39.9936588340108,39.5442333855274,38.5996465180645,37.6550596506014,36.7104727831385,35.7658859156754,34.8212990482126,34.2915396936203,33.761780339028,33.2320209844357,32.7022616298433,32.7022616298433
268,"GEO","Georgia",24.7708635338982,24.7708635338982,24.7708635338982,24.7708635338982,24.7708635338982,24.7708635338982,25.1300895114834,25.4893154890687,25.8485414666539,26.2077674442392,26.5669934218242,26.9262193994094,27.2854453769947,27.6446713545799,28.0038973321652,28.3631233097504,29.2580509308174,30.1529785518847,31.0479061729517,31.9428337940189,32.8377614150859,32.5952975434072,32.3528336717285,32.1103698000495,31.8679059283708,31.8679059283708
276,"DEU","Germany",51.5103638017268,51.5103638017268,51.5103638017268,51.5103638017268,51.5103638017268,51.5103638017268,52.2348036448885,52.9592434880501,53.6836833312121,54.4081231743738,55.1325630175355,55.8570028606971,56.5814427038588,57.3058825470208,58.0303223901825,58.7547622333442,60.4300762853925,62.1053903374409,63.7807043894893,65.4560184415377,67.1313324935861,67.9541101409339,68.7768877882816,69.5996654356294,70.4224430829771,70.4224430829771
288,"GHA","Ghana",25.0315586633524,25.0315586633524,25.0315586633524,25.0315586633524,25.0315586633524,25.0315586633524,24.6809354998997,24.3303123364469,23.9796891729942,23.6290660095415,23.2784428460888,22.9278196826363,22.5771965191835,22.2265733557308,21.8759501922781,21.5253270288253,20.4894163166321,19.4535056044388,18.4175948922453,17.381684180052,16.3457734678587,16.5387501795725,16.731726891286,16.9247036029995,17.1176803147133,17.1176803147133
300,"GRC","Greece",40.770256283415,40.770256283415,40.770256283415,40.770256283415,40.770256283415,40.770256283415,41.4337978888477,42.0973394942808,42.7608810997135,43.4244227051462,44.087964310579,44.751505916012,45.4150475214447,46.0785891268775,46.7421307323105,47.4056723377433,48.7752845802363,50.1448968227294,51.5145090652225,52.8841213077156,54.2537335502086,55.1025303035688,55.951327056929,56.8001238102892,57.6489205636494,57.6489205636494
304,"GRL","Greenland",61.8746869877135,61.8746869877135,61.8746869877135,61.8746869877135,61.8746869877135,61.8746869877135,63.3105135377799,64.7463400878463,66.1821666379124,67.6179931879788,69.0538197380453,70.4896462881116,71.9254728381781,73.3612993882442,74.7971259383106,76.232952488377,76.538729525405,76.8445065624332,77.1502835994615,77.4560606364896,77.7618376735177,77.6687675792844,77.5756974850512,77.4826273908181,77.3895572965849,77.3895572965849
308,"GRD","Grenada",29.638792107927,29.638792107927,29.638792107927,29.638792107927,29.638792107927,29.638792107927,29.8655728941047,30.0923536802828,30.3191344664605,30.5459152526382,30.772696038816,30.999476824994,31.2262576111717,31.4530383973495,31.6798191835275,31.9065999697052,31.5922656435046,31.277931317304,30.9635969911035,30.6492626649028,30.3349283387023,30.5801917528926,30.825455167083,31.0707185812734,31.3159819954638,31.3159819954638
320,"GTM","Guatemala",35.9751988620253,35.9751988620253,35.9751988620253,35.9751988620253,35.9751988620253,35.9751988620253,36.6473148978288,37.3194309336325,37.991546969436,38.6636630052398,39.3357790410432,40.0078950768467,40.6800111126505,41.352127148454,42.0242431842577,42.6963592200612,42.008233269554,41.3201073190467,40.6319813685397,39.9438554180325,39.2557294675252,39.7357293288865,40.2157291902478,40.6957290516091,41.1757289129704,41.1757289129704
831,"GGY","Guernsey",NA,NA,NA,NA,NA,NA,NA,NA,NA,NA,NA,NA,NA,NA,NA,NA,NA,NA,NA,NA,NA,NA,NA,NA,NA,NA
324,"GIN","Guinea",42.3798534218376,42.3798534218376,42.3798534218376,42.3798534218376,42.3798534218376,42.3798534218376,42.2125433629499,42.0452333040624,41.8779232451746,41.7106131862869,41.5433031273991,41.3759930685117,41.2086830096239,41.0413729507361,40.8740628918487,40.7067528329609,39.9601800163237,39.2136071996866,38.4670343830491,37.7204615664119,36.9738887497748,37.170249028906,37.3666093080373,37.5629695871686,37.7593298662999,37.7593298662999
624,"GNB","Guinea-Bissau",36.8554770749471,36.8554770749471,36.8554770749471,36.8554770749471,36.8554770749471,36.8554770749471,36.6663465551978,36.4772160354485,36.2880855156992,36.0989549959499,35.909824476201,35.7206939564517,35.5315634367024,35.3424329169531,35.1533023972038,34.9641718774545,34.3595506646706,33.754929451887,33.1503082391031,32.5456870263195,31.9410658135356,32.1645737252078,32.3880816368799,32.6115895485519,32.8350974602241,32.8350974602241
328,"GUY","Guyana",13.1718523632491,13.1718523632491,13.1718523632491,13.1718523632491,13.1718523632491,13.1718523632491,13.6677804163623,14.1637084694752,14.6596365225884,15.1555645757016,15.6514926288145,16.1474206819277,16.6433487350409,17.1392767881541,17.635204841267,18.1311328943802,17.9107842554579,17.6904356165356,17.4700869776136,17.2497383386913,17.029389699769,17.9122911759178,18.7951926520667,19.6780941282153,20.5609956043642,20.5609956043642
332,"HTI","Haiti",53.2135009323711,53.2135009323711,53.2135009323711,53.2135009323711,53.2135009323711,53.2135009323711,53.0704204448016,52.9273399572321,52.7842594696629,52.6411789820934,52.4980984945239,52.3550180069544,52.2119375193849,52.0688570318157,51.9257765442462,51.7826960566767,50.8559790783558,49.9292621000349,49.002545121714,48.0758281433931,47.1491111650723,47.2337069890609,47.3183028130496,47.4028986370383,47.487494461027,47.487494461027
336,"VAT","Holy See",NA,NA,NA,NA,NA,NA,NA,NA,NA,NA,NA,NA,NA,NA,NA,NA,NA,NA,NA,NA,NA,NA,NA,NA,NA,NA
340,"HND","Honduras",53.3229449249434,53.3229449249434,53.3229449249434,53.3229449249434,53.3229449249434,53.3229449249434,53.0473882202102,52.7718315154768,52.4962748107436,52.2207181060102,51.9451614012771,51.6696046965437,51.3940479918102,51.1184912870771,50.8429345823437,50.5673778776106,49.3278162271534,48.0882545766962,46.8486929262393,45.6091312757821,44.369569625325,45.0074296521354,45.6452896789456,46.2831497057558,46.9210097325663,46.9210097325663
344,"HKG","Hong Kong",NA,NA,NA,NA,NA,NA,NA,NA,NA,NA,NA,NA,NA,NA,NA,NA,NA,NA,NA,NA,NA,NA,NA,NA,NA,NA
348,"HUN","Hungary",26.4782201995399,26.4782201995399,26.4782201995399,26.4782201995399,26.4782201995399,26.4782201995399,27.2114616139456,27.9447030283516,28.6779444427573,29.4111858571632,30.144427271569,30.8776686859746,31.6109101003806,32.3441515147863,33.0773929291923,33.810634343598,34.9647062414712,36.1187781393445,37.272850037218,38.4269219350913,39.5809938329646,40.4256966608014,41.270399488638,42.1151023164748,42.9598051443117,42.9598051443117
352,"ISL","Iceland",90.2891669840018,90.2891669840018,90.2891669840018,90.2891669840018,90.2891669840018,90.2891669840018,91.3933592595293,92.4975515350568,93.601743810584,94.7059360861115,95.810128361639,96.9143206371666,98.018512912694,99.1227051882213,100,100,100,100,100,100,100,100,100,100,100,100
356,"IND","India",19.5367959926544,19.5367959926544,19.5367959926544,19.5367959926544,19.5367959926544,19.5367959926544,19.0762479513638,18.6156999100735,18.155151868783,17.6946038274924,17.2340557862018,16.7735077449115,16.312959703621,15.8524116623304,15.3918636210401,14.9313155797495,13.9062103399912,12.881105100233,11.855999860475,10.8308946207167,9.80578938095837,10.0684222216309,10.3310550623033,10.5936879029758,10.8563207436483,10.8563207436483
360,"IDN","Indonesia",30.3224180992877,30.3224180992877,30.3224180992877,30.3224180992877,30.3224180992877,30.3224180992877,30.0469780192026,29.7715379391175,29.4960978590323,29.2206577789472,28.9452176988624,28.6697776187773,28.3943375386922,28.1188974586071,27.843457378522,27.5680172984369,27.7291328295406,27.8902483606444,28.0513638917485,28.2124794228522,28.373594953956,28.4399174085026,28.506239863049,28.5725623175956,28.6388847721422,28.6388847721422
364,"IRN","Iran",12.971012879879,12.971012879879,12.971012879879,12.971012879879,12.971012879879,12.971012879879,13.7038521643307,14.4366914487824,15.1695307332341,15.9023700176857,16.6352093021371,17.3680485865888,18.1008878710404,18.8337271554921,19.5665664399438,20.2994057243955,20.8251427806891,21.3508798369831,21.8766168932768,22.4023539495708,22.9280910058645,23.8172901386624,24.7064892714603,25.5956884042582,26.4848875370561,26.4848875370561
368,"IRQ","Iraq",0.438922467752519,0.438922467752519,0.438922467752519,0.438922467752519,0.438922467752519,0.438922467752519,0.511896386649127,0.584870305545422,0.65784422444203,0.730818143338638,0.803792062235246,0.876765981131598,0.949739900028206,1.02271381892452,1.09568773782112,1.16866165671773,1.94798682197057,2.72731198722342,3.50663715247596,4.2859623177288,5.06528748298165,5.63395206308007,6.20261664317879,6.77128122327751,7.33994580337594,7.33994580337594
372,"IRL","Ireland",58.8794760927748,58.8794760927748,58.8794760927748,58.8794760927748,58.8794760927748,58.8794760927748,60.6634597777584,62.4474434627422,64.2314271477257,66.0154108327092,67.7993945176927,69.5833782026766,71.3673618876601,73.1513455726436,74.9353292576274,76.7193129426109,78.7591541444638,80.7989953463166,82.8388365481698,84.8786777500226,86.9185189518755,87.9335127638036,88.9485065757317,89.9635003876595,90.9784941995876,90.9784941995876
833,"IMN","Isle of Man",NA,NA,NA,NA,NA,NA,NA,NA,NA,NA,NA,NA,NA,NA,NA,NA,NA,NA,NA,NA,NA,NA,NA,NA,NA,NA
376,"ISR","Israel",44.7067854212899,44.7067854212899,44.7067854212899,44.7067854212899,44.7067854212899,44.7067854212899,45.6200287507292,46.5332720801682,47.4465154096075,48.3597587390464,49.2730020684857,50.186245397925,51.099488727364,52.0127320568032,52.9259753862422,53.8392187156815,54.805557126925,55.7718955381685,56.7382339494117,57.7045723606552,58.6709107718988,59.6602243964191,60.6495380209395,61.6388516454599,62.6281652699803,62.6281652699803
380,"ITA","Italy",48.274238663686,48.274238663686,48.274238663686,48.274238663686,48.274238663686,48.274238663686,49.3347453675815,50.395252071477,51.4557587753727,52.5162654792683,53.5767721831637,54.6372788870593,55.6977855909548,56.7582922948505,57.818798998746,58.8793057026416,60.0166306510046,61.1539555993678,62.2912805477308,63.4286054960941,64.5659304444572,65.5570616432746,66.5481928420922,67.5393240409096,68.530455239727,68.530455239727
388,"JAM","Jamaica",45.8139959470667,45.8139959470667,45.8139959470667,45.8139959470667,45.8139959470667,45.8139959470667,45.9303738803542,46.046751813642,46.1631297469295,46.2795076802171,46.3958856135046,46.5122635467924,46.62864148008,46.7450194133675,46.8613973466553,46.9777752799428,46.2220091928032,45.4662431056635,44.7104770185241,43.9547109313845,43.1989448442448,43.3218159442086,43.4446870441721,43.5675581441359,43.6904292440994,43.6904292440994
392,"JPN","Japan",70.7067004035559,70.7067004035559,70.7067004035559,70.7067004035559,70.7067004035559,70.7067004035559,71.5984194149372,72.4901384263188,73.3818574377001,74.2735764490817,75.1652954604629,76.0570144718443,76.9487334832258,77.8404524946071,78.7321715059887,79.62389051737,79.1588264954316,78.6937624734932,78.2286984515548,77.7636344296164,77.298570407678,77.4845167395667,77.6704630714553,77.8564094033439,78.0423557352325,78.0423557352325
832,"JEY","Jersey",NA,NA,NA,NA,NA,NA,NA,NA,NA,NA,NA,NA,NA,NA,NA,NA,NA,NA,NA,NA,NA,NA,NA,NA,NA,NA
400,"JOR","Jordan",15.7854521440012,15.7854521440012,15.7854521440012,15.7854521440012,15.7854521440012,15.7854521440012,16.4832392505854,17.1810263571698,17.8788134637539,18.5766005703381,19.2743876769225,19.9721747835066,20.6699618900907,21.3677489966749,22.0655361032593,22.7633232098434,23.4815299839033,24.1997367579632,24.9179435320234,25.6361503060833,26.3543570801432,27.039240846961,27.724124613779,28.4090083805968,29.0938921474147,29.0938921474147
398,"KAZ","Kazakhstan",16.675374199817,16.675374199817,16.675374199817,16.675374199817,16.675374199817,16.675374199817,17.078876205453,17.4823782110889,17.8858802167246,18.2893822223605,18.6928842279965,19.0963862336324,19.4998882392683,19.903390244904,20.3068922505399,20.7103942561759,21.3265362554339,21.9426782546918,22.5588202539495,23.1749622532075,23.7911042524655,24.5010493506449,25.2109944488247,25.9209395470042,26.6308846451837,26.6308846451837
404,"KEN","Kenya",53.382573247872,53.382573247872,53.382573247872,53.382573247872,53.382573247872,53.382573247872,52.6558581325854,51.9291430172991,51.2024279020125,50.4757127867259,49.7489976714393,49.022282556153,48.2955674408664,47.5688523255798,46.8421372102935,46.1154220950069,45.6100892337729,45.1047563725389,44.5994235113046,44.0940906500706,43.5887577888366,45.1650529311482,46.7413480734595,48.3176432157712,49.8939383580828,49.8939383580828
296,"KIR","Kiribati",45.0433884604661,45.0433884604661,45.0433884604661,45.0433884604661,45.0433884604661,45.0433884604661,45.4635945100569,45.8838005596476,46.3040066092384,46.7242126588292,47.1444187084199,47.5646247580104,47.9848308076012,48.405036857192,48.8252429067827,49.2454489563735,49.6351198855331,50.0247908146926,50.4144617438519,50.8041326730115,51.1938036021711,49.9278397186283,48.6618758350856,47.3959119515431,46.1299480680004,46.1299480680004
689,"XKX","Kosovo",NA,NA,NA,NA,NA,NA,NA,NA,NA,NA,NA,NA,NA,NA,NA,NA,NA,NA,NA,NA,NA,NA,NA,NA,NA,NA
414,"KWT","Kuwait",16.0579360440344,16.0579360440344,16.0579360440344,16.0579360440344,16.0579360440344,16.0579360440344,16.4285184239089,16.7991008037831,17.1696831836575,17.5402655635317,17.9108479434062,18.2814303232806,18.6520127031548,19.0225950830293,19.3931774629034,19.7637598427779,20.4142068489115,21.0646538550452,21.7151008611791,22.3655478673127,23.0159948734464,23.3078529763738,23.5997110793012,23.8915691822289,24.1834272851563,24.1834272851563
417,"KGZ","Kyrgyzstan",19.7492868853665,19.7492868853665,19.7492868853665,19.7492868853665,19.7492868853665,19.7492868853665,20.1176845751521,20.486082264938,20.8544799547236,21.2228776445095,21.5912753342951,21.9596730240807,22.3280707138666,22.6964684036522,23.0648660934381,23.4332637832238,23.7222440231418,24.0112242630599,24.3002045029777,24.5891847428958,24.8781649828139,25.6248965787564,26.3716281746989,27.1183597706417,27.8650913665842,27.8650913665842
418,"LAO","Laos",40.7657085364451,40.7657085364451,40.7657085364451,40.7657085364451,40.7657085364451,40.7657085364451,40.4994502346455,40.2331919328461,39.9669336310464,39.700675329247,39.4344170274473,39.1681587256476,38.9019004238483,38.6356421220486,38.3693838202492,38.1031255184495,39.0705765101267,40.0380275018042,41.0054784934813,41.9729294851588,42.940380476836,42.5276635005144,42.1149465241929,41.7022295478713,41.2895125715497,41.2895125715497
428,"LVA","Latvia",29.3343367800823,29.3343367800823,29.3343367800823,29.3343367800823,29.3343367800823,29.3343367800823,29.8104045865955,30.2864723931083,30.7625401996215,31.2386080061346,31.7146758126475,32.1907436191606,32.6668114256738,33.1428792321869,33.6189470386997,34.0950148452129,36.6226409462794,39.1502670473459,41.6778931484122,44.2055192494787,46.7331453505452,48.3511361383509,49.9691269261566,51.5871177139625,53.2051085017682,53.2051085017682
422,"LBN","Lebanon",23.6910001078553,23.6910001078553,23.6910001078553,23.6910001078553,23.6910001078553,23.6910001078553,23.4361710541297,23.1813420004038,22.9265129466782,22.6716838929524,22.4168548392268,22.1620257855012,21.9071967317754,21.6523676780498,21.3975386243239,21.1427095705983,21.3215969986906,21.5004844267825,21.6793718548747,21.8582592829666,22.0371467110588,22.7779242631675,23.5187018152762,24.259479367385,25.0002569194937,25.0002569194937
426,"LSO","Lesotho",30.6870629005243,30.6870629005243,30.6870629005243,30.6870629005243,30.6870629005243,30.6870629005243,29.4670754842751,28.2470880680259,27.0271006517768,25.8071132355276,24.5871258192784,23.3671384030292,22.14715098678,20.9271635705308,19.7071761542816,18.4871887380324,17.9776435576777,17.468098377323,16.9585531969686,16.4490080166139,15.9394628362592,16.6443014235154,17.3491400107719,18.0539785980284,18.7588171852846,18.7588171852846
430,"LBR","Liberia",53.3156648431675,53.3156648431675,53.3156648431675,53.3156648431675,53.3156648431675,53.3156648431675,53.1030767264078,52.8904886096478,52.6779004928881,52.4653123761282,52.2527242593685,52.0401361426088,51.8275480258488,51.6149599090891,51.4023717923292,51.1897836755695,49.369243069639,47.5487024637085,45.7281618577778,43.9076212518473,42.0870806459168,42.5027895231993,42.9184984004816,43.3342072777639,43.7499161550464,43.7499161550464
434,"LBY","Libya",18.276701065979,18.276701065979,18.276701065979,18.276701065979,18.276701065979,18.276701065979,18.2552847052423,18.2338683445057,18.2124519837687,18.191035623032,18.1696192622954,18.1482029015587,18.126786540822,18.105370180085,18.0839538193484,18.0625374586116,18.6210185552516,19.1794996518913,19.7379807485313,20.296461845171,20.8549429418109,20.7640003063215,20.673057670832,20.5821150353425,20.491172399853,20.491172399853
438,"LIE","Liechtenstein",NA,NA,NA,NA,NA,NA,NA,NA,NA,NA,NA,NA,NA,NA,NA,NA,NA,NA,NA,NA,NA,NA,NA,NA,NA,NA
440,"LTU","Lithuania",40.4476041988391,40.4476041988391,40.4476041988391,40.4476041988391,40.4476041988391,40.4476041988391,40.528976631511,40.6103490641831,40.6917214968549,40.7730939295271,40.8544663621989,40.9358387948707,41.0172112275429,41.0985836602147,41.1799560928869,41.2613285255587,43.2857044589115,45.3100803922643,47.3344563256171,49.3588322589699,51.3832081923227,53.6571962697677,55.9311843472127,58.2051724246577,60.4791605021027,60.4791605021027
442,"LUX","Luxembourg",58.5079414610136,58.5079414610136,58.5079414610136,58.5079414610136,58.5079414610136,58.5079414610136,59.3671083935089,60.2262753260039,61.0854422584991,61.9446091909941,62.8037761234894,63.6629430559846,64.5221099884796,65.3812769209749,66.2404438534699,67.0996107859651,69.3883833481318,71.6771559102983,73.965928472465,76.2547010346314,78.5434735967981,79.2539375477231,79.9644014986484,80.6748654495737,81.3853294004987,81.3853294004987
446,"MAC","Macao",NA,NA,NA,NA,NA,NA,NA,NA,NA,NA,NA,NA,NA,NA,NA,NA,NA,NA,NA,NA,NA,NA,NA,NA,NA,NA
450,"MDG","Madagascar",64.6560597877754,64.6560597877754,64.6560597877754,64.6560597877754,64.6560597877754,64.6560597877754,64.1349793909194,63.6138989940634,63.0928185972071,62.5717382003511,62.0506578034951,61.5295774066391,61.008497009783,60.4874166129268,59.9663362160707,59.4452558192147,58.7078298362541,57.9704038532934,57.2329778703328,56.4955518873721,55.7581259044115,55.9121203374131,56.0661147704143,56.2201092034156,56.3741036364171,56.3741036364171
454,"MWI","Malawi",63.4187531005857,63.4187531005857,63.4187531005857,63.4187531005857,63.4187531005857,63.4187531005857,63.12738855084,62.8360240010944,62.5446594513486,62.2532949016028,61.9619303518573,61.6705658021115,61.3792012523657,61.0878367026199,60.7964721528744,60.5051076031286,59.8561582895678,59.207208976007,58.5582596624465,57.9093103488857,57.260361035325,58.2484222931864,59.2364835510481,60.2245448089096,61.212606066771,61.212606066771
458,"MYS","Malaysia",27.1740694782169,27.1740694782169,27.1740694782169,27.1740694782169,27.1740694782169,27.1740694782169,27.7245283040779,28.2749871299388,28.8254459557998,29.3759047816609,29.9263636075217,30.4768224333828,31.0272812592438,31.5777400851049,32.1281989109657,32.6786577368268,32.9058636094415,33.1330694820563,33.360275354671,33.5874812272857,33.8146870999004,34.4802453214069,35.1458035429133,35.81136176442,36.4769199859265,36.4769199859265
462,"MDV","Maldives",52.9612744240931,52.9612744240931,52.9612744240931,52.9612744240931,52.9612744240931,52.9612744240931,53.1545931365456,53.3479118489982,53.5412305614504,53.734549273903,53.9278679863556,54.1211866988081,54.3145054112607,54.5078241237129,54.7011428361655,54.894461548618,56.8432178968212,58.791974245024,60.7407305932271,62.68948694143,64.6382432896331,63.8048241064002,62.9714049231673,62.1379857399341,61.3045665567012,61.3045665567012
466,"MLI","Mali",51.9167618114865,51.9167618114865,51.9167618114865,51.9167618114865,51.9167618114865,51.9167618114865,51.5822531557367,51.2477444999865,50.9132358442367,50.5787271884865,50.2442185327366,49.9097098769867,49.5752012212366,49.2406925654867,48.9061839097365,48.5716752539867,47.95331169932,47.3349481446534,46.7165845899868,46.0982210353201,45.4798574806535,45.4982350457104,45.5166126107676,45.5349901758245,45.5533677408814,45.5533677408814
470,"MLT","Malta",49.3554439887542,49.3554439887542,49.3554439887542,49.3554439887542,49.3554439887542,49.3554439887542,49.7818325384269,50.2082210880995,50.6346096377721,51.0609981874448,51.4873867371174,51.91377528679,52.3401638364626,52.7665523861353,53.1929409358079,53.6193294854805,55.7242954252944,57.829261365108,59.9342273049219,62.0391932447355,64.1441591845494,64.7648578956344,65.3855566067191,66.0062553178039,66.6269540288889,66.6269540288889
584,"MHL","Marshall Islands",41.6032154985571,41.6032154985571,41.6032154985571,41.6032154985571,41.6032154985571,41.6032154985571,41.2625597564328,40.9219040143085,40.5812482721842,40.2405925300599,39.8999367879356,39.5592810458116,39.2186253036873,38.877969561563,38.5373138194387,38.1966580773144,38.3547475300081,38.5128369827017,38.6709264353954,38.829015888089,38.9871053407827,38.6520170756596,38.3169288105368,37.981840545414,37.646752280291,37.646752280291
478,"MRT","Mauritania",23.4771156142347,23.4771156142347,23.4771156142347,23.4771156142347,23.4771156142347,23.4771156142347,23.5593828103587,23.6416500064827,23.7239172026069,23.8061843987309,23.8884515948549,23.9707187909789,24.0529859871028,24.1352531832271,24.2175203793511,24.299787575475,23.6251638165923,22.9505400577097,22.2759162988272,21.6012925399445,20.9266687810618,21.1860336574574,21.4453985338533,21.7047634102489,21.9641282866446,21.9641282866446
480,"MUS","Mauritius",29.2713227318137,29.2713227318137,29.2713227318137,29.2713227318137,29.2713227318137,29.2713227318137,29.8173510107427,30.3633792896717,30.9094075686007,31.4554358475297,32.0014641264587,32.547492405388,33.093520684317,33.639548963246,34.185577242175,34.731605521104,35.1852668589288,35.6389281967536,36.0925895345787,36.5462508724035,36.9999122102283,37.2057858665568,37.4116595228849,37.6175331792134,37.8234068355419,37.8234068355419
484,"MEX","Mexico",34.1549277829223,34.1549277829223,34.1549277829223,34.1549277829223,34.1549277829223,34.1549277829223,34.9657356263917,35.7765434698614,36.5873513133308,37.3981591568006,38.20896700027,39.0197748437394,39.8305826872091,40.6413905306785,41.4521983741482,42.2630062176177,42.075043451379,41.8870806851405,41.6991179189018,41.5111551526634,41.3231923864247,41.5359505611835,41.7487087359423,41.9614669107009,42.1742250854597,42.1742250854597
583,"FSM","Micronesia",37.6258954426331,37.6258954426331,37.6258954426331,37.6258954426331,37.6258954426331,37.6258954426331,37.2739665428585,36.9220376430839,36.5701087433093,36.2181798435348,35.8662509437602,35.5143220439853,35.1623931442107,34.8104642444361,34.4585353446615,34.1066064448869,33.1241568653656,32.1417072858445,31.1592577063232,30.1768081268021,29.1943585472808,29.6444349578154,30.0945113683501,30.5445877788847,30.9946641894194,30.9946641894194
498,"MDA","Moldova",26.3639342979659,26.3639342979659,26.3639342979659,26.3639342979659,26.3639342979659,26.3639342979659,26.1852513175816,26.0065683371974,25.8278853568134,25.6492023764292,25.4705193960449,25.2918364156606,25.1131534352764,24.9344704548924,24.7557874745082,24.5771044941239,26.0485421632174,27.5199798323106,28.9914175014041,30.4628551704972,31.9342928395907,34.3722704216118,36.8102480036333,39.2482255856544,41.6862031676755,41.6862031676755
492,"MCO","Monaco",54.8387574357686,54.8387574357686,54.8387574357686,54.8387574357686,54.8387574357686,54.8387574357686,55.353728802167,55.8687001685655,56.3836715349639,56.8986429013624,57.4136142677608,57.928585634159,58.4435570005575,58.958528366956,59.4734997333544,59.9884710997529,60.8107812108355,61.633091321918,62.4554014330006,63.2777115440832,64.1000216551658,65.3994117161015,66.6988017770375,67.9981918379732,69.2975818989089,69.2975818989089
496,"MNG","Mongolia",11.5603817210155,11.5603817210155,11.5603817210155,11.5603817210155,11.5603817210155,11.5603817210155,11.6803679578097,11.8003541946038,11.920340431398,12.0403266681921,12.1603129049862,12.2802991417804,12.4002853785746,12.5202716153687,12.6402578521628,12.760244088957,12.6542165142221,12.548188939487,12.4421613647522,12.3361337900171,12.2301062152822,11.9830383630701,11.7359705108578,11.4889026586456,11.2418348064334,11.2418348064334
499,"MNE","Montenegro",21.1503682831728,21.1503682831728,21.1503682831728,21.1503682831728,21.1503682831728,21.1503682831728,21.5269129853275,21.9034576874819,22.2800023896365,22.6565470917909,23.0330917939456,23.4096364961002,23.7861811982546,24.1627259004093,24.5392706025637,24.9158153047184,25.5462642129801,26.1767131212415,26.8071620295033,27.4376109377647,28.0680598460265,28.8572931365833,29.6465264271398,30.4357597176966,31.2249930082533,31.2249930082533
504,"MAR","Morocco",19.7108670851395,19.7108670851395,19.7108670851395,19.7108670851395,19.7108670851395,19.7108670851395,19.3546668311609,18.9984665771824,18.6422663232039,18.2860660692253,17.9298658152468,17.573665561268,17.2174653072895,16.8612650533109,16.5050647993324,16.1488645453539,15.9795747813467,15.8102850173395,15.6409952533321,15.4717054893249,15.3024157253177,14.9712787993637,14.64014187341,14.3090049474563,13.9778680215023,13.9778680215023
508,"MOZ","Mozambique",78.2016352045808,78.2016352045808,78.2016352045808,78.2016352045808,78.2016352045808,78.2016352045808,77.1776670520238,76.1536988994668,75.1297307469098,74.1057625943527,73.0817944417958,72.0578262892384,71.0338581366814,70.0098899841244,68.9859218315674,67.9619536790103,66.9496863128313,65.937418946652,64.925151580473,63.9128842142937,62.9006168481147,63.3022405657312,63.7038642833475,64.1054880009638,64.5071117185804,64.5071117185804
104,"MMR","Myanmar",29.6766304709004,29.6766304709004,29.6766304709004,29.6766304709004,29.6766304709004,29.6766304709004,29.0426919516653,28.4087534324299,27.7748149131948,27.1408763939597,26.5069378747246,25.8729993554892,25.2390608362541,24.6051223170189,23.9711837977835,23.3372452785484,24.0065712896635,24.6758973007787,25.3452233118935,26.0145493230086,26.6838753341238,26.7720792431814,26.8602831522391,26.9484870612968,27.0366909703545,27.0366909703545
516,"NAM","Namibia",27.1072339659167,27.1072339659167,27.1072339659167,27.1072339659167,27.1072339659167,27.1072339659167,27.0162280467325,26.9252221275484,26.834216208364,26.7432102891798,26.6522043699957,26.5611984508115,26.4701925316274,26.379186612443,26.2881806932589,26.1971747740747,26.0109576153785,25.8247404566825,25.6385232979863,25.4523061392904,25.2660889805941,25.7405414548335,26.2149939290733,26.6894464033127,27.1638988775524,27.1638988775524
520,"NRU","Nauru",39.3331142353925,39.3331142353925,39.3331142353925,39.3331142353925,39.3331142353925,39.3331142353925,39.7349512663034,40.1367882972143,40.5386253281251,40.940462359036,41.3422993899466,41.7441364208575,42.1459734517683,42.5478104826792,42.9496475135901,43.3514845445009,43.7529813935344,44.1544782425682,44.5559750916016,44.9574719406354,45.3589687896689,45.3489763864801,45.3389839832917,45.328991580103,45.3189991769143,45.3189991769143
524,"NPL","Nepal",31.3152912643977,31.3152912643977,31.3152912643977,31.3152912643977,31.3152912643977,31.3152912643977,30.4094843004315,29.5036773364651,28.5978703724987,27.6920634085325,26.7862564445661,25.8804494806,24.9746425166339,24.0688355526675,23.163028588701,22.2572216247349,21.1429752618341,20.0287288989335,18.9144825360327,17.8002361731322,16.6859898102313,16.590171512061,16.494353213891,16.3985349157209,16.3027166175506,16.3027166175506
528,"NLD","Netherlands",48.6397313640288,48.6397313640288,48.6397313640288,48.6397313640288,48.6397313640288,48.6397313640288,49.8442297405722,51.0487281171156,52.2532264936589,53.4577248702023,54.6622232467454,55.8667216232888,57.0712199998322,58.2757183763756,59.4802167529189,60.6847151294623,62.6931446162256,64.701574102989,66.7100035897521,68.7184330765154,70.7268625632788,71.2422238751101,71.7575851869412,72.2729464987726,72.7883078106039,72.7883078106039
540,"NCL","New Caledonia",NA,NA,NA,NA,NA,NA,NA,NA,NA,NA,NA,NA,NA,NA,NA,NA,NA,NA,NA,NA,NA,NA,NA,NA,NA,NA
554,"NZL","New Zealand",86.0568244559093,86.0568244559093,86.0568244559093,86.0568244559093,86.0568244559093,86.0568244559093,87.395902897339,88.7349813387689,90.0740597801989,91.4131382216285,92.7522166630585,94.0912951044881,95.4303735459181,96.7694519873477,98.1085304287777,99.4476088702073,100,100,100,100,100,100,100,100,100,100
558,"NIC","Nicaragua",62.3477591524945,62.3477591524945,62.3477591524945,62.3477591524945,62.3477591524945,62.3477591524945,61.7368078217015,61.1258564909081,60.5149051601151,59.9039538293218,59.2930024985287,58.6820511677354,58.0710998369421,57.460148506149,56.8491971753557,56.2382458445626,55.6625106345045,55.0867754244464,54.5110402143882,53.9353050043301,53.3595697942719,53.3986002762693,53.4376307582664,53.4766612402638,53.5156917222612,53.5156917222612
562,"NER","Niger",44.8183093768629,44.8183093768629,44.8183093768629,44.8183093768629,44.8183093768629,44.8183093768629,45.5841006405121,46.3498919041613,47.1156831678108,47.88147443146,48.6472656951092,49.4130569587585,50.1788482224077,50.9446394860572,51.7104307497064,52.4762220133556,51.3424086142433,50.2085952151311,49.0747818160185,47.9409684169063,46.807155017794,47.2486302006697,47.6901053835454,48.1315805664213,48.573055749297,48.573055749297
566,"NGA","Nigeria",30.8374341569514,30.8374341569514,30.8374341569514,30.8374341569514,30.8374341569514,30.8374341569514,30.5377512454495,30.2380683339476,29.938385422446,29.6387025109442,29.3390195994423,29.0393366879404,28.7396537764385,28.4399708649369,28.140287953435,27.8406050419332,26.3709990065747,24.901392971216,23.4317869358575,21.9621809004988,20.4925748651404,20.7199950779709,20.9474152908014,21.1748355036319,21.4022557164624,21.4022557164624
570,"NIU","Niue",49.80578773709,49.80578773709,49.80578773709,49.80578773709,49.80578773709,49.80578773709,50.2611337666857,50.7164797962812,51.171825825877,51.6271718554725,52.0825178850683,52.5378639146641,52.9932099442595,53.4485559738553,53.9039020034508,54.3592480330466,54.5019043889726,54.6445607448986,54.7872171008248,54.9298734567509,55.0725298126768,54.2679393847396,53.4633489568021,52.6587585288646,51.8541681009274,51.8541681009274
408,"PRK","North Korea",29.3334105729517,29.3334105729517,29.3334105729517,29.3334105729517,29.3334105729517,29.3334105729517,29.0804349974131,28.8274594218743,28.5744838463357,28.3215082707971,28.0685326952582,27.8155571197197,27.5625815441811,27.3096059686425,27.0566303931036,26.803654817565,25.9031139623248,25.0025731070845,24.1020322518445,23.2014913966043,22.300950541364,22.5262218596214,22.7514931778792,22.9767644961366,23.2020358143943,23.2020358143943
807,"MKD","North Macedonia",9.04469841258707,9.04469841258707,9.04469841258707,9.04469841258707,9.04469841258707,9.04469841258707,9.43560024988967,9.8265020871923,10.2174039244949,10.6083057617975,10.9992075991002,11.3901094364028,11.7810112737054,12.171913111008,12.5628149483107,12.9537167856133,13.5918312370523,14.2299456884916,14.8680601399307,15.50617459137,16.144289042809,16.6850414796501,17.2257939164915,17.7665463533327,18.3072987901738,18.3072987901738
578,"NOR","Norway",70.2294848462496,70.2294848462496,70.2294848462496,70.2294848462496,70.2294848462496,70.2294848462496,72.0917450990488,73.9540053518478,75.816265604647,77.6785258574462,79.5407861102454,81.4030463630444,83.2653066158436,85.1275668686429,86.9898271214418,88.852087374241,91.2294544737321,93.6068215732231,95.9841886727139,98.3615557722049,100,100,100,100,100,100
512,"OMN","Oman",1.4949338866892,1.4949338866892,1.4949338866892,1.4949338866892,1.4949338866892,1.4949338866892,1.80497240493526,2.11501092318129,2.42504944142706,2.73508795967308,3.0451264779191,3.35516499616517,3.66520351441119,3.97524203265696,4.28528055090298,4.59531906914907,5.23384514555546,5.87237122196215,6.5108972983686,7.149423374775,7.78794945118169,8.7702357637861,9.75252207639049,10.7348083889949,11.7170947015993,11.7170947015993
586,"PAK","Pakistan",22.3657397864007,22.3657397864007,22.3657397864007,22.3657397864007,22.3657397864007,22.3657397864007,21.4769122860868,20.5880847857728,19.6992572854589,18.8104297851449,17.9216022848309,17.032774784517,16.143947284203,15.2551197838891,14.3662922835751,13.4774647832612,12.440433152431,11.4034015216012,10.3663698907711,9.32933825994125,8.29230662911114,8.34575234570485,8.39919806229852,8.45264377889225,8.50608949548595,8.50608949548595
585,"PLW","Palau",49.9049494450213,49.9049494450213,49.9049494450213,49.9049494450213,49.9049494450213,49.9049494450213,50.8297419824626,51.7545345199039,52.6793270573452,53.6041195947865,54.5289121322278,55.4537046696691,56.3784972071104,57.3032897445517,58.228082281993,59.1528748194343,54.3286539753844,49.5044331313342,44.6802122872843,39.8559914432341,35.0317705991842,38.7065580244201,42.381345449656,46.0561328748916,49.7309203001275,49.7309203001275
591,"PAN","Panama",55.6533260581707,55.6533260581707,55.6533260581707,55.6533260581707,55.6533260581707,55.6533260581707,55.743507528626,55.8336889990809,55.9238704695362,56.0140519399911,56.1042334104464,56.1944148809016,56.2845963513566,56.3747778218118,56.4649592922668,56.555140762722,56.3592868258917,56.1634328890616,55.9675789522312,55.7717250154012,55.5758710785708,57.1062531433078,58.6366352080445,60.1670172727815,61.6973993375185,61.6973993375185
598,"PNG","Papua New Guinea",56.0888056825666,56.0888056825666,56.0888056825666,56.0888056825666,56.0888056825666,56.0888056825666,55.5966317934765,55.104457904386,54.6122840152956,54.1201101262054,53.627936237115,53.1357623480249,52.6435884589347,52.1514145698443,51.6592406807538,51.1670667916637,51.0667766946714,50.9664865976791,50.8661965006868,50.7659064036945,50.6656163067022,50.3503279269314,50.0350395471606,49.7197511673895,49.4044627876187,49.4044627876187
600,"PRY","Paraguay",57.4171058706993,57.4171058706993,57.4171058706993,57.4171058706993,57.4171058706993,57.4171058706993,57.3257844656707,57.2344630606424,57.1431416556139,57.0518202505856,56.960498845557,56.8691774405285,56.7778560355002,56.6865346304716,56.5952132254433,56.5038918204147,57.6097903488513,58.7156888772878,59.8215874057247,60.9274859341613,62.0333844625979,61.2831960612603,60.5330076599225,59.7828192585849,59.0326308572471,59.0326308572471
604,"PER","Peru",42.3479633034222,42.3479633034222,42.3479633034222,42.3479633034222,42.3479633034222,42.3479633034222,42.5411300392752,42.7342967751279,42.927463510981,43.1206302468337,43.3137969826865,43.5069637185395,43.7001304543925,43.8932971902453,44.086463926098,44.2796306619511,44.8113775645785,45.3431244672058,45.8748713698335,46.4066182724609,46.9383651750883,47.1022650383258,47.2661649015633,47.4300647648008,47.5939646280383,47.5939646280383
608,"PHL","Philippines",31.9444860049891,31.9444860049891,31.9444860049891,31.9444860049891,31.9444860049891,31.9444860049891,32.0094675353562,32.074449065723,32.1394305960902,32.2044121264573,32.2693936568244,32.3343751871912,32.3993567175583,32.4643382479254,32.5293197782922,32.5943013086594,32.8313229986743,33.0683446886896,33.3053663787046,33.5423880687199,33.7794097587349,33.8781259480878,33.9768421374408,34.0755583267937,34.1742745161466,34.1742745161466
616,"POL","Poland",25.4637811698482,25.4637811698482,25.4637811698482,25.4637811698482,25.4637811698482,25.4637811698482,26.1776437833251,26.8915063968023,27.6053690102791,28.319231623756,29.0330942372329,29.7469568507101,30.4608194641869,31.1746820776638,31.888544691141,32.6024073046178,34.0078745499535,35.4133417952891,36.8188090406244,38.22427628596,39.6297435312956,39.9091873467401,40.1886311621847,40.4680749776292,40.7475187930737,40.7475187930737
620,"PRT","Portugal",57.2115462277209,57.2115462277209,57.2115462277209,57.2115462277209,57.2115462277209,57.2115462277209,58.882252122269,60.5529580168167,62.2236639113647,63.8943698059127,65.5650757004608,67.2357815950085,68.9064874895565,70.5771933841045,72.2478992786523,73.9186051732003,75.6371793005557,77.3557534279112,79.074327555267,80.7929016826224,82.5114758099779,83.4847116158667,84.4579474217552,85.4311832276437,86.4044190335325,86.4044190335325
634,"QAT","Qatar",0,0,0,0,0,0,0.191203333074299,0.751888054538739,1.31257277600314,1.87325749746785,2.43394221893229,2.99462694039673,3.55531166186113,4.11599638332586,4.67668110479026,5.2373658262547,6.05320536019363,6.86904489413249,7.68488442807114,8.50072396201003,9.31656349594893,10.2379350603144,11.1593066246796,12.0806781890452,13.0020497534104,13.0020497534104
178,"COG","Republic of Congo",26.8769840537687,26.8769840537687,26.8769840537687,26.8769840537687,26.8769840537687,26.8769840537687,26.7001735280699,26.5233630023714,26.3465524766726,26.1697419509738,25.992931425275,25.8161208995765,25.6393103738777,25.4624998481789,25.2856893224804,25.1088787967816,24.1308187416685,23.1527586865554,22.1746986314423,21.1966385763292,20.2185785212162,20.1631222435446,20.1076659658733,20.0522096882017,19.9967534105301,19.9967534105301
642,"ROU","Romania",24.7943071206601,24.7943071206601,24.7943071206601,24.7943071206601,24.7943071206601,24.7943071206601,25.530375130239,26.2664431398179,27.0025111493968,27.7385791589757,28.4746471685546,29.2107151781332,29.9467831877121,30.682851197291,31.4189192068699,32.1549872164488,33.6592755388805,35.1635638613122,36.6678521837436,38.1721405061753,39.676428828607,40.0314468177634,40.3864648069197,40.7414827960757,41.0965007852321,41.0965007852321
643,"RUS","Russia",21.9563564906996,21.9563564906996,21.9563564906996,21.9563564906996,21.9563564906996,21.9563564906996,22.6156944490075,23.2750324073153,23.9343703656232,24.593708323931,25.2530462822386,25.9123842405464,26.5717221988543,27.2310601571621,27.89039811547,28.5497360737778,30.823811165865,33.0978862579521,35.3719613500395,37.6460364421266,39.9201115342138,41.6586758978401,43.3972402614667,45.135804625093,46.8743689887196,46.8743689887196
646,"RWA","Rwanda",44.2441530630228,44.2441530630228,44.2441530630228,44.2441530630228,44.2441530630228,44.2441530630228,44.7112500055084,45.1783469479942,45.6454438904798,46.1125408329654,46.5796377754509,47.0467347179368,47.5138316604223,47.9809286029079,48.4480255453937,48.9151224878793,48.3101861878802,47.7052498878811,47.1003135878823,46.4953772878833,45.8904409878842,45.7094806868407,45.5285203857975,45.347560084754,45.1665997837106,45.1665997837106
652,"BLM","Saint Barthelemy",NA,NA,NA,NA,NA,NA,NA,NA,NA,NA,NA,NA,NA,NA,NA,NA,NA,NA,NA,NA,NA,NA,NA,NA,NA,NA
659,"KNA","Saint Kitts and Nevis",50.8299593814383,50.8299593814383,50.8299593814383,50.8299593814383,50.8299593814383,50.8299593814383,51.9205759547339,53.0111925280292,54.1018091013248,55.1924256746201,56.2830422479157,57.3736588212113,58.4642753945066,59.5548919678022,60.6455085410975,61.7361251143931,61.3384072959161,60.9406894774389,60.542971658962,60.1452538404848,59.7475360220079,59.2826248766762,58.8177137313446,58.3528025860129,57.8878914406813,57.8878914406813
662,"LCA","Saint Lucia",34.4366651569605,34.4366651569605,34.4366651569605,34.4366651569605,34.4366651569605,34.4366651569605,34.9621341397631,35.4876031225659,36.0130721053685,36.5385410881713,37.0640100709738,37.5894790537764,38.1149480365792,38.6404170193817,39.1658860021845,39.6913549849871,39.0645210264533,38.4376870679197,37.8108531093859,37.1840191508524,36.5571851923186,36.4515642491816,36.3459433060444,36.2403223629072,36.1347014197703,36.1347014197703
670,"VCT","Saint Vincent and the Grenadines",30.7333831592555,30.7333831592555,30.7333831592555,30.7333831592555,30.7333831592555,30.7333831592555,31.0787588283545,31.4241344974531,31.7695101665521,32.1148858356508,32.4602615047497,32.8056371738487,33.1510128429474,33.4963885120463,33.841764181145,34.187139850244,33.552342617666,32.917545385088,32.28274815251,31.6479509199321,31.013153687354,31.2769700300777,31.5407863728011,31.8046027155244,32.0684190582481,32.0684190582481
882,"WSM","Samoa",47.7656356314636,47.7656356314636,47.7656356314636,47.7656356314636,47.7656356314636,47.7656356314636,47.9254000550372,48.0851644786105,48.2449289021841,48.4046933257576,48.5644577493312,48.7242221729045,48.8839865964781,49.0437510200516,49.2035154436249,49.3632798671985,49.2674264266919,49.1715729861852,49.0757195456783,48.9798661051717,48.884012664665,48.2478118431117,47.6116110215586,46.9754102000056,46.3392093784523,46.3392093784523
674,"SMR","San Marino",77.5079847215897,77.5079847215897,77.5079847215897,77.5079847215897,77.5079847215897,77.5079847215897,78.5303361755457,79.5526876295019,80.5750390834579,81.5973905374138,82.6197419913698,83.642093445326,84.664444899282,85.686796353238,86.7091478071942,87.7314992611501,86.8703364124187,86.009173563687,85.1480107149556,84.2868478662238,83.4256850174924,83.5253929229785,83.6251008284646,83.7248087339507,83.8245166394368,83.8245166394368
678,"STP","Sao Tome and Principe",45.1031799198409,45.1031799198409,45.1031799198409,45.1031799198409,45.1031799198409,45.1031799198409,44.4278516315454,43.7525233432499,43.0771950549544,42.4018667666589,41.7265384783634,41.0512101900679,40.3758819017724,39.7005536134769,39.0252253251814,38.3498970368859,36.5916209375104,34.8333448381349,33.0750687387591,31.3167926393835,29.558516540008,29.8742777746608,30.1900390093139,30.5058002439667,30.8215614786196,30.8215614786196
682,"SAU","Saudi Arabia",4.84049709524506,4.84049709524506,4.84049709524506,4.84049709524506,4.84049709524506,4.84049709524506,4.75617017954889,4.67184326385299,4.58751634815678,4.50318943246091,4.4188625167647,4.33453560106855,4.25020868537264,4.16588176967643,4.08155485398058,3.99722793828437,4.60170554528416,5.2061831522839,5.81066075928369,6.41513836628349,7.01961597328324,7.75737298734154,8.49513000140011,9.2328870154584,9.97064402951672,9.97064402951672
686,"SEN","Senegal",36.5943370534866,36.5943370534866,36.5943370534866,36.5943370534866,36.5943370534866,36.5943370534866,36.6850509811608,36.775764908835,36.8664788365092,36.9571927641834,37.0479066918573,37.1386206195315,37.2293345472057,37.3200484748799,37.4107624025541,37.5014763302283,36.5351240867692,35.5687718433099,34.6024195998508,33.6360673563915,32.6697151129324,32.9497339867505,33.2297528605687,33.5097717343872,33.7897906082054,33.7897906082054
688,"SRB","Serbia",15.1443607652104,15.1443607652104,15.1443607652104,15.1443607652104,15.1443607652104,15.1443607652104,15.6558312845102,16.1673018038101,16.6787723231097,17.1902428424095,17.7017133617094,18.2131838810093,18.7246544003091,19.2361249196087,19.7475954389085,20.2590659582084,21.149943095204,22.0408202321995,22.931697369195,23.8225745061906,24.7134516431861,25.555894096379,26.398336549572,27.2407790027647,28.0832214559576,28.0832214559576
690,"SYC","Seychelles",36.255051865534,36.255051865534,36.255051865534,36.255051865534,36.255051865534,36.255051865534,36.5912950799875,36.9275382944411,37.2637815088946,37.6000247233482,37.9362679378015,38.272511152255,38.6087543667086,38.9449975811621,39.2812407956157,39.6174840100692,39.7045130922798,39.7915421744902,39.8785712567008,39.9656003389112,40.0526294211218,39.8513282729508,39.6500271247798,39.4487259766085,39.2474248284375,39.2474248284375
694,"SLE","Sierra Leone",42.5185805095413,42.5185805095413,42.5185805095413,42.5185805095413,42.5185805095413,42.5185805095413,42.5059659369554,42.4933513643696,42.4807367917837,42.4681222191978,42.455507646612,42.4428930740258,42.43027850144,42.4176639288541,42.4050493562683,42.3924347836824,41.2433777324481,40.0943206812136,38.9452636299794,37.7962065787448,36.6471495275106,36.7987334742877,36.9503174210647,37.1019013678418,37.2534853146189,37.2534853146189
702,"SGP","Singapore",44.5399841470187,44.5399841470187,44.5399841470187,44.5399841470187,44.5399841470187,44.5399841470187,46.1228342734406,47.7056843998622,49.2885345262842,50.8713846527058,52.4542347791277,54.0370849055497,55.6199350319713,57.2027851583932,58.7856352848148,60.3684854112368,60.2531323265307,60.1377792418246,60.0224261571187,59.9070730724127,59.7917199877066,60.2956987260974,60.7996774644885,61.3036562028793,61.8076349412701,61.8076349412701
534,"SXM","Sint Maarten",NA,NA,NA,NA,NA,NA,NA,NA,NA,NA,NA,NA,NA,NA,NA,NA,NA,NA,NA,NA,NA,NA,NA,NA,NA,NA
703,"SVK","Slovakia",25.5713296915053,25.5713296915053,25.5713296915053,25.5713296915053,25.5713296915053,25.5713296915053,26.4106420814967,27.2499544714879,28.0892668614793,28.9285792514704,29.7678916414619,30.6072040314533,31.4465164214445,32.2858288114359,33.125141201427,33.9644535914185,35.2503791507081,36.5363047099974,37.822230269287,39.1081558285763,40.3940813878659,41.0650648050585,41.7360482222514,42.407031639444,43.0780150566368,43.0780150566368
705,"SVN","Slovenia",40.2656429405788,40.2656429405788,40.2656429405788,40.2656429405788,40.2656429405788,40.2656429405788,41.7300239767416,43.1944050129047,44.6587860490675,46.1231670852303,47.5875481213934,49.0519291575562,50.516310193719,51.9806912298818,53.4450722660449,54.9094533022077,56.0001646805749,57.0908760589421,58.1815874373091,59.2722988156762,60.3630101940434,60.9024126253467,61.4418150566496,61.9812174879525,62.5206199192558,62.5206199192558
90,"SLB","Solomon Islands",52.9098937703008,52.9098937703008,52.9098937703008,52.9098937703008,52.9098937703008,52.9098937703008,52.4068963031341,51.9038988359671,51.4009013688004,50.8979039016334,50.3949064344668,49.8919089673001,49.3889115001331,48.8859140329664,48.3829165657995,47.8799190986328,46.8905307052254,45.9011423118183,44.9117539184109,43.9223655250038,42.9329771315964,42.2223406074927,41.5117040833888,40.8010675592849,40.0904310351812,40.0904310351812
706,"SOM","Somalia",77.2222719154165,77.2222719154165,77.2222719154165,77.2222719154165,77.2222719154165,77.2222719154165,77.4415128093186,77.6607537032209,77.879994597123,78.0992354910251,78.3184763849274,78.5377172788295,78.7569581727315,78.9761990666335,79.1954399605359,79.414680854438,79.6253745055646,79.8360681566913,80.0467618078177,80.2574554589444,80.4681491100711,80.2010374717411,79.9339258334112,79.6668141950813,79.3997025567513,79.3997025567513
710,"ZAF","South Africa",15.5656025787591,15.5656025787591,15.5656025787591,15.5656025787591,15.5656025787591,15.5656025787591,15.5725120133056,15.5794214478519,15.5863308823982,15.5932403169448,15.6001497514913,15.6070591860376,15.6139686205842,15.6208780551305,15.6277874896768,15.6346969242233,16.1654310958198,16.696165267416,17.2268994390125,17.7576336106087,18.2883677822051,19.3931189274417,20.4978700726782,21.6026212179151,22.7073723631516,22.7073723631516
410,"KOR","South Korea",37.2824800555403,37.2824800555403,37.2824800555403,37.2824800555403,37.2824800555403,37.2824800555403,38.7300260612436,40.1775720669467,41.62511807265,43.0726640783531,44.5202100840564,45.9677560897597,47.4153020954628,48.8628481011661,50.3103941068691,51.7579401125725,52.0669701482292,52.3760001838859,52.6850302195429,52.9940602551996,53.3030902908564,53.4367000694041,53.5703098479522,53.7039196265,53.8375294050478,53.8375294050478
728,"SSD","South Sudan",46.1691456046625,46.1691456046625,46.1691456046625,46.1691456046625,46.1691456046625,46.1691456046625,46.0719536480467,45.9747616914311,45.8775697348152,45.7803777781993,45.6831858215837,45.5859938649679,45.488801908352,45.3916099517361,45.2944179951205,45.1972260385046,44.3946794488789,43.5921328592532,42.7895862696275,41.9870396800018,41.1844930903761,41.8593430528874,42.5341930153988,43.2090429779099,43.8838929404212,43.8838929404212
724,"ESP","Spain",60.5557836629931,60.5557836629931,60.5557836629931,60.5557836629931,60.5557836629931,60.5557836629931,61.8454151651128,63.1350466672324,64.424678169352,65.7143096714717,67.003941173591,68.2935726757107,69.5832041778303,70.8728356799499,72.1624671820695,73.4520986841892,74.6982587105093,75.9444187368294,77.1905787631493,78.4367387894695,79.6828988157896,80.5822246719741,81.4815505281587,82.3808763843435,83.280202240528,83.280202240528
144,"LKA","Sri Lanka",41.8078998059372,41.8078998059372,41.8078998059372,41.8078998059372,41.8078998059372,41.8078998059372,41.5659671148968,41.3240344238564,41.0821017328156,40.8401690417752,40.5982363507348,40.3563036596943,40.1143709686539,39.8724382776132,39.6305055865727,39.3885728955323,40.6174410734764,41.8463092514205,43.0751774293645,44.3040456073086,45.5329137852526,45.358371691927,45.1838295986013,45.0092875052754,44.8347454119498,44.8347454119498
275,"PSE","State of Palestine",15.1950523870513,15.1950523870513,15.1950523870513,15.1950523870513,15.1950523870513,15.1950523870513,15.1977602869918,15.200468186932,15.2031760868725,15.2058839868127,15.2085918867531,15.2112997866936,15.2140076866338,15.2167155865743,15.2194234865144,15.2221313864549,15.4286626857952,15.6351939851356,15.8417252844759,16.0482565838162,16.2547878831566,16.8550936351174,17.455399387078,18.0557051390385,18.6560108909994,18.6560108909994
729,"SDN","Sudan",32.9621970778438,32.9621970778438,32.9621970778438,32.9621970778438,32.9621970778438,32.9621970778438,32.0009093371332,31.0396215964224,30.0783338557119,29.1170461150014,28.1557583742909,27.1944706335801,26.2331828928695,25.271895152159,24.3106074114482,23.3493196707377,22.4774427704127,21.6055658700875,20.7336889697626,19.8618120694374,18.9899351691124,17.9500265101826,16.910117851253,15.8702091923235,14.8303005333936,14.8303005333936
740,"SUR","Suriname",23.1190120673763,23.1190120673763,23.1190120673763,23.1190120673763,23.1190120673763,23.1190120673763,23.7899433169377,24.4608745664989,25.1318058160604,25.8027370656216,26.473668315183,27.1445995647445,27.8155308143057,28.4864620638672,29.1573933134284,29.8283245629899,28.980956898736,28.1335892344819,27.286221570228,26.4388539059738,25.59148624172,26.7798132940614,27.9681403464027,29.1564673987441,30.3447944510855,30.3447944510855
752,"SWE","Sweden",80.1687924490129,80.1687924490129,80.1687924490129,80.1687924490129,80.1687924490129,80.1687924490129,81.5091304943164,82.8494685396202,84.1898065849236,85.5301446302274,86.8704826755309,88.2108207208347,89.5511587661384,90.8914968114419,92.2318348567457,93.5721729020492,96.9425275289076,100,100,100,100,100,100,100,100,100
756,"CHE","Switzerland",61.6463808053508,61.6463808053508,61.6463808053508,61.6463808053508,61.6463808053508,61.6463808053508,62.8297445308414,64.0131082563317,65.1964719818223,66.3798357073128,67.5631994328032,68.7465631582938,69.9299268837843,71.113290609275,72.2966543347653,73.4800180602558,74.9798839011442,76.4797497420325,77.9796155829211,79.4794814238095,80.9793472646978,82.6877058675075,84.3960644703175,86.1044230731272,87.8127816759369,87.8127816759369
760,"SYR","Syria",9.37939186161222,9.37939186161222,9.37939186161222,9.37939186161222,9.37939186161222,9.37939186161222,9.6100814568055,9.84077105199877,10.0714606471921,10.3021502423854,10.5328398375786,10.7635294327722,10.9942190279655,11.2249086231588,11.4555982183521,11.6862878135453,11.7358451059524,11.7854023983594,11.8349596907667,11.8845169831737,11.9340742755807,12.529029939914,13.1239856042477,13.7189412685811,14.3138969329148,14.3138969329148
158,"TWN","Taiwan",39.1470539279529,39.1470539279529,39.1470539279529,39.1470539279529,39.1470539279529,39.1470539279529,39.926153304521,40.7052526810888,41.484352057657,42.2634514342248,43.0425508107929,43.821650187361,44.6007495639288,45.3798489404969,46.1589483170647,46.9380476936328,46.6532705782498,46.3684934628667,46.0837163474839,45.7989392321008,45.5141621167177,46.0990519785202,46.6839418403229,47.2688317021256,47.853721563928,47.853721563928
762,"TJK","Tajikistan",18.5257283189245,18.5257283189245,18.5257283189245,18.5257283189245,18.5257283189245,18.5257283189245,18.1370929602976,17.7484576016709,17.359822243044,16.9711868844173,16.5825515257904,16.1939161671635,15.8052808085368,15.4166454499099,15.0280100912832,14.6393747326563,13.6349538834937,12.6305330343312,11.6261121851689,10.6216913360064,9.61727048684391,9.88980824310478,10.1623459993657,10.4348837556266,10.7074215118875,10.7074215118875
834,"TZA","Tanzania",60.0290504966558,60.0290504966558,60.0290504966558,60.0290504966558,60.0290504966558,60.0290504966558,59.4894753449481,58.9499001932404,58.4103250415326,57.8707498898249,57.3311747381169,56.7915995864092,56.2520244347014,55.7124492829937,55.172874131286,54.6332989795782,54.0953987363329,53.5574984930879,53.0195982498426,52.4816980065975,51.9437977633522,52.2179010072869,52.4920042512218,52.7661074951565,53.0402107390911,53.0402107390911
764,"THA","Thailand",30.4789198204494,30.4789198204494,30.4789198204494,30.4789198204494,30.4789198204494,30.4789198204494,31.0436315146355,31.6083432088214,32.1730549030075,32.7377665971934,33.3024782913795,33.8671899855656,34.4319016797515,34.9966133739376,35.5613250681235,36.1260367623096,37.2501395506396,38.3742423389693,39.4983451272993,40.622447915629,41.7465507039591,41.5908014453966,41.4350521868341,41.2793029282713,41.1235536697088,41.1235536697088
626,"TLS","Timor-Leste",72.2806981204469,72.2806981204469,72.2806981204469,72.2806981204469,72.2806981204469,72.2806981204469,70.5796034097686,68.8785086990903,67.1774139884121,65.4763192777338,63.7752245670558,62.0741298563775,60.3730351456993,58.671940435021,56.9708457243428,55.2697510136645,54.3101283256653,53.3505056376661,52.3908829496672,51.431260261668,50.4716375736688,50.1003153620248,49.7289931503807,49.3576709387363,48.9863487270923,48.9863487270923
768,"TGO","Togo",36.6957318456409,36.6957318456409,36.6957318456409,36.6957318456409,36.6957318456409,36.6957318456409,36.8957881439651,37.0958444422893,37.2959007406138,37.495957038938,37.6960133372622,37.8960696355864,38.0961259339107,38.2961822322351,38.4962385305594,38.6962948288836,37.5948364891286,36.4933781493732,35.3919198096182,34.2904614698629,33.1890031301079,33.3123227468316,33.435642363555,33.5589619802787,33.6822815970024,33.6822815970024
776,"TON","Tonga",51.4162059664186,51.4162059664186,51.4162059664186,51.4162059664186,51.4162059664186,51.4162059664186,51.435334075773,51.4544621851271,51.4735902944815,51.4927184038359,51.5118465131901,51.5309746225445,51.5501027318989,51.5692308412533,51.5883589506074,51.6074870599618,51.4826451032705,51.3578031465792,51.2329611898879,51.1081192331967,50.9832772765054,50.6374947693091,50.2917122621128,49.9459297549165,49.6001472477202,49.6001472477202
780,"TTO","Trinidad and Tobago",20.6342097359638,20.6342097359638,20.6342097359638,20.6342097359638,20.6342097359638,20.6342097359638,21.6646281833074,22.6950466306511,23.7254650779947,24.7558835253383,25.786301972682,26.8167204200256,27.8471388673692,28.8775573147128,29.9079757620564,30.9383942094001,30.7960738086312,30.6537534078624,30.5114330070935,30.3691126063247,30.2267922055558,30.1990532323919,30.1713142592281,30.1435752860639,30.1158363129001,30.1158363129001
788,"TUN","Tunisia",17.8027823053456,17.8027823053456,17.8027823053456,17.8027823053456,17.8027823053456,17.8027823053456,18.1032475565079,18.4037128076703,18.7041780588326,19.004643309995,19.3051085611573,19.6055738123197,19.906039063482,20.2065043146443,20.5069695658067,20.807434816969,21.5562083079207,22.3049817988721,23.0537552898238,23.8025287807751,24.5513022717268,24.9674702848715,25.3836382980162,25.7998063111612,26.2159743243059,26.2159743243059
792,"TUR","Turkey",22.4421357275878,22.4421357275878,22.4421357275878,22.4421357275878,22.4421357275878,22.4421357275878,22.7588387394919,23.0755417513961,23.3922447633003,23.7089477752045,24.0256507871087,24.3423537990129,24.6590568109171,24.9757598228212,25.2924628347254,25.6091658466296,26.0368016216114,26.4644373965932,26.8920731715753,27.319708946557,27.7473447215388,28.8882825039368,30.029220286335,31.1701580687333,32.3110958511313,32.3110958511313
795,"TKM","Turkmenistan",1.75312993010699,1.75312993010699,1.75312993010699,1.75312993010699,1.75312993010699,1.75312993010699,2.51000089927567,3.26687186844427,4.02374283761293,4.78061380678156,5.5374847759502,6.29435574511888,7.05122671428748,7.80809768345615,8.56496865262476,9.32183962179342,9.11483059902065,8.90782157624784,8.70081255347534,8.49380353070258,8.28679450792978,9.13544597526301,9.98409744259652,10.8327489099298,11.681400377263,11.681400377263
796,"TCA","Turks and Caicos Islands",NA,NA,NA,NA,NA,NA,NA,NA,NA,NA,NA,NA,NA,NA,NA,NA,NA,NA,NA,NA,NA,NA,NA,NA,NA,NA
798,"TUV","Tuvalu",54.450813030617,54.450813030617,54.450813030617,54.450813030617,54.450813030617,54.450813030617,54.4637647029158,54.4767163752145,54.4896680475133,54.5026197198121,54.5155713921111,54.5285230644099,54.5414747367086,54.5544264090074,54.5673780813062,54.5803297536049,54.6201013410371,54.6598729284693,54.6996445159018,54.7394161033341,54.7791876907662,54.3180885423302,53.8569893938941,53.395890245458,52.9347910970219,52.9347910970219
800,"UGA","Uganda",58.8808562904111,58.8808562904111,58.8808562904111,58.8808562904111,58.8808562904111,58.8808562904111,58.1440517490642,57.4072472077175,56.6704426663705,55.9336381250238,55.1968335836768,54.4600290423299,53.7232245009832,52.9864199596362,52.2496154182895,51.5128108769426,50.1326936399703,48.7525764029981,47.3724591660262,45.9923419290539,44.6122246920817,45.4490397722902,46.2858548524983,47.1226699327068,47.9594850129153,47.9594850129153
804,"UKR","Ukraine",18.964024248197,18.964024248197,18.964024248197,18.964024248197,18.964024248197,18.964024248197,19.5041044269175,20.0441846056382,20.5842647843587,21.1243449630792,21.6644251417999,22.2045053205204,22.7445854992408,23.2846656779613,23.8247458566821,24.3648260354025,24.5485569118848,24.7322877883671,24.9160186648494,25.0997495413318,25.2834804178141,26.6091942518782,27.9349080859425,29.2606219200065,30.5863357540709,30.5863357540709
784,"ARE","United Arab Emirates",0.778181395755311,0.778181395755311,0.778181395755311,0.778181395755311,0.778181395755311,0.778181395755311,1.28469341829432,1.79120544083338,2.29771746337208,2.80422948591109,3.31074150845009,3.81725353098915,4.32376555352815,4.83027757606686,5.33678959860586,5.84330162114492,6.9858394004948,8.12837717984469,9.27091495919458,10.4134527385445,11.5559905178944,12.1485104627499,12.7410304076051,13.3335503524605,13.9260702973157,13.9260702973157
826,"GBR","United Kingdom",51.1957812499414,51.1957812499414,51.1957812499414,51.1957812499414,51.1957812499414,51.1957812499414,52.6449905209012,54.0941997918607,55.5434090628202,56.99261833378,58.4418276047397,59.8910368756992,61.3402461466587,62.7894554176185,64.238664688578,65.6878739595378,67.3531828502148,69.0184917408918,70.6838006315688,72.3491095222459,74.0144184129229,74.370625093609,74.7268317742949,75.083038454981,75.4392451356671,75.4392451356671
840,"USA","United States of America",54.007336995773,54.007336995773,54.007336995773,54.007336995773,54.007336995773,54.007336995773,55.4397413402137,56.872145684654,58.3045500290947,59.7369543735354,61.169358717976,62.6017630624164,64.0341674068571,65.4665717512977,66.8989760957381,68.3313804401787,69.6919385550219,71.0524966698651,72.4130547847086,73.7736128995518,75.134171014395,76.0469463094616,76.9597216045282,77.8724968995948,78.7852721946614,78.7852721946614
858,"URY","Uruguay",59.3614992423329,59.3614992423329,59.3614992423329,59.3614992423329,59.3614992423329,59.3614992423329,60.2674354002225,61.173371558112,62.0793077160019,62.9852438738914,63.891180031781,64.7971161896705,65.7030523475601,66.6089885054499,67.5149246633395,68.4208608212291,68.5217664530839,68.6226720849387,68.7235777167933,68.8244833486482,68.925388980503,69.4512964051175,69.9772038297323,70.5031112543468,71.0290186789615,71.0290186789615
860,"UZB","Uzbekistan",0,0,0,0,0,0,0,0,0,0,0,0,0,0,0,0,0,0,0,0,0,0,0,0,0.287673031330939,0.287673031330939
548,"VUT","Vanuatu",48.991370020314,48.991370020314,48.991370020314,48.991370020314,48.991370020314,48.991370020314,48.6282189472405,48.2650678741669,47.9019168010934,47.5387657280198,47.1756146549462,46.8124635818727,46.4493125087991,46.0861614357256,45.723010362652,45.3598592895785,45.1740380437561,44.9882167979337,44.802395552111,44.6165743062886,44.4307530604662,43.8782465292208,43.325739997975,42.7732334667293,42.2207269354838,42.2207269354838
862,"VEN","Venezuela",33.1927378573234,33.1927378573234,33.1927378573234,33.1927378573234,33.1927378573234,33.1927378573234,33.1753908770315,33.15804389674,33.1406969164481,33.1233499361563,33.1060029558647,33.0886559755729,33.0713089952811,33.0539620149892,33.0366150346977,33.0192680544058,33.4193589929628,33.8194499315197,34.2195408700763,34.6196318086332,35.0197227471902,34.6952790787154,34.3708354102406,34.0463917417661,33.7219480732914,33.7219480732914
704,"VNM","Viet Nam",44.2594111086296,44.2594111086296,44.2594111086296,44.2594111086296,44.2594111086296,44.2594111086296,43.1133005702647,41.9671900318995,40.8210794935345,39.6749689551696,38.5288584168047,37.3827478784395,36.2366373400746,35.0905268017097,33.9444162633445,32.7983057249795,33.4030030496952,34.0077003744108,34.6123976991265,35.2170950238422,35.8217923485578,36.0268173857437,36.2318424229299,36.4368674601161,36.641892497302,36.641892497302
876,"WLF","Wallis and Futuna Islands",NA,NA,NA,NA,NA,NA,NA,NA,NA,NA,NA,NA,NA,NA,NA,NA,NA,NA,NA,NA,NA,NA,NA,NA,NA,NA
732,"ESH","Western Sahara",NA,NA,NA,NA,NA,NA,NA,NA,NA,NA,NA,NA,NA,NA,NA,NA,NA,NA,NA,NA,NA,NA,NA,NA,NA,NA
887,"YEM","Yemen",30.0194563202959,30.0194563202959,30.0194563202959,30.0194563202959,30.0194563202959,30.0194563202959,29.2246234884025,28.4297906565093,27.6349578246158,26.8401249927227,26.0452921608292,25.2504593289357,24.4556264970426,23.6607936651491,22.8659608332559,22.0711280013624,21.1803406534443,20.2895533055264,19.3987659576082,18.5079786096903,17.6171912617721,17.3077816477574,16.9983720337426,16.6889624197282,16.3795528057135,16.3795528057135
894,"ZMB","Zambia",45.6075343730543,45.6075343730543,45.6075343730543,45.6075343730543,45.6075343730543,45.6075343730543,45.1297029450606,44.6518715170668,44.1740400890731,43.6962086610793,43.2183772330859,42.7405458050921,42.2627143770984,41.7848829491046,41.3070515211109,40.8292200931171,40.0545691454769,39.279918197837,38.5052672501968,37.7306163025568,36.9559653549166,36.9444439036386,36.9329224523603,36.9214010010823,36.909879549804,36.909879549804
716,"ZWE","Zimbabwe",38.6149117434825,38.6149117434825,38.6149117434825,38.6149117434825,38.6149117434825,38.6149117434825,38.4201220975483,38.2253324516142,38.03054280568,37.8357531597459,37.6409635138121,37.4461738678779,37.2513842219438,37.0565945760097,36.8618049300755,36.6670152841414,36.2189129065563,35.7708105289713,35.3227081513866,34.8746057738016,34.4265033962165,35.3787498373046,36.3309962783924,37.2832427194801,38.2354891605682,38.2354891605682
