"code","iso","country","RMS.ind.1995","RMS.ind.1996","RMS.ind.1997","RMS.ind.1998","RMS.ind.1999","RMS.ind.2000","RMS.ind.2001","RMS.ind.2002","RMS.ind.2003","RMS.ind.2004","RMS.ind.2005","RMS.ind.2006","RMS.ind.2007","RMS.ind.2008","RMS.ind.2009","RMS.ind.2010","RMS.ind.2011","RMS.ind.2012","RMS.ind.2013","RMS.ind.2014","RMS.ind.2015","RMS.ind.2016","RMS.ind.2017","RMS.ind.2018","RMS.ind.2019","RMS.ind.2020"
4,"AFG","Afghanistan",NA,NA,NA,NA,NA,NA,NA,NA,NA,NA,NA,NA,NA,NA,NA,NA,NA,NA,NA,NA,NA,NA,NA,NA,NA,NA
8,"ALB","Albania",16.1926708347691,16.1926708347691,16.1926708347691,16.1926708347691,16.1926708347691,16.1926708347691,16.1926708347691,16.1926708347691,16.1926708347691,16.1926708347691,16.1926708347691,16.1926708347691,16.1926708347691,16.1926708347691,16.1926708347691,16.1926708347691,16.1926708347691,16.1926708347691,16.1926708347691,16.1926708347691,16.1926708347691,16.1926708347691,16.1926708347691,16.1926708347691,16.1926708347691,16.1926708347691
12,"DZA","Algeria",14.324871590723,14.324871590723,14.324871590723,14.324871590723,14.324871590723,14.324871590723,14.324871590723,14.324871590723,14.324871590723,14.324871590723,14.324871590723,14.324871590723,14.324871590723,14.324871590723,14.324871590723,14.324871590723,14.324871590723,14.324871590723,14.324871590723,14.324871590723,14.324871590723,14.324871590723,14.324871590723,14.324871590723,14.324871590723,14.324871590723
20,"AND","Andorra",NA,NA,NA,NA,NA,NA,NA,NA,NA,NA,NA,NA,NA,NA,NA,NA,NA,NA,NA,NA,NA,NA,NA,NA,NA,NA
24,"AGO","Angola",21.2652285297151,21.2652285297151,21.2652285297151,21.2652285297151,21.2652285297151,21.2652285297151,21.2652285297151,21.2652285297151,21.2652285297151,21.2652285297151,21.2652285297151,21.2652285297151,21.2652285297151,21.2652285297151,21.2652285297151,21.2652285297151,21.2652285297151,21.2652285297151,21.2652285297151,21.2652285297151,21.2652285297151,21.2652285297151,21.2652285297151,21.2652285297151,21.2652285297151,21.2652285297151
660,"AIA","Anguilla",NA,NA,NA,NA,NA,NA,NA,NA,NA,NA,NA,NA,NA,NA,NA,NA,NA,NA,NA,NA,NA,NA,NA,NA,NA,NA
28,"ATG","Antigua and Barbuda",8.57696788424089,8.57696788424089,8.57696788424089,8.57696788424089,8.57696788424089,8.57696788424089,8.57696788424089,8.57696788424089,8.57696788424089,8.57696788424089,8.57696788424089,8.57696788424089,8.57696788424089,8.57696788424089,8.57696788424089,8.57696788424089,8.57696788424089,8.57696788424089,8.57696788424089,8.57696788424089,8.57696788424089,8.57696788424089,8.57696788424089,8.57696788424089,8.57696788424089,8.57696788424089
32,"ARG","Argentina",6.16180589251226,6.16180589251226,6.16180589251226,6.16180589251226,6.16180589251226,6.16180589251226,6.16180589251226,6.16180589251226,6.16180589251226,6.16180589251226,6.16180589251226,6.16180589251226,6.16180589251226,6.16180589251226,6.16180589251226,6.16180589251226,6.16180589251226,6.16180589251226,6.16180589251226,6.16180589251226,6.16180589251226,6.16180589251226,6.16180589251226,6.16180589251226,6.16180589251226,6.16180589251226
51,"ARM","Armenia",NA,NA,NA,NA,NA,NA,NA,NA,NA,NA,NA,NA,NA,NA,NA,NA,NA,NA,NA,NA,NA,NA,NA,NA,NA,NA
533,"ABW","Aruba",NA,NA,NA,NA,NA,NA,NA,NA,NA,NA,NA,NA,NA,NA,NA,NA,NA,NA,NA,NA,NA,NA,NA,NA,NA,NA
36,"AUS","Australia",NA,NA,NA,NA,NA,NA,NA,NA,NA,NA,NA,NA,NA,NA,NA,NA,NA,NA,NA,NA,NA,NA,NA,NA,NA,NA
40,"AUT","Austria",NA,NA,NA,NA,NA,NA,NA,NA,NA,NA,NA,NA,NA,NA,NA,NA,NA,NA,NA,NA,NA,NA,NA,NA,NA,NA
31,"AZE","Azerbaijan",NA,NA,NA,NA,NA,NA,NA,NA,NA,NA,NA,NA,NA,NA,NA,NA,NA,NA,NA,NA,NA,NA,NA,NA,NA,NA
44,"BHS","Bahamas",10.435477272121,10.435477272121,10.435477272121,10.435477272121,10.435477272121,10.435477272121,10.435477272121,10.435477272121,10.435477272121,10.435477272121,10.435477272121,10.435477272121,10.435477272121,10.435477272121,10.435477272121,10.435477272121,10.435477272121,10.435477272121,10.435477272121,10.435477272121,10.435477272121,10.435477272121,10.435477272121,10.435477272121,10.435477272121,10.435477272121
48,"BHR","Bahrain",1.4210854715202e-14,1.4210854715202e-14,1.4210854715202e-14,1.4210854715202e-14,1.4210854715202e-14,1.4210854715202e-14,1.4210854715202e-14,1.4210854715202e-14,1.4210854715202e-14,1.4210854715202e-14,1.4210854715202e-14,1.4210854715202e-14,1.4210854715202e-14,1.4210854715202e-14,1.4210854715202e-14,1.4210854715202e-14,1.4210854715202e-14,1.4210854715202e-14,1.4210854715202e-14,1.4210854715202e-14,1.4210854715202e-14,1.4210854715202e-14,1.4210854715202e-14,1.4210854715202e-14,1.4210854715202e-14,1.4210854715202e-14
50,"BGD","Bangladesh",12.1015004469601,12.1015004469601,12.1015004469601,12.1015004469601,12.1015004469601,12.1015004469601,12.1015004469601,12.1015004469601,12.1015004469601,12.1015004469601,12.1015004469601,12.1015004469601,12.1015004469601,12.1015004469601,12.1015004469601,12.1015004469601,12.1015004469601,12.1015004469601,12.1015004469601,12.1015004469601,12.1015004469601,12.1015004469601,12.1015004469601,12.1015004469601,12.1015004469601,12.1015004469601
52,"BRB","Barbados",32.9479797666282,32.9479797666282,32.9479797666282,32.9479797666282,32.9479797666282,32.9479797666282,32.9479797666282,32.9479797666282,32.9479797666282,32.9479797666282,32.9479797666282,32.9479797666282,32.9479797666282,32.9479797666282,32.9479797666282,32.9479797666282,32.9479797666282,32.9479797666282,32.9479797666282,32.9479797666282,32.9479797666282,32.9479797666282,32.9479797666282,32.9479797666282,32.9479797666282,32.9479797666282
112,"BLR","Belarus",NA,NA,NA,NA,NA,NA,NA,NA,NA,NA,NA,NA,NA,NA,NA,NA,NA,NA,NA,NA,NA,NA,NA,NA,NA,NA
56,"BEL","Belgium",16.5052599454822,16.5052599454822,16.5052599454822,16.5052599454822,16.5052599454822,16.5052599454822,16.5052599454822,16.5052599454822,16.5052599454822,16.5052599454822,16.5052599454822,16.5052599454822,16.5052599454822,16.5052599454822,16.5052599454822,16.5052599454822,16.5052599454822,16.5052599454822,16.5052599454822,16.5052599454822,16.5052599454822,16.5052599454822,16.5052599454822,16.5052599454822,16.5052599454822,16.5052599454822
84,"BLZ","Belize",19.8451443777312,19.8451443777312,19.8451443777312,19.8451443777312,19.8451443777312,19.8451443777312,19.8451443777312,19.8451443777312,19.8451443777312,19.8451443777312,19.8451443777312,19.8451443777312,19.8451443777312,19.8451443777312,19.8451443777312,19.8451443777312,19.8451443777312,19.8451443777312,19.8451443777312,19.8451443777312,19.8451443777312,19.8451443777312,19.8451443777312,19.8451443777312,19.8451443777312,19.8451443777312
204,"BEN","Benin",11.6745923682645,11.6745923682645,11.6745923682645,11.6745923682645,11.6745923682645,11.6745923682645,11.6745923682645,11.6745923682645,11.6745923682645,11.6745923682645,11.6745923682645,11.6745923682645,11.6745923682645,11.6745923682645,11.6745923682645,11.6745923682645,11.6745923682645,11.6745923682645,11.6745923682645,11.6745923682645,11.6745923682645,11.6745923682645,11.6745923682645,11.6745923682645,11.6745923682645,11.6745923682645
60,"BMU","Bermuda",NA,NA,NA,NA,NA,NA,NA,NA,NA,NA,NA,NA,NA,NA,NA,NA,NA,NA,NA,NA,NA,NA,NA,NA,NA,NA
64,"BTN","Bhutan",NA,NA,NA,NA,NA,NA,NA,NA,NA,NA,NA,NA,NA,NA,NA,NA,NA,NA,NA,NA,NA,NA,NA,NA,NA,NA
68,"BOL","Bolivia",NA,NA,NA,NA,NA,NA,NA,NA,NA,NA,NA,NA,NA,NA,NA,NA,NA,NA,NA,NA,NA,NA,NA,NA,NA,NA
70,"BIH","Bosnia and Herzegovina",NA,NA,NA,NA,NA,NA,NA,NA,NA,NA,NA,NA,NA,NA,NA,NA,NA,NA,NA,NA,NA,NA,NA,NA,NA,NA
72,"BWA","Botswana",NA,NA,NA,NA,NA,NA,NA,NA,NA,NA,NA,NA,NA,NA,NA,NA,NA,NA,NA,NA,NA,NA,NA,NA,NA,NA
76,"BRA","Brazil",NA,NA,NA,NA,NA,NA,NA,NA,NA,NA,NA,NA,NA,NA,NA,NA,NA,NA,NA,NA,NA,NA,NA,NA,NA,NA
92,"VGB","British Virgin Islands",NA,NA,NA,NA,NA,NA,NA,NA,NA,NA,NA,NA,NA,NA,NA,NA,NA,NA,NA,NA,NA,NA,NA,NA,NA,NA
96,"BRN","Brunei Darussalam",12.5951451146824,12.5951451146824,12.5951451146824,12.5951451146824,12.5951451146824,12.5951451146824,12.5951451146824,12.5951451146824,12.5951451146824,12.5951451146824,12.5951451146824,12.5951451146824,12.5951451146824,12.5951451146824,12.5951451146824,12.5951451146824,12.5951451146824,12.5951451146824,12.5951451146824,12.5951451146824,12.5951451146824,12.5951451146824,12.5951451146824,12.5951451146824,12.5951451146824,12.5951451146824
100,"BGR","Bulgaria",16.5860492709393,16.5860492709393,16.5860492709393,16.5860492709393,16.5860492709393,16.5860492709393,16.5860492709393,16.5860492709393,16.5860492709393,16.5860492709393,16.5860492709393,16.5860492709393,16.5860492709393,16.5860492709393,16.5860492709393,16.5860492709393,16.5860492709393,16.5860492709393,16.5860492709393,16.5860492709393,16.5860492709393,16.5860492709393,16.5860492709393,16.5860492709393,16.5860492709393,16.5860492709393
854,"BFA","Burkina Faso",NA,NA,NA,NA,NA,NA,NA,NA,NA,NA,NA,NA,NA,NA,NA,NA,NA,NA,NA,NA,NA,NA,NA,NA,NA,NA
108,"BDI","Burundi",NA,NA,NA,NA,NA,NA,NA,NA,NA,NA,NA,NA,NA,NA,NA,NA,NA,NA,NA,NA,NA,NA,NA,NA,NA,NA
132,"CPV","Cabo Verde",30.8020735664631,30.8020735664631,30.8020735664631,30.8020735664631,30.8020735664631,30.8020735664631,30.8020735664631,30.8020735664631,30.8020735664631,30.8020735664631,30.8020735664631,30.8020735664631,30.8020735664631,30.8020735664631,30.8020735664631,30.8020735664631,30.8020735664631,30.8020735664631,30.8020735664631,30.8020735664631,30.8020735664631,30.8020735664631,30.8020735664631,30.8020735664631,30.8020735664631,30.8020735664631
116,"KHM","Cambodia",18.5843266059802,18.5843266059802,18.5843266059802,18.5843266059802,18.5843266059802,18.5843266059802,18.5843266059802,18.5843266059802,18.5843266059802,18.5843266059802,18.5843266059802,18.5843266059802,18.5843266059802,18.5843266059802,18.5843266059802,18.5843266059802,18.5843266059802,18.5843266059802,18.5843266059802,18.5843266059802,18.5843266059802,18.5843266059802,18.5843266059802,18.5843266059802,18.5843266059802,18.5843266059802
120,"CMR","Cameroon",8.8096530649804,8.8096530649804,8.8096530649804,8.8096530649804,8.8096530649804,8.8096530649804,8.8096530649804,8.8096530649804,8.8096530649804,8.8096530649804,8.8096530649804,8.8096530649804,8.8096530649804,8.8096530649804,8.8096530649804,8.8096530649804,8.8096530649804,8.8096530649804,8.8096530649804,8.8096530649804,8.8096530649804,8.8096530649804,8.8096530649804,8.8096530649804,8.8096530649804,8.8096530649804
124,"CAN","Canada",20.7992172575315,20.7992172575315,20.7992172575315,20.7992172575315,20.7992172575315,20.7992172575315,20.7992172575315,20.7992172575315,20.7992172575315,20.7992172575315,20.7992172575315,20.7992172575315,20.7992172575315,20.7992172575315,20.7992172575315,20.7992172575315,20.7992172575315,20.7992172575315,20.7992172575315,20.7992172575315,20.7992172575315,20.7992172575315,20.7992172575315,20.7992172575315,20.7992172575315,20.7992172575315
136,"CYM","Cayman Islands",NA,NA,NA,NA,NA,NA,NA,NA,NA,NA,NA,NA,NA,NA,NA,NA,NA,NA,NA,NA,NA,NA,NA,NA,NA,NA
140,"CAF","Central African Republic",NA,NA,NA,NA,NA,NA,NA,NA,NA,NA,NA,NA,NA,NA,NA,NA,NA,NA,NA,NA,NA,NA,NA,NA,NA,NA
148,"TCD","Chad",NA,NA,NA,NA,NA,NA,NA,NA,NA,NA,NA,NA,NA,NA,NA,NA,NA,NA,NA,NA,NA,NA,NA,NA,NA,NA
152,"CHL","Chile",19.1569264161577,19.1569264161577,19.1569264161577,19.1569264161577,19.1569264161577,19.1569264161577,19.1569264161577,19.1569264161577,19.1569264161577,19.1569264161577,19.1569264161577,19.1569264161577,19.1569264161577,19.1569264161577,19.1569264161577,19.1569264161577,19.1569264161577,19.1569264161577,19.1569264161577,19.1569264161577,19.1569264161577,19.1569264161577,19.1569264161577,19.1569264161577,19.1569264161577,19.1569264161577
156,"CHN","China",28.9266495474829,28.9266495474829,28.9266495474829,28.9266495474829,28.9266495474829,28.9266495474829,28.9266495474829,28.9266495474829,28.9266495474829,28.9266495474829,28.9266495474829,28.9266495474829,28.9266495474829,28.9266495474829,28.9266495474829,28.9266495474829,28.9266495474829,28.9266495474829,28.9266495474829,28.9266495474829,28.9266495474829,28.9266495474829,28.9266495474829,28.9266495474829,28.9266495474829,28.9266495474829
170,"COL","Colombia",12.5758213334555,12.5758213334555,12.5758213334555,12.5758213334555,12.5758213334555,12.5758213334555,12.5758213334555,12.5758213334555,12.5758213334555,12.5758213334555,12.5758213334555,12.5758213334555,12.5758213334555,12.5758213334555,12.5758213334555,12.5758213334555,12.5758213334555,12.5758213334555,12.5758213334555,12.5758213334555,12.5758213334555,12.5758213334555,12.5758213334555,12.5758213334555,12.5758213334555,12.5758213334555
174,"COM","Comoros",13.4320233252022,13.4320233252022,13.4320233252022,13.4320233252022,13.4320233252022,13.4320233252022,13.4320233252022,13.4320233252022,13.4320233252022,13.4320233252022,13.4320233252022,13.4320233252022,13.4320233252022,13.4320233252022,13.4320233252022,13.4320233252022,13.4320233252022,13.4320233252022,13.4320233252022,13.4320233252022,13.4320233252022,13.4320233252022,13.4320233252022,13.4320233252022,13.4320233252022,13.4320233252022
184,"COK","Cook Islands",NA,NA,NA,NA,NA,NA,NA,NA,NA,NA,NA,NA,NA,NA,NA,NA,NA,NA,NA,NA,NA,NA,NA,NA,NA,NA
188,"CRI","Costa Rica",11.0405189630649,11.0405189630649,11.0405189630649,11.0405189630649,11.0405189630649,11.0405189630649,11.0405189630649,11.0405189630649,11.0405189630649,11.0405189630649,11.0405189630649,11.0405189630649,11.0405189630649,11.0405189630649,11.0405189630649,11.0405189630649,11.0405189630649,11.0405189630649,11.0405189630649,11.0405189630649,11.0405189630649,11.0405189630649,11.0405189630649,11.0405189630649,11.0405189630649,11.0405189630649
384,"CIV","Cote d'Ivoire",23.581621181326,23.581621181326,23.581621181326,23.581621181326,23.581621181326,23.581621181326,23.581621181326,23.581621181326,23.581621181326,23.581621181326,23.581621181326,23.581621181326,23.581621181326,23.581621181326,23.581621181326,23.581621181326,23.581621181326,23.581621181326,23.581621181326,23.581621181326,23.581621181326,23.581621181326,23.581621181326,23.581621181326,23.581621181326,23.581621181326
191,"HRV","Croatia",3.25233484079148,3.25233484079148,3.25233484079148,3.25233484079148,3.25233484079148,3.25233484079148,3.25233484079148,3.25233484079148,3.25233484079148,3.25233484079148,3.25233484079148,3.25233484079148,3.25233484079148,3.25233484079148,3.25233484079148,3.25233484079148,3.25233484079148,3.25233484079148,3.25233484079148,3.25233484079148,3.25233484079148,3.25233484079148,3.25233484079148,3.25233484079148,3.25233484079148,3.25233484079148
192,"CUB","Cuba",17.1500487686553,17.1500487686553,17.1500487686553,17.1500487686553,17.1500487686553,17.1500487686553,17.1500487686553,17.1500487686553,17.1500487686553,17.1500487686553,17.1500487686553,17.1500487686553,17.1500487686553,17.1500487686553,17.1500487686553,17.1500487686553,17.1500487686553,17.1500487686553,17.1500487686553,17.1500487686553,17.1500487686553,17.1500487686553,17.1500487686553,17.1500487686553,17.1500487686553,17.1500487686553
531,"CUW","Curacao",NA,NA,NA,NA,NA,NA,NA,NA,NA,NA,NA,NA,NA,NA,NA,NA,NA,NA,NA,NA,NA,NA,NA,NA,NA,NA
196,"CYP","Cyprus",29.9965597933367,29.9965597933367,29.9965597933367,29.9965597933367,29.9965597933367,29.9965597933367,29.9965597933367,29.9965597933367,29.9965597933367,29.9965597933367,29.9965597933367,29.9965597933367,29.9965597933367,29.9965597933367,29.9965597933367,29.9965597933367,29.9965597933367,29.9965597933367,29.9965597933367,29.9965597933367,29.9965597933367,29.9965597933367,29.9965597933367,29.9965597933367,29.9965597933367,29.9965597933367
203,"CZE","Czech Republic",NA,NA,NA,NA,NA,NA,NA,NA,NA,NA,NA,NA,NA,NA,NA,NA,NA,NA,NA,NA,NA,NA,NA,NA,NA,NA
180,"COD","Dem. Rep. Congo",NA,NA,NA,NA,NA,NA,NA,NA,NA,NA,NA,NA,NA,NA,NA,NA,NA,NA,NA,NA,NA,NA,NA,NA,NA,NA
208,"DNK","Denmark",30.1748545816569,30.1748545816569,30.1748545816569,30.1748545816569,30.1748545816569,30.1748545816569,30.1748545816569,30.1748545816569,30.1748545816569,30.1748545816569,30.1748545816569,30.1748545816569,30.1748545816569,30.1748545816569,30.1748545816569,30.1748545816569,30.1748545816569,30.1748545816569,30.1748545816569,30.1748545816569,30.1748545816569,30.1748545816569,30.1748545816569,30.1748545816569,30.1748545816569,30.1748545816569
262,"DJI","Djibouti",6.22922974637318,6.22922974637318,6.22922974637318,6.22922974637318,6.22922974637318,6.22922974637318,6.22922974637318,6.22922974637318,6.22922974637318,6.22922974637318,6.22922974637318,6.22922974637318,6.22922974637318,6.22922974637318,6.22922974637318,6.22922974637318,6.22922974637318,6.22922974637318,6.22922974637318,6.22922974637318,6.22922974637318,6.22922974637318,6.22922974637318,6.22922974637318,6.22922974637318,6.22922974637318
212,"DMA","Dominica",30.9647041956168,30.9647041956168,30.9647041956168,30.9647041956168,30.9647041956168,30.9647041956168,30.9647041956168,30.9647041956168,30.9647041956168,30.9647041956168,30.9647041956168,30.9647041956168,30.9647041956168,30.9647041956168,30.9647041956168,30.9647041956168,30.9647041956168,30.9647041956168,30.9647041956168,30.9647041956168,30.9647041956168,30.9647041956168,30.9647041956168,30.9647041956168,30.9647041956168,30.9647041956168
214,"DOM","Dominican Republic",16.2646612664153,16.2646612664153,16.2646612664153,16.2646612664153,16.2646612664153,16.2646612664153,16.2646612664153,16.2646612664153,16.2646612664153,16.2646612664153,16.2646612664153,16.2646612664153,16.2646612664153,16.2646612664153,16.2646612664153,16.2646612664153,16.2646612664153,16.2646612664153,16.2646612664153,16.2646612664153,16.2646612664153,16.2646612664153,16.2646612664153,16.2646612664153,16.2646612664153,16.2646612664153
218,"ECU","Ecuador",17.9532952690493,17.9532952690493,17.9532952690493,17.9532952690493,17.9532952690493,17.9532952690493,17.9532952690493,17.9532952690493,17.9532952690493,17.9532952690493,17.9532952690493,17.9532952690493,17.9532952690493,17.9532952690493,17.9532952690493,17.9532952690493,17.9532952690493,17.9532952690493,17.9532952690493,17.9532952690493,17.9532952690493,17.9532952690493,17.9532952690493,17.9532952690493,17.9532952690493,17.9532952690493
818,"EGY","Egypt",14.7396745142914,14.7396745142914,14.7396745142914,14.7396745142914,14.7396745142914,14.7396745142914,14.7396745142914,14.7396745142914,14.7396745142914,14.7396745142914,14.7396745142914,14.7396745142914,14.7396745142914,14.7396745142914,14.7396745142914,14.7396745142914,14.7396745142914,14.7396745142914,14.7396745142914,14.7396745142914,14.7396745142914,14.7396745142914,14.7396745142914,14.7396745142914,14.7396745142914,14.7396745142914
222,"SLV","El Salvador",10.923240593931,10.923240593931,10.923240593931,10.923240593931,10.923240593931,10.923240593931,10.923240593931,10.923240593931,10.923240593931,10.923240593931,10.923240593931,10.923240593931,10.923240593931,10.923240593931,10.923240593931,10.923240593931,10.923240593931,10.923240593931,10.923240593931,10.923240593931,10.923240593931,10.923240593931,10.923240593931,10.923240593931,10.923240593931,10.923240593931
226,"GNQ","Equatorial Guinea",21.4517159077853,21.4517159077853,21.4517159077853,21.4517159077853,21.4517159077853,21.4517159077853,21.4517159077853,21.4517159077853,21.4517159077853,21.4517159077853,21.4517159077853,21.4517159077853,21.4517159077853,21.4517159077853,21.4517159077853,21.4517159077853,21.4517159077853,21.4517159077853,21.4517159077853,21.4517159077853,21.4517159077853,21.4517159077853,21.4517159077853,21.4517159077853,21.4517159077853,21.4517159077853
232,"ERI","Eritrea",0,0,0,0,0,0,0,0,0,0,0,0,0,0,0,0,0,0,0,0,0,0,0,0,0,0
233,"EST","Estonia",8.28983560778335,8.28983560778335,8.28983560778335,8.28983560778335,8.28983560778335,8.28983560778335,8.28983560778335,8.28983560778335,8.28983560778335,8.28983560778335,8.28983560778335,8.28983560778335,8.28983560778335,8.28983560778335,8.28983560778335,8.28983560778335,8.28983560778335,8.28983560778335,8.28983560778335,8.28983560778335,8.28983560778335,8.28983560778335,8.28983560778335,8.28983560778335,8.28983560778335,8.28983560778335
748,"SWZ","Eswatini",NA,NA,NA,NA,NA,NA,NA,NA,NA,NA,NA,NA,NA,NA,NA,NA,NA,NA,NA,NA,NA,NA,NA,NA,NA,NA
231,"ETH","Ethiopia",NA,NA,NA,NA,NA,NA,NA,NA,NA,NA,NA,NA,NA,NA,NA,NA,NA,NA,NA,NA,NA,NA,NA,NA,NA,NA
234,"FRO","Faeroe Islands",NA,NA,NA,NA,NA,NA,NA,NA,NA,NA,NA,NA,NA,NA,NA,NA,NA,NA,NA,NA,NA,NA,NA,NA,NA,NA
238,"FLK","Falkland Islands",NA,NA,NA,NA,NA,NA,NA,NA,NA,NA,NA,NA,NA,NA,NA,NA,NA,NA,NA,NA,NA,NA,NA,NA,NA,NA
242,"FJI","Fiji",99.9999999999998,99.9999999999998,99.9999999999998,99.9999999999998,99.9999999999998,99.9999999999998,99.9999999999998,99.9999999999998,99.9999999999998,99.9999999999998,99.9999999999998,99.9999999999998,99.9999999999998,99.9999999999998,99.9999999999998,99.9999999999998,99.9999999999998,99.9999999999998,99.9999999999998,99.9999999999998,99.9999999999998,99.9999999999998,99.9999999999998,99.9999999999998,99.9999999999998,99.9999999999998
246,"FIN","Finland",12.0089145927518,12.0089145927518,12.0089145927518,12.0089145927518,12.0089145927518,12.0089145927518,12.0089145927518,12.0089145927518,12.0089145927518,12.0089145927518,12.0089145927518,12.0089145927518,12.0089145927518,12.0089145927518,12.0089145927518,12.0089145927518,12.0089145927518,12.0089145927518,12.0089145927518,12.0089145927518,12.0089145927518,12.0089145927518,12.0089145927518,12.0089145927518,12.0089145927518,12.0089145927518
250,"FRA","France",NA,NA,NA,NA,NA,NA,NA,NA,NA,NA,NA,NA,NA,NA,NA,NA,NA,NA,NA,NA,NA,NA,NA,NA,NA,NA
258,"PYF","French Polynesia",NA,NA,NA,NA,NA,NA,NA,NA,NA,NA,NA,NA,NA,NA,NA,NA,NA,NA,NA,NA,NA,NA,NA,NA,NA,NA
266,"GAB","Gabon",9.09982491243299,9.09982491243299,9.09982491243299,9.09982491243299,9.09982491243299,9.09982491243299,9.09982491243299,9.09982491243299,9.09982491243299,9.09982491243299,9.09982491243299,9.09982491243299,9.09982491243299,9.09982491243299,9.09982491243299,9.09982491243299,9.09982491243299,9.09982491243299,9.09982491243299,9.09982491243299,9.09982491243299,9.09982491243299,9.09982491243299,9.09982491243299,9.09982491243299,9.09982491243299
270,"GMB","Gambia",7.4616914020703,7.4616914020703,7.4616914020703,7.4616914020703,7.4616914020703,7.4616914020703,7.4616914020703,7.4616914020703,7.4616914020703,7.4616914020703,7.4616914020703,7.4616914020703,7.4616914020703,7.4616914020703,7.4616914020703,7.4616914020703,7.4616914020703,7.4616914020703,7.4616914020703,7.4616914020703,7.4616914020703,7.4616914020703,7.4616914020703,7.4616914020703,7.4616914020703,7.4616914020703
268,"GEO","Georgia",5.4907877824153,5.4907877824153,5.4907877824153,5.4907877824153,5.4907877824153,5.4907877824153,5.4907877824153,5.4907877824153,5.4907877824153,5.4907877824153,5.4907877824153,5.4907877824153,5.4907877824153,5.4907877824153,5.4907877824153,5.4907877824153,5.4907877824153,5.4907877824153,5.4907877824153,5.4907877824153,5.4907877824153,5.4907877824153,5.4907877824153,5.4907877824153,5.4907877824153,5.4907877824153
276,"DEU","Germany",34.4597115190587,34.4597115190587,34.4597115190587,34.4597115190587,34.4597115190587,34.4597115190587,34.4597115190587,34.4597115190587,34.4597115190587,34.4597115190587,34.4597115190587,34.4597115190587,34.4597115190587,34.4597115190587,34.4597115190587,34.4597115190587,34.4597115190587,34.4597115190587,34.4597115190587,34.4597115190587,34.4597115190587,34.4597115190587,34.4597115190587,34.4597115190587,34.4597115190587,34.4597115190587
288,"GHA","Ghana",11.158889205237,11.158889205237,11.158889205237,11.158889205237,11.158889205237,11.158889205237,11.158889205237,11.158889205237,11.158889205237,11.158889205237,11.158889205237,11.158889205237,11.158889205237,11.158889205237,11.158889205237,11.158889205237,11.158889205237,11.158889205237,11.158889205237,11.158889205237,11.158889205237,11.158889205237,11.158889205237,11.158889205237,11.158889205237,11.158889205237
300,"GRC","Greece",29.5477678998685,29.5477678998685,29.5477678998685,29.5477678998685,29.5477678998685,29.5477678998685,29.5477678998685,29.5477678998685,29.5477678998685,29.5477678998685,29.5477678998685,29.5477678998685,29.5477678998685,29.5477678998685,29.5477678998685,29.5477678998685,29.5477678998685,29.5477678998685,29.5477678998685,29.5477678998685,29.5477678998685,29.5477678998685,29.5477678998685,29.5477678998685,29.5477678998685,29.5477678998685
304,"GRL","Greenland",NA,NA,NA,NA,NA,NA,NA,NA,NA,NA,NA,NA,NA,NA,NA,NA,NA,NA,NA,NA,NA,NA,NA,NA,NA,NA
308,"GRD","Grenada",15.8447420218089,15.8447420218089,15.8447420218089,15.8447420218089,15.8447420218089,15.8447420218089,15.8447420218089,15.8447420218089,15.8447420218089,15.8447420218089,15.8447420218089,15.8447420218089,15.8447420218089,15.8447420218089,15.8447420218089,15.8447420218089,15.8447420218089,15.8447420218089,15.8447420218089,15.8447420218089,15.8447420218089,15.8447420218089,15.8447420218089,15.8447420218089,15.8447420218089,15.8447420218089
320,"GTM","Guatemala",15.8600958874554,15.8600958874554,15.8600958874554,15.8600958874554,15.8600958874554,15.8600958874554,15.8600958874554,15.8600958874554,15.8600958874554,15.8600958874554,15.8600958874554,15.8600958874554,15.8600958874554,15.8600958874554,15.8600958874554,15.8600958874554,15.8600958874554,15.8600958874554,15.8600958874554,15.8600958874554,15.8600958874554,15.8600958874554,15.8600958874554,15.8600958874554,15.8600958874554,15.8600958874554
831,"GGY","Guernsey",NA,NA,NA,NA,NA,NA,NA,NA,NA,NA,NA,NA,NA,NA,NA,NA,NA,NA,NA,NA,NA,NA,NA,NA,NA,NA
324,"GIN","Guinea",11.6258411460128,11.6258411460128,11.6258411460128,11.6258411460128,11.6258411460128,11.6258411460128,11.6258411460128,11.6258411460128,11.6258411460128,11.6258411460128,11.6258411460128,11.6258411460128,11.6258411460128,11.6258411460128,11.6258411460128,11.6258411460128,11.6258411460128,11.6258411460128,11.6258411460128,11.6258411460128,11.6258411460128,11.6258411460128,11.6258411460128,11.6258411460128,11.6258411460128,11.6258411460128
624,"GNB","Guinea-Bissau",6.93625807492386,6.93625807492386,6.93625807492386,6.93625807492386,6.93625807492386,6.93625807492386,6.93625807492386,6.93625807492386,6.93625807492386,6.93625807492386,6.93625807492386,6.93625807492386,6.93625807492386,6.93625807492386,6.93625807492386,6.93625807492386,6.93625807492386,6.93625807492386,6.93625807492386,6.93625807492386,6.93625807492386,6.93625807492386,6.93625807492386,6.93625807492386,6.93625807492386,6.93625807492386
328,"GUY","Guyana",8.02351729974244,8.02351729974244,8.02351729974244,8.02351729974244,8.02351729974244,8.02351729974244,8.02351729974244,8.02351729974244,8.02351729974244,8.02351729974244,8.02351729974244,8.02351729974244,8.02351729974244,8.02351729974244,8.02351729974244,8.02351729974244,8.02351729974244,8.02351729974244,8.02351729974244,8.02351729974244,8.02351729974244,8.02351729974244,8.02351729974244,8.02351729974244,8.02351729974244,8.02351729974244
332,"HTI","Haiti",14.4574625559947,14.4574625559947,14.4574625559947,14.4574625559947,14.4574625559947,14.4574625559947,14.4574625559947,14.4574625559947,14.4574625559947,14.4574625559947,14.4574625559947,14.4574625559947,14.4574625559947,14.4574625559947,14.4574625559947,14.4574625559947,14.4574625559947,14.4574625559947,14.4574625559947,14.4574625559947,14.4574625559947,14.4574625559947,14.4574625559947,14.4574625559947,14.4574625559947,14.4574625559947
336,"VAT","Holy See",NA,NA,NA,NA,NA,NA,NA,NA,NA,NA,NA,NA,NA,NA,NA,NA,NA,NA,NA,NA,NA,NA,NA,NA,NA,NA
340,"HND","Honduras",18.7437705189171,18.7437705189171,18.7437705189171,18.7437705189171,18.7437705189171,18.7437705189171,18.7437705189171,18.7437705189171,18.7437705189171,18.7437705189171,18.7437705189171,18.7437705189171,18.7437705189171,18.7437705189171,18.7437705189171,18.7437705189171,18.7437705189171,18.7437705189171,18.7437705189171,18.7437705189171,18.7437705189171,18.7437705189171,18.7437705189171,18.7437705189171,18.7437705189171,18.7437705189171
344,"HKG","Hong Kong",NA,NA,NA,NA,NA,NA,NA,NA,NA,NA,NA,NA,NA,NA,NA,NA,NA,NA,NA,NA,NA,NA,NA,NA,NA,NA
348,"HUN","Hungary",NA,NA,NA,NA,NA,NA,NA,NA,NA,NA,NA,NA,NA,NA,NA,NA,NA,NA,NA,NA,NA,NA,NA,NA,NA,NA
352,"ISL","Iceland",24.0398986903348,24.0398986903348,24.0398986903348,24.0398986903348,24.0398986903348,24.0398986903348,24.0398986903348,24.0398986903348,24.0398986903348,24.0398986903348,24.0398986903348,24.0398986903348,24.0398986903348,24.0398986903348,24.0398986903348,24.0398986903348,24.0398986903348,24.0398986903348,24.0398986903348,24.0398986903348,24.0398986903348,24.0398986903348,24.0398986903348,24.0398986903348,24.0398986903348,24.0398986903348
356,"IND","India",19.9161461052159,19.9161461052159,19.9161461052159,19.9161461052159,19.9161461052159,19.9161461052159,19.9161461052159,19.9161461052159,19.9161461052159,19.9161461052159,19.9161461052159,19.9161461052159,19.9161461052159,19.9161461052159,19.9161461052159,19.9161461052159,19.9161461052159,19.9161461052159,19.9161461052159,19.9161461052159,19.9161461052159,19.9161461052159,19.9161461052159,19.9161461052159,19.9161461052159,19.9161461052159
360,"IDN","Indonesia",16.3235060496901,16.3235060496901,16.3235060496901,16.3235060496901,16.3235060496901,16.3235060496901,16.3235060496901,16.3235060496901,16.3235060496901,16.3235060496901,16.3235060496901,16.3235060496901,16.3235060496901,16.3235060496901,16.3235060496901,16.3235060496901,16.3235060496901,16.3235060496901,16.3235060496901,16.3235060496901,16.3235060496901,16.3235060496901,16.3235060496901,16.3235060496901,16.3235060496901,16.3235060496901
364,"IRN","Iran",20.8219749752613,20.8219749752613,20.8219749752613,20.8219749752613,20.8219749752613,20.8219749752613,20.8219749752613,20.8219749752613,20.8219749752613,20.8219749752613,20.8219749752613,20.8219749752613,20.8219749752613,20.8219749752613,20.8219749752613,20.8219749752613,20.8219749752613,20.8219749752613,20.8219749752613,20.8219749752613,20.8219749752613,20.8219749752613,20.8219749752613,20.8219749752613,20.8219749752613,20.8219749752613
368,"IRQ","Iraq",NA,NA,NA,NA,NA,NA,NA,NA,NA,NA,NA,NA,NA,NA,NA,NA,NA,NA,NA,NA,NA,NA,NA,NA,NA,NA
372,"IRL","Ireland",13.1473322778432,13.1473322778432,13.1473322778432,13.1473322778432,13.1473322778432,13.1473322778432,13.1473322778432,13.1473322778432,13.1473322778432,13.1473322778432,13.1473322778432,13.1473322778432,13.1473322778432,13.1473322778432,13.1473322778432,13.1473322778432,13.1473322778432,13.1473322778432,13.1473322778432,13.1473322778432,13.1473322778432,13.1473322778432,13.1473322778432,13.1473322778432,13.1473322778432,13.1473322778432
833,"IMN","Isle of Man",NA,NA,NA,NA,NA,NA,NA,NA,NA,NA,NA,NA,NA,NA,NA,NA,NA,NA,NA,NA,NA,NA,NA,NA,NA,NA
376,"ISR","Israel",45.5000550049819,45.5000550049819,45.5000550049819,45.5000550049819,45.5000550049819,45.5000550049819,45.5000550049819,45.5000550049819,45.5000550049819,45.5000550049819,45.5000550049819,45.5000550049819,45.5000550049819,45.5000550049819,45.5000550049819,45.5000550049819,45.5000550049819,45.5000550049819,45.5000550049819,45.5000550049819,45.5000550049819,45.5000550049819,45.5000550049819,45.5000550049819,45.5000550049819,45.5000550049819
380,"ITA","Italy",38.0499298867279,38.0499298867279,38.0499298867279,38.0499298867279,38.0499298867279,38.0499298867279,38.0499298867279,38.0499298867279,38.0499298867279,38.0499298867279,38.0499298867279,38.0499298867279,38.0499298867279,38.0499298867279,38.0499298867279,38.0499298867279,38.0499298867279,38.0499298867279,38.0499298867279,38.0499298867279,38.0499298867279,38.0499298867279,38.0499298867279,38.0499298867279,38.0499298867279,38.0499298867279
388,"JAM","Jamaica",8.65554971845391,8.65554971845391,8.65554971845391,8.65554971845391,8.65554971845391,8.65554971845391,8.65554971845391,8.65554971845391,8.65554971845391,8.65554971845391,8.65554971845391,8.65554971845391,8.65554971845391,8.65554971845391,8.65554971845391,8.65554971845391,8.65554971845391,8.65554971845391,8.65554971845391,8.65554971845391,8.65554971845391,8.65554971845391,8.65554971845391,8.65554971845391,8.65554971845391,8.65554971845391
392,"JPN","Japan",93.4600452495277,93.4600452495277,93.4600452495277,93.4600452495277,93.4600452495277,93.4600452495277,93.4600452495277,93.4600452495277,93.4600452495277,93.4600452495277,93.4600452495277,93.4600452495277,93.4600452495277,93.4600452495277,93.4600452495277,93.4600452495277,93.4600452495277,93.4600452495277,93.4600452495277,93.4600452495277,93.4600452495277,93.4600452495277,93.4600452495277,93.4600452495277,93.4600452495277,93.4600452495277
832,"JEY","Jersey",NA,NA,NA,NA,NA,NA,NA,NA,NA,NA,NA,NA,NA,NA,NA,NA,NA,NA,NA,NA,NA,NA,NA,NA,NA,NA
400,"JOR","Jordan",NA,NA,NA,NA,NA,NA,NA,NA,NA,NA,NA,NA,NA,NA,NA,NA,NA,NA,NA,NA,NA,NA,NA,NA,NA,NA
398,"KAZ","Kazakhstan",NA,NA,NA,NA,NA,NA,NA,NA,NA,NA,NA,NA,NA,NA,NA,NA,NA,NA,NA,NA,NA,NA,NA,NA,NA,NA
404,"KEN","Kenya",12.0920736987909,12.0920736987909,12.0920736987909,12.0920736987909,12.0920736987909,12.0920736987909,12.0920736987909,12.0920736987909,12.0920736987909,12.0920736987909,12.0920736987909,12.0920736987909,12.0920736987909,12.0920736987909,12.0920736987909,12.0920736987909,12.0920736987909,12.0920736987909,12.0920736987909,12.0920736987909,12.0920736987909,12.0920736987909,12.0920736987909,12.0920736987909,12.0920736987909,12.0920736987909
296,"KIR","Kiribati",NA,NA,NA,NA,NA,NA,NA,NA,NA,NA,NA,NA,NA,NA,NA,NA,NA,NA,NA,NA,NA,NA,NA,NA,NA,NA
689,"XKX","Kosovo",NA,NA,NA,NA,NA,NA,NA,NA,NA,NA,NA,NA,NA,NA,NA,NA,NA,NA,NA,NA,NA,NA,NA,NA,NA,NA
414,"KWT","Kuwait",14.863482072464,14.863482072464,14.863482072464,14.863482072464,14.863482072464,14.863482072464,14.863482072464,14.863482072464,14.863482072464,14.863482072464,14.863482072464,14.863482072464,14.863482072464,14.863482072464,14.863482072464,14.863482072464,14.863482072464,14.863482072464,14.863482072464,14.863482072464,14.863482072464,14.863482072464,14.863482072464,14.863482072464,14.863482072464,14.863482072464
417,"KGZ","Kyrgyzstan",NA,NA,NA,NA,NA,NA,NA,NA,NA,NA,NA,NA,NA,NA,NA,NA,NA,NA,NA,NA,NA,NA,NA,NA,NA,NA
418,"LAO","Laos",NA,NA,NA,NA,NA,NA,NA,NA,NA,NA,NA,NA,NA,NA,NA,NA,NA,NA,NA,NA,NA,NA,NA,NA,NA,NA
428,"LVA","Latvia",14.3932651401513,14.3932651401513,14.3932651401513,14.3932651401513,14.3932651401513,14.3932651401513,14.3932651401513,14.3932651401513,14.3932651401513,14.3932651401513,14.3932651401513,14.3932651401513,14.3932651401513,14.3932651401513,14.3932651401513,14.3932651401513,14.3932651401513,14.3932651401513,14.3932651401513,14.3932651401513,14.3932651401513,14.3932651401513,14.3932651401513,14.3932651401513,14.3932651401513,14.3932651401513
422,"LBN","Lebanon",14.2404378678698,14.2404378678698,14.2404378678698,14.2404378678698,14.2404378678698,14.2404378678698,14.2404378678698,14.2404378678698,14.2404378678698,14.2404378678698,14.2404378678698,14.2404378678698,14.2404378678698,14.2404378678698,14.2404378678698,14.2404378678698,14.2404378678698,14.2404378678698,14.2404378678698,14.2404378678698,14.2404378678698,14.2404378678698,14.2404378678698,14.2404378678698,14.2404378678698,14.2404378678698
426,"LSO","Lesotho",NA,NA,NA,NA,NA,NA,NA,NA,NA,NA,NA,NA,NA,NA,NA,NA,NA,NA,NA,NA,NA,NA,NA,NA,NA,NA
430,"LBR","Liberia",11.6685245281927,11.6685245281927,11.6685245281927,11.6685245281927,11.6685245281927,11.6685245281927,11.6685245281927,11.6685245281927,11.6685245281927,11.6685245281927,11.6685245281927,11.6685245281927,11.6685245281927,11.6685245281927,11.6685245281927,11.6685245281927,11.6685245281927,11.6685245281927,11.6685245281927,11.6685245281927,11.6685245281927,11.6685245281927,11.6685245281927,11.6685245281927,11.6685245281927,11.6685245281927
434,"LBY","Libya",8.9774369483446,8.9774369483446,8.9774369483446,8.9774369483446,8.9774369483446,8.9774369483446,8.9774369483446,8.9774369483446,8.9774369483446,8.9774369483446,8.9774369483446,8.9774369483446,8.9774369483446,8.9774369483446,8.9774369483446,8.9774369483446,8.9774369483446,8.9774369483446,8.9774369483446,8.9774369483446,8.9774369483446,8.9774369483446,8.9774369483446,8.9774369483446,8.9774369483446,8.9774369483446
438,"LIE","Liechtenstein",NA,NA,NA,NA,NA,NA,NA,NA,NA,NA,NA,NA,NA,NA,NA,NA,NA,NA,NA,NA,NA,NA,NA,NA,NA,NA
440,"LTU","Lithuania",19.0404018147797,19.0404018147797,19.0404018147797,19.0404018147797,19.0404018147797,19.0404018147797,19.0404018147797,19.0404018147797,19.0404018147797,19.0404018147797,19.0404018147797,19.0404018147797,19.0404018147797,19.0404018147797,19.0404018147797,19.0404018147797,19.0404018147797,19.0404018147797,19.0404018147797,19.0404018147797,19.0404018147797,19.0404018147797,19.0404018147797,19.0404018147797,19.0404018147797,19.0404018147797
442,"LUX","Luxembourg",NA,NA,NA,NA,NA,NA,NA,NA,NA,NA,NA,NA,NA,NA,NA,NA,NA,NA,NA,NA,NA,NA,NA,NA,NA,NA
446,"MAC","Macao",NA,NA,NA,NA,NA,NA,NA,NA,NA,NA,NA,NA,NA,NA,NA,NA,NA,NA,NA,NA,NA,NA,NA,NA,NA,NA
450,"MDG","Madagascar",9.88868275435075,9.88868275435075,9.88868275435075,9.88868275435075,9.88868275435075,9.88868275435075,9.88868275435075,9.88868275435075,9.88868275435075,9.88868275435075,9.88868275435075,9.88868275435075,9.88868275435075,9.88868275435075,9.88868275435075,9.88868275435075,9.88868275435075,9.88868275435075,9.88868275435075,9.88868275435075,9.88868275435075,9.88868275435075,9.88868275435075,9.88868275435075,9.88868275435075,9.88868275435075
454,"MWI","Malawi",NA,NA,NA,NA,NA,NA,NA,NA,NA,NA,NA,NA,NA,NA,NA,NA,NA,NA,NA,NA,NA,NA,NA,NA,NA,NA
458,"MYS","Malaysia",NA,NA,NA,NA,NA,NA,NA,NA,NA,NA,NA,NA,NA,NA,NA,NA,NA,NA,NA,NA,NA,NA,NA,NA,NA,NA
462,"MDV","Maldives",39.0033234773549,39.0033234773549,39.0033234773549,39.0033234773549,39.0033234773549,39.0033234773549,39.0033234773549,39.0033234773549,39.0033234773549,39.0033234773549,39.0033234773549,39.0033234773549,39.0033234773549,39.0033234773549,39.0033234773549,39.0033234773549,39.0033234773549,39.0033234773549,39.0033234773549,39.0033234773549,39.0033234773549,39.0033234773549,39.0033234773549,39.0033234773549,39.0033234773549,39.0033234773549
466,"MLI","Mali",NA,NA,NA,NA,NA,NA,NA,NA,NA,NA,NA,NA,NA,NA,NA,NA,NA,NA,NA,NA,NA,NA,NA,NA,NA,NA
470,"MLT","Malta",7.82972235384622,7.82972235384622,7.82972235384622,7.82972235384622,7.82972235384622,7.82972235384622,7.82972235384622,7.82972235384622,7.82972235384622,7.82972235384622,7.82972235384622,7.82972235384622,7.82972235384622,7.82972235384622,7.82972235384622,7.82972235384622,7.82972235384622,7.82972235384622,7.82972235384622,7.82972235384622,7.82972235384622,7.82972235384622,7.82972235384622,7.82972235384622,7.82972235384622,7.82972235384622
584,"MHL","Marshall Islands",NA,NA,NA,NA,NA,NA,NA,NA,NA,NA,NA,NA,NA,NA,NA,NA,NA,NA,NA,NA,NA,NA,NA,NA,NA,NA
478,"MRT","Mauritania",4.23249669007079,4.23249669007079,4.23249669007079,4.23249669007079,4.23249669007079,4.23249669007079,4.23249669007079,4.23249669007079,4.23249669007079,4.23249669007079,4.23249669007079,4.23249669007079,4.23249669007079,4.23249669007079,4.23249669007079,4.23249669007079,4.23249669007079,4.23249669007079,4.23249669007079,4.23249669007079,4.23249669007079,4.23249669007079,4.23249669007079,4.23249669007079,4.23249669007079,4.23249669007079
480,"MUS","Mauritius",25.4475100155995,25.4475100155995,25.4475100155995,25.4475100155995,25.4475100155995,25.4475100155995,25.4475100155995,25.4475100155995,25.4475100155995,25.4475100155995,25.4475100155995,25.4475100155995,25.4475100155995,25.4475100155995,25.4475100155995,25.4475100155995,25.4475100155995,25.4475100155995,25.4475100155995,25.4475100155995,25.4475100155995,25.4475100155995,25.4475100155995,25.4475100155995,25.4475100155995,25.4475100155995
484,"MEX","Mexico",18.3851851700865,18.3851851700865,18.3851851700865,18.3851851700865,18.3851851700865,18.3851851700865,18.3851851700865,18.3851851700865,18.3851851700865,18.3851851700865,18.3851851700865,18.3851851700865,18.3851851700865,18.3851851700865,18.3851851700865,18.3851851700865,18.3851851700865,18.3851851700865,18.3851851700865,18.3851851700865,18.3851851700865,18.3851851700865,18.3851851700865,18.3851851700865,18.3851851700865,18.3851851700865
583,"FSM","Micronesia",NA,NA,NA,NA,NA,NA,NA,NA,NA,NA,NA,NA,NA,NA,NA,NA,NA,NA,NA,NA,NA,NA,NA,NA,NA,NA
498,"MDA","Moldova",NA,NA,NA,NA,NA,NA,NA,NA,NA,NA,NA,NA,NA,NA,NA,NA,NA,NA,NA,NA,NA,NA,NA,NA,NA,NA
492,"MCO","Monaco",NA,NA,NA,NA,NA,NA,NA,NA,NA,NA,NA,NA,NA,NA,NA,NA,NA,NA,NA,NA,NA,NA,NA,NA,NA,NA
496,"MNG","Mongolia",NA,NA,NA,NA,NA,NA,NA,NA,NA,NA,NA,NA,NA,NA,NA,NA,NA,NA,NA,NA,NA,NA,NA,NA,NA,NA
499,"MNE","Montenegro",9.12644183810477,9.12644183810477,9.12644183810477,9.12644183810477,9.12644183810477,9.12644183810477,9.12644183810477,9.12644183810477,9.12644183810477,9.12644183810477,9.12644183810477,9.12644183810477,9.12644183810477,9.12644183810477,9.12644183810477,9.12644183810477,9.12644183810477,9.12644183810477,9.12644183810477,9.12644183810477,9.12644183810477,9.12644183810477,9.12644183810477,9.12644183810477,9.12644183810477,9.12644183810477
504,"MAR","Morocco",23.0449388048011,23.0449388048011,23.0449388048011,23.0449388048011,23.0449388048011,23.0449388048011,23.0449388048011,23.0449388048011,23.0449388048011,23.0449388048011,23.0449388048011,23.0449388048011,23.0449388048011,23.0449388048011,23.0449388048011,23.0449388048011,23.0449388048011,23.0449388048011,23.0449388048011,23.0449388048011,23.0449388048011,23.0449388048011,23.0449388048011,23.0449388048011,23.0449388048011,23.0449388048011
508,"MOZ","Mozambique",20.2136396063004,20.2136396063004,20.2136396063004,20.2136396063004,20.2136396063004,20.2136396063004,20.2136396063004,20.2136396063004,20.2136396063004,20.2136396063004,20.2136396063004,20.2136396063004,20.2136396063004,20.2136396063004,20.2136396063004,20.2136396063004,20.2136396063004,20.2136396063004,20.2136396063004,20.2136396063004,20.2136396063004,20.2136396063004,20.2136396063004,20.2136396063004,20.2136396063004,20.2136396063004
104,"MMR","Myanmar",9.45710996322292,9.45710996322292,9.45710996322292,9.45710996322292,9.45710996322292,9.45710996322292,9.45710996322292,9.45710996322292,9.45710996322292,9.45710996322292,9.45710996322292,9.45710996322292,9.45710996322292,9.45710996322292,9.45710996322292,9.45710996322292,9.45710996322292,9.45710996322292,9.45710996322292,9.45710996322292,9.45710996322292,9.45710996322292,9.45710996322292,9.45710996322292,9.45710996322292,9.45710996322292
516,"NAM","Namibia",7.78928495007852,7.78928495007852,7.78928495007852,7.78928495007852,7.78928495007852,7.78928495007852,7.78928495007852,7.78928495007852,7.78928495007852,7.78928495007852,7.78928495007852,7.78928495007852,7.78928495007852,7.78928495007852,7.78928495007852,7.78928495007852,7.78928495007852,7.78928495007852,7.78928495007852,7.78928495007852,7.78928495007852,7.78928495007852,7.78928495007852,7.78928495007852,7.78928495007852,7.78928495007852
520,"NRU","Nauru",NA,NA,NA,NA,NA,NA,NA,NA,NA,NA,NA,NA,NA,NA,NA,NA,NA,NA,NA,NA,NA,NA,NA,NA,NA,NA
524,"NPL","Nepal",NA,NA,NA,NA,NA,NA,NA,NA,NA,NA,NA,NA,NA,NA,NA,NA,NA,NA,NA,NA,NA,NA,NA,NA,NA,NA
528,"NLD","Netherlands",28.6495526850805,28.6495526850805,28.6495526850805,28.6495526850805,28.6495526850805,28.6495526850805,28.6495526850805,28.6495526850805,28.6495526850805,28.6495526850805,28.6495526850805,28.6495526850805,28.6495526850805,28.6495526850805,28.6495526850805,28.6495526850805,28.6495526850805,28.6495526850805,28.6495526850805,28.6495526850805,28.6495526850805,28.6495526850805,28.6495526850805,28.6495526850805,28.6495526850805,28.6495526850805
540,"NCL","New Caledonia",NA,NA,NA,NA,NA,NA,NA,NA,NA,NA,NA,NA,NA,NA,NA,NA,NA,NA,NA,NA,NA,NA,NA,NA,NA,NA
554,"NZL","New Zealand",NA,NA,NA,NA,NA,NA,NA,NA,NA,NA,NA,NA,NA,NA,NA,NA,NA,NA,NA,NA,NA,NA,NA,NA,NA,NA
558,"NIC","Nicaragua",12.9207146373411,12.9207146373411,12.9207146373411,12.9207146373411,12.9207146373411,12.9207146373411,12.9207146373411,12.9207146373411,12.9207146373411,12.9207146373411,12.9207146373411,12.9207146373411,12.9207146373411,12.9207146373411,12.9207146373411,12.9207146373411,12.9207146373411,12.9207146373411,12.9207146373411,12.9207146373411,12.9207146373411,12.9207146373411,12.9207146373411,12.9207146373411,12.9207146373411,12.9207146373411
562,"NER","Niger",NA,NA,NA,NA,NA,NA,NA,NA,NA,NA,NA,NA,NA,NA,NA,NA,NA,NA,NA,NA,NA,NA,NA,NA,NA,NA
566,"NGA","Nigeria",6.28855420098213,6.28855420098213,6.28855420098213,6.28855420098213,6.28855420098213,6.28855420098213,6.28855420098213,6.28855420098213,6.28855420098213,6.28855420098213,6.28855420098213,6.28855420098213,6.28855420098213,6.28855420098213,6.28855420098213,6.28855420098213,6.28855420098213,6.28855420098213,6.28855420098213,6.28855420098213,6.28855420098213,6.28855420098213,6.28855420098213,6.28855420098213,6.28855420098213,6.28855420098213
570,"NIU","Niue",NA,NA,NA,NA,NA,NA,NA,NA,NA,NA,NA,NA,NA,NA,NA,NA,NA,NA,NA,NA,NA,NA,NA,NA,NA,NA
408,"PRK","North Korea",88.3278943718316,88.3278943718316,88.3278943718316,88.3278943718316,88.3278943718316,88.3278943718316,88.3278943718316,88.3278943718316,88.3278943718316,88.3278943718316,88.3278943718316,88.3278943718316,88.3278943718316,88.3278943718316,88.3278943718316,88.3278943718316,88.3278943718316,88.3278943718316,88.3278943718316,88.3278943718316,88.3278943718316,88.3278943718316,88.3278943718316,88.3278943718316,88.3278943718316,88.3278943718316
807,"MKD","North Macedonia",NA,NA,NA,NA,NA,NA,NA,NA,NA,NA,NA,NA,NA,NA,NA,NA,NA,NA,NA,NA,NA,NA,NA,NA,NA,NA
578,"NOR","Norway",NA,NA,NA,NA,NA,NA,NA,NA,NA,NA,NA,NA,NA,NA,NA,NA,NA,NA,NA,NA,NA,NA,NA,NA,NA,NA
512,"OMN","Oman",23.2197582603069,23.2197582603069,23.2197582603069,23.2197582603069,23.2197582603069,23.2197582603069,23.2197582603069,23.2197582603069,23.2197582603069,23.2197582603069,23.2197582603069,23.2197582603069,23.2197582603069,23.2197582603069,23.2197582603069,23.2197582603069,23.2197582603069,23.2197582603069,23.2197582603069,23.2197582603069,23.2197582603069,23.2197582603069,23.2197582603069,23.2197582603069,23.2197582603069,23.2197582603069
586,"PAK","Pakistan",9.08954867013396,9.08954867013396,9.08954867013396,9.08954867013396,9.08954867013396,9.08954867013396,9.08954867013396,9.08954867013396,9.08954867013396,9.08954867013396,9.08954867013396,9.08954867013396,9.08954867013396,9.08954867013396,9.08954867013396,9.08954867013396,9.08954867013396,9.08954867013396,9.08954867013396,9.08954867013396,9.08954867013396,9.08954867013396,9.08954867013396,9.08954867013396,9.08954867013396,9.08954867013396
585,"PLW","Palau",37.9625359450807,37.9625359450807,37.9625359450807,37.9625359450807,37.9625359450807,37.9625359450807,37.9625359450807,37.9625359450807,37.9625359450807,37.9625359450807,37.9625359450807,37.9625359450807,37.9625359450807,37.9625359450807,37.9625359450807,37.9625359450807,37.9625359450807,37.9625359450807,37.9625359450807,37.9625359450807,37.9625359450807,37.9625359450807,37.9625359450807,37.9625359450807,37.9625359450807,37.9625359450807
591,"PAN","Panama",11.9099705027222,11.9099705027222,11.9099705027222,11.9099705027222,11.9099705027222,11.9099705027222,11.9099705027222,11.9099705027222,11.9099705027222,11.9099705027222,11.9099705027222,11.9099705027222,11.9099705027222,11.9099705027222,11.9099705027222,11.9099705027222,11.9099705027222,11.9099705027222,11.9099705027222,11.9099705027222,11.9099705027222,11.9099705027222,11.9099705027222,11.9099705027222,11.9099705027222,11.9099705027222
598,"PNG","Papua New Guinea",5.79386764603962,5.79386764603962,5.79386764603962,5.79386764603962,5.79386764603962,5.79386764603962,5.79386764603962,5.79386764603962,5.79386764603962,5.79386764603962,5.79386764603962,5.79386764603962,5.79386764603962,5.79386764603962,5.79386764603962,5.79386764603962,5.79386764603962,5.79386764603962,5.79386764603962,5.79386764603962,5.79386764603962,5.79386764603962,5.79386764603962,5.79386764603962,5.79386764603962,5.79386764603962
600,"PRY","Paraguay",NA,NA,NA,NA,NA,NA,NA,NA,NA,NA,NA,NA,NA,NA,NA,NA,NA,NA,NA,NA,NA,NA,NA,NA,NA,NA
604,"PER","Peru",8.10178644423385,8.10178644423385,8.10178644423385,8.10178644423385,8.10178644423385,8.10178644423385,8.10178644423385,8.10178644423385,8.10178644423385,8.10178644423385,8.10178644423385,8.10178644423385,8.10178644423385,8.10178644423385,8.10178644423385,8.10178644423385,8.10178644423385,8.10178644423385,8.10178644423385,8.10178644423385,8.10178644423385,8.10178644423385,8.10178644423385,8.10178644423385,8.10178644423385,8.10178644423385
608,"PHL","Philippines",10.2327761342821,10.2327761342821,10.2327761342821,10.2327761342821,10.2327761342821,10.2327761342821,10.2327761342821,10.2327761342821,10.2327761342821,10.2327761342821,10.2327761342821,10.2327761342821,10.2327761342821,10.2327761342821,10.2327761342821,10.2327761342821,10.2327761342821,10.2327761342821,10.2327761342821,10.2327761342821,10.2327761342821,10.2327761342821,10.2327761342821,10.2327761342821,10.2327761342821,10.2327761342821
616,"POL","Poland",17.2505865299388,17.2505865299388,17.2505865299388,17.2505865299388,17.2505865299388,17.2505865299388,17.2505865299388,17.2505865299388,17.2505865299388,17.2505865299388,17.2505865299388,17.2505865299388,17.2505865299388,17.2505865299388,17.2505865299388,17.2505865299388,17.2505865299388,17.2505865299388,17.2505865299388,17.2505865299388,17.2505865299388,17.2505865299388,17.2505865299388,17.2505865299388,17.2505865299388,17.2505865299388
620,"PRT","Portugal",45.5686532112184,45.5686532112184,45.5686532112184,45.5686532112184,45.5686532112184,45.5686532112184,45.5686532112184,45.5686532112184,45.5686532112184,45.5686532112184,45.5686532112184,45.5686532112184,45.5686532112184,45.5686532112184,45.5686532112184,45.5686532112184,45.5686532112184,45.5686532112184,45.5686532112184,45.5686532112184,45.5686532112184,45.5686532112184,45.5686532112184,45.5686532112184,45.5686532112184,45.5686532112184
634,"QAT","Qatar",6.40492265487778,6.40492265487778,6.40492265487778,6.40492265487778,6.40492265487778,6.40492265487778,6.40492265487778,6.40492265487778,6.40492265487778,6.40492265487778,6.40492265487778,6.40492265487778,6.40492265487778,6.40492265487778,6.40492265487778,6.40492265487778,6.40492265487778,6.40492265487778,6.40492265487778,6.40492265487778,6.40492265487778,6.40492265487778,6.40492265487778,6.40492265487778,6.40492265487778,6.40492265487778
178,"COG","Republic of Congo",11.3680703297475,11.3680703297475,11.3680703297475,11.3680703297475,11.3680703297475,11.3680703297475,11.3680703297475,11.3680703297475,11.3680703297475,11.3680703297475,11.3680703297475,11.3680703297475,11.3680703297475,11.3680703297475,11.3680703297475,11.3680703297475,11.3680703297475,11.3680703297475,11.3680703297475,11.3680703297475,11.3680703297475,11.3680703297475,11.3680703297475,11.3680703297475,11.3680703297475,11.3680703297475
642,"ROU","Romania",99.9999999999998,99.9999999999998,99.9999999999998,99.9999999999998,99.9999999999998,99.9999999999998,99.9999999999998,99.9999999999998,99.9999999999998,99.9999999999998,99.9999999999998,99.9999999999998,99.9999999999998,99.9999999999998,99.9999999999998,99.9999999999998,99.9999999999998,99.9999999999998,99.9999999999998,99.9999999999998,99.9999999999998,99.9999999999998,99.9999999999998,99.9999999999998,99.9999999999998,99.9999999999998
643,"RUS","Russia",6.62405494615396,6.62405494615396,6.62405494615396,6.62405494615396,6.62405494615396,6.62405494615396,6.62405494615396,6.62405494615396,6.62405494615396,6.62405494615396,6.62405494615396,6.62405494615396,6.62405494615396,6.62405494615396,6.62405494615396,6.62405494615396,6.62405494615396,6.62405494615396,6.62405494615396,6.62405494615396,6.62405494615396,6.62405494615396,6.62405494615396,6.62405494615396,6.62405494615396,6.62405494615396
646,"RWA","Rwanda",NA,NA,NA,NA,NA,NA,NA,NA,NA,NA,NA,NA,NA,NA,NA,NA,NA,NA,NA,NA,NA,NA,NA,NA,NA,NA
652,"BLM","Saint Barthelemy",NA,NA,NA,NA,NA,NA,NA,NA,NA,NA,NA,NA,NA,NA,NA,NA,NA,NA,NA,NA,NA,NA,NA,NA,NA,NA
659,"KNA","Saint Kitts and Nevis",15.8632971498398,15.8632971498398,15.8632971498398,15.8632971498398,15.8632971498398,15.8632971498398,15.8632971498398,15.8632971498398,15.8632971498398,15.8632971498398,15.8632971498398,15.8632971498398,15.8632971498398,15.8632971498398,15.8632971498398,15.8632971498398,15.8632971498398,15.8632971498398,15.8632971498398,15.8632971498398,15.8632971498398,15.8632971498398,15.8632971498398,15.8632971498398,15.8632971498398,15.8632971498398
662,"LCA","Saint Lucia",16.233905970587,16.233905970587,16.233905970587,16.233905970587,16.233905970587,16.233905970587,16.233905970587,16.233905970587,16.233905970587,16.233905970587,16.233905970587,16.233905970587,16.233905970587,16.233905970587,16.233905970587,16.233905970587,16.233905970587,16.233905970587,16.233905970587,16.233905970587,16.233905970587,16.233905970587,16.233905970587,16.233905970587,16.233905970587,16.233905970587
670,"VCT","Saint Vincent and the Grenadines",18.5361235407467,18.5361235407467,18.5361235407467,18.5361235407467,18.5361235407467,18.5361235407467,18.5361235407467,18.5361235407467,18.5361235407467,18.5361235407467,18.5361235407467,18.5361235407467,18.5361235407467,18.5361235407467,18.5361235407467,18.5361235407467,18.5361235407467,18.5361235407467,18.5361235407467,18.5361235407467,18.5361235407467,18.5361235407467,18.5361235407467,18.5361235407467,18.5361235407467,18.5361235407467
882,"WSM","Samoa",99.9999999999998,99.9999999999998,99.9999999999998,99.9999999999998,99.9999999999998,99.9999999999998,99.9999999999998,99.9999999999998,99.9999999999998,99.9999999999998,99.9999999999998,99.9999999999998,99.9999999999998,99.9999999999998,99.9999999999998,99.9999999999998,99.9999999999998,99.9999999999998,99.9999999999998,99.9999999999998,99.9999999999998,99.9999999999998,99.9999999999998,99.9999999999998,99.9999999999998,99.9999999999998
674,"SMR","San Marino",NA,NA,NA,NA,NA,NA,NA,NA,NA,NA,NA,NA,NA,NA,NA,NA,NA,NA,NA,NA,NA,NA,NA,NA,NA,NA
678,"STP","Sao Tome and Principe",14.4889613065357,14.4889613065357,14.4889613065357,14.4889613065357,14.4889613065357,14.4889613065357,14.4889613065357,14.4889613065357,14.4889613065357,14.4889613065357,14.4889613065357,14.4889613065357,14.4889613065357,14.4889613065357,14.4889613065357,14.4889613065357,14.4889613065357,14.4889613065357,14.4889613065357,14.4889613065357,14.4889613065357,14.4889613065357,14.4889613065357,14.4889613065357,14.4889613065357,14.4889613065357
682,"SAU","Saudi Arabia",24.7291105165711,24.7291105165711,24.7291105165711,24.7291105165711,24.7291105165711,24.7291105165711,24.7291105165711,24.7291105165711,24.7291105165711,24.7291105165711,24.7291105165711,24.7291105165711,24.7291105165711,24.7291105165711,24.7291105165711,24.7291105165711,24.7291105165711,24.7291105165711,24.7291105165711,24.7291105165711,24.7291105165711,24.7291105165711,24.7291105165711,24.7291105165711,24.7291105165711,24.7291105165711
686,"SEN","Senegal",20.6003004140832,20.6003004140832,20.6003004140832,20.6003004140832,20.6003004140832,20.6003004140832,20.6003004140832,20.6003004140832,20.6003004140832,20.6003004140832,20.6003004140832,20.6003004140832,20.6003004140832,20.6003004140832,20.6003004140832,20.6003004140832,20.6003004140832,20.6003004140832,20.6003004140832,20.6003004140832,20.6003004140832,20.6003004140832,20.6003004140832,20.6003004140832,20.6003004140832,20.6003004140832
688,"SRB","Serbia",NA,NA,NA,NA,NA,NA,NA,NA,NA,NA,NA,NA,NA,NA,NA,NA,NA,NA,NA,NA,NA,NA,NA,NA,NA,NA
690,"SYC","Seychelles",27.2223324944915,27.2223324944915,27.2223324944915,27.2223324944915,27.2223324944915,27.2223324944915,27.2223324944915,27.2223324944915,27.2223324944915,27.2223324944915,27.2223324944915,27.2223324944915,27.2223324944915,27.2223324944915,27.2223324944915,27.2223324944915,27.2223324944915,27.2223324944915,27.2223324944915,27.2223324944915,27.2223324944915,27.2223324944915,27.2223324944915,27.2223324944915,27.2223324944915,27.2223324944915
694,"SLE","Sierra Leone",6.36455565352766,6.36455565352766,6.36455565352766,6.36455565352766,6.36455565352766,6.36455565352766,6.36455565352766,6.36455565352766,6.36455565352766,6.36455565352766,6.36455565352766,6.36455565352766,6.36455565352766,6.36455565352766,6.36455565352766,6.36455565352766,6.36455565352766,6.36455565352766,6.36455565352766,6.36455565352766,6.36455565352766,6.36455565352766,6.36455565352766,6.36455565352766,6.36455565352766,6.36455565352766
702,"SGP","Singapore",46.8281356705719,46.8281356705719,46.8281356705719,46.8281356705719,46.8281356705719,46.8281356705719,46.8281356705719,46.8281356705719,46.8281356705719,46.8281356705719,46.8281356705719,46.8281356705719,46.8281356705719,46.8281356705719,46.8281356705719,46.8281356705719,46.8281356705719,46.8281356705719,46.8281356705719,46.8281356705719,46.8281356705719,46.8281356705719,46.8281356705719,46.8281356705719,46.8281356705719,46.8281356705719
534,"SXM","Sint Maarten",NA,NA,NA,NA,NA,NA,NA,NA,NA,NA,NA,NA,NA,NA,NA,NA,NA,NA,NA,NA,NA,NA,NA,NA,NA,NA
703,"SVK","Slovakia",NA,NA,NA,NA,NA,NA,NA,NA,NA,NA,NA,NA,NA,NA,NA,NA,NA,NA,NA,NA,NA,NA,NA,NA,NA,NA
705,"SVN","Slovenia",NA,NA,NA,NA,NA,NA,NA,NA,NA,NA,NA,NA,NA,NA,NA,NA,NA,NA,NA,NA,NA,NA,NA,NA,NA,NA
90,"SLB","Solomon Islands",18.7288900753088,18.7288900753088,18.7288900753088,18.7288900753088,18.7288900753088,18.7288900753088,18.7288900753088,18.7288900753088,18.7288900753088,18.7288900753088,18.7288900753088,18.7288900753088,18.7288900753088,18.7288900753088,18.7288900753088,18.7288900753088,18.7288900753088,18.7288900753088,18.7288900753088,18.7288900753088,18.7288900753088,18.7288900753088,18.7288900753088,18.7288900753088,18.7288900753088,18.7288900753088
706,"SOM","Somalia",5.88701755887334,5.88701755887334,5.88701755887334,5.88701755887334,5.88701755887334,5.88701755887334,5.88701755887334,5.88701755887334,5.88701755887334,5.88701755887334,5.88701755887334,5.88701755887334,5.88701755887334,5.88701755887334,5.88701755887334,5.88701755887334,5.88701755887334,5.88701755887334,5.88701755887334,5.88701755887334,5.88701755887334,5.88701755887334,5.88701755887334,5.88701755887334,5.88701755887334,5.88701755887334
710,"ZAF","South Africa",NA,NA,NA,NA,NA,NA,NA,NA,NA,NA,NA,NA,NA,NA,NA,NA,NA,NA,NA,NA,NA,NA,NA,NA,NA,NA
410,"KOR","South Korea",11.6392935419263,11.6392935419263,11.6392935419263,11.6392935419263,11.6392935419263,11.6392935419263,11.6392935419263,11.6392935419263,11.6392935419263,11.6392935419263,11.6392935419263,11.6392935419263,11.6392935419263,11.6392935419263,11.6392935419263,11.6392935419263,11.6392935419263,11.6392935419263,11.6392935419263,11.6392935419263,11.6392935419263,11.6392935419263,11.6392935419263,11.6392935419263,11.6392935419263,11.6392935419263
728,"SSD","South Sudan",NA,NA,NA,NA,NA,NA,NA,NA,NA,NA,NA,NA,NA,NA,NA,NA,NA,NA,NA,NA,NA,NA,NA,NA,NA,NA
724,"ESP","Spain",35.9777359362154,35.9777359362154,35.9777359362154,35.9777359362154,35.9777359362154,35.9777359362154,35.9777359362154,35.9777359362154,35.9777359362154,35.9777359362154,35.9777359362154,35.9777359362154,35.9777359362154,35.9777359362154,35.9777359362154,35.9777359362154,35.9777359362154,35.9777359362154,35.9777359362154,35.9777359362154,35.9777359362154,35.9777359362154,35.9777359362154,35.9777359362154,35.9777359362154,35.9777359362154
144,"LKA","Sri Lanka",14.8364895149748,14.8364895149748,14.8364895149748,14.8364895149748,14.8364895149748,14.8364895149748,14.8364895149748,14.8364895149748,14.8364895149748,14.8364895149748,14.8364895149748,14.8364895149748,14.8364895149748,14.8364895149748,14.8364895149748,14.8364895149748,14.8364895149748,14.8364895149748,14.8364895149748,14.8364895149748,14.8364895149748,14.8364895149748,14.8364895149748,14.8364895149748,14.8364895149748,14.8364895149748
275,"PSE","State of Palestine",NA,NA,NA,NA,NA,NA,NA,NA,NA,NA,NA,NA,NA,NA,NA,NA,NA,NA,NA,NA,NA,NA,NA,NA,NA,NA
729,"SDN","Sudan",11.7490789102282,11.7490789102282,11.7490789102282,11.7490789102282,11.7490789102282,11.7490789102282,11.7490789102282,11.7490789102282,11.7490789102282,11.7490789102282,11.7490789102282,11.7490789102282,11.7490789102282,11.7490789102282,11.7490789102282,11.7490789102282,11.7490789102282,11.7490789102282,11.7490789102282,11.7490789102282,11.7490789102282,11.7490789102282,11.7490789102282,11.7490789102282,11.7490789102282,11.7490789102282
740,"SUR","Suriname",24.8378232645607,24.8378232645607,24.8378232645607,24.8378232645607,24.8378232645607,24.8378232645607,24.8378232645607,24.8378232645607,24.8378232645607,24.8378232645607,24.8378232645607,24.8378232645607,24.8378232645607,24.8378232645607,24.8378232645607,24.8378232645607,24.8378232645607,24.8378232645607,24.8378232645607,24.8378232645607,24.8378232645607,24.8378232645607,24.8378232645607,24.8378232645607,24.8378232645607,24.8378232645607
752,"SWE","Sweden",24.1650671208248,24.1650671208248,24.1650671208248,24.1650671208248,24.1650671208248,24.1650671208248,24.1650671208248,24.1650671208248,24.1650671208248,24.1650671208248,24.1650671208248,24.1650671208248,24.1650671208248,24.1650671208248,24.1650671208248,24.1650671208248,24.1650671208248,24.1650671208248,24.1650671208248,24.1650671208248,24.1650671208248,24.1650671208248,24.1650671208248,24.1650671208248,24.1650671208248,24.1650671208248
756,"CHE","Switzerland",NA,NA,NA,NA,NA,NA,NA,NA,NA,NA,NA,NA,NA,NA,NA,NA,NA,NA,NA,NA,NA,NA,NA,NA,NA,NA
760,"SYR","Syria",26.0593030264531,26.0593030264531,26.0593030264531,26.0593030264531,26.0593030264531,26.0593030264531,26.0593030264531,26.0593030264531,26.0593030264531,26.0593030264531,26.0593030264531,26.0593030264531,26.0593030264531,26.0593030264531,26.0593030264531,26.0593030264531,26.0593030264531,26.0593030264531,26.0593030264531,26.0593030264531,26.0593030264531,26.0593030264531,26.0593030264531,26.0593030264531,26.0593030264531,26.0593030264531
158,"TWN","Taiwan",15.8317117786611,15.8317117786611,15.8317117786611,15.8317117786611,15.8317117786611,15.8317117786611,15.8317117786611,15.8317117786611,15.8317117786611,15.8317117786611,15.8317117786611,15.8317117786611,15.8317117786611,15.8317117786611,15.8317117786611,15.8317117786611,15.8317117786611,15.8317117786611,15.8317117786611,15.8317117786611,15.8317117786611,15.8317117786611,15.8317117786611,15.8317117786611,15.8317117786611,15.8317117786611
762,"TJK","Tajikistan",NA,NA,NA,NA,NA,NA,NA,NA,NA,NA,NA,NA,NA,NA,NA,NA,NA,NA,NA,NA,NA,NA,NA,NA,NA,NA
834,"TZA","Tanzania",12.0769127244267,12.0769127244267,12.0769127244267,12.0769127244267,12.0769127244267,12.0769127244267,12.0769127244267,12.0769127244267,12.0769127244267,12.0769127244267,12.0769127244267,12.0769127244267,12.0769127244267,12.0769127244267,12.0769127244267,12.0769127244267,12.0769127244267,12.0769127244267,12.0769127244267,12.0769127244267,12.0769127244267,12.0769127244267,12.0769127244267,12.0769127244267,12.0769127244267,12.0769127244267
764,"THA","Thailand",23.6683572681057,23.6683572681057,23.6683572681057,23.6683572681057,23.6683572681057,23.6683572681057,23.6683572681057,23.6683572681057,23.6683572681057,23.6683572681057,23.6683572681057,23.6683572681057,23.6683572681057,23.6683572681057,23.6683572681057,23.6683572681057,23.6683572681057,23.6683572681057,23.6683572681057,23.6683572681057,23.6683572681057,23.6683572681057,23.6683572681057,23.6683572681057,23.6683572681057,23.6683572681057
626,"TLS","Timor-Leste",29.2928191255496,29.2928191255496,29.2928191255496,29.2928191255496,29.2928191255496,29.2928191255496,29.2928191255496,29.2928191255496,29.2928191255496,29.2928191255496,29.2928191255496,29.2928191255496,29.2928191255496,29.2928191255496,29.2928191255496,29.2928191255496,29.2928191255496,29.2928191255496,29.2928191255496,29.2928191255496,29.2928191255496,29.2928191255496,29.2928191255496,29.2928191255496,29.2928191255496,29.2928191255496
768,"TGO","Togo",11.1422649648363,11.1422649648363,11.1422649648363,11.1422649648363,11.1422649648363,11.1422649648363,11.1422649648363,11.1422649648363,11.1422649648363,11.1422649648363,11.1422649648363,11.1422649648363,11.1422649648363,11.1422649648363,11.1422649648363,11.1422649648363,11.1422649648363,11.1422649648363,11.1422649648363,11.1422649648363,11.1422649648363,11.1422649648363,11.1422649648363,11.1422649648363,11.1422649648363,11.1422649648363
776,"TON","Tonga",58.551068230441,58.551068230441,58.551068230441,58.551068230441,58.551068230441,58.551068230441,58.551068230441,58.551068230441,58.551068230441,58.551068230441,58.551068230441,58.551068230441,58.551068230441,58.551068230441,58.551068230441,58.551068230441,58.551068230441,58.551068230441,58.551068230441,58.551068230441,58.551068230441,58.551068230441,58.551068230441,58.551068230441,58.551068230441,58.551068230441
780,"TTO","Trinidad and Tobago",18.2516254325401,18.2516254325401,18.2516254325401,18.2516254325401,18.2516254325401,18.2516254325401,18.2516254325401,18.2516254325401,18.2516254325401,18.2516254325401,18.2516254325401,18.2516254325401,18.2516254325401,18.2516254325401,18.2516254325401,18.2516254325401,18.2516254325401,18.2516254325401,18.2516254325401,18.2516254325401,18.2516254325401,18.2516254325401,18.2516254325401,18.2516254325401,18.2516254325401,18.2516254325401
788,"TUN","Tunisia",11.928669787598,11.928669787598,11.928669787598,11.928669787598,11.928669787598,11.928669787598,11.928669787598,11.928669787598,11.928669787598,11.928669787598,11.928669787598,11.928669787598,11.928669787598,11.928669787598,11.928669787598,11.928669787598,11.928669787598,11.928669787598,11.928669787598,11.928669787598,11.928669787598,11.928669787598,11.928669787598,11.928669787598,11.928669787598,11.928669787598
792,"TUR","Turkey",22.3404178829479,22.3404178829479,22.3404178829479,22.3404178829479,22.3404178829479,22.3404178829479,22.3404178829479,22.3404178829479,22.3404178829479,22.3404178829479,22.3404178829479,22.3404178829479,22.3404178829479,22.3404178829479,22.3404178829479,22.3404178829479,22.3404178829479,22.3404178829479,22.3404178829479,22.3404178829479,22.3404178829479,22.3404178829479,22.3404178829479,22.3404178829479,22.3404178829479,22.3404178829479
795,"TKM","Turkmenistan",NA,NA,NA,NA,NA,NA,NA,NA,NA,NA,NA,NA,NA,NA,NA,NA,NA,NA,NA,NA,NA,NA,NA,NA,NA,NA
796,"TCA","Turks and Caicos Islands",NA,NA,NA,NA,NA,NA,NA,NA,NA,NA,NA,NA,NA,NA,NA,NA,NA,NA,NA,NA,NA,NA,NA,NA,NA,NA
798,"TUV","Tuvalu",3.64816410183086,3.64816410183086,3.64816410183086,3.64816410183086,3.64816410183086,3.64816410183086,3.64816410183086,3.64816410183086,3.64816410183086,3.64816410183086,3.64816410183086,3.64816410183086,3.64816410183086,3.64816410183086,3.64816410183086,3.64816410183086,3.64816410183086,3.64816410183086,3.64816410183086,3.64816410183086,3.64816410183086,3.64816410183086,3.64816410183086,3.64816410183086,3.64816410183086,3.64816410183086
800,"UGA","Uganda",NA,NA,NA,NA,NA,NA,NA,NA,NA,NA,NA,NA,NA,NA,NA,NA,NA,NA,NA,NA,NA,NA,NA,NA,NA,NA
804,"UKR","Ukraine",20.1350084780457,20.1350084780457,20.1350084780457,20.1350084780457,20.1350084780457,20.1350084780457,20.1350084780457,20.1350084780457,20.1350084780457,20.1350084780457,20.1350084780457,20.1350084780457,20.1350084780457,20.1350084780457,20.1350084780457,20.1350084780457,20.1350084780457,20.1350084780457,20.1350084780457,20.1350084780457,20.1350084780457,20.1350084780457,20.1350084780457,20.1350084780457,20.1350084780457,20.1350084780457
784,"ARE","United Arab Emirates",15.5906717799569,15.5906717799569,15.5906717799569,15.5906717799569,15.5906717799569,15.5906717799569,15.5906717799569,15.5906717799569,15.5906717799569,15.5906717799569,15.5906717799569,15.5906717799569,15.5906717799569,15.5906717799569,15.5906717799569,15.5906717799569,15.5906717799569,15.5906717799569,15.5906717799569,15.5906717799569,15.5906717799569,15.5906717799569,15.5906717799569,15.5906717799569,15.5906717799569,15.5906717799569
826,"GBR","United Kingdom",NA,NA,NA,NA,NA,NA,NA,NA,NA,NA,NA,NA,NA,NA,NA,NA,NA,NA,NA,NA,NA,NA,NA,NA,NA,NA
840,"USA","United States of America",NA,NA,NA,NA,NA,NA,NA,NA,NA,NA,NA,NA,NA,NA,NA,NA,NA,NA,NA,NA,NA,NA,NA,NA,NA,NA
858,"URY","Uruguay",5.92575533112594,5.92575533112594,5.92575533112594,5.92575533112594,5.92575533112594,5.92575533112594,5.92575533112594,5.92575533112594,5.92575533112594,5.92575533112594,5.92575533112594,5.92575533112594,5.92575533112594,5.92575533112594,5.92575533112594,5.92575533112594,5.92575533112594,5.92575533112594,5.92575533112594,5.92575533112594,5.92575533112594,5.92575533112594,5.92575533112594,5.92575533112594,5.92575533112594,5.92575533112594
860,"UZB","Uzbekistan",NA,NA,NA,NA,NA,NA,NA,NA,NA,NA,NA,NA,NA,NA,NA,NA,NA,NA,NA,NA,NA,NA,NA,NA,NA,NA
548,"VUT","Vanuatu",11.2184129809046,11.2184129809046,11.2184129809046,11.2184129809046,11.2184129809046,11.2184129809046,11.2184129809046,11.2184129809046,11.2184129809046,11.2184129809046,11.2184129809046,11.2184129809046,11.2184129809046,11.2184129809046,11.2184129809046,11.2184129809046,11.2184129809046,11.2184129809046,11.2184129809046,11.2184129809046,11.2184129809046,11.2184129809046,11.2184129809046,11.2184129809046,11.2184129809046,11.2184129809046
862,"VEN","Venezuela",19.8358933705544,19.8358933705544,19.8358933705544,19.8358933705544,19.8358933705544,19.8358933705544,19.8358933705544,19.8358933705544,19.8358933705544,19.8358933705544,19.8358933705544,19.8358933705544,19.8358933705544,19.8358933705544,19.8358933705544,19.8358933705544,19.8358933705544,19.8358933705544,19.8358933705544,19.8358933705544,19.8358933705544,19.8358933705544,19.8358933705544,19.8358933705544,19.8358933705544,19.8358933705544
704,"VNM","Viet Nam",4.61059791605793,4.61059791605793,4.61059791605793,4.61059791605793,4.61059791605793,4.61059791605793,4.61059791605793,4.61059791605793,4.61059791605793,4.61059791605793,4.61059791605793,4.61059791605793,4.61059791605793,4.61059791605793,4.61059791605793,4.61059791605793,4.61059791605793,4.61059791605793,4.61059791605793,4.61059791605793,4.61059791605793,4.61059791605793,4.61059791605793,4.61059791605793,4.61059791605793,4.61059791605793
876,"WLF","Wallis and Futuna Islands",NA,NA,NA,NA,NA,NA,NA,NA,NA,NA,NA,NA,NA,NA,NA,NA,NA,NA,NA,NA,NA,NA,NA,NA,NA,NA
732,"ESH","Western Sahara",NA,NA,NA,NA,NA,NA,NA,NA,NA,NA,NA,NA,NA,NA,NA,NA,NA,NA,NA,NA,NA,NA,NA,NA,NA,NA
887,"YEM","Yemen",16.3194495547702,16.3194495547702,16.3194495547702,16.3194495547702,16.3194495547702,16.3194495547702,16.3194495547702,16.3194495547702,16.3194495547702,16.3194495547702,16.3194495547702,16.3194495547702,16.3194495547702,16.3194495547702,16.3194495547702,16.3194495547702,16.3194495547702,16.3194495547702,16.3194495547702,16.3194495547702,16.3194495547702,16.3194495547702,16.3194495547702,16.3194495547702,16.3194495547702,16.3194495547702
894,"ZMB","Zambia",NA,NA,NA,NA,NA,NA,NA,NA,NA,NA,NA,NA,NA,NA,NA,NA,NA,NA,NA,NA,NA,NA,NA,NA,NA,NA
716,"ZWE","Zimbabwe",NA,NA,NA,NA,NA,NA,NA,NA,NA,NA,NA,NA,NA,NA,NA,NA,NA,NA,NA,NA,NA,NA,NA,NA,NA,NA
