"code","iso","country","SDA.ind.1995","SDA.ind.1996","SDA.ind.1997","SDA.ind.1998","SDA.ind.1999","SDA.ind.2000","SDA.ind.2001","SDA.ind.2002","SDA.ind.2003","SDA.ind.2004","SDA.ind.2005","SDA.ind.2006","SDA.ind.2007","SDA.ind.2008","SDA.ind.2009","SDA.ind.2010","SDA.ind.2011","SDA.ind.2012","SDA.ind.2013","SDA.ind.2014","SDA.ind.2015","SDA.ind.2016","SDA.ind.2017","SDA.ind.2018","SDA.ind.2019","SDA.ind.2020"
4,"AFG","Afghanistan",0,0,0,0,0,0,0,0,0,0,0,0,0,0,0,0,0,0,0,0,0,0,0,0,0,0
8,"ALB","Albania",100,100,100,100,100,100,66.0270103406454,40.8746015460975,23.3627597488065,12.358920673868,9.99740984383644,15.866231544213,49.0320051324165,95.7894521805496,100,100,100,100,100,100,100,100,100,100,100,100
12,"DZA","Algeria",74.5719297963007,74.5719297963007,74.5719297963007,74.5719297963007,74.5719297963007,73.3681693746184,73.2921970356523,61.0919195162602,52.301439267249,47.5374035010637,45.8762633961784,45.3613011869668,46.5582603688265,67.1835077648904,80.1395246092823,92.3228986596939,100,100,100,100,100,100,100,100,100,100
20,"AND","Andorra",NA,NA,NA,NA,NA,NA,NA,NA,NA,NA,NA,NA,NA,NA,NA,NA,NA,NA,NA,NA,NA,NA,NA,NA,NA,NA
24,"AGO","Angola",72.5528897975391,72.5528897975391,72.5528897975391,72.5528897975391,72.5528897975391,63.8462563306967,53.1536218208062,49.3508309634714,38.9108986542827,34.3574525224313,37.195647739763,30.4264975977095,26.9668953224298,26.5252152725492,14.2665712673707,6.32956383466812,1.10299110596023,4.51251923977485,0,5.16107539540209,5.16107539540209,5.16107539540209,5.16107539540209,5.16107539540209,5.16107539540209,5.16107539540209
660,"AIA","Anguilla",NA,NA,NA,NA,NA,NA,NA,NA,NA,NA,NA,NA,NA,NA,NA,NA,NA,NA,NA,NA,NA,NA,NA,NA,NA,NA
28,"ATG","Antigua and Barbuda",70.387214015986,70.387214015986,70.387214015986,70.387214015986,70.387214015986,74.3601357980103,78.5856631874623,75.2489313578073,71.2210599078942,68.0640009298729,66.0099945446641,64.5837073671297,60.453165153873,55.5713569401844,52.1080504670165,48.7282150407116,46.643478995483,39.7502886745586,32.2881072329053,28.2349754406005,28.2349754406005,28.2349754406005,28.2349754406005,28.2349754406005,28.2349754406005,28.2349754406005
32,"ARG","Argentina",71.3698440755791,71.3698440755791,71.3698440755791,71.3698440755791,71.3698440755791,76.5654147780213,84.048149248669,84.8076117625519,84.1131123713552,77.7839224164357,75.4866731736447,73.7835465205564,65.6150884008939,54.6239260148999,50.7378436167904,44.8782149185644,43.9510016471035,49.0550812745846,59.9056861698938,67.3077378925428,67.3077378925428,67.3077378925428,67.3077378925428,67.3077378925428,67.3077378925428,67.3077378925428
51,"ARM","Armenia",97.9701149315046,97.9701149315046,97.9701149315046,97.9701149315046,97.9701149315046,100,100,100,78.3525404883509,58.8052618319749,37.5370140874782,24.9166574999428,26.2332634527874,30.519398863767,39.8975112021246,53.015017544129,67.0291370696768,63.0242527856361,55.418736281477,50.5849451294517,50.5849451294517,50.5849451294517,50.5849451294517,50.5849451294517,50.5849451294517,50.5849451294517
533,"ABW","Aruba",81.7414208110685,81.7414208110685,81.7414208110685,81.7414208110685,81.7414208110685,51.4621315468926,19.7996195146097,0,0,0,0,0,3.84541627314486,27.7831379716997,68.5450841044652,69.8901224283308,64.8873567794646,88.4435771218205,100,100,100,100,100,100,100,100
36,"AUS","Australia",100,100,100,100,100,100,100,100,87.2997574085321,74.0017205944985,66.7605694026312,62.1646606281419,66.4888789856785,71.0982352671653,72.8453461222555,71.8261014846342,74.3688165489305,78.9819430449282,86.346105950659,92.3954343029189,92.3954343029189,92.3954343029189,92.3954343029189,92.3954343029189,92.3954343029189,92.3954343029189
40,"AUT","Austria",100,100,100,100,100,100,100,100,100,100,100,100,100,100,100,100,100,100,100,100,100,100,100,100,100,100
31,"AZE","Azerbaijan",70.0757687036144,70.0757687036144,70.0757687036144,70.0757687036144,70.0757687036144,62.1780873079259,82.6706325442255,100,100,100,100,100,100,100,100,100,100,100,100,100,100,100,100,100,100,100
44,"BHS","Bahamas",100,100,100,100,100,100,100,97.935418313777,94.8842559357853,84.498783453866,81.6065119964633,79.9360505677273,97.1589541430221,100,100,67.6613819198111,57.2179721888588,42.3891457782491,30.6917339718338,18.6675501598913,18.6675501598913,18.6675501598913,18.6675501598913,18.6675501598913,18.6675501598913,18.6675501598913
48,"BHR","Bahrain",13.0276904589926,13.0276904589926,13.0276904589926,13.0276904589926,13.0276904589926,28.0411681779795,46.1583332309486,58.7464095189596,57.3032319389646,57.1812828316423,45.7075783339683,23.5662142058426,11.0459468473874,9.35212972813949,17.6936041642037,28.8928021196717,41.1291735582971,55.3634530033644,70.8055199462843,95.0718395624609,95.0718395624609,95.0718395624609,95.0718395624609,95.0718395624609,95.0718395624609,95.0718395624609
50,"BGD","Bangladesh",59.87633186966,59.87633186966,59.87633186966,59.87633186966,59.87633186966,62.2939346927906,63.3246458220749,63.4820060728289,63.5380429888945,65.6963854710788,57.8082489624749,56.0327787378563,51.0814197299682,47.0433803955309,45.4287384481061,43.9687556579969,33.4269773087737,19.6317548953402,10.1677646146178,4.8161715887139,4.8161715887139,4.8161715887139,4.8161715887139,4.8161715887139,4.8161715887139,4.8161715887139
52,"BRB","Barbados",92.1130429881212,92.1130429881212,92.1130429881212,92.1130429881212,92.1130429881212,88.6704784871598,72.7356663713343,64.2313585622878,47.9563668847721,52.3207250223168,55.1978781750186,59.8124036843099,64.6992578655914,56.4550867992753,51.3622781367116,50.4209659736241,45.7594428803221,38.3476172955919,31.6395980408145,29.2226206235977,29.2226206235977,29.2226206235977,29.2226206235977,29.2226206235977,29.2226206235977,29.2226206235977
112,"BLR","Belarus",88.4797835021041,88.4797835021041,88.4797835021041,88.4797835021041,88.4797835021041,100,100,100,100,100,100,100,100,100,97.4208064258791,100,100,100,100,100,100,100,100,100,100,100
56,"BEL","Belgium",100,100,100,100,100,100,100,100,100,100,100,100,100,100,100,100,100,100,100,100,100,100,100,100,100,100
84,"BLZ","Belize",59.3021922331946,59.3021922331946,59.3021922331946,59.3021922331946,59.3021922331946,50.4705333227966,36.3214306853411,48.8105923539535,58.0502837735065,68.0074822404332,77.3334483855003,100,100,100,100,79.0276312841179,46.6393054913838,36.7088472977338,27.3815783978994,22.7208349875022,22.7208349875022,22.7208349875022,22.7208349875022,22.7208349875022,22.7208349875022,22.7208349875022
204,"BEN","Benin",13.5553840971363,13.5553840971363,13.5553840971363,13.5553840971363,13.5553840971363,15.3955630555366,21.8668292228885,28.3072542884039,39.9897123139218,51.8835935501693,56.6313851511495,38.70915626809,12.068181371736,4.03777078568621,0,0,0,7.75154274775205,22.8356205419963,43.48336471047,43.48336471047,43.48336471047,43.48336471047,43.48336471047,43.48336471047,43.48336471047
60,"BMU","Bermuda",99.049231733274,99.049231733274,99.049231733274,99.049231733274,99.049231733274,91.435656053116,85.5670764706935,84.2224809522001,78.014517132013,65.6742541863891,73.9357441319219,74.8926252954806,77.8166116121903,95.0515085735088,100,100,100,96.8783338582615,85.8308673997413,85.8308673997413,85.8308673997413,85.8308673997413,85.8308673997413,85.8308673997413,85.8308673997413,85.8308673997413
64,"BTN","Bhutan",52.1444732333438,52.1444732333438,52.1444732333438,52.1444732333438,52.1444732333438,56.2102900276944,61.0229542595062,63.3279773283529,66.6999656740302,70.3653936339835,72.9100460924611,71.6862042778342,66.6987863248302,57.7134524789955,51.6177388681002,51.3411137292382,45.5804786845416,38.1361768119838,33.7983608092804,31.6913228577242,31.6913228577242,31.6913228577242,31.6913228577242,31.6913228577242,31.6913228577242,31.6913228577242
68,"BOL","Bolivia",16.4921624801978,16.4921624801978,16.4921624801978,16.4921624801978,16.4921624801978,15.9613363546972,17.6797427245104,26.8338288567797,32.6634530931174,34.2018945186539,34.7743731882672,44.0312970202955,39.7676149819098,35.1570147714753,40.6935395763604,40.676482874675,42.8383959106662,29.133602112077,34.6573947440026,38.1167284352457,38.1167284352457,38.1167284352457,38.1167284352457,38.1167284352457,38.1167284352457,38.1167284352457
70,"BIH","Bosnia and Herzegovina",0,0,0,0,0,0,0,0,0,0,0,35.6564880120894,42.5185029496452,40.5032407779183,45.2088460838269,46.4506506581626,44.8629741051348,47.6714865662499,52.0553090513379,64.7617037525164,64.7617037525164,64.7617037525164,64.7617037525164,64.7617037525164,64.7617037525164,64.7617037525164
72,"BWA","Botswana",58.7495909101093,58.7495909101093,58.7495909101093,58.7495909101093,58.7495909101093,61.0085521980867,68.7035184611303,68.5607754191138,64.9419677231094,67.0657988377656,60.8241674041737,62.4182599941767,70.5852184335128,70.0143984311805,69.9735437885226,68.7949551984595,86.9665305379526,100,97.5233806149449,95.7820520980983,95.7820520980983,95.7820520980983,95.7820520980983,95.7820520980983,95.7820520980983,95.7820520980983
76,"BRA","Brazil",49.2112023495432,49.2112023495432,49.2112023495432,49.2112023495432,49.2112023495432,52.2371188008721,59.262638033254,68.7325875111629,73.9098791770633,78.8511360816041,83.8172274021178,90.9079212668056,91.5407135045129,99.100247178202,100,91.5894976224666,84.3406720690485,81.6108321694195,72.9175920416363,65.443266708012,65.443266708012,65.443266708012,65.443266708012,65.443266708012,65.443266708012,65.443266708012
92,"VGB","British Virgin Islands",NA,NA,NA,NA,NA,NA,NA,NA,NA,NA,NA,NA,NA,NA,NA,NA,NA,NA,NA,NA,NA,NA,NA,NA,NA,NA
96,"BRN","Brunei Darussalam",29.316191118717,29.316191118717,29.316191118717,29.316191118717,29.316191118717,43.1584821719337,55.3242629906166,63.12398584139,68.1158538510608,68.235500559687,67.787878835756,61.0035242602482,50.6237682054578,17.7518660538642,0,0,0,0,0,9.54240158847361,9.54240158847361,9.54240158847361,9.54240158847361,9.54240158847361,9.54240158847361,9.54240158847361
100,"BGR","Bulgaria",72.4943387689125,72.4943387689125,72.4943387689125,72.4943387689125,72.4943387689125,82.530434885463,100,100,100,100,100,100,95.6854912335407,100,100,100,100,100,100,100,100,100,100,100,100,100
854,"BFA","Burkina Faso",59.8505537417426,59.8505537417426,59.8505537417426,59.8505537417426,59.8505537417426,60.7573698304082,59.6076701421915,60.672048291035,60.7674867895816,59.4802998279227,60.3866369448929,55.9052703556418,45.4045243893263,40.5199399590446,42.3192713416616,45.5095444206863,42.4897841325311,44.1404165729821,46.2996026391993,47.7247523959136,47.7247523959136,47.7247523959136,47.7247523959136,47.7247523959136,47.7247523959136,47.7247523959136
108,"BDI","Burundi",78.776005456016,78.776005456016,78.776005456016,78.776005456016,78.776005456016,81.0450945897867,84.879833296895,89.8879617984143,100,100,100,100,94.3213357110801,79.2973895059008,72.9231523960011,66.6278094689694,62.0529127491212,58.7319427946876,59.3922626246167,45.2126352432399,45.2126352432399,45.2126352432399,45.2126352432399,45.2126352432399,45.2126352432399,45.2126352432399
132,"CPV","Cabo Verde",43.1605102185295,43.1605102185295,43.1605102185295,43.1605102185295,43.1605102185295,47.2071479707211,46.1698242105058,42.2727254137181,41.0391946742767,38.0850107578347,35.9485836587384,33.8186639931856,29.3305491934969,38.7832315599376,49.8425774550088,65.4239183943229,58.3702395815998,52.2067501381939,47.3285421159134,44.673177760753,44.673177760753,44.673177760753,44.673177760753,44.673177760753,44.673177760753,44.673177760753
116,"KHM","Cambodia",0.562096069626335,0.562096069626335,0.562096069626335,0.562096069626335,0.562096069626335,0.562096069626335,0.562096069626335,0.562096069626335,17.377097613942,39.9231435227796,24.2962594782814,26.7390494267995,26.5137096865676,25.3308295070293,17.902619128978,18.2395452235972,18.829690270557,24.0557245716571,33.3593041736987,41.3663225587556,41.3663225587556,41.3663225587556,41.3663225587556,41.3663225587556,41.3663225587556,41.3663225587556
120,"CMR","Cameroon",71.0244880618881,71.0244880618881,71.0244880618881,71.0244880618881,71.0244880618881,64.1170373841657,62.7777429571855,61.7899099075266,60.638461880152,57.7400348130531,54.4887720620615,54.8817447806429,51.8512768241318,50.779125153525,46.4898887851625,39.5642815752106,37.4887990987441,35.6746458303071,35.5926510141091,39.1360051252747,39.1360051252747,39.1360051252747,39.1360051252747,39.1360051252747,39.1360051252747,39.1360051252747
124,"CAN","Canada",100,100,100,100,100,97.5899547595521,93.0872386510631,90.9083141288272,89.7830064140456,95.0581411980448,96.0298386561314,100,100,100,100,100,100,100,100,100,100,100,100,100,100,100
136,"CYM","Cayman Islands",64.5819351267214,64.5819351267214,64.5819351267214,64.5819351267214,64.5819351267214,64.5819351267214,64.5819351267214,64.5819351267214,64.5819351267214,64.5819351267214,64.5819351267214,64.5819351267214,64.5819351267214,57.3947714616067,59.5552103161447,58.1048713334717,54.4349014011161,45.5865410692416,37.2571404663489,34.7731755784968,34.7731755784968,34.7731755784968,34.7731755784968,34.7731755784968,34.7731755784968,34.7731755784968
140,"CAF","Central African Republic",68.0494356915416,68.0494356915416,68.0494356915416,68.0494356915416,68.0494356915416,74.714088846235,82.992288222552,94.2858401599066,100,100,100,100,98.9641845286191,92.1824050384023,86.4105009233002,79.1632759074922,70.0288929449157,64.511210746752,59.7891864235217,55.6757093405867,55.6757093405867,55.6757093405867,55.6757093405867,55.6757093405867,55.6757093405867,55.6757093405867
148,"TCD","Chad",62.9310146732095,62.9310146732095,62.9310146732095,62.9310146732095,62.9310146732095,57.2237472846349,59.6654837242464,61.9695384630318,51.7697658877407,43.040939545176,35.2858181953734,30.4985598752058,25.5011145146792,23.1404505906052,27.1622635529064,33.0513355008459,40.4089546255481,52.820970678374,54.4365732183936,57.6069854259223,57.6069854259223,57.6069854259223,57.6069854259223,57.6069854259223,57.6069854259223,57.6069854259223
152,"CHL","Chile",100,100,100,100,100,100,100,100,100,100,100,100,100,100,100,100,100,100,66.5733214474769,50.4512885598354,50.4512885598354,50.4512885598354,50.4512885598354,50.4512885598354,50.4512885598354,50.4512885598354
156,"CHN","China",54.9314995465119,54.9314995465119,54.9314995465119,54.9314995465119,54.9314995465119,58.6381771955736,62.2022934116619,64.1366401011275,59.9421221753277,50.5591042124509,37.6868940862162,27.2690952333018,21.7972948682729,22.6394318183495,30.4882051690374,41.3352120650996,52.6402802881549,64.8351153345498,71.6172482802959,75.7730042127245,75.7730042127245,75.7730042127245,75.7730042127245,75.7730042127245,75.7730042127245,75.7730042127245
170,"COL","Colombia",69.6098967893311,69.6098967893311,69.6098967893311,69.6098967893311,69.6098967893311,76.7922085308092,85.3454718583205,93.5427807417107,100,100,100,100,100,94.7728333429487,89.7017958756936,74.8244151512118,65.5971087232255,61.8836157169088,55.7083002194728,58.4730754340971,58.4730754340971,58.4730754340971,58.4730754340971,58.4730754340971,58.4730754340971,58.4730754340971
174,"COM","Comoros",93.1416984661195,93.1416984661195,93.1416984661195,93.1416984661195,93.1416984661195,97.0034866802498,90.6851885310613,86.7100245254126,78.0255391961384,69.0888887182496,57.8720653365985,54.2092419798655,54.1804969919348,53.8089189874185,56.6727354893573,60.7295261907597,54.949676899449,53.2350611751188,50.9986242241455,47.3986481376013,47.3986481376013,47.3986481376013,47.3986481376013,47.3986481376013,47.3986481376013,47.3986481376013
184,"COK","Cook Islands",NA,NA,NA,NA,NA,NA,NA,NA,NA,NA,NA,NA,NA,NA,NA,NA,NA,NA,NA,NA,NA,NA,NA,NA,NA,NA
188,"CRI","Costa Rica",59.4110242820087,59.4110242820087,59.4110242820087,59.4110242820087,59.4110242820087,63.1243214770856,68.2972707805328,73.5688910863101,76.6494283114674,77.4019788087742,73.298075103916,69.4625303868222,62.7716137794885,62.1071660904648,63.379706547091,64.9182566808824,56.9074059377225,52.7721406896577,46.226990986751,55.0845121286826,55.0845121286826,55.0845121286826,55.0845121286826,55.0845121286826,55.0845121286826,55.0845121286826
384,"CIV","Cote d'Ivoire",32.3230353244824,32.3230353244824,32.3230353244824,32.3230353244824,32.3230353244824,30.0836570939779,30.5640408934606,38.1560493693338,62.1416861583468,67.974974708487,76.6795741821381,87.0726792062912,100,100,100,100,100,71.8288495080693,59.6348970201497,40.4075507686935,40.4075507686935,40.4075507686935,40.4075507686935,40.4075507686935,40.4075507686935,40.4075507686935
191,"HRV","Croatia",100,100,100,100,100,100,100,100,100,100,100,100,100,100,86.5267353649889,100,100,100,100,100,100,100,100,100,100,100
192,"CUB","Cuba",45.7122277915864,45.7122277915864,45.7122277915864,45.7122277915864,45.7122277915864,45.7122277915864,40.8177538869016,45.6127733779553,55.5397844676554,68.0245085958189,76.3787503285236,87.3678486556303,88.9244257715515,93.6269046210325,74.4717862659735,67.0203366263651,63.6711138248944,63.1469589640171,60.8857955930637,62.5253446764891,62.5253446764891,62.5253446764891,62.5253446764891,62.5253446764891,62.5253446764891,62.5253446764891
531,"CUW","Curacao",69.8368762672011,69.8368762672011,69.8368762672011,69.8368762672011,69.8368762672011,69.8368762672011,69.8368762672011,69.8368762672011,69.8368762672011,69.8368762672011,69.8368762672011,69.8368762672011,69.8368762672011,69.8368762672011,69.8368762672011,70.1409157428411,71.0231875139863,88.0694902270997,100,100,100,100,100,100,100,100
196,"CYP","Cyprus",43.7569153986395,43.7569153986395,43.7569153986395,43.7569153986395,43.7569153986395,47.9208872196192,56.1563359508301,60.4489539398531,62.5203152682922,68.8096423108826,82.2119199903528,100,100,100,100,100,100,100,100,100,100,100,100,100,100,100
203,"CZE","Czech Republic",100,100,100,100,100,100,100,100,100,100,100,100,100,100,100,100,100,100,100,100,100,100,100,100,100,100
180,"COD","Dem. Rep. Congo",86.2773404428061,86.2773404428061,86.2773404428061,86.2773404428061,86.2773404428061,83.1316203969583,81.22597814976,63.499856341253,59.6404906221273,54.5973631150005,52.8227637861818,50.0152425586574,47.8424494520711,44.3241013322721,42.6936488694925,42.6728183407493,42.0398360234575,42.6768492288106,43.1101962677659,45.3910859389227,45.3910859389227,45.3910859389227,45.3910859389227,45.3910859389227,45.3910859389227,45.3910859389227
208,"DNK","Denmark",100,100,100,100,100,100,100,100,100,100,100,100,100,100,100,100,100,100,100,100,100,100,100,100,100,100
262,"DJI","Djibouti",83.3832999663413,83.3832999663413,83.3832999663413,83.3832999663413,83.3832999663413,83.3832999663413,88.1124999213674,88.810804266215,90.4549978020523,90.4471946745533,82.0169570260569,73.9275830042386,66.5840347056076,61.2604781199605,60.3280922625417,64.9567685914758,71.4142635854379,72.9937566782325,72.0760290774019,69.9534589168254,69.9534589168254,69.9534589168254,69.9534589168254,69.9534589168254,69.9534589168254,69.9534589168254
212,"DMA","Dominica",55.4097061977074,55.4097061977074,55.4097061977074,55.4097061977074,55.4097061977074,53.5916658293525,48.5119085861944,48.5057448348744,47.715267416317,49.3507441695153,47.7489254036395,54.4458742202936,49.2277992389356,54.0364414135682,63.4135708294038,61.321376132938,57.1065621164155,52.5785780915256,44.7391120615564,42.2812855907587,42.2812855907587,42.2812855907587,42.2812855907587,42.2812855907587,42.2812855907587,42.2812855907587
214,"DOM","Dominican Republic",36.1874748607606,36.1874748607606,36.1874748607606,36.1874748607606,36.1874748607606,40.0673149724071,42.9315974658017,31.5481557414047,35.580300590877,43.0676026068126,42.1688833385632,47.6505689888366,52.1842704843074,56.2112440856353,66.4617423395866,74.4555883521042,87.740044346049,82.80507430749,75.9666185972345,85.7229161680965,85.7229161680965,85.7229161680965,85.7229161680965,85.7229161680965,85.7229161680965,85.7229161680965
218,"ECU","Ecuador",55.7999718163938,55.7999718163938,55.7999718163938,55.7999718163938,55.7999718163938,66.0119858846785,71.9970984026859,73.7852839960704,83.8789507462222,92.715278333679,92.0405289323642,83.6188415882573,69.1022836589496,55.0928452467018,48.9709909900847,42.2405747481622,34.6933099773108,26.1081919775509,23.0706123481326,25.2337099029311,25.2337099029311,25.2337099029311,25.2337099029311,25.2337099029311,25.2337099029311,25.2337099029311
818,"EGY","Egypt",68.3800926845673,68.3800926845673,68.3800926845673,68.3800926845673,68.3800926845673,68.6869806402662,72.0591300104799,73.3169952792852,75.2627859214708,75.9108329669159,75.2319710460226,73.103223945954,65.7085836537895,50.5225428377313,38.1938113949608,34.1802853100195,39.9324877703183,44.7549193293349,55.1405098135903,54.2769085871588,54.2769085871588,54.2769085871588,54.2769085871588,54.2769085871588,54.2769085871588,54.2769085871588
222,"SLV","El Salvador",9.04418077964887,9.04418077964887,9.04418077964887,9.04418077964887,9.04418077964887,21.0976306973069,21.9075779805088,20.2508388084827,24.447005406052,34.1330309278268,39.2038532440396,45.6277703773022,41.4298469419478,46.5931496169532,57.2617499981334,72.3133789102639,80.9341456324236,87.2519013982765,99.202649224308,100,100,100,100,100,100,100
226,"GNQ","Equatorial Guinea",34.47798382299,34.47798382299,34.47798382299,34.47798382299,34.47798382299,20.5915568028169,12.4041468687589,0,0,0,0,0,0,24.1404576304504,41.7764794738499,68.4456449366835,100,100,100,77.7779666520137,77.7779666520137,77.7779666520137,77.7779666520137,77.7779666520137,77.7779666520137,77.7779666520137
232,"ERI","Eritrea",100,100,100,100,100,100,100,100,100,100,85.6281174605714,67.0932153578983,53.6564681558319,64.5887333351677,74.7496543049918,84.5280320782545,85.2821798119042,79.391153194403,72.6406785457827,64.1691270977445,64.1691270977445,64.1691270977445,64.1691270977445,64.1691270977445,64.1691270977445,64.1691270977445
233,"EST","Estonia",100,100,100,100,100,100,100,100,100,100,100,100,100,100,100,100,100,100,100,100,100,100,100,100,100,100
748,"SWZ","Eswatini",15.8388582177136,15.8388582177136,15.8388582177136,15.8388582177136,15.8388582177136,0,0,0,0,16.2470850695522,66.5820098860568,100,100,100,100,100,100,100,100,68.5986570322082,68.5986570322082,68.5986570322082,68.5986570322082,68.5986570322082,68.5986570322082,68.5986570322082
231,"ETH","Ethiopia",54.3989541945345,54.3989541945345,54.3989541945345,54.3989541945345,54.3989541945345,45.8561865488319,32.1060914164486,36.3123710428567,40.2030996959958,39.8443330880629,40.3941314746457,41.2901076716285,41.88176502109,40.5803629682731,43.2631948783133,42.0213281867096,33.4769394272979,29.955142623373,25.523798466757,26.1141695327237,26.1141695327237,26.1141695327237,26.1141695327237,26.1141695327237,26.1141695327237,26.1141695327237
234,"FRO","Faeroe Islands",NA,NA,NA,NA,NA,NA,NA,NA,NA,NA,NA,NA,NA,NA,NA,NA,NA,NA,NA,NA,NA,NA,NA,NA,NA,NA
238,"FLK","Falkland Islands",NA,NA,NA,NA,NA,NA,NA,NA,NA,NA,NA,NA,NA,NA,NA,NA,NA,NA,NA,NA,NA,NA,NA,NA,NA,NA
242,"FJI","Fiji",68.409886670238,68.409886670238,68.409886670238,68.409886670238,68.409886670238,60.5980347201748,52.5921945404218,52.9319307244001,51.3994518667143,41.9987729011607,31.2847607183529,26.8495664708143,46.2802773212236,73.638325940523,100,100,100,100,100,100,100,100,100,100,100,100
246,"FIN","Finland",100,100,100,100,100,100,100,100,100,100,100,98.6202289536496,86.5249186388355,90.6412335228406,98.4166918457906,100,100,100,100,100,100,100,100,100,100,100
250,"FRA","France",100,100,100,100,100,100,100,100,100,100,100,100,100,100,100,100,100,100,100,100,100,100,100,100,100,100
258,"PYF","French Polynesia",NA,NA,NA,NA,NA,NA,NA,NA,NA,NA,NA,NA,NA,NA,NA,NA,NA,NA,NA,NA,NA,NA,NA,NA,NA,NA
266,"GAB","Gabon",20.8152604026054,20.8152604026054,20.8152604026054,20.8152604026054,20.8152604026054,30.7616318378039,42.6912108284075,42.2659767638686,36.6972527754724,35.4320931984775,27.9511007776182,26.8900923928634,33.7890359972753,41.314808961995,57.4629744904415,58.5192165304429,66.5046336601026,73.8262712738774,75.0577060397887,91.0322233476498,91.0322233476498,91.0322233476498,91.0322233476498,91.0322233476498,91.0322233476498,91.0322233476498
270,"GMB","Gambia",70.5016478795103,70.5016478795103,70.5016478795103,70.5016478795103,70.5016478795103,73.6846907335334,72.390727306259,71.4061850942138,68.8072076545456,64.3259011346284,60.5885337926508,60.3686600704547,57.6867282716861,54.8770704604477,54.1748595032846,54.4979760466971,53.4717859737622,53.5425648370539,54.1477367889291,55.9102482889374,55.9102482889374,55.9102482889374,55.9102482889374,55.9102482889374,55.9102482889374,55.9102482889374
268,"GEO","Georgia",84.930138477695,84.930138477695,84.930138477695,84.930138477695,84.930138477695,96.7839858686674,100,100,100,100,100,100,94.4245682307973,65.9074938579409,28.9499554908886,7.92069672703188,1.28623678795235,15.5407429875083,0,0,0,0,0,0,0,0
276,"DEU","Germany",100,100,100,100,100,100,100,100,100,100,100,100,100,100,100,100,100,98.3539584621716,92.421158920351,91.9118304446224,91.9118304446224,91.9118304446224,91.9118304446224,91.9118304446224,91.9118304446224,91.9118304446224
288,"GHA","Ghana",10.3429433597824,10.3429433597824,10.3429433597824,10.3429433597824,10.3429433597824,5.82880505220488,0,0,0,12.7480758669518,33.1304006959565,36.7579839193591,44.9963548037348,44.3337812543176,41.6067242662127,47.2712982153978,67.2493036514596,48.5079567634005,31.2804904948334,45.1465425348029,45.1465425348029,45.1465425348029,45.1465425348029,45.1465425348029,45.1465425348029,45.1465425348029
300,"GRC","Greece",63.2204095774426,63.2204095774426,63.2204095774426,63.2204095774426,63.2204095774426,62.4568662147268,61.9081780942115,60.708262657835,61.7307023970206,62.2307814101257,64.3813728384326,66.7939745644555,70.2588103690587,80.3653502502113,100,100,100,99.8223284715739,90.9476865350599,85.8025957539954,85.8025957539954,85.8025957539954,85.8025957539954,85.8025957539954,85.8025957539954,85.8025957539954
304,"GRL","Greenland",NA,NA,NA,NA,NA,NA,NA,NA,NA,NA,NA,NA,NA,NA,NA,NA,NA,NA,NA,NA,NA,NA,NA,NA,NA,NA
308,"GRD","Grenada",40.1887588648858,40.1887588648858,40.1887588648858,40.1887588648858,40.1887588648858,47.0772962108539,52.2033903148104,52.7832040852052,55.5324885416984,59.796841665439,62.6112232832109,64.6715572702526,65.3732205535628,61.530280345662,59.9963454912674,57.960224401299,55.7093537208799,47.4999791786701,38.2930685077358,35.9062850603135,35.9062850603135,35.9062850603135,35.9062850603135,35.9062850603135,35.9062850603135,35.9062850603135
320,"GTM","Guatemala",0,0,0,0,0,0,5.85149686351197,15.8484672002847,15.7579674648625,21.9324455200012,24.4326245098401,32.1782888694876,41.067127678983,45.2499943849202,50.319933397213,63.4694480489646,72.2936464470282,78.2750856414484,72.3109533612059,69.5693599879909,69.5693599879909,69.5693599879909,69.5693599879909,69.5693599879909,69.5693599879909,69.5693599879909
831,"GGY","Guernsey",NA,NA,NA,NA,NA,NA,NA,NA,NA,NA,NA,NA,NA,NA,NA,NA,NA,NA,NA,NA,NA,NA,NA,NA,NA,NA
324,"GIN","Guinea",78.5171115282775,78.5171115282775,78.5171115282775,78.5171115282775,78.5171115282775,92.2533368573075,99.0873846811003,100,100,100,94.3747797482523,83.4032054013198,73.3468306768702,55.2318459517621,42.1955676009521,30.8353971106173,18.7531479126274,14.1404783734415,13.3420477608314,18.3339353479184,18.3339353479184,18.3339353479184,18.3339353479184,18.3339353479184,18.3339353479184,18.3339353479184
624,"GNB","Guinea-Bissau",88.1021641839922,88.1021641839922,88.1021641839922,88.1021641839922,88.1021641839922,97.1721554171229,100,99.5562223060127,91.5825655403704,83.7238993531017,78.0289262983722,75.8022109143138,63.5319569779496,57.675713537195,51.9828321145965,58.4668020598984,59.7464054749838,65.007551849381,64.2812720800948,63.7069898989645,63.7069898989645,63.7069898989645,63.7069898989645,63.7069898989645,63.7069898989645,63.7069898989645
328,"GUY","Guyana",46.0346816658816,46.0346816658816,46.0346816658816,46.0346816658816,46.0346816658816,51.8900713821192,57.5737899902225,65.1376702301501,77.067820377688,82.9704402759296,93.79679032475,100,100,97.5652203641421,91.3430437028549,78.389300829759,67.3637661835329,51.6555215575806,36.7362097536302,23.4028286451359,23.4028286451359,23.4028286451359,23.4028286451359,23.4028286451359,23.4028286451359,23.4028286451359
332,"HTI","Haiti",66.6823613350478,66.6823613350478,66.6823613350478,66.6823613350478,66.6823613350478,51.162240163388,32.3600556513221,9.50512393389197,9.45344074889582,56.095582395613,71.351966897213,96.5672959903125,72.7075228106403,63.5430450155161,57.9741189401436,60.9885256377998,61.1276003299208,50.7148438636743,39.0779111777796,36.9095166793919,36.9095166793919,36.9095166793919,36.9095166793919,36.9095166793919,36.9095166793919,36.9095166793919
336,"VAT","Holy See",NA,NA,NA,NA,NA,NA,NA,NA,NA,NA,NA,NA,NA,NA,NA,NA,NA,NA,NA,NA,NA,NA,NA,NA,NA,NA
340,"HND","Honduras",8.08066868779412,8.08066868779412,8.08066868779412,8.08066868779412,8.08066868779412,2.48491893337655,0,0,1.20313263246908,3.25890306052922,0.574466748433494,1.03181390277437,0,3.92765580891286,18.6467218989516,34.3892893447736,41.7127506843547,53.3605820827254,63.0571930229174,65.4275436729488,65.4275436729488,65.4275436729488,65.4275436729488,65.4275436729488,65.4275436729488,65.4275436729488
344,"HKG","Hong Kong",96.1136403574107,96.1136403574107,96.1136403574107,96.1136403574107,96.1136403574107,100,100,100,99.1136791908648,81.7274249460199,69.0196328674129,62.6885532387282,62.9664582019108,54.983709878195,42.672854660963,56.2197590945798,60.0563497774693,64.9583034491389,63.0226213921213,61.9410670218312,61.9410670218312,61.9410670218312,61.9410670218312,61.9410670218312,61.9410670218312,61.9410670218312
348,"HUN","Hungary",100,100,100,100,100,100,100,100,100,100,100,100,100,100,100,100,100,100,100,93.7525434481869,93.7525434481869,93.7525434481869,93.7525434481869,93.7525434481869,93.7525434481869,93.7525434481869
352,"ISL","Iceland",62.498257731748,62.498257731748,62.498257731748,62.498257731748,62.498257731748,63.3329826181424,68.1585171222769,67.116205836686,67.184872918974,69.5136848569584,72.563037852663,69.4568605708886,59.0528389107965,43.7108575503541,29.8391433112966,21.4538095010276,15.968009529733,9.15679710266244,5.43368732078856,11.5654569129435,11.5654569129435,11.5654569129435,11.5654569129435,11.5654569129435,11.5654569129435,11.5654569129435
356,"IND","India",42.9375665780671,42.9375665780671,42.9375665780671,42.9375665780671,42.9375665780671,43.6731902877519,43.67338106115,43.5652919671239,44.1168026395094,43.7382106256205,42.7719154123783,39.7789086884073,36.5501803742008,35.1616939813153,32.9089152868645,32.3557843490268,33.130799506809,34.8492199288429,39.4509081899556,42.3827933959335,42.3827933959335,42.3827933959335,42.3827933959335,42.3827933959335,42.3827933959335,42.3827933959335
360,"IDN","Indonesia",40.9825764662171,40.9825764662171,40.9825764662171,40.9825764662171,40.9825764662171,39.3229801627094,35.5850223746278,34.0650864688936,34.3042687311505,36.7758899712978,35.618266262965,39.8977820319511,41.9357460004894,45.0924172772217,44.5904617342634,47.9198188187265,50.7761613319181,54.4111514911319,59.2504060680799,68.2871771872298,68.2871771872298,68.2871771872298,68.2871771872298,68.2871771872298,68.2871771872298,68.2871771872298
364,"IRN","Iran",56.6548264607234,56.6548264607234,56.6548264607234,56.6548264607234,56.6548264607234,58.7256104098341,58.2454867382747,61.2944553067995,64.8008821893912,64.070885431283,61.9883850233754,60.0185633319177,58.0684784806438,57.2150672995525,60.1483125431657,62.6100351939366,63.3693474415788,70.3638051988512,79.7665511416698,99.6065712426731,99.6065712426731,99.6065712426731,99.6065712426731,99.6065712426731,99.6065712426731,99.6065712426731
368,"IRQ","Iraq",25.228269701815,25.228269701815,25.228269701815,25.228269701815,25.228269701815,66.6466973668501,100,100,100,100,100,100,100,93.0941077274301,97.3512315023725,85.7244718130064,68.9156332787754,52.9366536613364,29.8951494531523,7.16047130313407,7.16047130313407,7.16047130313407,7.16047130313407,7.16047130313407,7.16047130313407,7.16047130313407
372,"IRL","Ireland",83.7303825389779,83.7303825389779,83.7303825389779,83.7303825389779,83.7303825389779,89.6621180279364,94.4565732042587,100,100,100,100,100,100,100,100,100,100,100,100,100,100,100,100,100,100,100
833,"IMN","Isle of Man",NA,NA,NA,NA,NA,NA,NA,NA,NA,NA,NA,NA,NA,NA,NA,NA,NA,NA,NA,NA,NA,NA,NA,NA,NA,NA
376,"ISR","Israel",50.7806678910347,50.7806678910347,50.7806678910347,50.7806678910347,50.7806678910347,52.3978643428801,55.1800964053634,57.8707284024983,57.8830447594563,59.8678058412593,62.8367738419583,66.4978883952983,71.0701194557899,81.8683383377947,97.3057686634732,99.1461187452983,100,86.9607747931216,89.3155570918427,95.6890000232203,95.6890000232203,95.6890000232203,95.6890000232203,95.6890000232203,95.6890000232203,95.6890000232203
380,"ITA","Italy",100,100,100,100,100,100,100,100,100,100,100,100,100,100,100,100,100,100,100,87.7842560903638,87.7842560903638,87.7842560903638,87.7842560903638,87.7842560903638,87.7842560903638,87.7842560903638
388,"JAM","Jamaica",57.3365020774154,57.3365020774154,57.3365020774154,57.3365020774154,57.3365020774154,56.6183937925618,56.8383405256442,24.0555287951658,0,0,0,0,0,0,26.4152426791413,57.3879093278429,85.8642835062207,82.1029391691529,78.6063332724183,76.242873139266,76.242873139266,76.242873139266,76.242873139266,76.242873139266,76.242873139266,76.242873139266
392,"JPN","Japan",100,100,100,100,100,100,100,100,100,100,100,92.3668257334539,92.2619248557725,96.0683830176397,97.0106115158905,84.2938630958776,72.6506725719165,63.9601771262764,58.5861344298676,56.4156973132949,56.4156973132949,56.4156973132949,56.4156973132949,56.4156973132949,56.4156973132949,56.4156973132949
832,"JEY","Jersey",NA,NA,NA,NA,NA,NA,NA,NA,NA,NA,NA,NA,NA,NA,NA,NA,NA,NA,NA,NA,NA,NA,NA,NA,NA,NA
400,"JOR","Jordan",44.437829378852,44.437829378852,44.437829378852,44.437829378852,44.437829378852,46.4965429263945,52.0530365363001,52.2187111056718,56.4913625460892,68.1735260672765,76.4583285397968,94.3385406002731,100,100,100,100,100,75.8690640877006,52.6934540634431,37.9400132161841,37.9400132161841,37.9400132161841,37.9400132161841,37.9400132161841,37.9400132161841,37.9400132161841
398,"KAZ","Kazakhstan",75.3557863137487,75.3557863137487,75.3557863137487,75.3557863137487,75.3557863137487,75.1098070796708,76.6284794353558,75.5430117757006,68.6215064499931,58.7433180419593,56.4058364881452,55.167251247508,61.7747525177925,70.6777836552193,97.8889713849345,100,100,100,100,100,100,100,100,100,100,100
404,"KEN","Kenya",64.9104119354921,64.9104119354921,64.9104119354921,64.9104119354921,64.9104119354921,57.2401413795045,53.8598944651427,52.6335091198119,57.6709227222961,62.4012900949081,63.7340398506603,55.5046609446405,53.3809590634384,48.1777627956805,40.9821477036896,27.4032407625192,17.175127921511,21.7257514867941,32.4262262749587,42.1303639731681,42.1303639731681,42.1303639731681,42.1303639731681,42.1303639731681,42.1303639731681,42.1303639731681
296,"KIR","Kiribati",37.2833131141482,37.2833131141482,37.2833131141482,37.2833131141482,37.2833131141482,32.6254040517765,40.8504278539107,29.7517448015599,23.9497574408479,24.1668394106763,23.3041853641806,8.49833362065439,25.851203431799,36.8939925798975,66.6964234282446,74.0372548027852,92.9376241698451,91.0841302116181,85.8355035846941,80.0582211826892,80.0582211826892,80.0582211826892,80.0582211826892,80.0582211826892,80.0582211826892,80.0582211826892
689,"XKX","Kosovo",51.8833002009893,51.8833002009893,51.8833002009893,51.8833002009893,51.8833002009893,51.8833002009893,51.8833002009893,51.8833002009893,51.8833002009893,51.8833002009893,51.8833002009893,51.8833002009893,51.8833002009893,51.8833002009893,51.8833002009893,54.3430676466993,51.2233861168376,53.2822256931636,53.162400506256,61.2790628832549,61.2790628832549,61.2790628832549,61.2790628832549,61.2790628832549,61.2790628832549,61.2790628832549
414,"KWT","Kuwait",0,0,0,0,0,0,0,0,0,0,0,0,17.7844330054456,35.768310247922,39.3484022438848,52.0804876898753,58.4236197402089,60.3849933728102,70.1540095273025,91.131213029232,91.131213029232,91.131213029232,91.131213029232,91.131213029232,91.131213029232,91.131213029232
417,"KGZ","Kyrgyzstan",78.8628373818313,78.8628373818313,78.8628373818313,78.8628373818313,78.8628373818313,83.7697897630236,100,100,100,74.7999363273076,78.0197357301281,69.6088074192494,57.7009177807526,42.3391727278387,43.5593019983791,45.6008937876509,63.625256917116,39.9321076167488,38.5480606283964,36.1439420253871,36.1439420253871,36.1439420253871,36.1439420253871,36.1439420253871,36.1439420253871,36.1439420253871
418,"LAO","Laos",52.653924625407,52.653924625407,52.653924625407,52.653924625407,52.653924625407,50.9587185776233,49.8872616109804,85.9601557890903,100,100,75.6046254183421,9.2152822059156,0,0,0,0,0,0,0,40.2642462432297,40.2642462432297,40.2642462432297,40.2642462432297,40.2642462432297,40.2642462432297,40.2642462432297
428,"LVA","Latvia",100,100,100,100,100,100,100,100,100,100,100,100,100,100,100,100,100,100,100,100,100,100,100,100,100,100
422,"LBN","Lebanon",20.8243418292129,20.8243418292129,20.8243418292129,20.8243418292129,20.8243418292129,32.9982408326217,35.1589031482203,55.7149290702638,74.7535559456892,87.3324192391088,100,100,100,100,99.8864108258991,92.4723064482661,78.5640732094777,72.0143187671981,69.8199979060828,63.1082946442063,63.1082946442063,63.1082946442063,63.1082946442063,63.1082946442063,63.1082946442063,63.1082946442063
426,"LSO","Lesotho",68.1762012703288,68.1762012703288,68.1762012703288,68.1762012703288,68.1762012703288,72.3791709684862,76.9525949047407,83.496555827587,89.2926670791589,93.8528725574164,0,0,0,0,0,0,0,0,0,43.2933110106258,43.2933110106258,43.2933110106258,43.2933110106258,43.2933110106258,43.2933110106258,43.2933110106258
430,"LBR","Liberia",56.9324856726368,56.9324856726368,56.9324856726368,56.9324856726368,56.9324856726368,56.9324856726368,56.9324856726368,56.9324856726368,56.9324856726368,56.9324856726368,56.9324856726368,56.9324856726368,56.9324856726368,56.9324856726368,56.9324856726368,59.0072887241713,52.2960303116787,51.1686650584613,49.7580606135056,48.9055563995792,48.9055563995792,48.9055563995792,48.9055563995792,48.9055563995792,48.9055563995792,48.9055563995792
434,"LBY","Libya",100,100,100,100,100,100,100,100,100,100,100,100,100,100,100,88.4407289631574,85.3644460656878,78.9877949976922,76.891186565505,78.1934389130446,78.1934389130446,78.1934389130446,78.1934389130446,78.1934389130446,78.1934389130446,78.1934389130446
438,"LIE","Liechtenstein",NA,NA,NA,NA,NA,NA,NA,NA,NA,NA,NA,NA,NA,NA,NA,NA,NA,NA,NA,NA,NA,NA,NA,NA,NA,NA
440,"LTU","Lithuania",100,100,100,100,100,100,100,100,100,100,100,100,100,100,100,100,100,90.9996482566139,94.8784761460841,97.282674571929,97.282674571929,97.282674571929,97.282674571929,97.282674571929,97.282674571929,97.282674571929
442,"LUX","Luxembourg",100,100,100,100,100,100,100,100,100,100,100,100,100,100,100,100,100,100,100,100,100,100,100,100,100,100
446,"MAC","Macao",37.2853292400491,37.2853292400491,37.2853292400491,37.2853292400491,37.2853292400491,36.1811937249303,35.5100363976053,38.0356116021912,39.4246005060646,39.5101643347174,47.6502483950318,62.7238308509652,86.3699728886747,100,100,100,100,100,100,100,100,100,100,100,100,100
450,"MDG","Madagascar",43.0247147158281,43.0247147158281,43.0247147158281,43.0247147158281,43.0247147158281,48.6073942706328,53.0513346629596,69.5896883334366,76.5211301190741,77.2428378405247,80.6475972423579,84.1618744238636,78.1083215354154,74.8563050560228,73.1092371713596,69.9256129982136,57.505097839109,57.6753087248598,52.6947951013762,41.6302168006963,41.6302168006963,41.6302168006963,41.6302168006963,41.6302168006963,41.6302168006963,41.6302168006963
454,"MWI","Malawi",62.9913957367961,62.9913957367961,62.9913957367961,62.9913957367961,62.9913957367961,57.8847603873563,54.1867527929571,51.0349047263557,45.2359162626158,43.9934769357664,56.312082717441,66.7475077411002,77.3642090937439,94.403420181273,100,100,96.7296006979778,86.2960253533917,73.360537201999,60.4130386600915,60.4130386600915,60.4130386600915,60.4130386600915,60.4130386600915,60.4130386600915,60.4130386600915
458,"MYS","Malaysia",80.9011395629505,80.9011395629505,80.9011395629505,80.9011395629505,80.9011395629505,95.7047536110434,100,100,100,100,100,92.2120064643093,66.1415367917433,47.5510602614797,44.3403394522969,39.9295550104089,35.383494712107,26.8464625021534,34.8969121658053,43.3055208895551,43.3055208895551,43.3055208895551,43.3055208895551,43.3055208895551,43.3055208895551,43.3055208895551
462,"MDV","Maldives",0,0,0,0,0,0,0,0,0,0,0,0,5.74326192552611,20.2835849083985,27.2791305386657,39.5249391764928,49.5029879956659,47.2962519906362,52.8871885459309,49.6794578164109,49.6794578164109,49.6794578164109,49.6794578164109,49.6794578164109,49.6794578164109,49.6794578164109
466,"MLI","Mali",52.5381593539648,52.5381593539648,52.5381593539648,52.5381593539648,52.5381593539648,52.9932971038208,52.2023126184568,54.2343293229616,56.622916153751,57.6273239482073,59.3384718524967,61.4937598038966,63.1415433715913,57.1515097957531,53.662409604244,52.2704542576452,49.5242990978879,50.1693276733314,51.948890680503,51.9728841262799,51.9728841262799,51.9728841262799,51.9728841262799,51.9728841262799,51.9728841262799,51.9728841262799
470,"MLT","Malta",48.5194699064443,48.5194699064443,48.5194699064443,48.5194699064443,48.5194699064443,57.5580905704668,62.4607949834651,70.1683955180494,65.578098990177,63.3858618877706,61.3072313563195,59.8422858722542,55.8793338743598,56.8112143976856,61.090403825249,72.9020647889112,75.8156582769479,78.5727576021683,93.5262138579177,100,100,100,100,100,100,100
584,"MHL","Marshall Islands",48.68811993957,48.68811993957,48.68811993957,48.68811993957,48.68811993957,50.2967096417674,50.2932475044284,44.32017691196,36.4979970330245,32.1663495437372,38.1038140423695,49.4881582937157,62.8945462606424,75.4468847085785,93.7658161534104,100,100,100,100,100,100,100,100,100,100,100
478,"MRT","Mauritania",100,100,100,100,100,100,100,100,100,100,100,94.5975122727497,46.7440186833393,45.2296718650444,44.9087665941595,50.4552123983324,46.8992088126471,46.8554533392805,48.1090954095021,55.0924705879225,55.0924705879225,55.0924705879225,55.0924705879225,55.0924705879225,55.0924705879225,55.0924705879225
480,"MUS","Mauritius",34.3441209593125,34.3441209593125,34.3441209593125,34.3441209593125,34.3441209593125,27.9737783013816,20.977203112394,20.9463551672351,16.2621202301255,15.7683699142053,19.4762748049081,24.4893751039682,31.7554122793667,40.7874916534726,46.7412892909314,48.2173807880999,49.4315638027041,52.5146215640085,54.7409887143654,50.8789801228729,50.8789801228729,50.8789801228729,50.8789801228729,50.8789801228729,50.8789801228729,50.8789801228729
484,"MEX","Mexico",53.637448293341,53.637448293341,53.637448293341,53.637448293341,53.637448293341,57.4216908019022,60.4079232640081,66.7907057241,73.9405473056222,77.8014442503671,95.0557493067934,100,100,92.7835788262797,88.1143151164588,85.3683274466168,78.0292283528058,73.7321025929617,70.8330785763061,65.5467237690282,65.5467237690282,65.5467237690282,65.5467237690282,65.5467237690282,65.5467237690282,65.5467237690282
583,"FSM","Micronesia",45.4486528169908,45.4486528169908,45.4486528169908,45.4486528169908,45.4486528169908,27.2783741215811,8.88297716222262,0,0,6.78862676878401,32.29519105717,73.5431204836187,91.9214171372688,100,100,100,100,100,100,92.490726170002,92.490726170002,92.490726170002,92.490726170002,92.490726170002,92.490726170002,92.490726170002
498,"MDA","Moldova",100,100,100,100,100,100,100,100,100,100,100,100,100,100,100,90.7202630899606,86.5709426353346,77.2870353618333,59.2653378049176,52.1606304571503,52.1606304571503,52.1606304571503,52.1606304571503,52.1606304571503,52.1606304571503,52.1606304571503
492,"MCO","Monaco",NA,NA,NA,NA,NA,NA,NA,NA,NA,NA,NA,NA,NA,NA,NA,NA,NA,NA,NA,NA,NA,NA,NA,NA,NA,NA
496,"MNG","Mongolia",100,100,100,100,100,100,100,93.9139970680912,81.9369165628832,76.2727254780773,68.8951539471695,62.6867960805862,56.6561192105585,53.8947129547372,49.5138643046421,45.9542593147259,40.7417471351872,33.7508866494146,29.3281019364176,25.5213949834948,25.5213949834948,25.5213949834948,25.5213949834948,25.5213949834948,25.5213949834948,25.5213949834948
499,"MNE","Montenegro",0,0,0,0,0,0,0,0,0,0,0,0,0,0,0,0,0,0,0,88.1057634333455,88.1057634333455,88.1057634333455,88.1057634333455,88.1057634333455,88.1057634333455,88.1057634333455
504,"MAR","Morocco",64.6857421101133,64.6857421101133,64.6857421101133,64.6857421101133,64.6857421101133,67.5902816406619,69.1669791523809,66.9298962718651,66.8165351059132,58.91571038271,51.6015157543844,49.1563351008736,45.8974680400149,42.5810465025594,50.5841847935229,58.6030830084362,62.478477843851,65.6065773064212,74.1378879683403,96.9627354037219,96.9627354037219,96.9627354037219,96.9627354037219,96.9627354037219,96.9627354037219,96.9627354037219
508,"MOZ","Mozambique",72.5376323587481,72.5376323587481,72.5376323587481,72.5376323587481,72.5376323587481,69.6966302497362,47.7251443450945,26.2236871144126,0,0,0,0,0,0,5.46411139135806,41.0922841700506,54.5852876241988,71.0499200217769,77.9405541818393,74.9304514226132,74.9304514226132,74.9304514226132,74.9304514226132,74.9304514226132,74.9304514226132,74.9304514226132
104,"MMR","Myanmar",48.1617101338989,48.1617101338989,48.1617101338989,48.1617101338989,48.1617101338989,48.6400942013877,52.3073002805736,51.2983739178835,48.5927141224338,46.9337620216943,46.6963320798284,51.6081908359044,47.7271241270533,46.4066525345644,44.0475102043703,45.6816720899877,50.7301590152191,51.4318440740703,51.6454192457757,51.8038230619529,51.8038230619529,51.8038230619529,51.8038230619529,51.8038230619529,51.8038230619529,51.8038230619529
516,"NAM","Namibia",100,100,100,100,100,100,100,100,66.1856079889984,1.24707589324342,0,0,0,0,0,0,0,30.132361685484,52.1547835110319,57.1201981067049,57.1201981067049,57.1201981067049,57.1201981067049,57.1201981067049,57.1201981067049,57.1201981067049
520,"NRU","Nauru",NA,NA,NA,NA,NA,NA,NA,NA,NA,NA,NA,NA,NA,NA,NA,NA,NA,NA,NA,NA,NA,NA,NA,NA,NA,NA
524,"NPL","Nepal",38.036785058593,38.036785058593,38.036785058593,38.036785058593,38.036785058593,36.5750304741235,35.3931688597875,40.6334689452214,45.4647571749491,47.5574502184437,49.751008598232,53.8741630589323,56.5715099853141,59.3437068136809,56.9802942731427,50.6920805863642,43.3648534277969,40.6829910107851,40.0373840773274,39.2242000065422,39.2242000065422,39.2242000065422,39.2242000065422,39.2242000065422,39.2242000065422,39.2242000065422
528,"NLD","Netherlands",100,100,100,100,100,100,100,100,100,100,100,100,100,100,100,100,100,100,100,100,100,100,100,100,100,100
540,"NCL","New Caledonia",NA,NA,NA,NA,NA,NA,NA,NA,NA,NA,NA,NA,NA,NA,NA,NA,NA,NA,NA,NA,NA,NA,NA,NA,NA,NA
554,"NZL","New Zealand",78.9080822028835,78.9080822028835,78.9080822028835,78.9080822028835,78.9080822028835,76.4875556799292,72.3885581023437,67.9587308409673,57.4059856558341,52.3330624575902,45.2561476386703,44.1394358862309,48.651574728177,52.5386062222198,65.5019963247856,78.2064719970162,91.8531501507678,100,100,100,100,100,100,100,100,100
558,"NIC","Nicaragua",27.2923261361334,27.2923261361334,27.2923261361334,27.2923261361334,27.2923261361334,23.750757556087,24.2768227048331,20.4168939003973,23.0963370565334,27.8165076557354,35.4706464677881,39.9647142885429,50.5708790917907,58.6080345349027,67.7719951165525,74.1244781264769,77.657618270752,82.1437199891275,91.5588481458244,96.4545837164045,96.4545837164045,96.4545837164045,96.4545837164045,96.4545837164045,96.4545837164045,96.4545837164045
562,"NER","Niger",51.6411190674593,51.6411190674593,51.6411190674593,51.6411190674593,51.6411190674593,0,0,0,0,0,0,0,0,0,46.3822449139076,36.2168399965638,29.276029981454,25.5404459428389,21.0120813260359,0,0,0,0,0,0,0
566,"NGA","Nigeria",84.4320269536194,84.4320269536194,84.4320269536194,84.4320269536194,84.4320269536194,100,100,89.0252862687185,74.9071888928621,68.5722214652244,67.2399440563638,67.9555756657453,76.8365888423886,82.515088082125,98.5448657696712,100,100,100,93.0572044145954,73.5977012008678,73.5977012008678,73.5977012008678,73.5977012008678,73.5977012008678,73.5977012008678,73.5977012008678
570,"NIU","Niue",NA,NA,NA,NA,NA,NA,NA,NA,NA,NA,NA,NA,NA,NA,NA,NA,NA,NA,NA,NA,NA,NA,NA,NA,NA,NA
408,"PRK","North Korea",NA,NA,NA,NA,NA,NA,NA,NA,NA,NA,NA,NA,NA,NA,NA,NA,NA,NA,NA,NA,NA,NA,NA,NA,NA,NA
807,"MKD","North Macedonia",75.2735785471935,75.2735785471935,75.2735785471935,75.2735785471935,75.2735785471935,64.055628083513,61.5616778234347,66.3788661551715,67.7505434206427,69.6837909750978,68.9338100938121,70.7442476133743,70.4254360482301,71.170736883372,69.5929752353159,81.9853838396607,80.6866851234287,92.9145728271447,100,100,100,100,100,100,100,100
578,"NOR","Norway",100,100,100,100,100,100,100,100,100,100,100,98.3794086522271,92.0933222751579,85.8938171925431,91.1467636261923,92.7591590462487,99.6146617858913,100,100,100,100,100,100,100,100,100
512,"OMN","Oman",73.0257936117406,73.0257936117406,73.0257936117406,73.0257936117406,73.0257936117406,100,89.3855213972611,71.4113014508281,62.1180637006876,52.6235548695784,36.0809952227229,31.5964411770951,42.8023149230459,90.1269092903341,100,100,100,100,100,100,100,100,100,100,100,100
586,"PAK","Pakistan",26.6465023028713,26.6465023028713,26.6465023028713,26.6465023028713,26.6465023028713,33.318177779293,43.5123148165894,52.9566127840693,65.3408238407926,70.5553237097106,71.0941480794816,65.5543743120405,56.3160098605317,54.2133333443018,47.6309319271866,44.4409586975159,44.4869855285784,47.293765133438,58.855279565639,60.9457772741241,60.9457772741241,60.9457772741241,60.9457772741241,60.9457772741241,60.9457772741241,60.9457772741241
585,"PLW","Palau",77.6869262121759,77.6869262121759,77.6869262121759,77.6869262121759,77.6869262121759,77.6869262121759,77.6869262121759,77.6869262121759,77.6869262121759,77.6869262121759,77.6869262121759,77.6869262121759,77.6869262121759,77.6869262121759,77.6869262121759,95.0270708575532,92.1973691231991,87.7378627057677,76.647229042925,73.936407537649,73.936407537649,73.936407537649,73.936407537649,73.936407537649,73.936407537649,73.936407537649
591,"PAN","Panama",30.2133265778676,30.2133265778676,30.2133265778676,30.2133265778676,30.2133265778676,33.210968172955,20.9398070980413,28.8279510991993,29.5631987246936,34.124204018048,29.5744255744561,20.9610302883391,38.7646823826073,48.7928844436199,53.4792028399265,52.5863026601055,38.5797571599354,44.9945339253825,57.3421595854179,72.3824160646142,72.3824160646142,72.3824160646142,72.3824160646142,72.3824160646142,72.3824160646142,72.3824160646142
598,"PNG","Papua New Guinea",53.3775709864907,53.3775709864907,53.3775709864907,53.3775709864907,53.3775709864907,46.8495422675499,37.4584991999423,23.9375330781856,11.1272399983989,0,3.93886418838851,19.5911202701836,23.2111035903053,36.7162941184267,58.2139433088442,82.1988845404821,97.7663809623367,100,91.2542657648943,75.1968248604484,75.1968248604484,75.1968248604484,75.1968248604484,75.1968248604484,75.1968248604484,75.1968248604484
600,"PRY","Paraguay",14.4339313413195,14.4339313413195,14.4339313413195,14.4339313413195,14.4339313413195,27.0977748794481,44.2678477664873,55.2257603048783,67.1794838757174,70.8202332470705,74.6020576072911,79.0929582609592,100,100,100,100,100,96.3569282704238,87.8686443660569,98.3257335480572,98.3257335480572,98.3257335480572,98.3257335480572,98.3257335480572,98.3257335480572,98.3257335480572
604,"PER","Peru",48.0868280460036,48.0868280460036,48.0868280460036,48.0868280460036,48.0868280460036,63.1091108632033,62.2453783787667,63.9875790877067,66.4984441608302,64.8825468696739,64.8400317302932,66.4011964390205,88.5736363940908,97.4881639507831,100,100,99.3165415520289,91.6165112717351,78.7314877229465,69.07841290065,69.07841290065,69.07841290065,69.07841290065,69.07841290065,69.07841290065,69.07841290065
608,"PHL","Philippines",30.0725889069306,30.0725889069306,30.0725889069306,30.0725889069306,30.0725889069306,40.1957550979587,52.4109363193903,70.5697343818895,92.3435892068601,100,100,100,100,100,100,100,100,100,100,84.8152144573831,84.8152144573831,84.8152144573831,84.8152144573831,84.8152144573831,84.8152144573831,84.8152144573831
616,"POL","Poland",100,100,100,100,100,100,100,100,100,100,100,100,100,100,100,100,100,100,100,100,100,100,100,100,100,100
620,"PRT","Portugal",84.5891993367511,84.5891993367511,84.5891993367511,84.5891993367511,84.5891993367511,94.7118573130127,100,100,100,100,100,100,100,100,100,100,100,100,100,100,100,100,100,100,100,100
634,"QAT","Qatar",30.9939688509685,30.9939688509685,30.9939688509685,30.9939688509685,30.9939688509685,21.8945960538969,19.4804684223235,12.1792922865375,11.577960580518,14.1096066664811,32.7279769939328,34.345878171979,17.1842445649719,17.1127597762983,38.234604522878,56.7097845956874,85.9633314326153,99.9348497471422,91.4480377256105,93.2012232646162,93.2012232646162,93.2012232646162,93.2012232646162,93.2012232646162,93.2012232646162,93.2012232646162
178,"COG","Republic of Congo",100,100,100,100,100,100,100,95.8939253825306,57.0375952036424,30.4611454913653,5.67400242169236,0,0,0,0,0,0,0,0,0,0,0,0,0,0,0
642,"ROU","Romania",100,100,100,100,100,100,100,100,100,100,100,91.2798565348683,89.4511518591711,97.9401375957146,100,100,100,100,100,100,100,100,100,100,100,100
643,"RUS","Russia",74.811850646115,74.811850646115,74.811850646115,74.811850646115,74.811850646115,76.0835838710358,81.306128606497,92.4084272053459,100,100,100,100,100,94.9474667895996,89.6766505564155,83.0337613663521,74.0996167015151,69.3267758657304,71.980204982472,75.6963247678175,75.6963247678175,75.6963247678175,75.6963247678175,75.6963247678175,75.6963247678175,75.6963247678175
646,"RWA","Rwanda",81.7998789442208,81.7998789442208,81.7998789442208,81.7998789442208,81.7998789442208,84.2030270332254,84.1108949487523,86.6029305561341,87.1515853660242,81.9624678138332,78.602800402897,75.59922333069,71.7058451562762,69.2960099620463,67.6648679177356,67.3831895055523,61.146185080711,57.9940470572205,56.0300148398938,52.846283586333,52.846283586333,52.846283586333,52.846283586333,52.846283586333,52.846283586333,52.846283586333
652,"BLM","Saint Barthelemy",NA,NA,NA,NA,NA,NA,NA,NA,NA,NA,NA,NA,NA,NA,NA,NA,NA,NA,NA,NA,NA,NA,NA,NA,NA,NA
659,"KNA","Saint Kitts and Nevis",14.8042508473019,14.8042508473019,14.8042508473019,14.8042508473019,14.8042508473019,19.0610106090142,1.57640733843571,0,0,0,0,0,1.97704213498812,11.5547521200203,30.1796823707781,50.4104053784091,51.2037582906486,47.2068132955401,41.3708612995089,37.1888186020258,37.1888186020258,37.1888186020258,37.1888186020258,37.1888186020258,37.1888186020258,37.1888186020258
662,"LCA","Saint Lucia",29.5638198557599,29.5638198557599,29.5638198557599,29.5638198557599,29.5638198557599,44.2508246734892,54.922029513901,63.6001460983483,69.1137934301917,73.3288425018441,72.4507296722961,70.3118696174412,70.3505323868312,68.5903526185003,70.7180054142001,68.8213583433126,61.1471326495306,53.4727558654104,42.9501078546361,36.9443244636189,36.9443244636189,36.9443244636189,36.9443244636189,36.9443244636189,36.9443244636189,36.9443244636189
670,"VCT","Saint Vincent and the Grenadines",23.6155528700601,23.6155528700601,23.6155528700601,23.6155528700601,23.6155528700601,35.6204986772631,42.8143093117821,47.1875927609569,48.2347647473085,44.6230869781476,44.1460649574261,46.7976671298266,53.0645706427809,51.0683175578747,53.5652866010629,61.0294226054766,59.7425118159802,53.3529178405167,46.0651942167533,38.5867472344403,38.5867472344403,38.5867472344403,38.5867472344403,38.5867472344403,38.5867472344403,38.5867472344403
882,"WSM","Samoa",63.8020434180469,63.8020434180469,63.8020434180469,63.8020434180469,63.8020434180469,60.8412161466721,58.4161781905998,51.5516530039911,44.1060232723616,42.1875932446085,43.3480303333517,49.6462931163637,60.8974696814248,71.3454982960158,81.3115063842442,92.4663565496277,88.8629697522668,80.3817672853134,68.828812191302,58.4812746332658,58.4812746332658,58.4812746332658,58.4812746332658,58.4812746332658,58.4812746332658,58.4812746332658
674,"SMR","San Marino",NA,NA,NA,NA,NA,NA,NA,NA,NA,NA,NA,NA,NA,NA,NA,NA,NA,NA,NA,NA,NA,NA,NA,NA,NA,NA
678,"STP","Sao Tome and Principe",98.498178574441,98.498178574441,98.498178574441,98.498178574441,98.498178574441,100,100,100,83.9621107829069,68.3556961422844,55.1973442973175,41.6106303653759,31.9573777631309,31.5427009553653,36.4536284679805,46.2107601154073,48.6472219415362,53.0833351761602,55.2694602039892,56.4381168409997,56.4381168409997,56.4381168409997,56.4381168409997,56.4381168409997,56.4381168409997,56.4381168409997
682,"SAU","Saudi Arabia",35.4826831700873,35.4826831700873,35.4826831700873,35.4826831700873,35.4826831700873,39.5367675378539,45.7933320364812,51.0426557954715,54.9331819552052,56.2308745400553,59.0461105562618,57.0300561540734,55.9758180483856,50.2604851201711,42.0215668591434,30.417496910611,27.4871960008142,27.3073488723939,29.0475930829927,32.2386351022122,32.2386351022122,32.2386351022122,32.2386351022122,32.2386351022122,32.2386351022122,32.2386351022122
686,"SEN","Senegal",47.7899506516879,47.7899506516879,47.7899506516879,47.7899506516879,47.7899506516879,50.6455340476047,52.662101693724,51.773391216027,56.6581722817716,53.6757704741969,51.4062936216222,52.5093178005631,48.5629975330577,47.1331326144691,37.3263670671052,39.0375838417983,42.0468131151431,47.8851614157414,53.4122510629375,52.8528273493035,52.8528273493035,52.8528273493035,52.8528273493035,52.8528273493035,52.8528273493035,52.8528273493035
688,"SRB","Serbia",74.3279407433265,74.3279407433265,74.3279407433265,74.3279407433265,74.3279407433265,74.3279407433265,74.3279407433265,74.3279407433265,74.3279407433265,74.3279407433265,77.5414845542904,77.7150555116816,72.7236567554185,66.4926274683177,71.1538698256825,74.9378295878971,74.2451448767656,74.9567533733873,71.7435072842356,78.8133852611515,78.8133852611515,78.8133852611515,78.8133852611515,78.8133852611515,78.8133852611515,78.8133852611515
690,"SYC","Seychelles",0,0,0,0,0,0,0,0,0,0,17.3419558132853,41.0682538894171,46.3649670102207,51.0517848669148,54.6089500383083,62.6619871759967,64.7681493701131,76.2652045890883,96.4674300396971,96.0963456328904,96.0963456328904,96.0963456328904,96.0963456328904,96.0963456328904,96.0963456328904,96.0963456328904
694,"SLE","Sierra Leone",75.6322115234866,75.6322115234866,75.6322115234866,75.6322115234866,75.6322115234866,75.2999821087773,71.9495479146061,62.6332226541637,55.4971308130046,48.857078977127,49.1502546260978,43.7144944885427,46.0489034551334,51.235338215674,61.9765158698222,71.7077499954503,65.0065527388901,58.4380784153042,52.6762109736733,49.3064687249097,49.3064687249097,49.3064687249097,49.3064687249097,49.3064687249097,49.3064687249097,49.3064687249097
702,"SGP","Singapore",100,100,100,100,100,100,100,100,100,100,100,100,100,100,100,100,100,100,100,100,100,100,100,100,100,100
534,"SXM","Sint Maarten",NA,NA,NA,NA,NA,NA,NA,NA,NA,NA,NA,NA,NA,NA,NA,NA,NA,NA,NA,NA,NA,NA,NA,NA,NA,NA
703,"SVK","Slovakia",100,100,100,100,100,100,100,100,100,100,100,100,100,100,100,100,100,100,100,100,100,100,100,100,100,100
705,"SVN","Slovenia",100,100,100,100,100,100,100,100,100,100,100,100,100,100,100,100,100,100,100,100,100,100,100,100,100,100
90,"SLB","Solomon Islands",69.518830396195,69.518830396195,69.518830396195,69.518830396195,69.518830396195,66.3383967281747,62.374468302661,54.6866209703196,47.4278966094933,46.5277449467799,51.0865279241413,61.0905636318223,75.1304428394389,97.6268492434712,100,100,100,100,98.4409314842617,78.3901188049083,78.3901188049083,78.3901188049083,78.3901188049083,78.3901188049083,78.3901188049083,78.3901188049083
706,"SOM","Somalia",NA,NA,NA,NA,NA,NA,NA,NA,NA,NA,NA,NA,NA,NA,NA,NA,NA,NA,NA,NA,NA,NA,NA,NA,NA,NA
710,"ZAF","South Africa",63.3628901420742,63.3628901420742,63.3628901420742,63.3628901420742,63.3628901420742,62.0704322250841,66.0604943316112,70.5822098555273,73.1387168728971,73.1865487106817,73.8838851270445,73.3264307391334,69.8794126841969,61.2396229236414,56.9642033452892,55.6083246413522,61.2520715581839,66.0757612521431,68.5593190128799,68.5668394907634,68.5668394907634,68.5668394907634,68.5668394907634,68.5668394907634,68.5668394907634,68.5668394907634
410,"KOR","South Korea",100,100,100,100,100,100,100,100,100,100,100,100,100,100,100,100,100,100,100,100,100,100,100,100,100,100
728,"SSD","South Sudan",NA,NA,NA,NA,NA,NA,NA,NA,NA,NA,NA,NA,NA,NA,NA,NA,NA,NA,NA,NA,NA,NA,NA,NA,NA,NA
724,"ESP","Spain",100,100,100,100,100,100,100,100,100,100,100,100,100,100,100,100,100,100,100,100,100,100,100,100,100,100
144,"LKA","Sri Lanka",1.07767907286619,1.07767907286619,1.07767907286619,1.07767907286619,1.07767907286619,0,0,0,0,0.249730418723658,18.3229813905055,29.7986162340479,43.1820896767873,51.9219869972775,61.5314417849104,63.7689324882421,62.042048207468,57.6767092082039,62.8962951008125,64.4893151534109,64.4893151534109,64.4893151534109,64.4893151534109,64.4893151534109,64.4893151534109,64.4893151534109
275,"PSE","State of Palestine",NA,NA,NA,NA,NA,NA,NA,NA,NA,NA,NA,NA,NA,NA,NA,NA,NA,NA,NA,NA,NA,NA,NA,NA,NA,NA
729,"SDN","Sudan",73.1865948464857,73.1865948464857,73.1865948464857,73.1865948464857,73.1865948464857,66.4363873732193,58.6661200273165,49.0613617459557,60.4306132855916,49.9408920504735,38.869751051496,26.63172979699,4.00204017909066,0,0,0,0,2.84421242835609,23.130014551194,65.4025366404444,65.4025366404444,65.4025366404444,65.4025366404444,65.4025366404444,65.4025366404444,65.4025366404444
740,"SUR","Suriname",80.013297280618,80.013297280618,80.013297280618,80.013297280618,80.013297280618,100,100,100,95.6967330037431,90.5053418368552,85.0645752232046,78.0075236198915,75.2390424620452,69.9967152835438,70.8131986887704,72.2667504040808,78.7229424280158,76.1386163700215,72.9005355595533,70.1104851307881,70.1104851307881,70.1104851307881,70.1104851307881,70.1104851307881,70.1104851307881,70.1104851307881
752,"SWE","Sweden",100,100,100,100,100,100,100,100,100,100,100,100,100,100,100,100,100,100,100,100,100,100,100,100,100,100
756,"CHE","Switzerland",100,100,100,100,100,100,100,100,100,100,100,100,100,100,100,100,100,100,100,100,100,100,100,100,100,100
760,"SYR","Syria",NA,NA,NA,NA,NA,NA,NA,NA,NA,NA,NA,NA,NA,NA,NA,NA,NA,NA,NA,NA,NA,NA,NA,NA,NA,NA
158,"TWN","Taiwan",100,100,100,100,100,100,100,100,100,100,100,100,100,100,100,100,100,100,100,100,100,100,100,100,100,100
762,"TJK","Tajikistan",74.5783794928691,74.5783794928691,74.5783794928691,74.5783794928691,74.5783794928691,75.5821307535707,79.6336849335005,91.0794549034257,100,86.6619156278041,74.7043562416609,60.8545674818737,45.6753245216727,28.5879379498261,22.0003297791985,27.5492541862471,29.2989747212523,27.0080010519034,28.0753995823554,28.2732393764642,28.2732393764642,28.2732393764642,28.2732393764642,28.2732393764642,28.2732393764642,28.2732393764642
834,"TZA","Tanzania",39.668447108506,39.668447108506,39.668447108506,39.668447108506,39.668447108506,35.8581294363373,35.6477770835206,36.0429094266935,37.839767764808,25.3232111439711,17.9088939518277,11.7722352862366,23.4560911266279,42.0562808047266,63.4770119639242,76.6384179581653,80.6489954063316,75.1803403460802,70.337421343827,58.2648436565944,58.2648436565944,58.2648436565944,58.2648436565944,58.2648436565944,58.2648436565944,58.2648436565944
764,"THA","Thailand",85.2837886170315,85.2837886170315,85.2837886170315,85.2837886170315,85.2837886170315,100,100,100,100,100,100,100,100,100,100,100,100,100,100,100,100,100,100,100,100,100
626,"TLS","Timor-Leste",0,0,0,0,0,0,0,0,0,0,0,0,0,0,0,4.89121392279719,100,100,100,88.2543073053568,88.2543073053568,88.2543073053568,88.2543073053568,88.2543073053568,88.2543073053568,88.2543073053568
768,"TGO","Togo",0,0,0,0,0,0,0,0,23.6974883613943,33.6563881202126,69.2757692430795,79.3296451315647,100,100,81.6732721608886,38.7191983364088,31.8702034520445,31.7807601542315,29.4487528761774,30.3873837591711,30.3873837591711,30.3873837591711,30.3873837591711,30.3873837591711,30.3873837591711,30.3873837591711
776,"TON","Tonga",54.2978925945477,54.2978925945477,54.2978925945477,54.2978925945477,54.2978925945477,55.2847321994382,51.9827466151715,52.1099877992314,42.2332411089353,37.9803257307221,38.6492640961975,50.8167940653885,65.1585627807644,78.569411805092,80.9191052944317,98.3246569007708,100,100,100,100,100,100,100,100,100,100
780,"TTO","Trinidad and Tobago",84.2606892256412,84.2606892256412,84.2606892256412,84.2606892256412,84.2606892256412,82.4570598507235,75.1203841358241,64.0483727269029,40.7576917560112,46.0513111529621,14.7655878274602,2.34608556105368,0,19.8083472263216,40.6255699919078,65.3423971701324,92.7223976315907,100,100,100,100,100,100,100,100,100
788,"TUN","Tunisia",100,100,100,100,100,100,100,100,91.8232060021474,82.9287627152456,77.5358948126306,68.7143747942762,62.590322322554,60.0180873191262,58.8366039945275,60.419482372026,65.9732202789019,70.1776735469896,74.2341947270919,91.0444788870957,91.0444788870957,91.0444788870957,91.0444788870957,91.0444788870957,91.0444788870957,91.0444788870957
792,"TUR","Turkey",49.1538317393653,49.1538317393653,49.1538317393653,49.1538317393653,49.1538317393653,49.1311627764867,53.1841140706688,59.3406330209892,69.5323288953609,81.4553550235188,85.950029316764,82.7119410666788,74.876827150855,67.896078910394,62.8468883904077,59.1549945699675,55.9222467402281,57.8464075113445,69.4587598809719,82.8285359886898,82.8285359886898,82.8285359886898,82.8285359886898,82.8285359886898,82.8285359886898,82.8285359886898
795,"TKM","Turkmenistan",79.4589533263852,79.4589533263852,79.4589533263852,79.4589533263852,79.4589533263852,80.8543334562468,81.2239403767019,65.8909440837681,55.3665739552719,55.2551752326195,61.4881008591166,63.8578264904357,71.8382449770978,68.784960340181,66.771161478987,68.6634159631953,65.2413279523663,63.5993567908092,57.0607760706782,53.7725560411296,53.7725560411296,53.7725560411296,53.7725560411296,53.7725560411296,53.7725560411296,53.7725560411296
796,"TCA","Turks and Caicos Islands",NA,NA,NA,NA,NA,NA,NA,NA,NA,NA,NA,NA,NA,NA,NA,NA,NA,NA,NA,NA,NA,NA,NA,NA,NA,NA
798,"TUV","Tuvalu",NA,NA,NA,NA,NA,NA,NA,NA,NA,NA,NA,NA,NA,NA,NA,NA,NA,NA,NA,NA,NA,NA,NA,NA,NA,NA
800,"UGA","Uganda",54.3404121953934,54.3404121953934,54.3404121953934,54.3404121953934,54.3404121953934,55.4688057827494,54.7191156232404,56.4469728522954,58.573592613415,61.035044954601,54.3572945957983,45.7093989084059,35.2912994970267,26.1347162736835,21.5465354409636,24.755796855848,24.2611528339568,29.7871272750217,38.2674751006464,46.0227203492269,46.0227203492269,46.0227203492269,46.0227203492269,46.0227203492269,46.0227203492269,46.0227203492269
804,"UKR","Ukraine",74.7056950428634,74.7056950428634,74.7056950428634,74.7056950428634,74.7056950428634,75.5419302883499,78.5113291026583,85.515897964126,100,100,100,89.5098813466705,76.7228859924357,68.5388493154381,67.9613291263083,67.6500836511955,66.4984181868166,64.854496808813,56.0830208790838,64.8848111689985,64.8848111689985,64.8848111689985,64.8848111689985,64.8848111689985,64.8848111689985,64.8848111689985
784,"ARE","United Arab Emirates",74.0440409806877,74.0440409806877,74.0440409806877,74.0440409806877,74.0440409806877,77.7729349449788,76.6442378064313,78.6075364138451,74.4136751210048,69.6881704771854,64.0274801000461,59.0054650825172,60.9899410171306,64.2922657753916,73.929116088029,70.3909947874211,80.167662602312,92.7892814351075,100,100,100,100,100,100,100,100
826,"GBR","United Kingdom",100,100,100,100,100,100,100,100,100,100,100,100,100,100,100,100,100,100,100,100,100,100,100,100,100,100
840,"USA","United States of America",100,100,100,100,100,100,100,100,100,100,100,100,100,100,100,100,100,100,100,100,100,100,100,100,100,100
858,"URY","Uruguay",40.3981096091449,40.3981096091449,40.3981096091449,40.3981096091449,40.3981096091449,44.7968126463617,50.3827682123441,62.3444180775133,75.5283001237691,79.2112983861885,81.2197515648801,74.5214931451993,71.6742991110673,58.2159949130107,30.8988326390015,22.5803879457263,21.5213703737857,23.4212972287723,40.4306169887515,54.7055547429134,54.7055547429134,54.7055547429134,54.7055547429134,54.7055547429134,54.7055547429134,54.7055547429134
860,"UZB","Uzbekistan",84.7270185422184,84.7270185422184,84.7270185422184,84.7270185422184,84.7270185422184,95.6144893778367,100,98.2212451599143,94.9178940087254,92.8518570885326,96.3891308500485,92.3298043413603,88.5584009507175,79.7975283551959,83.0772603312214,80.9232545923963,80.2149372016441,77.0576380225978,71.9187373238471,68.4812468688959,68.4812468688959,68.4812468688959,68.4812468688959,68.4812468688959,68.4812468688959,68.4812468688959
548,"VUT","Vanuatu",47.7876223423662,47.7876223423662,47.7876223423662,47.7876223423662,47.7876223423662,44.9319856285665,43.0858592101863,40.8460261269586,42.6063828919408,63.266863931252,93.0618752333782,100,100,100,100,87.3064746364411,62.6844533663755,37.8659502841089,12.464515868295,7.26662432714649,7.26662432714649,7.26662432714649,7.26662432714649,7.26662432714649,7.26662432714649,7.26662432714649
862,"VEN","Venezuela",77.9726684681608,77.9726684681608,77.9726684681608,77.9726684681608,77.9726684681608,60.9303913425964,48.8757899978113,33.78501435147,22.1292638521601,23.0741823482502,27.6482755273118,38.8868383687595,35.4013347854338,35.500294852336,42.119954167463,32.6279631753636,20.6231145676513,13.7581754178647,13.201582711189,24.0969320046852,24.0969320046852,24.0969320046852,24.0969320046852,24.0969320046852,24.0969320046852,24.0969320046852
704,"VNM","Viet Nam",12.1200977659226,12.1200977659226,12.1200977659226,12.1200977659226,12.1200977659226,8.2738113561832,6.99780554771435,9.5471961530211,14.8813513243071,19.6587690583956,24.0703159443965,28.6365818012185,27.7842405648518,28.0121783552566,30.4338391957796,31.2211913986522,34.4906670410528,39.2147951095761,48.5870044278718,51.4765472144029,51.4765472144029,51.4765472144029,51.4765472144029,51.4765472144029,51.4765472144029,51.4765472144029
876,"WLF","Wallis and Futuna Islands",NA,NA,NA,NA,NA,NA,NA,NA,NA,NA,NA,NA,NA,NA,NA,NA,NA,NA,NA,NA,NA,NA,NA,NA,NA,NA
732,"ESH","Western Sahara",NA,NA,NA,NA,NA,NA,NA,NA,NA,NA,NA,NA,NA,NA,NA,NA,NA,NA,NA,NA,NA,NA,NA,NA,NA,NA
887,"YEM","Yemen",24.2843503738469,24.2843503738469,24.2843503738469,24.2843503738469,24.2843503738469,30.0674752941949,20.7037344877326,12.8926368507455,7.72782668791608,11.2209957195482,12.5045701587776,18.720326136945,25.3935399106515,29.2885321709092,26.8228093767983,25.7159410070496,31.9096090921571,44.2342596200133,46.3769602139894,50.6254539481013,50.6254539481013,50.6254539481013,50.6254539481013,50.6254539481013,50.6254539481013,50.6254539481013
894,"ZMB","Zambia",100,100,100,100,100,100,92.7559372670361,62.617862097492,57.6567671734023,59.2642063203786,63.5187915049892,61.8090075583038,76.8981035238933,93.9579048305607,88.2488148472154,71.0203908953712,33.8506106045408,0,0,0,0,0,0,0,0,0
716,"ZWE","Zimbabwe",100,100,100,100,100,100,100,100,100,90.467717008939,81.6422590508467,78.5320150040506,77.1579498817535,77.2257566539488,76.4538272020496,75.0510873021629,74.7034554993116,68.5699064336525,59.6236395954932,48.2424270321458,48.2424270321458,48.2424270321458,48.2424270321458,48.2424270321458,48.2424270321458,48.2424270321458
