"code","iso","country","SNM.ind.1995","SNM.ind.1996","SNM.ind.1997","SNM.ind.1998","SNM.ind.1999","SNM.ind.2000","SNM.ind.2001","SNM.ind.2002","SNM.ind.2003","SNM.ind.2004","SNM.ind.2005","SNM.ind.2006","SNM.ind.2007","SNM.ind.2008","SNM.ind.2009","SNM.ind.2010","SNM.ind.2011","SNM.ind.2012","SNM.ind.2013","SNM.ind.2014","SNM.ind.2015","SNM.ind.2016","SNM.ind.2017","SNM.ind.2018","SNM.ind.2019","SNM.ind.2020"
4,"AFG","Afghanistan",44.0159738560805,44.940243092713,46.9319963478136,47.4093297986539,45.0268750564444,46.9358790616239,46.0250265339111,49.7577371418468,49.370445501995,46.1353687175325,50.0905664227761,46.9948756633129,51.9728982302237,53.0790398660923,55.3793907750301,55.1985708580259,45.9302324493876,39.6628288546542,49.654978054006,52.474318954971,50.9722963776182,50.9722963776182,50.9722963776182,50.9722963776182,50.9722963776182,50.9722963776182
8,"ALB","Albania",32.7403317116067,32.8776359358616,35.064393874456,32.0496549801847,32.0142696831764,33.9761060411555,32.473637235546,28.272314029705,26.6324705627434,28.0953704234811,28.6630991443507,29.8938439281623,30.1135347391202,34.6554352950085,35.6439308129391,38.7840821846459,39.0617653854499,38.8559112476566,40.5540268474365,40.4554385556828,37.5834013633865,37.5834013633865,37.5834013633865,37.5834013633865,37.5834013633865,37.5834013633865
12,"DZA","Algeria",39.1230604964607,33.4705377442316,28.0226069708377,38.5610189098586,37.1827533401692,27.4067792142875,40.7482590543488,40.608968916362,32.8701112261574,39.7548194339387,14.9303175937543,45.3588047972036,43.2577199581104,44.5258726584023,44.2999109318844,46.7653424037983,48.8439383564646,49.0961613045762,49.6539960119716,42.9493031751048,44.832602555205,44.832602555205,44.832602555205,44.832602555205,44.832602555205,44.832602555205
20,"AND","Andorra",NA,NA,NA,NA,NA,NA,NA,NA,NA,NA,NA,NA,NA,NA,NA,NA,NA,NA,NA,NA,NA,NA,NA,NA,NA,NA
24,"AGO","Angola",24.6724553204106,24.9745437258638,25.92330263048,27.3754212720449,28.6909946619487,30.9767881135672,32.3599993000667,33.6453241294438,33.3793648207191,30.1828587442777,33.2034090141805,32.1048100797905,30.5063167695181,33.2621614164889,32.2574991476307,31.4086343490772,33.8274129264739,28.6514649354081,34.652771152703,30.1035768804554,29.331860128943,29.331860128943,29.331860128943,29.331860128943,29.331860128943,29.331860128943
660,"AIA","Anguilla",NA,NA,NA,NA,NA,NA,NA,NA,NA,NA,NA,NA,NA,NA,NA,NA,NA,NA,NA,NA,NA,NA,NA,NA,NA,NA
28,"ATG","Antigua and Barbuda",2.41901509413947,3.39198801810066,3.41981093124568,3.35621997134314,2.66806862784088,2.83858579690043,2.82550783601678,2.834520293254,2.66886775255448,3.02444882108922,2.54687338371345,2.74018267724917,3.68936138125535,3.54551355856739,3.42033824807987,4.49537808941984,3.65705720002133,3.59608879884631,3.67966821099506,3.98069023596167,5.05831350246957,5.05831350246957,5.05831350246957,5.05831350246957,5.05831350246957,5.05831350246957
32,"ARG","Argentina",75.1039620618384,69.8809944622343,78.2281145217614,82.9884463229317,80.111881157657,81.4626729935505,79.4674884793925,78.1573946528302,74.3836947733192,74.3360360289499,76.968847770706,73.7929097324472,73.5365799346236,76.9470909302041,76.3845864293514,74.2416609107049,75.9918621048241,78.0429695479844,76.3305829903842,77.1658692086894,78.3657790918292,78.3657790918292,78.3657790918292,78.3657790918292,78.3657790918292,78.3657790918292
51,"ARM","Armenia",46.1771148786494,47.7421832677175,39.7739840650953,46.4852648923897,49.9345860321572,42.46654014401,52.894813238984,43.6092610499563,42.3633305207154,50.7278527248027,51.5898746049904,49.0177382192395,62.1617746871188,60.879510158799,53.0542479119758,49.6456150411521,59.5786578793026,53.5762273292273,56.4905626947186,62.9515018960372,57.6192271308575,57.6192271308575,57.6192271308575,57.6192271308575,57.6192271308575,57.6192271308575
533,"ABW","Aruba",NA,NA,NA,NA,NA,NA,NA,NA,NA,NA,NA,NA,NA,NA,NA,NA,NA,NA,NA,NA,NA,NA,NA,NA,NA,NA
36,"AUS","Australia",55.2818182071199,59.8149142054238,55.0008526260238,55.3188091424027,57.4230767221735,54.1503425431349,53.0772730307582,58.970034847683,51.3632550935662,55.9879401852458,51.3367342695968,59.6766524530654,52.2828076097255,40.4092768891168,50.8731517220704,49.3916971272689,58.1528569058485,60.7593722102182,51.1028884535405,52.0484435676775,49.2215374687169,49.2215374687169,49.2215374687169,49.2215374687169,49.2215374687169,49.2215374687169
40,"AUT","Austria",61.6095455071545,59.7965343722486,63.0499497955617,62.3593169715176,64.0173024902261,62.2567173611196,64.1265045784426,56.8187340332989,45.5214824215391,69.2802481656763,68.8537699489278,66.8706580647724,72.3782546708858,78.2147691824931,76.7772782578211,72.6488755026746,79.7027719173508,69.8652175349357,68.4600676525691,70.640672145505,67.9956190640743,67.9956190640743,67.9956190640743,67.9956190640743,67.9956190640743,67.9956190640743
31,"AZE","Azerbaijan",39.6525014719328,49.4049859605662,49.3331317060182,47.7597002395008,53.1804384988076,14.7606505289144,35.1998245470414,47.9913382047912,42.8889045104041,54.9272379852341,51.089869380777,55.9103912530212,53.2942869870951,61.9511041723531,43.4267960306256,38.2563916829865,55.2261983358575,58.1738776202616,54.7308627837622,57.7948364263698,64.346525408193,64.346525408193,64.346525408193,64.346525408193,64.346525408193,64.346525408193
44,"BHS","Bahamas",13.1630655381902,11.4952571436771,13.976075033669,11.8433106503364,15.4173636856608,13.9196337870349,11.4264807067454,15.4368885114017,15.094393638808,16.0221009585983,15.8610431975965,16.2330095761329,18.1444828748817,17.9770908965255,17.0199934759407,19.6727078654174,19.6251956842376,13.8992717511214,15.3068127494622,15.0164637949067,13.9786198568808,13.9786198568808,13.9786198568808,13.9786198568808,13.9786198568808,13.9786198568808
48,"BHR","Bahrain",36.1544549435184,43.0677151414901,42.2283924937997,48.7050267896777,46.0782029891611,45.7981281365718,39.8617122906727,35.4886418197038,37.895556964862,36.9855455874224,38.1121955265672,42.4219222435775,41.7162990901084,44.857566638873,44.1607864636005,42.6520005093055,37.7921495800603,36.0686432183463,34.8312436540677,33.7825129629678,33.2096324009396,33.2096324009396,33.2096324009396,33.2096324009396,33.2096324009396,33.2096324009396
50,"BGD","Bangladesh",31.691217018871,32.7841571711152,36.1695473586286,36.1337637365112,38.5562186538408,38.6930030563249,40.0376645066033,40.828913266639,43.0919239867088,43.5201633225599,43.9924551731483,43.9685521241435,46.8910548091229,46.4935069659463,48.6235404614484,50.0159633823231,48.8992618435074,50.531251998538,52.2792957494666,52.0228830628015,49.921314243366,49.921314243366,49.921314243366,49.921314243366,49.921314243366,49.921314243366
52,"BRB","Barbados",11.0229743668815,11.1419194419277,11.8981552298975,10.9544574959767,12.5721326766829,12.6487668761662,10.6855917162116,13.6888696181312,13.257680512479,9.28904230940589,12.9606566828847,11.4597367926635,11.5595575326579,9.60641588145229,13.0427454021605,12.451384996942,13.1523937624189,11.7702657451138,10.4537927885732,11.9958233550055,11.8593044648741,11.8593044648741,11.8593044648741,11.8593044648741,11.8593044648741,11.8593044648741
112,"BLR","Belarus",30.2872535538597,32.8320083624368,33.1377634305054,26.5795852960137,28.2663404256041,28.7809343832627,29.1724556503894,36.0260517024628,34.835474783283,40.762418913551,37.3517651783608,33.3967580850766,38.0330355693235,40.6016228811009,41.6730082593299,35.6311055952302,37.2404697400925,42.9754725743362,39.6566184040813,48.5246955641381,45.9195537715827,45.9195537715827,45.9195537715827,45.9195537715827,45.9195537715827,45.9195537715827
56,"BEL","Belgium",69.1453288902691,69.1453288902691,69.1453288902691,69.1453288902691,69.1453288902691,69.1453288902691,67.1383165825624,45.4694574288517,45.3356862891832,46.9567173270301,46.1056811741552,46.0675196294388,46.1477392334856,45.5799091935839,48.400051923796,46.5852179149284,46.7668970810146,46.3098060374178,47.1379642012502,47.801439014099,47.3269659281176,47.3269659281176,47.3269659281176,47.3269659281176,47.3269659281176,47.3269659281176
84,"BLZ","Belize",32.5553653059018,39.2392064175211,39.5791787898447,32.3101967225122,34.9045867731478,33.3550398084144,40.0164778030803,20.0641505180071,16.910165861894,33.8538385782667,29.9959936488212,34.2359173369556,37.582187367991,38.7513401248324,29.367560313385,43.7373848315672,29.2201567329038,29.7540309912154,34.2772979756141,28.0512004823456,19.920752531376,19.920752531376,19.920752531376,19.920752531376,19.920752531376,19.920752531376
204,"BEN","Benin",39.3714177984005,39.7131509400796,38.9394271839062,40.1764510329207,35.8813289131658,41.104882575435,41.053238116276,40.267406557346,41.7149169215832,41.3544285775347,41.778890847243,41.8109003938764,43.0145217226918,41.6124300702606,42.067881494155,42.48781160583,44.3170842683522,42.9112369521159,43.4873133057027,43.0253151788075,42.7235981485092,42.7235981485092,42.7235981485092,42.7235981485092,42.7235981485092,42.7235981485092
60,"BMU","Bermuda",25.3011507813492,24.0771015355756,25.5722324846265,26.4113555987976,27.1375526980732,27.2804197012029,27.5380872229008,25.3181929002169,26.5959808455073,27.29794478117,25.7869840440505,26.4081973697299,27.8329601023206,27.0152833450894,27.5580838495658,28.3906842376073,28.6215885047592,28.5278212446789,28.8897916053549,28.8076454147313,28.2821147253347,28.2821147253347,28.2821147253347,28.2821147253347,28.2821147253347,28.2821147253347
64,"BTN","Bhutan",33.5716362608076,35.8693101385909,37.8178175901561,38.5846715686363,36.8114562384551,31.6968910904506,34.0085920121017,30.357015528992,35.4712841670625,38.0725206615032,44.91637780317,44.5005565694349,42.9064497202384,44.5481626357141,37.6510937833032,42.8756758090524,44.5075624366118,46.7009923102903,44.5821384981268,47.556881996475,50.2062793156813,50.2062793156813,50.2062793156813,50.2062793156813,50.2062793156813,50.2062793156813
68,"BOL","Bolivia",54.5677846514728,52.7909065693981,54.2292018906852,54.849366566079,56.6454442254206,57.2603497630636,56.9724045623538,56.9368510209715,57.3133325439071,60.9941973693563,59.5625484265279,59.2418849647645,55.696826280481,53.1334681968809,61.2153219135344,55.597308518482,55.3234100692834,64.2641430894361,66.5788754593769,64.7323960607794,68.9321491821834,68.9321491821834,68.9321491821834,68.9321491821834,68.9321491821834,68.9321491821834
70,"BIH","Bosnia and Herzegovina",42.4146518614311,51.8440691441697,58.435770009765,46.847888060594,45.3101333174376,44.1378488124665,41.6657819114566,47.8977213165813,37.7835709323897,43.5307822479147,45.0963684351987,46.9550380881314,35.0012539099635,50.1190822410465,35.2034601057106,30.3401748410385,26.668660484364,22.0214850757777,27.9784819625224,26.4012297045194,25.1420113112272,25.1420113112272,25.1420113112272,25.1420113112272,25.1420113112272,25.1420113112272
72,"BWA","Botswana",9.37195542888345,11.7458898926722,7.4103937024861,5.2734668085734,5.41194636561372,4.0865790933458,8.92170933210103,15.0364843092638,14.4996211809187,12.7063982037897,12.2298068017335,14.7775471232542,16.435271104434,14.456389114752,4.68047888945151,4.02080214180917,9.46464031919373,4.30912516235398,1.87524776535071,3.13981952348071,4.76231338121548,4.76231338121548,4.76231338121548,4.76231338121548,4.76231338121548,4.76231338121548
76,"BRA","Brazil",51.7372569508196,50.656719653418,52.3206385635286,54.6061607452715,54.9236729940384,55.3583740937037,60.9813220391997,59.8503742718897,62.8191577858399,61.34109513593,63.7720516124221,62.1686609770585,62.7947583683823,65.6782545690138,61.3017225486359,62.1515273554686,61.3945699915361,62.4371671521969,62.8168343379719,64.3363449417492,65.0015229766015,65.0015229766015,65.0015229766015,65.0015229766015,65.0015229766015,65.0015229766015
92,"VGB","British Virgin Islands",7.82338420460366,7.92260173910348,7.99204543258928,8.08869033065967,7.87977330240331,7.88932663929823,7.90399378569748,7.91207656535387,7.93164229072238,7.91936488564599,7.94529108250781,8.36986173033951,7.97831544743374,8.00811476518074,8.02898469672868,8.03217708479094,8.01832365284312,7.24010580046995,8.0590497954953,8.09057292360713,2.27604060819684,2.27604060819684,2.27604060819684,2.27604060819684,2.27604060819684,2.27604060819684
96,"BRN","Brunei Darussalam",0.585327323580799,0.607137350104054,0,0,0,0,0,0,0,0,0,0,0,0,0,0,0,0,0,0,0.000208767957346367,0.000208767957346367,0.000208767957346367,0.000208767957346367,0.000208767957346367,0.000208767957346367
100,"BGR","Bulgaria",59.0231243485592,43.2674692517139,51.4338790005743,47.625554313539,50.8637657709753,46.7178215599014,50.0052885550783,45.4846898648534,30.2804774690633,54.6310044194441,51.3114270033147,57.4514467592608,53.7406970821773,62.3764416654892,49.8447026015788,59.2241442288087,52.3825009404941,61.433969576591,67.3238706356398,66.7648563039969,63.6196341930881,63.6196341930881,63.6196341930881,63.6196341930881,63.6196341930881,63.6196341930881
854,"BFA","Burkina Faso",37.5246303149623,38.4924608865266,36.1332286885756,38.2187113235389,37.7956121155315,36.3887271910343,41.075819483922,40.7201855019036,38.4685797785082,37.4131303677962,40.2109240584273,39.1079433605432,37.3769665719828,40.5405087955061,37.5501309000452,38.4416202057581,36.7537322730334,39.7827517510738,39.9757937482765,41.5700772536658,39.6521220636993,39.6521220636993,39.6521220636993,39.6521220636993,39.6521220636993,39.6521220636993
108,"BDI","Burundi",42.1583071831122,41.0857006797104,41.0532230152285,40.1218983695936,38.4561563645255,38.0429139016317,39.7009269721456,39.8683754646806,40.1938362255983,39.5594907509987,39.116126250207,39.1449141233426,40.4145659113319,39.0288796151083,40.01315582518,38.480167966363,37.5192556071068,32.7365670440276,34.4681651959613,34.3525888682799,36.979442593669,36.979442593669,36.979442593669,36.979442593669,36.979442593669,36.979442593669
132,"CPV","Cabo Verde",2.95893416984913,8.92468924037681,4.02650919909301,3.71404361103065,6.01726123379932,9.52859700874346,12.838903203698,7.91742161492463,10.7235350223003,10.2527800885446,8.72062837709139,8.32260044834965,7.49589772568837,8.07204856015925,7.16784771634667,6.98888129629179,14.8946306724266,15.6357398850703,15.7090988419679,11.4894021910125,16.7363840752763,16.7363840752763,16.7363840752763,16.7363840752763,16.7363840752763,16.7363840752763
116,"KHM","Cambodia",34.2275644186449,34.7317100430168,32.4894972445676,34.8174873846653,38.6494240751364,41.3281947723417,41.0894116182594,37.394944857339,42.3831627620803,46.4629445129742,49.9562330352899,49.9903961705485,53.5173001418568,55.5016093791754,57.7440271381689,59.0845344969063,58.5203315870852,59.3906334544005,61.1791798087299,60.3602364991297,58.9865014687217,58.9865014687217,58.9865014687217,58.9865014687217,58.9865014687217,58.9865014687217
120,"CMR","Cameroon",32.3222913954876,33.4881961892679,32.2267406445255,33.094586338022,31.7363497621257,33.7232958203235,33.302306166408,34.2771281313055,34.8292597045944,33.5714052004123,38.5663788335372,38.8473071755055,39.9812446725262,39.8473689334079,40.1693192549759,39.7173230624227,39.3615602797432,40.9251478319901,40.6618375590994,41.8193664643977,40.4428721506607,40.4428721506607,40.4428721506607,40.4428721506607,40.4428721506607,40.4428721506607
124,"CAN","Canada",58.6003598549817,62.434333271853,57.6492975813049,61.601960368358,65.7381061245459,64.0721247894397,56.4685144101027,57.9237632538491,58.9995352085537,67.672265100673,67.6096478151087,70.644919580772,58.3535150315547,71.5716179556508,69.3622564816575,66.7043221288532,64.2164133535549,61.4520072377297,67.6723220537563,65.5727799373478,67.2925718238346,67.2925718238346,67.2925718238346,67.2925718238346,67.2925718238346,67.2925718238346
136,"CYM","Cayman Islands",0,0,0,0,0,0,0,0,0,0,0,0,0,0,0,0,0,0,0,0,0,0,0,0,0,0
140,"CAF","Central African Republic",26.1033467846041,26.8376076871092,27.359745879549,26.9895791585596,27.5412546457327,26.4251167108942,27.5946585200165,26.7410298788545,26.1495568590377,26.0360364163007,26.0680831598544,26.2489819470731,26.338620838119,24.9301797252271,25.0334787498161,23.6582466839513,22.5763001617991,23.0079188089661,25.5682279331038,21.6901640546652,21.8515413557195,21.8515413557195,21.8515413557195,21.8515413557195,21.8515413557195,21.8515413557195
148,"TCD","Chad",35.0826804602508,34.9374774908835,36.0049589431663,34.7660750534564,34.5324929289161,31.6376756452953,34.3538063172368,37.9954064489729,38.1789766308078,38.2330076666888,38.7474340966706,38.2035250614321,38.0022420921604,38.3783278684976,36.2132731154674,38.7157272909682,37.1975470369985,39.5903733878116,39.3231066092698,39.4146653746595,38.7383328262467,38.7383328262467,38.7383328262467,38.7383328262467,38.7383328262467,38.7383328262467
152,"CHL","Chile",43.889224145747,40.756698622957,43.871578885425,46.4888603963622,39.6354495154224,42.0175106909175,45.815386007349,45.9394527324599,48.8614975904678,46.2797091051953,49.3380800614463,46.4617556567132,41.2017791541729,39.0911191408404,41.6396714414095,42.544111750502,45.423653426848,42.3019741085233,44.369592498351,40.9248390961245,40.1926078554753,40.1926078554753,40.1926078554753,40.1926078554753,40.1926078554753,40.1926078554753
156,"CHN","China",45.2007060774109,45.3390359414854,47.348476830199,47.7758293562865,47.456013241197,46.9947685796542,46.7937375573571,45.8962231140729,44.9026683464963,46.6512496846093,46.7843571941856,47.5801357026305,47.7520916350036,48.845530254875,48.2402409133173,48.49126882144,49.4411039409749,49.1609381716642,49.3748861386082,49.4580463070517,49.4744594040891,49.4744594040891,49.4744594040891,49.4744594040891,49.4744594040891,49.4744594040891
170,"COL","Colombia",24.4702601693602,23.4575053661573,23.3236581865638,21.7696639427788,23.1458120684322,23.2348780334407,23.5341611531495,23.3963950116792,25.1465896839537,26.0023938697058,23.1418738737658,21.4733747102498,22.4608904168901,24.3386159594344,22.1213781634872,20.7358963019075,21.9224314209446,21.4669706144768,23.1327118180275,22.1261220114101,22.3285486481975,22.3285486481975,22.3285486481975,22.3285486481975,22.3285486481975,22.3285486481975
174,"COM","Comoros",35.3929135306842,35.186482906371,35.0719964556873,35.1029670579511,35.014162368036,35.2587867470362,35.0180213983159,35.7454283025503,35.846573496803,35.8292686048873,36.3070279656637,35.9821551421429,35.917572372605,35.9489057998735,36.4255281518911,36.8807170214925,37.0274302285642,37.116661037339,37.4470066579134,37.5058786291275,37.2634777968997,37.2634777968997,37.2634777968997,37.2634777968997,37.2634777968997,37.2634777968997
184,"COK","Cook Islands",9.92754728340483,8.49083272245346,7.57540447237585,8.55447739912509,9.49033093558599,10.6440414886113,11.7122794172297,11.2813437635645,9.29884813488061,8.40757889001638,8.42264681159558,8.03392058019402,8.61834394282741,7.75444718247576,7.31620193949477,7.23086732722882,6.74465060550436,5.91114771887639,6.1333137681043,5.8560642623072,5.19996136795461,5.19996136795461,5.19996136795461,5.19996136795461,5.19996136795461,5.19996136795461
188,"CRI","Costa Rica",19.1352472768175,18.5110699476277,19.0224619532511,19.2200193468119,19.818859514065,21.1850480401671,22.2137843436274,22.4292723279852,19.3446770570264,20.5238400274716,18.2974758343578,20.6606805498612,20.6414134885298,20.3023735810383,20.544433966051,21.0048793200187,20.1246133739805,19.7776024029345,20.0353902669072,20.0372811691681,19.4146250451728,19.4146250451728,19.4146250451728,19.4146250451728,19.4146250451728,19.4146250451728
384,"CIV","Cote d'Ivoire",26.4125599862406,27.2182327809463,25.6272531453624,29.398771239843,31.301784073554,32.492564534527,33.1154655171119,34.4687845544796,34.9772889853921,30.9737049543814,34.7388971339861,34.612891830171,31.789107283519,32.638394438384,31.5179434962523,31.8452917037415,32.7774753396582,31.875922893005,33.3729325065231,32.1831556006749,31.9750847426509,31.9750847426509,31.9750847426509,31.9750847426509,31.9750847426509,31.9750847426509
191,"HRV","Croatia",52.1808968480787,50.2703478600828,48.0533217746342,58.9806276099703,54.2771812275668,47.6794591942163,56.8542336950309,55.4837425612665,45.8815888398731,51.9742047352248,56.1436428834312,48.6461760069996,42.5097087995478,46.4757181780053,69.0039358532416,58.6110652012921,53.8002817706406,63.8565382478104,72.392035208962,71.7040344248082,65.3990957450885,65.3990957450885,65.3990957450885,65.3990957450885,65.3990957450885,65.3990957450885
192,"CUB","Cuba",12.1545951254396,13.0164698716187,12.442502776561,13.5786923260375,18.0827027381585,18.6601251999318,17.9455398241137,22.7526070688337,31.4556413017377,28.1745467475534,27.6304691608255,22.7292629606182,23.5896288908809,21.8452834907686,27.5461747709501,23.1084118073104,21.8074063055719,23.7393470977048,23.2847839436535,21.6257592279627,21.4099539454415,21.4099539454415,21.4099539454415,21.4099539454415,21.4099539454415,21.4099539454415
531,"CUW","Curacao",NA,NA,NA,NA,NA,NA,NA,NA,NA,NA,NA,NA,NA,NA,NA,NA,NA,NA,NA,NA,NA,NA,NA,NA,NA,NA
196,"CYP","Cyprus",30.2887859487933,27.8534012846394,17.3605811115255,18.2056329413979,27.662942200439,17.902341099765,29.3268388321485,30.5266780905908,30.023745403391,24.3366451327492,20.2561138106105,19.2211838082927,21.9674841433651,10.2061929388668,20.6027456788841,20.5592853050007,22.7656443944465,24.6605235059812,20.4525739211834,12.0063425783178,27.7338474811244,27.7338474811244,27.7338474811244,27.7338474811244,27.7338474811244,27.7338474811244
203,"CZE","Czech Republic",58.4576854767264,55.588316857413,59.3504413302516,59.6632224470338,64.7180270668613,55.8160071085649,58.0461267915386,64.332161829366,57.1912878834791,74.0657705202217,69.1181965967045,62.0603217081376,65.0213771039133,73.2672258136652,71.5838422002468,65.2673789050828,70.6737453186637,59.9712573385267,61.6305224844504,66.7969012341699,58.7110325514933,58.7110325514933,58.7110325514933,58.7110325514933,58.7110325514933,58.7110325514933
180,"COD","Dem. Rep. Congo",33.5686381178833,34.0697952760879,34.5981676504582,34.3941513380067,34.5125114243367,34.6583187627908,34.5617460304819,34.724612117739,34.4784958142086,34.4735499187102,34.5451124103705,34.25857044131,34.1121901395669,33.9150269726185,34.0939907538687,33.6333233332344,34.0265298552767,34.0783074262295,33.6433558183462,32.4444511598958,31.7365447422521,31.7365447422521,31.7365447422521,31.7365447422521,31.7365447422521,31.7365447422521
208,"DNK","Denmark",68.836116863004,68.6252746599043,70.7116143659264,71.9355508384891,71.80789500031,73.5633842292474,73.4670322284332,76.335713866054,69.917068040221,73.2706508769957,73.5699135252912,68.8834144983422,67.7382962536121,69.0764746678537,78.196706424788,72.2056308019057,71.4595344460606,72.6705481404966,72.7836317829815,72.9863981593606,73.0144929462624,73.0144929462624,73.0144929462624,73.0144929462624,73.0144929462624,73.0144929462624
262,"DJI","Djibouti",12.5499932493855,12.3976162388706,12.4395106792781,12.6064527780666,12.5683930486771,12.9417956524126,13.0885425089322,13.388753048768,11.5928402168466,12.910152739126,12.6774871944385,11.7832839758219,13.1060085824496,13.4127191856956,13.6024391854002,13.4630903044058,14.2504855625378,15.7255300279673,15.9853192594341,15.5088167891611,15.6788896341034,15.6788896341034,15.6788896341034,15.6788896341034,15.6788896341034,15.6788896341034
212,"DMA","Dominica",10.2399903089299,12.6323431702368,11.3921074930541,10.8409823775965,10.6377505317943,10.5931419392152,9.97613806109483,21.3521263391966,17.2035600519554,15.9622724624619,15.2288588100092,21.660512178128,13.3567442398389,20.4442251473759,23.4516957988524,20.6634659227919,19.5202291368925,21.7959111140382,17.6997543153898,20.5677375507444,17.7679020029395,17.7679020029395,17.7679020029395,17.7679020029395,17.7679020029395,17.7679020029395
214,"DOM","Dominican Republic",17.2499030832802,17.140706439306,17.174926586047,16.9838770291687,19.4808628333328,19.047945949816,20.1667773345904,19.8632672020085,20.7822806535548,19.7828675831491,19.4207132904444,19.8519617975791,20.2806290367651,20.4543866972391,21.0259801877587,22.4138393931612,24.0786498465938,22.7611108644494,23.715645726583,22.4367398580437,24.247518065624,24.247518065624,24.247518065624,24.247518065624,24.247518065624,24.247518065624
218,"ECU","Ecuador",26.4602484293092,25.3336025082716,22.4090665144624,18.0172524180505,24.700256318314,23.7286132176625,18.0500648912071,22.3854550481346,23.6520045836691,26.0023526785655,25.1470402301933,24.1353796696787,28.8768339529729,24.6102115873159,24.9638923711973,27.2219482178965,26.1044135145374,27.7035744832209,25.4391832341656,25.2148266299314,29.180764042257,29.180764042257,29.180764042257,29.180764042257,29.180764042257,29.180764042257
818,"EGY","Egypt",51.4946617397153,52.4824006526995,56.0789759826626,53.6812487635294,55.8841098882188,54.5178616863697,53.4493014984105,55.3501661462297,46.7632822970222,50.418306686412,50.3769004148984,59.2508503276709,57.127026967477,50.162057781943,55.8490930240567,50.3336308485634,52.9694877961325,55.6400100800503,53.3575290813104,53.5440143985233,53.0436639212542,53.0436639212542,53.0436639212542,53.0436639212542,53.0436639212542,53.0436639212542
222,"SLV","El Salvador",28.1507512982966,24.4206747892395,23.1944824675058,22.8315681214493,24.7932603202865,24.9478003830067,27.8330358514223,29.3999104051067,28.746015703332,27.032688803982,24.006240591928,28.6079346632796,24.3341026682338,26.2379001332872,26.138336393507,24.172660831159,23.1772947747139,27.913688689733,28.2486375760372,27.5761626075181,23.9185069108802,23.9185069108802,23.9185069108802,23.9185069108802,23.9185069108802,23.9185069108802
226,"GNQ","Equatorial Guinea",20.3609284335202,19.8141301183286,19.0529489400115,20.0909747513878,19.1984932410796,20.0805872704193,20.5665330256218,23.6392614488353,23.0927799997879,22.2260688903236,22.5626163974834,24.4814702098281,23.751674910601,24.7449197697754,26.3406951456391,26.4940180929886,27.1013556183517,27.663954522707,27.6102025680994,27.6591981251071,28.0522763581856,28.0522763581856,28.0522763581856,28.0522763581856,28.0522763581856,28.0522763581856
232,"ERI","Eritrea",27.793840791277,18.2237651685374,16.7237535676675,25.7016267007285,29.7589375784333,17.9708965113892,26.467180102137,13.8609121422214,19.7952627927274,20.1912212797865,33.0766507782972,37.0593161855233,25.103561124457,17.3147963267142,25.1615745889238,27.2894447509178,23.7492536068422,24.8947160573457,23.6349434084869,23.173536208654,22.2862929921289,22.2862929921289,22.2862929921289,22.2862929921289,22.2862929921289,22.2862929921289
233,"EST","Estonia",30.1385906595159,40.1096530213818,37.1315454960369,29.972748968521,28.1135221726589,41.2627777544726,38.4885162195385,40.4933388972803,35.1361884289322,39.8362669655096,52.8011241981296,41.6781614703568,56.9585363004161,46.281511432465,53.444536214068,44.7179120244799,48.9187854386677,58.6910905404537,57.679069302705,65.0872903200328,51.8401361410522,51.8401361410522,51.8401361410522,51.8401361410522,51.8401361410522,51.8401361410522
748,"SWZ","Eswatini",41.0180530297843,47.3304055780558,46.738352278038,45.0183192574227,44.6424681027575,39.48832812468,37.5479430156684,40.8996020710294,40.100838467851,42.2280107365291,44.1467580801412,42.8992748164732,35.1740655641701,40.1043582677209,42.6055797863696,42.5290850213621,43.1849852616707,43.386606842822,44.3577197906763,40.850231689066,41.093043914234,41.093043914234,41.093043914234,41.093043914234,41.093043914234,41.093043914234
231,"ETH","Ethiopia",38.5626916028643,40.7093272922301,42.3941564463584,37.6126526846028,38.3848495419461,38.6383456279487,41.1660873854946,39.8636018675247,41.4761203883268,40.5626843979924,44.1271963760249,44.7971535893473,44.0217874948813,44.9288988826062,47.6139344959362,48.4325498888962,50.2196976808377,49.0842027790328,53.5047305454937,53.8875719441648,53.3117288518947,53.3117288518947,53.3117288518947,53.3117288518947,53.3117288518947,53.3117288518947
234,"FRO","Faeroe Islands",14.2722927900444,14.2904472513368,14.3083752982434,14.3261852024979,14.3436614465765,14.3610201433616,14.3779382795126,14.3947395670311,14.4111013319556,14.4271318085475,14.442723987124,14.4579859649238,14.4382084389189,14.5118799011435,14.5519706894749,14.5945765980362,15.9317575634377,16.0704043716035,16.4285889878737,16.2241811057844,16.0355858667274,16.0355858667274,16.0355858667274,16.0355858667274,16.0355858667274,16.0355858667274
238,"FLK","Falkland Islands",NA,NA,NA,NA,NA,NA,NA,NA,NA,NA,NA,NA,NA,NA,NA,NA,NA,NA,NA,NA,NA,NA,NA,NA,NA,NA
242,"FJI","Fiji",12.6740723494921,12.390978465878,11.518955922565,8.95956314863622,14.6647699594643,19.3936161602101,13.4443922565523,11.1479020671886,16.1376523957034,12.153293074349,13.8648625798204,16.6531455708914,15.0405282760095,11.6218429890148,15.3333158547515,15.0120209044214,14.81092067537,11.6032118363883,13.7523134724207,14.9924083185366,11.1242336126607,11.1242336126607,11.1242336126607,11.1242336126607,11.1242336126607,11.1242336126607
246,"FIN","Finland",51.3834548440859,55.4145545889276,56.9315754792085,56.1339745639033,52.8666886920978,62.4849369958428,57.1975276183987,58.6476298387581,57.1811519308311,54.4232418092383,57.3177053722015,58.4897579815304,60.0406610709307,55.0864660363115,64.0929667370065,45.8747016247934,62.6368199293666,52.0415609405229,56.3191986936844,55.0565924871637,52.3801045646995,52.3801045646995,52.3801045646995,52.3801045646995,52.3801045646995,52.3801045646995
250,"FRA","France",61.2175181118844,63.8980205475015,64.5019746851536,67.1334966961245,65.3802045095748,67.1674507500359,63.544632886417,70.289599535853,62.8599082512326,70.1670667745611,69.1208450276158,67.4888906468699,65.0900050802385,73.1856110527704,77.4945520075274,72.1016314826343,73.396929859808,74.338796127868,71.1747060575873,73.5376317229052,65.1607897109851,65.1607897109851,65.1607897109851,65.1607897109851,65.1607897109851,65.1607897109851
258,"PYF","French Polynesia",22.8287530981688,22.5933098982936,23.3884551101208,18.969746209996,17.6059533472777,19.3337364283894,20.8445240956237,23.8946866773763,25.240748741006,22.4835245382453,26.4491975074833,27.6529496104965,25.6660408790355,21.9831047823868,24.51626583009,22.28254739438,22.5998645406843,25.5537318278503,25.0728110817,26.0370497781302,22.4898414672549,22.4898414672549,22.4898414672549,22.4898414672549,22.4898414672549,22.4898414672549
266,"GAB","Gabon",27.6616837313929,26.1441557483198,24.3094209076853,25.4473324828778,25.2889891174683,25.7406482838502,24.9438316067266,24.0857610205182,25.7637024571579,24.6329618668474,25.3056321132599,24.7249069526568,24.7479008068496,25.6618680665457,25.1601310152701,26.3640357774672,27.0573579171226,25.4631144015077,25.3008994748701,24.1205341984576,20.572058356868,20.572058356868,20.572058356868,20.572058356868,20.572058356868,20.572058356868
270,"GMB","Gambia",38.4848871944595,40.3958930834761,40.0359604428969,33.7556307750872,43.1524085455073,44.2056035504892,42.8636526056687,40.9605732353413,39.9413266688112,42.7341486258725,39.1495305361217,39.3796381256354,35.226744665136,38.4819190245823,38.1550492789989,39.5045339720347,32.4222906742481,38.10841558088,38.7825082971152,34.513656481621,36.1238320164691,36.1238320164691,36.1238320164691,36.1238320164691,36.1238320164691,36.1238320164691
268,"GEO","Georgia",27.1805913544899,25.4551347523963,36.2656731790947,26.5170125316253,29.5629990805026,17.961198070585,27.2327722521325,34.4569372137215,43.8433884298315,39.4234127081183,32.8061066624394,22.4280325631288,29.124278969723,34.0060386744342,27.90537875372,23.5359737908527,22.2982535773336,20.0762856796065,19.4889751739559,17.0110623947685,16.8914652066531,16.8914652066531,16.8914652066531,16.8914652066531,16.8914652066531,16.8914652066531
276,"DEU","Germany",60.9039748235789,62.2972581784057,63.7373654809327,62.4016008570026,61.7868711394171,63.5058267455141,66.5651244786552,62.6216496000454,63.7978361998293,67.4024035349923,65.3286315672185,66.5485765837085,62.1250290940807,69.6603095981183,72.4445236988902,64.3737814413415,66.3339547554467,61.2021338716257,62.8514061027288,59.8502403177894,61.8956402321204,61.8956402321204,61.8956402321204,61.8956402321204,61.8956402321204,61.8956402321204
288,"GHA","Ghana",37.0623061994417,37.8119079967326,37.8853977447977,37.7635668023077,37.7460528794924,37.4551680665723,37.45151480385,39.7057132404991,38.9492294093383,37.9214256078656,38.458735035671,36.897877335126,38.4282147860856,39.7802446048077,41.0040788677588,41.8601427831356,41.2242488373767,41.3484677398566,41.408344121206,41.3734130744195,41.038989632702,41.038989632702,41.038989632702,41.038989632702,41.038989632702,41.038989632702
300,"GRC","Greece",48.8617220650897,46.3443275894919,49.5806449719682,50.4878545753626,48.9366788712125,51.7811751715452,53.9303528799304,51.8591758157723,46.9134416241458,56.3136852221716,59.2469847595623,56.7836532264547,59.9288050700654,60.7043449904878,67.5478680108955,54.551099463408,47.2721604602683,55.7552198236675,55.2010807841109,53.2690092758717,52.6279407049223,52.6279407049223,52.6279407049223,52.6279407049223,52.6279407049223,52.6279407049223
304,"GRL","Greenland",NA,NA,NA,NA,NA,NA,NA,NA,NA,NA,NA,NA,NA,NA,NA,NA,NA,NA,NA,NA,NA,NA,NA,NA,NA,NA
308,"GRD","Grenada",28.416198854891,29.1011947031518,29.3875155565017,29.2901693249374,28.3770841571914,32.2531165020953,31.4368896893544,30.8039007924071,29.8840050609915,30.3491769175315,28.5377115158492,26.4691095471149,27.3084136701218,26.5077189276887,25.819016090297,27.2764659634092,27.8635261448129,27.8904975631236,28.0242310876524,29.1251788762179,28.8655818482496,28.8655818482496,28.8655818482496,28.8655818482496,28.8655818482496,28.8655818482496
320,"GTM","Guatemala",23.7077896889058,23.0529139758124,22.882027333006,23.9000866429709,21.895969931502,22.4672763526638,25.5145646150623,27.7536504488388,25.1372825082108,24.6887583633326,25.4971710988791,24.1400512668719,27.7399790797651,31.6470059097152,28.8242930225822,27.6856935399708,26.3712405055513,26.5751379713377,27.6633481968471,28.6496995249117,28.6802532925794,28.6802532925794,28.6802532925794,28.6802532925794,28.6802532925794,28.6802532925794
831,"GGY","Guernsey",NA,NA,NA,NA,NA,NA,NA,NA,NA,NA,NA,NA,NA,NA,NA,NA,NA,NA,NA,NA,NA,NA,NA,NA,NA,NA
324,"GIN","Guinea",37.5300841407516,37.7447281754108,38.6834941530275,38.8836832398908,39.2880602466724,40.0697910225085,39.9254068048142,39.6401372786336,39.9227392037799,40.302546248081,40.5216681660942,40.9217032571667,41.0672012908642,40.4712723330195,40.5480261258787,39.0155373705888,37.2511095145957,34.5412864831288,35.588043582219,36.211729908596,34.9912401539901,34.9912401539901,34.9912401539901,34.9912401539901,34.9912401539901,34.9912401539901
624,"GNB","Guinea-Bissau",29.7961764806622,28.0977414372651,25.0916261808457,24.8185107401222,24.2083021715463,24.2865124489747,23.8171826308916,25.3944351645744,25.1164424508525,27.2556562251854,30.8143113427212,31.2647797547074,30.6979570054324,31.6906779576648,31.0752859872964,31.5005849972476,28.4347447536003,29.179347159617,28.4007527894497,26.3757433369954,27.4688390881734,27.4688390881734,27.4688390881734,27.4688390881734,27.4688390881734,27.4688390881734
328,"GUY","Guyana",48.2572428595983,49.5168834662945,45.417018825596,44.9176619302748,44.0642660179696,43.6035969625743,46.3760232739641,41.7451004065523,50.9208869757594,39.712002750797,47.3981018016049,50.6537845822209,52.0747384106621,39.0894998303188,53.274670559408,44.806936050925,57.0807795846194,50.2747461559973,44.5935530238664,48.5082848851364,40.2418533024978,40.2418533024978,40.2418533024978,40.2418533024978,40.2418533024978,40.2418533024978
332,"HTI","Haiti",26.7830393949777,28.0833942226779,25.6252402955456,22.9955413996557,25.359871912777,21.2804159642488,20.6447758362265,24.3381659027729,24.5623113341949,25.11709368415,25.7529270743306,26.08594787599,28.5024040981283,26.9260230288229,29.5113663847206,31.057023127148,30.7923041078808,29.3953890656681,31.58659350174,31.6310491112841,31.3767216975533,31.3767216975533,31.3767216975533,31.3767216975533,31.3767216975533,31.3767216975533
336,"VAT","Holy See",NA,NA,NA,NA,NA,NA,NA,NA,NA,NA,NA,NA,NA,NA,NA,NA,NA,NA,NA,NA,NA,NA,NA,NA,NA,NA
340,"HND","Honduras",17.7187814913735,23.4468814855171,18.8848906136996,17.2842860688114,14.2747339895037,14.6598211338013,15.5056397638703,23.5607116517243,21.2659217977893,18.4545983296295,18.7219804113117,18.7434000485287,21.3212771253294,25.6970576335519,25.0297481736549,25.253647466523,21.6849416851218,22.7697766155172,21.9797713087783,23.5091942840277,27.5302153424042,27.5302153424042,27.5302153424042,27.5302153424042,27.5302153424042,27.5302153424042
344,"HKG","Hong Kong",NA,NA,NA,NA,NA,NA,NA,NA,NA,NA,NA,NA,NA,NA,NA,NA,NA,NA,NA,NA,NA,NA,NA,NA,NA,NA
348,"HUN","Hungary",65.0741745714906,58.8941419849182,72.7151928706584,69.5359821459941,61.0538190157143,52.9880578174725,71.1646153890797,60.3227826143898,69.6084271235863,76.2397085082952,87.214818488847,76.9012781348333,67.2241125667132,84.059900207145,75.7227004596116,71.3723931217542,74.2744849617742,70.5243482994469,70.8824743472659,83.3771406666901,73.1045537854397,73.1045537854397,73.1045537854397,73.1045537854397,73.1045537854397,73.1045537854397
352,"ISL","Iceland",49.5387065892515,52.8998098345853,53.061215758458,55.3224371607608,56.4468402942506,60.1420831773805,50.3669176469719,52.8606992233594,58.4853219541843,60.6255718103502,41.6004363312085,39.8107544687396,52.5567997946874,59.2666998082013,29.5681407000471,20.5261156015466,47.0396073300392,39.3204389657768,42.8278258899609,47.5366460729174,18.4605992084164,18.4605992084164,18.4605992084164,18.4605992084164,18.4605992084164,18.4605992084164
356,"IND","India",30.7922845233741,30.8604389512917,31.3500862821809,31.3045534062309,31.7937743639666,31.9984377258765,32.682249215234,32.867120499304,32.6716882092292,31.7759646888572,32.3070875208624,32.1421927682682,33.5743812227035,33.2900293785486,32.8572716032188,34.5027741984265,35.2787107778929,34.5346535267162,35.5089165812253,35.0203007448549,34.6547163216295,34.6547163216295,34.6547163216295,34.6547163216295,34.6547163216295,34.6547163216295
360,"IDN","Indonesia",42.7334169292295,41.9510106556495,44.1183743634175,41.3877697067203,43.6413935764916,43.5019346198564,42.8167921031975,43.3717695887637,44.085675759552,44.5896084859865,45.3635537309133,46.2856345795663,46.2645024603034,47.3106867712431,47.595409423418,49.5859572151435,48.0552106008242,47.8977514917068,50.0837648028206,49.9715858860883,51.8239194120319,51.8239194120319,51.8239194120319,51.8239194120319,51.8239194120319,51.8239194120319
364,"IRN","Iran",39.0691181986363,35.9794183913387,33.3692357390348,38.2300211433945,33.2635016238112,31.6282390377745,32.5968056857627,40.4919446929035,42.4343355705531,39.8484406219818,40.9470768301486,38.6001259226242,43.7257479697857,33.2955796179968,36.7642248126525,48.3206664038727,52.5902673483907,30.9815618934185,27.2366994458004,29.2257580072018,33.8399755623784,33.8399755623784,33.8399755623784,33.8399755623784,33.8399755623784,33.8399755623784
368,"IRQ","Iraq",17.6920941547969,19.5648044212119,16.1950038106492,17.3145141466219,12.3625761144071,8.6398289711057,10.2570376660825,16.2165994975311,8.50813117199118,35.6850315785625,28.2230397113457,31.4120585020564,34.5527189772624,24.3803981610879,29.1497729554237,44.5254034630876,40.7255906863761,44.8760926814975,48.4634310011409,50.4946888105697,37.4126906602578,37.4126906602578,37.4126906602578,37.4126906602578,37.4126906602578,37.4126906602578
372,"IRL","Ireland",93.8191505057917,99.476619704704,92.5407245126642,88.951907626833,95.1889096750108,98.4901625690979,94.3874982877029,92.4967534701629,91.9432496719807,98.9136879830171,89.998016208224,95.690385178435,97.0353194672889,98.5179836288304,94.117795343109,90.7991575330961,79.2479013626097,91.8869579354486,93.7991809466314,86.5504185119343,47.3307868322722,47.3307868322722,47.3307868322722,47.3307868322722,47.3307868322722,47.3307868322722
833,"IMN","Isle of Man",NA,NA,NA,NA,NA,NA,NA,NA,NA,NA,NA,NA,NA,NA,NA,NA,NA,NA,NA,NA,NA,NA,NA,NA,NA,NA
376,"ISR","Israel",37.2817389237793,35.7591267514357,34.8078980487779,36.5052567496865,31.7002958697234,32.8317135667919,34.9373710542615,36.711230819965,36.4708638511692,36.7892696796327,37.2552873025625,34.6680097698588,33.7380122628184,35.1483572885818,37.7520670874363,38.5940835338306,35.3645370913171,37.5191450224705,35.8252278400271,34.8851017302835,34.9465829564858,34.9465829564858,34.9465829564858,34.9465829564858,34.9465829564858,34.9465829564858
380,"ITA","Italy",50.3886730525371,51.8441322789097,52.3123890695882,54.4008541374943,53.5583717152422,53.1764952116613,55.4256047037825,52.1584206663664,53.4807801684182,55.8367411075197,56.1097906598266,52.8952263311208,51.7014577210339,57.1104189383251,56.04502658678,58.2078759992539,60.2129153107429,57.2155718544758,54.0663994199943,55.4664702354286,56.8447646997404,56.8447646997404,56.8447646997404,56.8447646997404,56.8447646997404,56.8447646997404
388,"JAM","Jamaica",19.9006407963432,20.4425986917032,17.8528527114348,17.6142728862405,17.4971560911132,15.4442801638845,18.22327235716,17.90093176377,17.4353723627481,16.9139550838575,17.2758083952912,21.3480046382585,22.0736994783654,20.4443324255651,21.0741792750285,21.3310761348482,23.1281505578084,21.0165138891297,22.4036615075339,22.6270943307035,22.4299303375487,22.4299303375487,22.4299303375487,22.4299303375487,22.4299303375487,22.4299303375487
392,"JPN","Japan",56.7015871539528,57.0939980734359,57.6267312456906,56.067449464625,56.9420805323999,57.9958575697011,57.3057950717454,55.8099162236003,52.0736846238815,54.1661840160143,55.4914026381158,54.5963597564524,55.918016878494,58.1053500286017,57.4525882238277,57.1491034158283,58.2886095959894,57.588274405119,56.5620796011972,55.3027469316294,55.9076665338099,55.9076665338099,55.9076665338099,55.9076665338099,55.9076665338099,55.9076665338099
832,"JEY","Jersey",NA,NA,NA,NA,NA,NA,NA,NA,NA,NA,NA,NA,NA,NA,NA,NA,NA,NA,NA,NA,NA,NA,NA,NA,NA,NA
400,"JOR","Jordan",33.8029090984031,33.4415796272595,22.0081515073689,21.2957309576361,18.3445899553547,26.3235889398605,21.2816648077105,12.9032802316104,14.3494602851392,21.6894885033528,24.1759924992574,27.5865812025327,16.3231584391038,20.0422160490965,39.2973217408707,31.0766893812796,23.5407867449714,42.7107672050991,42.5819166091074,43.5682496371604,24.9851297325634,24.9851297325634,24.9851297325634,24.9851297325634,24.9851297325634,24.9851297325634
398,"KAZ","Kazakhstan",28.9164732209793,35.1834559172357,39.3262222199641,34.0092989927963,33.1522119645097,39.3592645916178,33.9080417991405,26.4461029852723,34.4964354649643,39.8100725850496,39.3082418646783,37.721651681357,34.0332358955965,39.317484920839,34.0415684829042,40.0023843824816,41.0333423047249,39.6708905702496,41.6021952069179,44.5187962467341,45.6019439336363,45.6019439336363,45.6019439336363,45.6019439336363,45.6019439336363,45.6019439336363
404,"KEN","Kenya",41.5575846519801,34.1599921384812,35.7599064612186,36.4046301982678,36.2472874507436,31.7489914506408,35.1709547112365,37.0208640063335,36.8145860848632,34.2811919350114,37.4832113344271,39.0752892930699,35.988649544513,33.60325173908,37.1973902735041,40.7011793410512,34.3724326508803,39.1221083548236,36.5204612529883,29.1366814779717,35.9312733904816,35.9312733904816,35.9312733904816,35.9312733904816,35.9312733904816,35.9312733904816
296,"KIR","Kiribati",16.623265393281,1.7604936782602,1.52924705254588,2.7354974421231,2.75145787053798,20.9442283518466,25.0489817136661,30.1376770146251,29.7734416213754,17.0053707867046,17.6996140699429,4.75099700514454,28.2567878325276,30.9170187965508,32.5634448416681,33.4181259978772,27.7579986454091,27.4076868914964,27.2967131303789,26.8894594502471,26.5058920854534,26.5058920854534,26.5058920854534,26.5058920854534,26.5058920854534,26.5058920854534
689,"XKX","Kosovo",NA,NA,NA,NA,NA,NA,NA,NA,NA,NA,NA,NA,NA,NA,NA,NA,NA,NA,NA,NA,NA,NA,NA,NA,NA,NA
414,"KWT","Kuwait",80.7046313397137,72.5536235262766,72.0020360199149,66.4057334650436,64.1922901617205,67.8876880387879,78.1575041905278,72.4504446948523,75.2831403026138,71.3187275843581,67.6101224872961,72.4008873210539,51.5366001059256,67.9453716630398,63.0123957553775,51.8500311888733,53.624144533474,46.3791784962566,47.530017267148,51.4828120576659,44.9189337080772,44.9189337080772,44.9189337080772,44.9189337080772,44.9189337080772,44.9189337080772
417,"KGZ","Kyrgyzstan",49.8098424431458,49.7531616936648,57.321047743065,58.2005787294305,59.1155899101155,59.9656378653366,63.9568693800982,62.394040646086,61.0211527970468,63.6749329234057,59.4440939781309,57.5393855477421,55.8197039436379,55.3494021543558,62.6514280819386,54.6530274502577,56.5336010396136,49.3563522328069,56.8346062962329,48.1621777247322,52.402035770103,52.402035770103,52.402035770103,52.402035770103,52.402035770103,52.402035770103
418,"LAO","Laos",39.5662143831554,39.3078690925998,41.6581682182519,43.2674796154769,48.2206072944307,49.523364543007,49.1677761808175,52.9615622161399,50.3680225193289,53.2459631080617,57.0957487931965,58.9932043912793,62.5659045870377,67.1482128835002,65.5363993408977,64.0641136448894,66.0954733372656,67.3543225716018,69.0924145806659,68.8629252231372,69.1884762834889,69.1884762834889,69.1884762834889,69.1884762834889,69.1884762834889,69.1884762834889
428,"LVA","Latvia",37.2625447926575,47.8591805352597,46.7268614803902,38.8379126621676,33.8288428794211,42.3650741871059,36.6007438786378,45.1042640989462,46.1852707117743,45.6528599366663,54.2684127587325,44.4367831463078,56.5931397375831,59.8592687833936,58.0921475299584,51.2179653098725,48.800737462904,67.9966046194405,60.7059098056583,60.4691597964043,62.7516525904635,62.7516525904635,62.7516525904635,62.7516525904635,62.7516525904635,62.7516525904635
422,"LBN","Lebanon",34.3770293035468,37.0529849130969,35.3297487487105,30.6786188798131,33.2103645522717,30.6774672985608,26.047329887306,33.7433810333647,34.9954881968676,38.9873121950816,48.3968852357506,50.4852950798299,42.3118721879442,40.3549379015161,32.8851562732054,28.9605225807171,33.0381980383356,33.2944043510673,34.0901718343206,33.0982751361209,34.0641219985405,34.0641219985405,34.0641219985405,34.0641219985405,34.0641219985405,34.0641219985405
426,"LSO","Lesotho",21.4957646386104,40.1370013180525,37.4276103531133,30.9719465934261,30.9756723260185,22.1942282788595,25.6773632906844,31.967407698639,28.9570052825567,26.4558104143142,25.7026112881633,18.9922547641579,15.4098713100637,18.5910983582142,20.1240498314336,34.7619702206088,28.9521462183439,26.3179694046832,30.6664334972248,28.4609325333497,27.3528155679291,27.3528155679291,27.3528155679291,27.3528155679291,27.3528155679291,27.3528155679291
430,"LBR","Liberia",23.4717516076055,26.0191935624446,28.4010373836383,28.9301057910444,29.1446517917671,28.8012628816653,27.4124805891434,25.3324354387693,27.7475280113637,25.1628722221845,28.3348827137313,27.3316221188984,29.4019949010838,26.5117975849399,26.0669102999065,25.4908722296731,24.8175515720449,25.5742686341829,25.4659584712116,25.3603534675484,26.2245444217947,26.2245444217947,26.2245444217947,26.2245444217947,26.2245444217947,26.2245444217947
434,"LBY","Libya",21.1322887735633,27.6199705350083,30.2271608899749,27.2929897881255,17.3300686758706,21.7389323263508,26.5899993523695,13.4099707857182,20.6919847966236,15.5818458229748,12.3639321212953,17.9846576731672,12.5131101686688,16.4803061728291,17.6547681479831,36.4436419471207,17.4185070398307,30.0349835350091,34.950583138174,34.8715658192716,34.7564153917037,34.7564153917037,34.7564153917037,34.7564153917037,34.7564153917037,34.7564153917037
438,"LIE","Liechtenstein",NA,NA,NA,NA,NA,NA,NA,NA,NA,NA,NA,NA,NA,NA,NA,NA,NA,NA,NA,NA,NA,NA,NA,NA,NA,NA
440,"LTU","Lithuania",39.76897258414,44.6896482511213,48.0654793955885,45.6133917750271,36.0004529603152,46.1119353818374,40.1172135643741,66.8683310810539,65.167181256488,65.8978586225522,55.6555655024902,66.8261127107043,52.4174901478591,75.0782075335605,78.2760757703196,50.1549527918774,69.4405132300783,66.3687653218601,61.375918156048,66.1481212992448,64.0752571633691,64.0752571633691,64.0752571633691,64.0752571633691,64.0752571633691,64.0752571633691
442,"LUX","Luxembourg",68.9090771170607,68.9090771170607,68.9090771170607,68.9090771170607,68.9090771170607,68.9090771170607,67.8299168711122,39.8186452385325,47.12124952253,45.2406868939655,46.1875307723497,46.5549977211973,46.2172577738721,49.5943829563977,49.8914530187802,46.7989810564451,45.0157763282214,46.1067209214877,47.8925310152683,47.8589859944644,42.1811496688645,42.1811496688645,42.1811496688645,42.1811496688645,42.1811496688645,42.1811496688645
446,"MAC","Macao",NA,NA,NA,NA,NA,NA,NA,NA,NA,NA,NA,NA,NA,NA,NA,NA,NA,NA,NA,NA,NA,NA,NA,NA,NA,NA
450,"MDG","Madagascar",36.7797677985572,36.9641067855505,37.8844775400001,37.3781209907756,39.4534905176815,39.7739150411373,42.235383222212,41.8321257459576,43.243309654208,45.0873059344356,46.580202372094,47.5597522930318,47.9844708915467,49.4532328249238,52.5055895457691,53.1328915743943,52.1607604547269,52.6248845460612,51.3191465037307,52.4525395124563,50.4507067430832,50.4507067430832,50.4507067430832,50.4507067430832,50.4507067430832,50.4507067430832
454,"MWI","Malawi",41.9556038886945,41.7338486700575,34.6429793764269,40.8494127644316,46.2967424156909,45.4754742570753,42.8725773702606,32.5952237285264,36.9644121646911,32.3779084198075,39.0354549442511,38.6322901040413,38.5141081592646,38.3814156424615,49.1677816009718,42.6037695405725,46.2874300783503,49.1890496892294,49.3762435277218,42.8935512142093,38.9876147121213,38.9876147121213,38.9876147121213,38.9876147121213,38.9876147121213,38.9876147121213
458,"MYS","Malaysia",39.5965000931729,42.718833275701,38.634950792699,36.8994592317645,41.244769435638,43.6525619116387,45.4196674831667,40.0690398083235,44.9046163091293,41.6376635952879,41.707861348165,44.9873810406697,41.6618961226906,39.8455667841495,38.2234181888104,43.079263015054,64.8516046427361,56.7469414925578,62.297125776701,62.2162725301379,63.3919097298317,63.3919097298317,63.3919097298317,63.3919097298317,63.3919097298317,63.3919097298317
462,"MDV","Maldives",4.5694599987354,4.48437959417548,5.22974784853159,5.4164987503586,5.83350536781134,5.4886817566757,4.17382243085369,2.92663057543942,4.90186890852891,5.0363558206124,4.84847865798659,32.2062812561524,19.337076183025,42.7029356202127,24.1867717213348,26.0237666042197,35.8525263107638,13.2006389145028,17.3869712052771,16.7399670573851,14.1351279156235,14.1351279156235,14.1351279156235,14.1351279156235,14.1351279156235,14.1351279156235
466,"MLI","Mali",39.706040788403,41.5363219951531,42.6015982776933,43.3387951649802,43.4957008254756,41.3722368944833,41.4330929002805,37.913712666955,37.4264168933878,31.6476552797772,39.7647302233877,38.9287832939786,36.4549010841553,39.744772321596,45.5640376044116,45.4819954102488,43.8947082313452,43.9697846350396,42.8570306026122,44.5947937770627,43.3639561637854,43.3639561637854,43.3639561637854,43.3639561637854,43.3639561637854,43.3639561637854
470,"MLT","Malta",31.5980140160351,31.3460274881189,36.4283557331556,35.0729557849443,40.1746357147892,41.0205145161857,41.3433695399243,37.0306931218052,37.1111355679353,38.2319625840294,38.1581965184939,33.5487497453193,38.6941942565588,43.1439797800946,42.9227929791155,44.2001484130786,45.8657330749685,32.118772818166,28.574177461181,27.7693337505034,28.3033894223721,28.3033894223721,28.3033894223721,28.3033894223721,28.3033894223721,28.3033894223721
584,"MHL","Marshall Islands",0.911007831390805,0,0,0,0,0,0,0,0,0.237507425466944,0.817791968671216,1.8372907380939,0.955713837898827,2.27072980058961,1.77095873223138,1.50506816411098,0.836443601205374,1.35696415534971,1.6528960578502,1.73349310483758,1.71017866346899,1.71017866346899,1.71017866346899,1.71017866346899,1.71017866346899,1.71017866346899
478,"MRT","Mauritania",23.6652457349708,23.1206408236726,22.8325811130637,24.7678092452993,23.3463028774097,26.2658347143672,17.395106632391,22.669390475497,24.9680380306379,19.8592766134301,25.1554461411065,23.2466676323979,24.9963704983889,26.6179263703247,24.1250710830621,31.0279343110163,29.0151422294349,33.3117790934564,32.8772699850052,38.6566411577356,39.6959142175256,39.6959142175256,39.6959142175256,39.6959142175256,39.6959142175256,39.6959142175256
480,"MUS","Mauritius",17.0211930171422,16.85401063938,19.1426503397065,18.3211134957747,16.525666232193,15.8884578613551,21.5652973157946,16.1216671853488,17.5370542250476,18.1483673051078,17.4641543757045,17.8223358430429,15.974810981425,18.7951685963477,20.2488224347951,21.5082296094665,18.3939218024636,16.2156889010938,17.2988644526845,17.3211309481635,19.9862666527633,19.9862666527633,19.9862666527633,19.9862666527633,19.9862666527633,19.9862666527633
484,"MEX","Mexico",36.0007039914515,35.4361901320166,35.2247947058063,34.3197913959011,33.7349919189971,33.7179961228996,35.542475713631,40.3446423253217,42.1439381865467,42.663727863402,37.8428888385957,42.285335588954,42.5628810693508,47.3796311669046,42.6902032231508,44.8461534994369,42.2017517098655,38.9756889804846,36.2962655302914,38.1800725625827,38.7941723261755,38.7941723261755,38.7941723261755,38.7941723261755,38.7941723261755,38.7941723261755
583,"FSM","Micronesia",22.1226296167607,22.01984543912,22.0138386783147,22.0240281069371,22.0597736265593,22.0660865538329,22.0593709766144,22.0596806919815,22.0556889687332,21.0348596234385,19.7411240501026,18.5465977086009,18.3703862506045,18.1198014928162,17.8965690508126,17.9563524014404,17.167477286876,16.4767691634439,18.0963859263988,22.3826690550208,19.3943095521649,19.3943095521649,19.3943095521649,19.3943095521649,19.3943095521649,19.3943095521649
498,"MDA","Moldova",44.7653278137107,35.5848426379327,57.2294743138694,54.4563288740166,51.8874213849344,48.3442584490653,51.5940547978648,54.0681391339584,48.818161026869,57.2984785416932,58.1874675156697,55.3860424183937,52.0238231865588,61.1935480788007,53.6031928138883,58.4020824128872,58.3217743720755,48.9427486058284,58.806121000528,57.0636098062008,50.7898481598333,50.7898481598333,50.7898481598333,50.7898481598333,50.7898481598333,50.7898481598333
492,"MCO","Monaco",NA,NA,NA,NA,NA,NA,NA,NA,NA,NA,NA,NA,NA,NA,NA,NA,NA,NA,NA,NA,NA,NA,NA,NA,NA,NA
496,"MNG","Mongolia",7.81887256200326,6.35749643976304,7.50710667777281,5.73267592467803,33.931123636717,33.6894171143144,33.6202451288774,5.45451150820442,7.95389584951457,26.9810845881277,38.8139745825278,31.2698544439309,28.5580408024437,39.994070033656,49.6770140091399,15.8616301889683,18.0013123327683,18.4411524700067,14.540295586252,17.8561563406531,15.3861440809957,15.3861440809957,15.3861440809957,15.3861440809957,15.3861440809957,15.3861440809957
499,"MNE","Montenegro",26.5296491823917,26.5296491823917,26.5296491823917,26.5296491823917,26.5296491823917,26.5296491823917,26.5296491823917,26.5296491823917,26.5296491823917,26.5296491823917,26.5296491823917,26.5296491823917,31.0975887644062,36.5898855969249,38.6547264042883,36.7053715700339,20.2841583062784,16.5446049140248,19.294723723203,20.3266716704095,19.2112521747466,19.2112521747466,19.2112521747466,19.2112521747466,19.2112521747466,19.2112521747466
504,"MAR","Morocco",17.3422427155669,37.6392658732446,28.3409552604048,38.8363390144254,25.031655180497,14.7983882980916,29.6250038034736,30.7707140277645,44.0476968633604,44.2527737006767,22.0274802706511,42.1306275738695,16.1171395286571,29.637490195205,47.918656328637,43.6780476059047,45.8536262343829,33.4104320605327,47.0224428498997,39.3194201454307,38.9428096178372,38.9428096178372,38.9428096178372,38.9428096178372,38.9428096178372,38.9428096178372
508,"MOZ","Mozambique",29.2761485739176,31.7095732784821,34.0650362715125,34.4108613766947,35.2906880517608,30.2764463795418,32.4384649662129,26.9828952160489,35.5051066660823,35.0068250994812,28.6387989738966,32.5974965537627,31.3650694496664,24.9524510505633,35.4354451660596,35.0650154704276,36.9105410706793,31.5023554823726,30.0771587940674,30.7440597373725,34.3758598468783,34.3758598468783,34.3758598468783,34.3758598468783,34.3758598468783,34.3758598468783
104,"MMR","Myanmar",44.463005896442,44.3085789183219,43.3811867790297,44.20680004161,46.6713642452463,46.2411380236285,49.4322729213055,50.5492726985416,51.3156812915016,52.1667044479427,56.4672958647407,58.0976174112091,58.7658171599489,59.7837177153966,60.2803013419878,60.4837875261662,56.7118958771829,55.0118840537188,54.115864467431,53.5444577747753,53.7126206463754,53.7126206463754,53.7126206463754,53.7126206463754,53.7126206463754,53.7126206463754
516,"NAM","Namibia",19.0487836990618,22.2153123327021,27.4919503668833,26.56213066583,20.0359280325079,25.930012289897,27.1090266044027,15.7454422433762,20.8871204286677,24.1591525718003,22.7735560756513,23.413267032205,24.5807993887469,26.9503925940409,21.6979738577809,20.0408388567578,17.804080796494,14.246870133902,14.6658964964126,15.0919305410155,11.5385599519497,11.5385599519497,11.5385599519497,11.5385599519497,11.5385599519497,11.5385599519497
520,"NRU","Nauru",23.1996895215552,23.5349675350168,23.7517776941141,24.0117227161422,24.3874042513659,24.6324573030516,25.1271590286042,25.5044644245563,25.9516550999078,26.4644211141058,26.9470590584955,27.4773506596805,27.4058596786399,27.3684655428045,27.8294885171621,28.0674792972201,29.1613925372283,28.9338128236022,30.1619788956195,30.4336399338021,28.2807746847967,28.2807746847967,28.2807746847967,28.2807746847967,28.2807746847967,28.2807746847967
524,"NPL","Nepal",35.7146362924019,36.637031624718,36.4666222535556,35.4648061458267,38.3359389093425,41.5146055636001,42.6511635247148,45.008263126297,47.0361098356599,48.6695810527187,49.4163410201098,48.0070495458074,47.6572424995722,49.724998676748,48.5611018052827,45.3123895381387,47.4629766383666,50.4165037749782,46.2039477329849,48.0165415156571,45.7535986063448,45.7535986063448,45.7535986063448,45.7535986063448,45.7535986063448,45.7535986063448
528,"NLD","Netherlands",39.7773600455511,40.6800136228344,40.4874868728403,39.4614864725898,41.317019524947,43.3101249424277,42.2176313448305,42.9828426006238,43.5271152187519,43.2084827139988,43.0013913863886,42.2417731228677,44.2868697897784,45.2469093396396,46.2561490345765,45.0590818896773,45.2534667976592,44.6953036460715,44.8314848709611,45.0065965635991,39.9735963348816,39.9735963348816,39.9735963348816,39.9735963348816,39.9735963348816,39.9735963348816
540,"NCL","New Caledonia",10.6674513189031,11.9984343429942,11.0730906444803,11.0105462070031,11.0866545366588,15.3366875392185,15.5763024378418,12.2456503044491,12.7466141975954,13.1471001529969,13.7232261297031,11.4186821319612,12.0024987987659,10.9121534936016,9.94990051781048,9.42271362353802,8.71026754114988,11.8932338257049,10.2507972037403,9.64809000606351,10.9259700594359,10.9259700594359,10.9259700594359,10.9259700594359,10.9259700594359,10.9259700594359
554,"NZL","New Zealand",53.843854334695,58.0019814744412,59.1774464130795,57.9932202164244,57.2776307491757,57.4649744942168,56.5940216378065,56.6915658845136,55.1130054314805,52.1873240920045,53.7475668326815,51.8847963701809,52.7277209224104,56.4414393239464,58.5099058192981,56.4051910222053,57.0129860481709,58.4023686127535,57.3555335733413,56.530492243345,57.5257524453558,57.5257524453558,57.5257524453558,57.5257524453558,57.5257524453558,57.5257524453558
558,"NIC","Nicaragua",28.8803792630228,28.6571448843342,31.4695458184188,32.7693222919702,27.0919126240982,30.9656256784719,31.2548300575347,27.459701080042,29.9172483013491,28.6760364460779,30.1635329443482,27.8781965502868,27.3484009773423,28.6774883706992,29.1792346736443,27.8464991831057,28.869503464372,28.6265752410205,30.0656203390946,25.2406153283224,24.0700273371653,24.0700273371653,24.0700273371653,24.0700273371653,24.0700273371653,24.0700273371653
562,"NER","Niger",25.9724291597294,25.5680368972414,25.1777209560152,30.3414712094557,29.6091560087073,25.1285889013464,30.231118521845,30.5465118110467,30.595614480034,28.6489548219062,31.6013582942456,31.7865816062995,31.2246849578149,33.5291151400811,30.096350135419,33.4374108772806,31.7927604639903,33.2262746065776,31.6842008781626,31.9114095290319,33.5789227667061,33.5789227667061,33.5789227667061,33.5789227667061,33.5789227667061,33.5789227667061
566,"NGA","Nigeria",40.2508317999116,40.2653946281873,40.6015763929275,39.8116697604555,40.6841126194815,39.9680630706082,39.2978758579758,40.0238643251384,40.4691709129057,41.9736994984009,41.4809687839325,42.9233688386379,42.2932164240954,42.6071842919457,41.2018849871185,40.642868070113,39.8203342448011,38.6927063007158,33.5341608425021,37.9941634710178,38.9635446024462,38.9635446024462,38.9635446024462,38.9635446024462,38.9635446024462,38.9635446024462
570,"NIU","Niue",28.9302880750908,29.2515210333581,28.9438336555064,28.8754839988579,28.7973934470756,29.1939499563185,29.5024586243543,29.5079043301236,29.5297934770279,29.5125835832383,29.4443762248954,29.3744998450088,29.40940370088,29.0292513520325,28.7919728355307,28.5472229199427,28.3462873291695,28.4108032795479,28.5009202435534,28.4372063241124,28.4194124751134,28.4194124751134,28.4194124751134,28.4194124751134,28.4194124751134,28.4194124751134
408,"PRK","North Korea",56.0256293525428,41.3218471715082,41.9017827796626,46.5186688912262,41.6502548549629,36.4741124206796,39.4677719930396,61.4219178361314,62.0508885824564,63.0680553230784,62.6152826747872,63.1564352604795,59.6587225682143,62.9287908797628,62.2877811350378,62.6196862916549,63.4577477771262,64.5578438946996,63.9514724995358,63.9740534613786,62.8511856286464,62.8511856286464,62.8511856286464,62.8511856286464,62.8511856286464,62.8511856286464
807,"MKD","North Macedonia",41.6784863835286,32.8324049641125,37.4712965101513,42.7089714013498,41.6212019350254,39.9721837068072,39.2415459980114,49.2384994240452,41.5257633178212,47.2791527513282,47.5436556969161,46.5214529836166,36.8011791370799,48.5939333024107,47.8966803398005,45.056398786134,46.1168845778994,41.4363553371647,46.3549343643933,50.9791797434302,40.89763190082,40.89763190082,40.89763190082,40.89763190082,40.89763190082,40.89763190082
578,"NOR","Norway",37.7767525483861,40.3050500091594,39.4382205827305,41.4849908577944,38.6743014695645,40.7853795863548,39.5305848783794,37.424635550839,40.2788529381984,43.1911274878498,40.0173647989756,37.8305919111549,38.5347634285059,42.1678193478537,38.8148757301106,41.5059585175291,35.85649383465,36.6512020456679,33.8573512582578,39.9459277797755,39.3161164787299,39.3161164787299,39.3161164787299,39.3161164787299,39.3161164787299,39.3161164787299
512,"OMN","Oman",22.7279245273163,25.4689052356929,30.1453649970904,23.1821337653264,27.869554715134,32.8408340041866,29.6529683238358,31.6009911127192,32.7057623096074,29.5865768929807,15.3963405162744,19.8886045167598,48.804650013417,25.8715529774858,18.8386145354128,45.0812150807275,19.166370797473,17.4534581831969,18.4208054671951,46.5429856273954,50.5512162343084,50.5512162343084,50.5512162343084,50.5512162343084,50.5512162343084,50.5512162343084
586,"PAK","Pakistan",30.5722142480181,29.7166547661267,29.1040261458882,31.0070117420167,31.729820664601,31.7667905912574,30.8453137316784,31.0286994817817,31.2378281539684,33.8080116979761,33.8169408659695,32.8469852222825,34.7120071479272,32.9013528438406,33.4409332909019,32.6300980176907,36.1760032355652,34.8891965849319,34.8848088839624,36.0895568592125,35.1338580745011,35.1338580745011,35.1338580745011,35.1338580745011,35.1338580745011,35.1338580745011
585,"PLW","Palau",NA,NA,NA,NA,NA,NA,NA,NA,NA,NA,NA,NA,NA,NA,NA,NA,NA,NA,NA,NA,NA,NA,NA,NA,NA,NA
591,"PAN","Panama",24.980552614676,22.0955780962355,19.9459138769661,23.7750203024882,24.1208038176841,25.6117357035357,25.1878524397405,29.4526527877548,27.8595619045311,28.2698496355197,26.6936367393012,25.8082807229307,27.3679865634782,27.346984713533,26.472174502943,23.315265108051,28.1041230881867,23.2005956635739,23.9626426483491,25.0877938106325,25.5689447126409,25.5689447126409,25.5689447126409,25.5689447126409,25.5689447126409,25.5689447126409
598,"PNG","Papua New Guinea",30.3841309218842,31.9949964557294,31.6421174316625,36.1243420411041,37.6919756277037,37.2693470694267,34.4808596746579,34.1378959619059,32.5012226648982,27.0652161452923,28.0646325148598,29.6102323675949,31.1930233205251,32.6766615880463,29.4988955646688,31.8824081534857,35.3232406400339,32.3477728262567,32.6917140794561,32.7879267653013,31.2570188973394,31.2570188973394,31.2570188973394,31.2570188973394,31.2570188973394,31.2570188973394
600,"PRY","Paraguay",77.5574834207588,76.5164679444622,77.9867573262129,77.1521804944277,77.8194454746808,76.7907599459343,78.7586970391272,75.7860052601422,77.7358862941642,73.8227536579131,75.4476850214717,71.7402258384036,77.5369301973933,79.2769241626937,69.3261494013589,80.1782941241733,79.287167425483,78.8403549718082,79.4556969269714,77.4136070333313,77.9238461604794,77.9238461604794,77.9238461604794,77.9238461604794,77.9238461604794,77.9238461604794
604,"PER","Peru",32.7275435002976,34.3024015175779,33.974527484695,34.3503559558663,36.8543356686034,35.757904272726,36.0667038354828,36.28146414266,37.0151885976803,35.2694156347281,40.0413360333899,38.3928444456696,36.3648559611443,41.1042964084884,38.7655862417886,40.0448826648505,38.2990843791151,39.8797570861081,39.9162772012639,39.8646687086438,37.1119326054873,37.1119326054873,37.1119326054873,37.1119326054873,37.1119326054873,37.1119326054873
608,"PHL","Philippines",33.8555286341273,31.9996374222814,31.3566901477385,32.395372971745,33.2271543472761,34.4448935586057,35.0054158147928,37.4724815235765,35.2973949917637,36.1286371408239,38.334895027135,41.9336662104816,42.1032227537842,46.7617943744393,44.8396830337868,39.4488910816569,43.1211664766466,45.6870535243125,44.3880905675081,43.312109809411,44.1059459234908,44.1059459234908,44.1059459234908,44.1059459234908,44.1059459234908,44.1059459234908
616,"POL","Poland",52.7686228990202,50.653986516519,46.690493863727,54.4116072901377,50.8078068932361,50.715446669924,53.3333450312552,54.8045862753784,48.245464283604,56.8366825849818,53.4128980549781,53.2156369043875,51.9741433187628,52.6735284933575,59.0088926299841,55.0917595438316,53.6922722819582,51.568312832568,54.9344235326915,59.5806272117528,57.4287279461297,57.4287279461297,57.4287279461297,57.4287279461297,57.4287279461297,57.4287279461297
620,"PRT","Portugal",19.6607044061758,21.7365675236562,20.1851932686418,19.0578258166418,23.6553859847266,23.1221674372095,21.0362945582052,21.0605457484757,20.4563515273876,22.6998256614622,20.6366918762927,21.9942634899519,20.2600720763567,20.9394668195702,21.8664995318131,21.2004020973204,20.6703793486756,21.1574880479254,23.5841592489151,22.4812314024581,22.3319005702046,22.3319005702046,22.3319005702046,22.3319005702046,22.3319005702046,22.3319005702046
634,"QAT","Qatar",37.5163186488814,39.469091974151,45.6422577065844,48.0041673397187,48.9442032294125,43.3338427198437,41.8118704910425,40.0002617379765,42.4852462516448,38.2525064340513,42.7249375964596,40.8733603390396,34.7563745191286,28.3791785521696,25.0668638556267,27.1117668038945,21.952537433051,21.6441531704124,25.5815221046556,28.3261930887135,26.6249560795796,26.6249560795796,26.6249560795796,26.6249560795796,26.6249560795796,26.6249560795796
178,"COG","Republic of Congo",32.0888038595225,29.3380774005678,28.9173558484984,28.989739294651,29.8705358754086,29.1518869750362,27.8859346977801,35.7492079432214,35.5541352332094,33.1105666266857,35.1916227922082,35.6899574203019,35.5459791518223,35.5466491384502,33.8350071175261,35.1843843081898,34.4657874728255,34.0081495664678,33.5225680338339,34.2259971549188,34.3395988737182,34.3395988737182,34.3395988737182,34.3395988737182,34.3395988737182,34.3395988737182
642,"ROU","Romania",60.6934579090574,49.3682826451592,57.9464239126319,49.477305079954,60.5162731325455,50.1197039873884,58.9060596374739,49.4692462549426,51.2519003457438,58.2313569696539,61.4366571997615,57.8767776542719,54.8343680115144,60.1588201278674,51.9310723675188,59.9845234696333,71.2190277757866,58.2464630081597,69.8351124122855,75.3028753515227,65.7312827350088,65.7312827350088,65.7312827350088,65.7312827350088,65.7312827350088,65.7312827350088
643,"RUS","Russia",36.9405042296871,37.306318242524,47.2955028341414,34.3921582034237,37.8722342025097,41.5146993834177,50.0429958961395,54.0287252233708,46.4667863410766,50.9848425524698,51.8633724413194,52.3993524374281,53.0010509420283,54.8735292220824,58.2485707022273,48.7993590045925,58.4642937100915,53.5842783592665,57.2944989978766,61.041057312422,60.4895287800914,60.4895287800914,60.4895287800914,60.4895287800914,60.4895287800914,60.4895287800914
646,"RWA","Rwanda",34.6852353521373,34.8785735442835,33.6021372682091,33.7133955388249,32.0845659159552,36.2499238978571,37.138609320273,38.1900646801521,36.8667458135653,35.0006682976976,37.9846409213152,37.3726951408309,36.8022449758894,38.4621376456531,43.3696968432403,44.5262794343084,45.7548974946111,44.7721546450353,45.2362314640527,43.4713179261281,39.4102805409526,39.4102805409526,39.4102805409526,39.4102805409526,39.4102805409526,39.4102805409526
652,"BLM","Saint Barthelemy",NA,NA,NA,NA,NA,NA,NA,NA,NA,NA,NA,NA,NA,NA,NA,NA,NA,NA,NA,NA,NA,NA,NA,NA,NA,NA
659,"KNA","Saint Kitts and Nevis",10.7727085399718,11.9479910461505,10.957353502624,12.4204688874651,9.79435791590939,10.0926243606614,10.126285651553,24.9871908490108,16.2125814795003,25.7377639889702,18.3874257702473,9.49476026294208,10.2384982046934,10.1063212162588,9.67150126956174,10.1446452349702,11.1333510553647,11.6650871416923,12.1860585385322,13.1760979747787,11.5234526099235,11.5234526099235,11.5234526099235,11.5234526099235,11.5234526099235,11.5234526099235
662,"LCA","Saint Lucia",3.73535707694424,3.22247625545315,3.15372243355098,5.38311397961776,6.58246369599247,5.92712126218778,5.17494323933416,21.7043759939358,22.0918147252588,21.0870970630262,16.5846758660186,19.2563369176997,16.0465680353437,17.9642444046023,14.7472053357962,10.4398515576596,11.1854971351558,8.40922038673948,7.57180848421402,5.88274256265454,6.39005708086243,6.39005708086243,6.39005708086243,6.39005708086243,6.39005708086243,6.39005708086243
670,"VCT","Saint Vincent and the Grenadines",11.6925856868088,10.9511996714537,11.3750258176249,10.0174095349328,8.70326163906438,8.9173063006382,9.24384488605234,31.8969637974392,34.1122611905842,34.0609841181564,34.8942759850841,35.0167217008736,34.8752911265619,32.3483050075899,33.1641151761338,35.3702519642214,34.3825663703634,35.4567350394957,34.5593134689232,35.6124308233973,35.4175105835309,35.4175105835309,35.4175105835309,35.4175105835309,35.4175105835309,35.4175105835309
882,"WSM","Samoa",24.5222701809031,25.3054784602037,23.9531683774104,24.79830939136,14.3579112365877,9.3983395244282,9.02047406098895,22.0497388692589,22.1388485077791,21.8097828891971,22.2257774737419,22.7049989342392,22.9896738721002,24.6478335432145,29.1337764768098,26.8879079191287,27.6230115812003,27.4823634542574,27.4171993337584,26.9171736765308,27.7297313032886,27.7297313032886,27.7297313032886,27.7297313032886,27.7297313032886,27.7297313032886
674,"SMR","San Marino",NA,NA,NA,NA,NA,NA,NA,NA,NA,NA,NA,NA,NA,NA,NA,NA,NA,NA,NA,NA,NA,NA,NA,NA,NA,NA
678,"STP","Sao Tome and Principe",30.6069107817718,28.7542454408435,27.3128347167014,30.9218456791072,30.9980009899686,31.0260379196997,31.4879037835448,31.6078032130267,29.9603002284912,30.3914421448509,31.2530059470437,30.712612925113,27.6271736898975,27.2270513553326,24.9210530743302,25.4857496956178,18.4485402681468,21.6923613389868,18.5734672768915,18.7585556947737,18.2040184555695,18.2040184555695,18.2040184555695,18.2040184555695,18.2040184555695,18.2040184555695
682,"SAU","Saudi Arabia",22.0253394235579,19.9116905151879,20.9343636052558,20.9007446043129,21.194491790377,20.4491309648119,22.1528346270856,22.8346879946831,23.3925802450799,24.6307143939882,24.499086662042,24.9602465682473,24.8906228003489,24.3115482194378,21.6242082393456,22.9326879476645,43.2233025284325,59.7302275326988,64.8620005142155,65.0104230780969,64.3000299043679,64.3000299043679,64.3000299043679,64.3000299043679,64.3000299043679,64.3000299043679
686,"SEN","Senegal",38.0783846058113,33.3235318601724,32.2976746949966,32.6610819359516,35.9374160471014,34.3578552120518,34.304814211468,29.1557518101269,35.4698508345346,31.09041469713,36.8336249562388,37.4210234490657,35.7538025989166,41.6462422468339,38.1908491481057,37.3198420734257,29.8812888499414,37.2200121722248,32.7555647310562,32.9883593483864,38.5506398942234,38.5506398942234,38.5506398942234,38.5506398942234,38.5506398942234,38.5506398942234
688,"SRB","Serbia",60.7184409255076,60.7184409255076,60.7184409255076,60.7184409255076,60.7184409255076,60.7184409255076,60.7184409255076,60.7184409255076,60.7184409255076,60.7184409255076,60.7184409255076,60.7184409255076,41.864327922479,63.760738607933,54.5580709737122,69.3150328428259,64.5561339045856,45.5147382101329,60.7413819485699,74.2677770331412,69.9013063664905,69.9013063664905,69.9013063664905,69.9013063664905,69.9013063664905,69.9013063664905
690,"SYC","Seychelles",3.49737898352042,3.63126647154422,3.49821192188057,3.33627657454217,3.4427474291567,4.23508172739665,7.5943228292532,7.50191966732466,6.86064260556161,7.53035469910934,6.59015870281756,7.53476417635191,6.21818881786476,6.4407000416326,7.36298145344546,10.7218790626221,8.0495520564846,8.62626856525412,11.0270655645953,10.1642697050111,8.77007857949475,8.77007857949475,8.77007857949475,8.77007857949475,8.77007857949475,8.77007857949475
694,"SLE","Sierra Leone",32.7640303758148,33.60421791164,32.7437673732392,31.3030969103438,31.6315805969314,30.3473326773565,29.8009859338349,29.7275582700654,30.4747153051341,30.1807892834989,31.6391224349526,35.5543726617723,34.1378022572908,34.8290022859877,39.3255229535153,40.5573192727777,40.6500095464373,38.0493025793595,42.1075576883382,42.6959602913592,42.6535921690261,42.6535921690261,42.6535921690261,42.6535921690261,42.6535921690261,42.6535921690261
702,"SGP","Singapore",13.9738720279667,14.4982964322364,14.6224993463086,14.4891752625787,14.6331868808852,14.5455133575037,14.684134528515,14.722550377208,16.2096875757113,16.051962141013,16.0701984920273,17.2092984644358,17.635608675333,17.578106957561,17.9712253910983,18.3771075343185,19.3867042575662,18.6363946473703,18.9222072613143,19.6235202762631,19.7031585157053,19.7031585157053,19.7031585157053,19.7031585157053,19.7031585157053,19.7031585157053
534,"SXM","Sint Maarten",NA,NA,NA,NA,NA,NA,NA,NA,NA,NA,NA,NA,NA,NA,NA,NA,NA,NA,NA,NA,NA,NA,NA,NA,NA,NA
703,"SVK","Slovakia",65.24256488694,62.1131919359127,69.5300632139072,62.2048084042707,61.5464793642495,53.4962190470187,63.1917303512933,62.7690321252719,50.045768993347,73.5120991875038,71.970916271234,60.6518866374727,57.4655040625065,79.1461623532022,68.7846855591074,55.4381267594778,70.1352189443039,63.1296553693838,63.119104646189,75.9396330692854,68.8070555255791,68.8070555255791,68.8070555255791,68.8070555255791,68.8070555255791,68.8070555255791
705,"SVN","Slovenia",39.053662069677,41.3513546757505,40.9012425773779,42.1117289264682,39.346744623436,39.1891081134255,38.287272863193,44.3794528461834,36.8102028287047,44.7310788399444,45.6035919533858,41.7157141946692,42.9424099870515,45.6839839389608,43.2107249868354,45.5352330507538,47.1348703938284,46.6058561792436,45.6333584400367,47.8740435115296,47.0256005301898,47.0256005301898,47.0256005301898,47.0256005301898,47.0256005301898,47.0256005301898
90,"SLB","Solomon Islands",8.94064739585383,9.27903528561791,9.22480885229744,9.45322428740593,8.97734599950128,8.77202194193485,8.0079331901976,7.55910080835072,8.33079551015143,8.65437458630383,8.32329013313304,8.87484765331031,8.98184856042684,9.51431560182041,8.56797731593771,8.4282619007285,7.9601845565622,8.77391598566886,8.75399814717045,8.77906049321072,8.61799297630095,8.61799297630095,8.61799297630095,8.61799297630095,8.61799297630095,8.61799297630095
706,"SOM","Somalia",15.7211307269471,15.1235294438586,15.6524696431241,11.9577913540662,16.7898142954081,21.0219922531678,22.5143059792309,22.6325826666607,21.2484839830537,19.1431524511928,19.2658397915482,15.8576204272139,15.3378001015822,16.4105581250204,15.0714884182158,20.2241533231333,11.4497735394043,16.2658740550163,17.8350376726629,21.7351354595017,22.9762571461439,22.9762571461439,22.9762571461439,22.9762571461439,22.9762571461439,22.9762571461439
710,"ZAF","South Africa",28.6942158132204,46.7530917846771,43.7601980946026,39.7838305746661,41.2705678609818,50.288335055089,44.178372744174,46.2783197952104,43.426952796458,48.1309755629466,58.421081382646,46.1512556864439,42.6801943388476,61.1347843817431,60.3437419210113,63.5033782195939,58.6319696713385,58.588987578027,58.6377543384525,65.6057768050528,54.4204982432577,54.4204982432577,54.4204982432577,54.4204982432577,54.4204982432577,54.4204982432577
410,"KOR","South Korea",46.7959242909419,50.0637075941988,48.687160386772,49.008894854578,51.0625253873726,52.4610712195652,55.1524128544479,52.4153012801977,51.9856416941664,52.4744883426398,50.314265108036,54.7043735399834,50.71076317067,56.2319788905127,59.6370186952145,56.2465101960609,57.0056555511586,46.8806364628611,51.7521121287311,52.3816210708703,51.7239475548313,51.7239475548313,51.7239475548313,51.7239475548313,51.7239475548313,51.7239475548313
728,"SSD","South Sudan",25.9399508957679,28.5192540055272,24.2344777695919,31.1568523058036,23.9066083752681,24.7438521352253,27.1448800220997,24.4142051195497,29.2464459233594,24.8551713281445,26.7549152445062,28.1058293222716,30.6699000221672,25.6454465505975,25.7947841157991,17.5497250448212,24.7325508228564,24.7325508228564,24.7325508228564,24.7325508228564,24.7325508228564,24.7325508228564,24.7325508228564,24.7325508228564,24.7325508228564,24.7325508228564
724,"ESP","Spain",32.4143861363459,36.9189493199565,33.6082650510679,36.0654172162827,30.1278753492249,39.9109433601686,31.7020505510121,37.2740944693655,35.7838176265434,41.3226492952763,38.5826919646876,35.3406716760349,38.1072627158913,45.386210768145,36.4304295263576,37.9352559027773,43.2082133766096,37.4568833917138,44.8559474055203,35.6075158235003,36.1729941369301,36.1729941369301,36.1729941369301,36.1729941369301,36.1729941369301,36.1729941369301
144,"LKA","Sri Lanka",31.0394381247929,26.5356494660437,27.5701480547054,29.3999358115797,28.2162793064083,29.7655520375908,28.5869343178433,27.1431477071824,30.5608221186088,28.7485757414052,30.0773584906125,31.9193096568359,32.6527707675642,32.4605134256709,33.9039812000428,38.8506105050101,32.2228667133755,35.4952315543108,44.5018754536785,31.2446178734512,33.2080919032207,33.2080919032207,33.2080919032207,33.2080919032207,33.2080919032207,33.2080919032207
275,"PSE","State of Palestine",7.03443054597136,7.38769889262649,8.56704727776028,14.4402808358653,30.0721351697966,8.88477134074883,28.5115718220384,9.21638040015692,10.6750274643967,9.06982623031263,12.5665587851981,8.64082578135643,7.71791723300225,7.26670935809695,6.07693301002895,21.553533632958,23.0615896600213,10.5856340869533,12.2241524470643,9.82778550171139,9.693286668086,9.693286668086,9.693286668086,9.693286668086,9.693286668086,9.693286668086
729,"SDN","Sudan",25.9399508957679,28.5192540055272,24.2344777695919,31.1568523058036,23.9066083752681,24.7438521352253,27.1448800220997,24.4142051195497,29.2464459233594,24.8551713281445,26.7549152445062,28.1058293222716,30.6699000221672,25.6454465505975,25.7947841157991,17.5497250448212,24.7325508228564,24.7325508228564,24.7325508228564,24.7325508228564,24.7325508228564,24.7325508228564,24.7325508228564,24.7325508228564,24.7325508228564,24.7325508228564
740,"SUR","Suriname",49.9608589596816,44.3956913735011,44.906259411923,44.9054709589543,46.3181576397822,43.6745312006042,46.3006477230445,46.4195557712712,45.4242516757944,44.9608636770955,50.02295357925,42.1040118627818,46.7894763592458,34.7353542688234,46.4918483734111,42.4382925034287,43.7114653777588,50.1988505023176,53.8876399166377,47.2130511000637,59.4227035321254,59.4227035321254,59.4227035321254,59.4227035321254,59.4227035321254,59.4227035321254
752,"SWE","Sweden",56.3048893483508,60.9471941414691,61.3217658746583,60.6649447524194,57.1564124918071,61.3795590646032,61.0968186992536,62.160782811814,61.6194843466067,64.1912183880034,63.5716110682358,57.4669328473947,62.9416025384624,60.8040709799594,69.9143965848755,59.0148730326423,61.0985990863012,67.8811969223373,65.2069636029126,66.5216299331006,63.5821003460375,63.5821003460375,63.5821003460375,63.5821003460375,63.5821003460375,63.5821003460375
756,"CHE","Switzerland",49.9278628518132,52.5783922378784,51.5745272855264,52.1806366304809,49.8035854341603,54.0898241139049,50.1878916653155,54.9379133763097,51.3918169507676,54.5988934228567,51.7246869094526,50.5814626795274,52.6564286265296,51.4567670303272,52.5234558544256,50.1518822187879,53.4183630558242,50.490555340693,46.6781118851329,48.7435535533262,47.5810956816874,47.5810956816874,47.5810956816874,47.5810956816874,47.5810956816874,47.5810956816874
760,"SYR","Syria",42.2240484824329,45.653626475253,34.4352748508048,44.1986146824183,36.9154147822976,34.3162097888655,47.6725738820134,48.433413352769,47.2366773527099,45.0279457679706,42.7363240176453,45.4126725307316,37.8453682645286,32.4793951828543,41.4822538639836,43.5055000547441,48.7457203776321,48.9261523416644,48.8807307840779,39.4700792584675,36.846708229766,36.846708229766,36.846708229766,36.846708229766,36.846708229766,36.846708229766
158,"TWN","Taiwan",43.9365914202849,44.7654374042533,44.0847813872636,43.1517892458866,45.2235846558356,46.4112637758734,47.14001666547,45.8277016848924,45.6694026756985,45.7993163161505,46.242395570473,48.5014830254307,47.3316802771884,49.6510753697892,49.5496235130115,49.1019449847487,54.264449373471,50.9601314753115,53.0166345753916,52.6368672456274,53.3906778307991,53.3906778307991,53.3906778307991,53.3906778307991,53.3906778307991,53.3906778307991
762,"TJK","Tajikistan",26.7735138879022,26.7936225156844,31.8129373104956,34.8693294541455,43.3231350107581,42.4799549521102,46.5972773814069,55.5977591365613,56.975709774154,52.8576416573878,46.9574164001678,39.3331508591949,42.684031032683,43.4232757006661,43.3117676965017,45.8379854839595,45.6459297445076,47.2506523954447,50.4569677189042,47.5275786477198,45.5332331184914,45.5332331184914,45.5332331184914,45.5332331184914,45.5332331184914,45.5332331184914
834,"TZA","Tanzania",42.1736376085604,42.0637086406075,37.25130151494,38.2648680648309,41.7268306405476,39.2378033849278,38.9732174552672,39.2861613472153,35.028080646444,40.0672377598407,37.4120353224286,37.9797487661046,39.7030161983971,39.8279956905612,35.1660610656977,41.416853906054,40.0952312514475,41.2223678514016,42.2435520929543,44.3494205121297,43.9660783872255,43.9660783872255,43.9660783872255,43.9660783872255,43.9660783872255,43.9660783872255
764,"THA","Thailand",35.199507112902,34.9486277964486,35.0174684029474,34.1714977022581,33.340933990026,37.1271161575089,39.7194119002768,39.0831053397028,37.3531010846902,37.7533876908968,40.0232596794796,39.7201327755569,39.5588169058724,39.5942283698625,36.8853472500767,37.28463326438,40.4813702666415,35.730243419357,35.0229269691032,33.5230824198625,33.0539517699103,33.0539517699103,33.0539517699103,33.0539517699103,33.0539517699103,33.0539517699103
626,"TLS","Timor-Leste",32.6058658066852,33.1821266154379,29.0947695492175,23.0071228067623,26.9053028274321,28.1051317446364,22.9320333408482,26.6301864823594,25.0892804978393,25.8134855592388,27.6348195588966,31.8865494293802,29.4708364981789,29.5514823342113,35.5259224571213,38.3134317410828,30.0251795130287,35.6379345545149,34.4194096641935,31.907005309671,34.9164814273506,34.9164814273506,34.9164814273506,34.9164814273506,34.9164814273506,34.9164814273506
768,"TGO","Togo",34.3357804159451,32.9683192247939,38.3131669350877,35.3121203506028,36.6533715443961,35.1906005813567,38.3682679464924,38.7759347821352,38.8271548725924,38.9307526180435,35.8350427429501,36.5708461296814,35.496831392043,38.1191498692924,37.9538875227253,35.0452241761997,34.4507949759536,36.877241425992,37.7112393875111,39.2923848348682,39.809815030228,39.809815030228,39.809815030228,39.809815030228,39.809815030228,39.809815030228
776,"TON","Tonga",26.4039049237575,26.110475212722,25.9830326512107,26.243013732259,25.6630911679493,25.2907300599439,26.3114342952183,25.8911732359818,7.54690956921554,14.9748256864345,17.3204877682014,28.0665725489427,36.8054831074856,39.8011234019357,13.4004870435905,14.9290988823738,28.7807131691133,15.4149800831782,15.2164621709296,32.1830309542802,34.0624933059103,34.0624933059103,34.0624933059103,34.0624933059103,34.0624933059103,34.0624933059103
780,"TTO","Trinidad and Tobago",14.0080266912656,15.5621326329977,14.870058465035,12.40153590205,12.341328699952,10.9084476291576,9.75294809220101,9.68082692629295,7.75702184110892,6.47925379212535,5.93528366282092,6.72218851439985,7.57075307279288,4.6825474944004,4.16123564991305,4.33457575393825,4.94032929769645,5.14229844345223,4.75907012646266,4.71698741754265,5.24907618682441,5.24907618682441,5.24907618682441,5.24907618682441,5.24907618682441,5.24907618682441
788,"TUN","Tunisia",18.1131475550949,37.5692072781743,22.8505053627318,27.7858331472882,27.9905357780823,19.6913158135216,20.447457169131,17.1927773220057,29.5055705065627,32.6889171786658,30.7296653286011,26.332403516699,35.3592726043864,24.3313259368366,29.901326901231,20.8610719345495,32.9889320505146,29.356570187312,24.7148570549675,30.4702445354748,24.3017263951175,24.3017263951175,24.3017263951175,24.3017263951175,24.3017263951175,24.3017263951175
792,"TUR","Turkey",48.1261511750569,47.5813711925397,48.3034503045469,49.5462823935928,43.0280384658178,48.6466847365374,49.2315785122089,51.114975146991,48.1335786049067,51.3100773672321,52.9359215328543,52.7953632684525,48.125119523055,53.961571690115,51.1793067895406,52.6662202326695,59.6863272433737,53.805754819625,51.9170541674561,53.511169216873,57.38378790493,57.38378790493,57.38378790493,57.38378790493,57.38378790493,57.38378790493
795,"TKM","Turkmenistan",42.8165713284076,29.6739394415391,20.7588406078235,44.2295966842673,59.2754317098243,48.0114531606663,49.5948497216067,61.6643644959964,64.0736730299455,65.1832253463001,63.0419399927304,57.4139735764511,50.2610256674956,47.5181906876885,55.687227579084,52.6975071163922,55.4032731171265,42.3753484548571,45.3138583172973,40.4790716609988,39.8630780069747,39.8630780069747,39.8630780069747,39.8630780069747,39.8630780069747,39.8630780069747
796,"TCA","Turks and Caicos Islands",NA,NA,NA,NA,NA,NA,NA,NA,NA,NA,NA,NA,NA,NA,NA,NA,NA,NA,NA,NA,NA,NA,NA,NA,NA,NA
798,"TUV","Tuvalu",1.80415489467023,1.6917413660925,1.39092069473325,1.68581079500683,1.29208488749158,1.77712414614307,1.45148011135991,1.63186702009671,1.74850522646157,1.60155609762236,1.75992635715157,1.76459875351163,1.79629813522656,1.67668477831742,1.58199669206468,1.51477361177314,1.50873554633407,1.55717140976236,1.71166086618264,1.54974373041284,1.5727408656887,1.5727408656887,1.5727408656887,1.5727408656887,1.5727408656887,1.5727408656887
800,"UGA","Uganda",36.4807018576937,33.3377896622822,34.6801873080784,35.9765602712505,37.3461322243623,36.6954635793168,37.7506203125088,37.9818621650779,37.7700930413638,36.9997857537472,36.4181319261459,38.9863338624012,39.2952735676463,37.2872546979658,37.1223463847636,39.9304606081234,40.0656042141188,37.6570879592427,37.5453218929349,38.5417629709901,38.6659443626269,38.6659443626269,38.6659443626269,38.6659443626269,38.6659443626269,38.6659443626269
804,"UKR","Ukraine",44.0823096300816,40.1152276857071,50.746824744542,43.6850043774601,44.3250836511591,50.8951297418196,60.3928892042193,59.2091553329962,49.7325656654841,63.0463901166804,61.2084976945206,57.9474898923187,50.5115594315858,67.8870844117103,66.1731162138814,59.4460508790105,70.8198887046376,64.0777602912422,75.6151075513348,80.9870394186476,79.4850363046059,79.4850363046059,79.4850363046059,79.4850363046059,79.4850363046059,79.4850363046059
784,"ARE","United Arab Emirates",21.9220614405391,21.7741571240339,24.0249734485269,18.2007101568019,16.9598830626891,19.0413124918395,10.5831784456554,7.53065242587616,6.0593189215714,9.72299628456736,25.1623345029773,5.7903423054117,5.53975432699333,9.18312394522609,4.95464654940935,7.52559628056007,9.93804539531371,11.8586500906796,12.6981215789218,15.4700286124837,13.6751387086609,13.6751387086609,13.6751387086609,13.6751387086609,13.6751387086609,13.6751387086609
826,"GBR","United Kingdom",57.2684687848853,58.0875786776378,59.1340827919472,59.3314774830467,59.742469804072,62.5036260059993,55.9879387036752,61.166122701913,60.4882226110031,61.6732388110967,61.9097487642134,61.1328744793442,59.3792263101216,68.3048055870542,62.5895502231897,62.333146459928,64.8960114553264,55.2367713734392,51.6267405567065,56.43358360088,54.2535915538977,54.2535915538977,54.2535915538977,54.2535915538977,54.2535915538977,54.2535915538977
840,"USA","United States of America",67.84110303046,71.5654104418877,72.3336161956791,73.0926662904583,72.4279379527742,74.4754221535767,72.896655256486,71.3109279515949,73.1360687801342,76.3795210320561,75.8822115925421,73.2347726983056,76.3287742619397,76.9686969907932,79.933145934576,78.0703144631319,74.8259692075479,77.429256960882,77.4587832415103,79.2434647896867,71.9355070780857,71.9355070780857,71.9355070780857,71.9355070780857,71.9355070780857,71.9355070780857
858,"URY","Uruguay",52.6258877249676,50.5132275304448,46.2272826530841,45.4493062597434,51.4589664129282,54.7460291321719,52.3165601704912,56.2192802200142,51.7213408544746,57.0339398510609,59.9271671100573,61.939012810489,62.9624372649825,66.8759114991166,71.7000150450372,64.1932646049911,68.4090210543066,60.3077419616528,63.1550086986804,64.9414864123058,71.421168904307,71.421168904307,71.421168904307,71.421168904307,71.421168904307,71.421168904307
860,"UZB","Uzbekistan",44.4945060740277,48.9390403328078,35.1301026677612,35.577924154146,38.3588948135859,35.8851144293017,40.0446586629091,51.246339121081,39.9738372909125,47.7512318606098,46.5959545894825,49.8102652911461,51.0566505167789,49.8105628567574,49.3143224800821,48.017199771474,47.6526493979532,48.849801878493,48.3636080831238,47.9152250413593,47.5253225117311,47.5253225117311,47.5253225117311,47.5253225117311,47.5253225117311,47.5253225117311
548,"VUT","Vanuatu",35.0884180247362,35.8898478434555,34.5656585888014,34.4205275797723,35.337164692139,33.5422932218539,35.1919679549026,32.4508005143567,32.0703546419649,33.0835996795369,30.8981066913687,30.6337438835921,28.7611135393152,27.9220352804041,28.5772373611555,35.9309623819792,34.6178446919617,34.8416784503889,36.2683967743919,33.1579045827763,33.0169694709799,33.0169694709799,33.0169694709799,33.0169694709799,33.0169694709799,33.0169694709799
862,"VEN","Venezuela",23.9021507572128,23.3167886664231,24.6634562169372,24.732788503842,26.959754361507,25.2678976137608,26.9148717939254,22.2502324244588,23.3873855266502,27.2689864587377,26.372079102169,31.1676219790468,31.4985177252546,27.9802293364976,28.604227763691,27.0482558582303,25.9571302866178,25.7626669601837,26.9265220502928,26.6187026631327,22.8542006324997,22.8542006324997,22.8542006324997,22.8542006324997,22.8542006324997,22.8542006324997
704,"VNM","Viet Nam",40.9091888179513,39.8476744835577,42.149709291287,40.4356434609898,41.6543743318394,41.607123394049,44.9313578115965,46.7005334597386,46.400394642924,45.1134985229976,51.2928472142523,53.0429687081036,51.5059730401375,56.6014816509838,48.5280108524066,54.5505150374756,60.473026569185,56.7847977111928,49.9776038038293,54.1639457362863,50.3276492971651,50.3276492971651,50.3276492971651,50.3276492971651,50.3276492971651,50.3276492971651
876,"WLF","Wallis and Futuna Islands",6.51131255445412,6.69031304732778,6.80946987475917,6.93106435160679,7.04934456359234,7.22373885884265,7.36723381214354,7.91634901525185,7.63486831258192,7.48682122551439,7.64483006222967,7.96659724478921,8.1587356638578,8.43111826973524,8.57528319944487,8.77729578126522,8.92824175193306,9.09900236427011,9.63160749515663,9.44133683672305,9.45256571937551,9.45256571937551,9.45256571937551,9.45256571937551,9.45256571937551,9.45256571937551
732,"ESH","Western Sahara",22.8908329600878,21.7929444267136,23.3247702560257,21.6045544914536,23.7018292274866,18.7220862432135,8.91407148974073,18.0447617042796,18.741385557288,17.7530420613353,19.4992820819755,16.8627284429082,15.9068400502434,18.0918833623524,17.1628967360673,16.192701984631,16.0330652023003,14.7264645275086,15.0018338362021,15.0211663398935,14.7883875672936,14.7883875672936,14.7883875672936,14.7883875672936,14.7883875672936,14.7883875672936
887,"YEM","Yemen",40.7899838753048,40.5702969160143,39.3054590634779,42.5760570708151,42.7637399125314,42.4997007208147,42.1022102727346,41.1755473758437,39.7263562318498,35.4721805695976,39.4323437008326,41.7596819535906,41.7797287407923,41.2704778155094,42.7926503790572,43.4787393243907,43.2638998834465,43.9441959581959,40.5674728911403,39.5583936442459,34.5278968119576,34.5278968119576,34.5278968119576,34.5278968119576,34.5278968119576,34.5278968119576
894,"ZMB","Zambia",26.0582919254958,41.9560814686085,31.3249443201987,34.6409319763324,41.1277478069166,44.2658634865995,37.6105012423084,25.6583944465467,34.4308663176204,31.6062151846133,34.1371240801403,37.3096914519784,35.5216936456818,36.3245112491448,40.5193760902637,44.503115953907,41.1589674701436,43.5900574824719,36.9993122205109,40.8537190056504,36.637570755173,36.637570755173,36.637570755173,36.637570755173,36.637570755173,36.637570755173
716,"ZWE","Zimbabwe",21.7948648962027,34.8451522090307,30.158473260438,28.2063609570994,29.6892404729464,33.7618544644471,33.6449234218659,20.3502455542361,24.1796308146319,42.0715081885229,28.300253047684,32.7715187645062,32.3600322527745,23.543096118318,21.2274741453813,23.320741654366,21.7946220293379,30.3896071406474,29.2376803963776,29.4795534006581,23.5705016773014,23.5705016773014,23.5705016773014,23.5705016773014,23.5705016773014,23.5705016773014
