"code","iso","country","SPI.ind.1995","SPI.ind.1996","SPI.ind.1997","SPI.ind.1998","SPI.ind.1999","SPI.ind.2000","SPI.ind.2001","SPI.ind.2002","SPI.ind.2003","SPI.ind.2004","SPI.ind.2005","SPI.ind.2006","SPI.ind.2007","SPI.ind.2008","SPI.ind.2009","SPI.ind.2010","SPI.ind.2011","SPI.ind.2012","SPI.ind.2013","SPI.ind.2014","SPI.ind.2015","SPI.ind.2016","SPI.ind.2017","SPI.ind.2018","SPI.ind.2019","SPI.ind.2020"
4,"AFG","Afghanistan",10.8541735597838,10.8541735597838,10.8541735597838,10.8541735597838,10.8541735597838,10.8541735597838,10.8541735597838,10.8541735597838,10.8541735597838,10.8541735597838,10.8541735597838,10.8541735597838,10.8541735597838,10.8541735597838,18.0430629560187,18.0430629560187,18.0430629560187,18.0430629560187,18.0430629560187,18.0430629560187,18.0430629560187,18.0430629560187,18.0430629560187,18.0430629560187,18.0430629560187,18.0430629560187
8,"ALB","Albania",29.2852389647677,45.4227709728664,46.0416862958335,46.0416862958335,53.5332007954188,53.5332007954188,53.5332007954188,54.1113994857732,54.1113994857732,54.1113994857732,72.4790727930887,76.2594703491371,79.7298522872325,85.0114910012527,85.0114910012527,86.0792112264604,87.2172702858627,88.4898738496651,90.7186011139444,90.7186011139444,90.7186011139444,90.7186011139444,90.7186011139444,92.1638455184854,92.1638455184854,92.1638455184854
12,"DZA","Algeria",41.5183787102804,41.5183787102804,41.5183787102804,41.5183787102804,41.5183787102804,41.5183787102804,41.5183787102804,41.5183787102804,41.5183787102804,41.5183787102804,41.5183787102804,41.5183787102804,41.5183787102804,41.5183787102804,41.5183787102804,41.5183787102804,41.5183787102804,47.275039712787,47.275039712787,47.275039712787,47.275039712787,47.275039712787,47.275039712787,47.275039712787,47.275039712787,47.275039712787
20,"AND","Andorra",NA,NA,NA,NA,NA,NA,NA,NA,NA,NA,NA,NA,NA,NA,NA,NA,NA,NA,NA,NA,NA,NA,NA,NA,NA,NA
24,"AGO","Angola",66.6215078642781,66.6215078642781,66.6215078642781,66.6215078642781,66.6215078642781,66.6215078642781,66.6217275039245,66.6217275039245,66.6217275039245,66.6221143436013,66.6236110141749,66.6244761235338,66.6257561539326,66.6257561539326,66.6258587692549,66.6258587692549,66.6258587692549,66.6260253635766,66.6261365508934,66.6261365508934,66.6261365508934,66.6261365508934,66.6261365508934,66.6261365508934,66.6261365508934,66.6261365508934
660,"AIA","Anguilla",NA,NA,NA,NA,NA,NA,NA,NA,NA,NA,NA,NA,NA,NA,NA,NA,NA,NA,NA,NA,NA,NA,NA,NA,NA,NA
28,"ATG","Antigua and Barbuda",NA,NA,NA,NA,NA,NA,NA,NA,NA,NA,NA,NA,NA,NA,NA,NA,NA,NA,NA,NA,NA,NA,NA,NA,NA,NA
32,"ARG","Argentina",53.1947004711961,54.3504156821825,55.5627393372342,55.7177598945563,57.2842438340152,59.2891605429396,59.5158628789695,59.9400081914348,61.363581538653,61.6815052749532,62.3471852603196,62.7049464095673,62.7280551661632,62.7608703346608,62.8091332187296,62.8157352777031,62.9550572070017,63.0651914797724,63.0848423625119,63.2535046452154,63.4856613776706,63.493838629229,63.5932031646995,64.2749151809361,64.2749151809361,64.2749151809361
51,"ARM","Armenia",61.0721812999941,61.0721812999941,61.0721812999941,61.0721812999941,61.0721812999941,61.0721812999941,61.0941276436199,67.4894897415969,67.8842670163919,67.8842670163919,67.8842670163919,67.8842670163919,68.0008976699684,68.0008976699684,74.2260800310306,74.2260800310306,74.4985583750801,74.4985583750801,74.4985583750801,74.4985583750801,74.4985583750801,74.4985583750801,74.4985583750801,74.4985583750801,74.4985583750801,74.4985583750801
533,"ABW","Aruba",NA,NA,NA,NA,NA,NA,NA,NA,NA,NA,NA,NA,NA,NA,NA,NA,NA,NA,NA,NA,NA,NA,NA,NA,NA,NA
36,"AUS","Australia",61.2469266040087,61.6775502280941,62.2408800698483,62.7354276134405,65.5762922417269,66.9447901666041,67.6028302356141,68.9386545801439,70.7114805385257,71.8357481681344,72.6259027340491,74.3318826962201,75.4901750991532,79.047980327854,81.1022648835454,83.5318199401432,86.2511531909217,87.0776925777132,88.2585447325993,89.3057027642876,89.7980894299455,91.0420870005322,91.6477655498566,92.3909172275301,92.3909172275301,92.3909172275301
40,"AUT","Austria",80.247663011824,81.1567934717958,81.1567934717958,81.1567934717958,81.1567934717958,81.1573291223742,81.1573291223742,81.1573291223742,81.1573291223742,81.1573291223742,81.1573291223742,81.1573291223742,81.1573291223742,81.1573291223742,81.1573291223742,81.1573291223742,81.1573291223742,81.1573291223742,81.1792093733119,81.1792093733119,81.1792093733119,81.1792093733119,81.1792093733119,81.1792093733119,81.1792093733119,81.1792093733119
31,"AZE","Azerbaijan",62.2099564532907,62.2857813613453,62.2857813613453,62.2857813613453,62.2857813613453,62.2857813613453,62.2857813613453,62.2857813613453,66.2738053373754,70.0757957503356,70.2842107813604,74.3861987292349,74.3861987292349,75.9546933736337,76.8500591747913,76.8500591747913,76.8500591747913,76.8500591747913,76.8500591747913,76.8500591747913,76.8500591747913,76.8500591747913,76.8500591747913,77.2667256751791,77.2667256751791,77.2667256751791
44,"BHS","Bahamas",2.81832470499631,2.81832470499631,24.522357948623,24.522357948623,24.522357948623,24.522357948623,24.522357948623,30.1135816583611,30.1135816583611,30.1135816583611,30.1135816583611,30.1135816583611,30.1135816583611,30.1135816583611,30.1224516168785,30.1224516168785,30.1224516168785,30.1224516168785,30.1224516168785,30.1224516168785,32.4723661409632,32.4723661409632,32.4723661409632,32.4723661409632,32.4723661409632,32.4723661409632
48,"BHR","Bahrain",NA,NA,NA,NA,NA,NA,NA,NA,NA,NA,NA,NA,NA,NA,NA,NA,NA,NA,NA,NA,NA,NA,NA,NA,NA,NA
50,"BGD","Bangladesh",45.7086890766122,46.1208521075319,46.1208521075319,46.1208521075319,47.1119954517855,47.1119954517855,47.1634165400821,47.1634165400821,47.1634165400821,47.2304503044807,47.3564728629001,47.7388106278858,48.0549604170162,48.0549604170162,48.7313831793856,51.3078369174761,51.5232914121449,51.9266981677102,52.2394311619318,52.2394311619318,52.2394311619318,52.2394311619318,52.2394311619318,52.2394311619318,52.2394311619318,52.2394311619318
52,"BRB","Barbados",NA,NA,NA,NA,NA,NA,NA,NA,NA,NA,NA,NA,NA,NA,NA,NA,NA,NA,NA,NA,NA,NA,NA,NA,NA,NA
112,"BLR","Belarus",99.2319028595611,99.2319028595611,99.2319028595611,99.2319028595611,99.2319028595611,99.2319028595611,99.2319028595611,99.2319028595611,99.2319028595611,99.2344498033611,99.2344498033611,99.2344498033611,99.2344498033611,99.2344498033611,99.2344498033611,99.2344498033611,99.2344498033611,99.2344498033611,99.2344498033611,99.2344498033611,99.2344498033611,99.2344498033611,99.2344498033611,99.2344498033611,99.2344498033611,99.2344498033611
56,"BEL","Belgium",99.4630597450095,99.4958144505447,99.5083135748629,99.5083135748629,99.516398036634,99.5204378121996,99.8726583589006,100,100,100,100,100,100,100,100,100,100,100,100,100,100,100,100,100,100,100
84,"BLZ","Belize",94.7797203012828,94.7797203012828,94.7797203012828,94.9872232294877,94.9872232294877,94.9872232294877,95.0345216856911,95.1038909173658,95.1038909173658,95.1038909173658,95.1056758989785,95.1056758989785,95.1176101008946,95.1373966508354,95.1384811033659,95.1781696284962,95.1792067041473,95.1792067041473,95.1802436545752,95.1802436545752,95.1802436545752,95.1802436545752,95.1802436545752,95.1802436545752,95.1802436545752,95.1802436545752
204,"BEN","Benin",87.5848843014948,87.5848843014948,87.5848843014948,87.5848843014948,87.5848843014948,87.5848843014948,87.5848843014948,87.5848843014948,87.5848843014948,87.5848843014948,87.5848843014948,87.5848843014948,87.5848843014948,87.5848843014948,87.5848843014948,87.5848843014948,87.5848843014948,87.5848843014948,87.5848843014948,87.5848843014948,87.5848843014948,87.5848843014948,87.5848843014948,87.5848843014948,87.5848843014948,87.5848843014948
60,"BMU","Bermuda",NA,NA,NA,NA,NA,NA,NA,NA,NA,NA,NA,NA,NA,NA,NA,NA,NA,NA,NA,NA,NA,NA,NA,NA,NA,NA
64,"BTN","Bhutan",98.2862098402036,98.2862098402036,98.2862098402036,98.2862098402036,98.287544109116,98.287544109116,98.287544109116,98.287544109116,98.287544109116,98.287544109116,98.287544109116,98.287544109116,98.287544109116,98.287544109116,98.287544109116,98.287544109116,98.287544109116,98.287544109116,98.287544109116,98.287544109116,98.287544109116,98.287544109116,98.287544109116,98.287544109116,98.287544109116,98.287544109116
68,"BOL","Bolivia",86.2259182621636,86.2286844657547,87.133968847369,87.1364587944105,87.138006637632,87.6376918953399,87.8492002918649,88.1177530833621,88.1290207728843,88.7550699832713,89.0444981560182,89.1154596140509,90.0774033404157,90.0774035160922,90.1290913590584,90.3255750680815,90.3255750680815,90.3255750680815,90.3255750680815,90.3255750680815,90.3255750680815,90.3255750680815,90.3255750680815,90.3255750680815,90.3255750680815,90.3255750680815
70,"BIH","Bosnia and Herzegovina",31.8715843572372,31.8715843572372,31.8715843572372,31.8715843572372,31.8715843572372,31.8715843572372,31.8715843572372,31.8715843572372,31.8715843572372,31.8715843572372,32.2825158697841,32.2825158697841,32.2825158697841,32.3648284877865,32.3648284877865,32.3648284877865,33.4569618650115,33.5551561973955,41.1528707675182,41.1528707675182,41.4182471503788,41.4182471503788,41.5075134546315,41.5075134546315,41.5075134546315,41.5075134546315
72,"BWA","Botswana",93.1214009171722,93.1214009171722,93.1214009171722,93.1214009171722,93.1214009171722,93.1214009171722,93.1214009171722,93.2087257632703,93.2144110869374,93.2144110869374,93.2261416243565,93.2311876411121,93.3167562424306,93.3448145966197,93.3471506692222,93.3471506692222,93.3509774127757,93.3509774127757,93.3607292280963,93.3607292280963,93.3607292280963,93.3607292280963,93.3607292280963,93.3607292280963,93.3607292280963,93.3607292280963
76,"BRA","Brazil",74.9786762878793,75.7795860864722,77.913656792202,79.0212619293299,79.4919885075315,79.974022107355,81.1589261945214,82.6868071152054,83.3398013026865,83.8586197465025,83.9999599993494,84.6266204939914,84.9395406808116,85.1299338654282,85.3826252188461,85.7307751785769,85.8509919280652,86.0051016369677,86.0928102749296,86.1868615958322,86.2037862648705,86.264526858681,86.3175595916315,86.4747948681205,86.4764172772359,86.4764172772359
92,"VGB","British Virgin Islands",NA,NA,NA,NA,NA,NA,NA,NA,NA,NA,NA,NA,NA,NA,NA,NA,NA,NA,NA,NA,NA,NA,NA,NA,NA,NA
96,"BRN","Brunei Darussalam",NA,NA,NA,NA,NA,NA,NA,NA,NA,NA,NA,NA,NA,NA,NA,NA,NA,NA,NA,NA,NA,NA,NA,NA,NA,NA
100,"BGR","Bulgaria",70.1292463419723,70.2771928978152,71.5728076246176,71.5728076246176,71.5728076246176,72.9259135778499,73.8689951540726,98.1140599082637,98.1156027549438,98.1166365298062,98.1166365298062,98.1258932847187,99.9999158951861,99.9999158951861,99.9999158951861,99.9999158951861,99.9999158951861,99.9999158951861,99.9999158951861,99.9999158951861,99.9999158951861,99.9999158951861,99.9999158951861,99.9999158951861,99.9999158951861,99.9999158951861
854,"BFA","Burkina Faso",99.4582037335882,99.5294174665609,99.5294174665609,99.5294174665609,99.5294174665609,99.5294174665609,99.5294174665609,99.5294174665609,99.6389501423574,99.6389501423574,99.6389501423574,99.6389501423574,99.6389501423574,99.6389501423574,99.6389501423574,99.6389501423574,99.6389501423574,99.6389501423574,99.6389501423574,99.6389501423574,99.6389501423574,99.6389501423574,99.6389501423574,99.6389501423574,99.6389501423574,99.6389501423574
108,"BDI","Burundi",67.0505179408296,67.0505179408296,67.0505179408296,67.0505179408296,67.0505179408296,67.0505179408296,67.0505179408296,67.0505179408296,67.0505179408296,67.0505179408296,67.0505179408296,67.0505179408296,67.0505179408296,67.0505179408296,67.0505179408296,67.0505179408296,67.0931774238523,67.0931774238523,67.0931774238523,67.0931774238523,67.0931774238523,67.0931774238523,67.0931774238523,67.0931774238523,67.0931774238523,67.0931774238523
132,"CPV","Cabo Verde",NA,NA,NA,NA,NA,NA,NA,NA,NA,NA,NA,NA,NA,NA,NA,NA,NA,NA,NA,NA,NA,NA,NA,NA,NA,NA
116,"KHM","Cambodia",89.9088320011278,89.9093279463248,89.9093279463248,89.9093279463248,92.2453109116866,92.2453109116866,92.2453109116866,92.2455068328158,92.2455068328158,94.1677772260868,94.1677772260868,94.1677772260868,94.17770229047,94.17770229047,94.17770229047,94.17770229047,94.17770229047,94.17770229047,94.17770229047,94.17770229047,94.17770229047,94.17770229047,94.17770229047,94.17770229047,94.17770229047,94.17770229047
120,"CMR","Cameroon",37.9688732285445,41.4798835667128,41.4798835667128,41.4798835667128,41.4798835667128,42.9673595218388,43.9000617893904,43.9182892714463,43.9182892714463,44.2858184539197,45.3211743918148,45.3211743918148,50.1447853199345,51.6139498478476,56.892422887282,56.892422887282,56.892422887282,56.892422887282,56.9422239897021,57.9366953883314,59.3597325630454,59.3597325630454,59.3597325630454,59.3597325630454,59.3597325630454,59.3597325630454
124,"CAN","Canada",95.1092572394363,95.4156530205347,95.4415981400679,95.9141897858108,95.9411438165517,95.9565653794858,96.0695831334578,96.1753491556476,96.4435039074048,96.6524440822184,96.9505616544638,97.3626424313504,97.6015460722005,97.9160359817533,97.9571192383781,97.958619723735,97.9987563366499,98.1023090849926,98.1067588764405,98.1253775897386,98.170209450513,98.1743319861419,98.1779544962837,98.1781858049136,98.1788433744485,98.1788433744485
136,"CYM","Cayman Islands",NA,NA,NA,NA,NA,NA,NA,NA,NA,NA,NA,NA,NA,NA,NA,NA,NA,NA,NA,NA,NA,NA,NA,NA,NA,NA
140,"CAF","Central African Republic",91.4206561906342,91.4206561906342,91.4206561906342,91.6656103181044,91.6656103181044,91.6656103181044,91.6656103181044,91.6656103181044,91.6656103181044,91.6656103181044,91.6656103181044,91.6656103181044,91.6656103181044,91.6656103181044,91.6656103181044,91.6656103181044,91.6656103181044,91.6656103181044,91.6656103181044,91.6656103181044,91.6656103181044,91.6656103181044,91.6656103181044,91.6656103181044,91.6656103181044,91.6656103181044
148,"TCD","Chad",83.3342213107159,83.3342213107159,83.3342213107159,83.3342213107159,83.3342213107159,83.3342213107159,83.3342213107159,83.3342213107159,83.3342213107159,83.3342213107159,83.3342213107159,83.3342213107159,83.3342213107159,83.3342213107159,83.3342213107159,83.3342213107159,83.3342213107159,83.3342213107159,83.3342213107159,83.3342213107159,83.3342213107159,83.3342213107159,83.3342213107159,83.3342213107159,83.3342213107159,83.3342213107159
152,"CHL","Chile",47.3924936709333,48.0080836766594,48.0080836766594,48.051823421005,48.1310597195936,48.1957287926483,48.1957287926483,48.1957287926483,48.1982103731095,48.2594902951241,48.9280651485965,48.9747215404053,48.9908825914695,49.4500622269554,49.5764961020489,50.4132269563296,50.4946813752909,50.4946813752909,50.5425729576418,50.6489735592911,51.2731648189357,51.3137229164974,51.3739940319562,53.1380869971083,53.1381580239895,53.1381580239895
156,"CHN","China",9.52975713970369,9.92804768213817,9.92804768213817,10.188619417509,10.188619417509,10.188619417509,10.188619417509,10.188619417509,10.188619417509,10.1889208987236,10.1889208987236,10.1889208987236,10.1889208987236,10.1889208987236,10.1889208987236,10.1902699062703,10.3545924800724,10.3570649391306,10.3570649391306,10.3570649391306,10.3570649391306,10.3570649391306,10.3570649391306,10.3570649391306,10.3570649391306,10.3570649391306
170,"COL","Colombia",52.5252569200856,52.5306146654557,52.6262902263392,52.6930236624784,53.0166571480669,53.0476966495388,53.0670382322579,53.8328833449973,53.9182652404307,53.9526147802747,56.7834624245415,58.1264591832303,60.7757153863734,62.9257318005046,64.2555001158441,64.362274754159,65.5321112465496,65.7762344708651,66.2275028161835,66.6773235232844,68.4482712908008,68.901449362082,69.3435716199349,69.3435716199349,69.3435716199349,69.3435716199349
174,"COM","Comoros",NA,NA,NA,NA,NA,NA,NA,NA,NA,NA,NA,NA,NA,NA,NA,NA,NA,NA,NA,NA,NA,NA,NA,NA,NA,NA
184,"COK","Cook Islands",NA,NA,NA,NA,NA,NA,NA,NA,NA,NA,NA,NA,NA,NA,NA,NA,NA,NA,NA,NA,NA,NA,NA,NA,NA,NA
188,"CRI","Costa Rica",85.5739209282688,85.5774200855745,85.6521977216752,85.9437244442915,85.9511236396799,88.3205336513421,88.3244049271555,88.3320409486754,88.3519168456673,88.36652581147,88.3678030192665,88.4150956793703,88.4180185382324,88.4180185382324,88.4216963603939,88.4216963603939,88.4229788980227,88.4229788980227,88.455356349761,88.4859738730899,88.4859738730899,88.4859738730899,88.4859738730899,88.4859738730899,88.4859738730899,88.4859738730899
384,"CIV","Cote d'Ivoire",95.1079923827312,95.1079923827312,95.1079923827312,95.1079923827312,95.1079923827312,95.1079923827312,95.1079923827312,95.1079923827312,95.1205451993495,95.1209403659451,95.1209403659451,95.1209403659451,95.1209403659451,95.1209403659451,95.1209403659451,95.1209403659451,95.1209403659451,95.1221264959561,95.127048039365,95.127048039365,95.127048039365,95.127048039365,95.127048039365,95.127048039365,95.127048039365,95.127048039365
191,"HRV","Croatia",19.107306560638,21.0929008381089,21.0929008381089,23.6600166766785,23.6600166766785,23.7962605028909,23.7962605028909,23.7962605028909,23.7962605028909,34.2861415685006,34.2861415685006,34.3614707554387,34.5142816081282,34.5142816081282,34.5142816081282,34.5142816081282,34.5142816081282,34.5142816081282,99.9965551933885,99.9965551933885,99.9965551933885,99.9965551933885,99.9965551933885,99.9965551933885,99.9965551933885,99.9965551933885
192,"CUB","Cuba",0,0,0,0,0,0,12.25349564088,12.25349564088,12.25349564088,12.25349564088,12.25349564088,12.25349564088,12.25349564088,13.043756269275,13.043756269275,39.8847977733933,39.8847977733933,44.9747072933147,44.9747072933147,44.9747072933147,44.9747072933147,44.9747072933147,44.9747072933147,44.9747072933147,44.9747072933147,44.9747072933147
531,"CUW","Curacao",NA,NA,NA,NA,NA,NA,NA,NA,NA,NA,NA,NA,NA,NA,NA,NA,NA,NA,NA,NA,NA,NA,NA,NA,NA,NA
196,"CYP","Cyprus",NA,NA,NA,NA,NA,NA,NA,NA,NA,NA,NA,NA,NA,NA,NA,NA,NA,NA,NA,NA,NA,NA,NA,NA,NA,NA
203,"CZE","Czech Republic",99.8279353002606,99.8338021549147,99.8338021549147,99.8543848023149,99.8632157061255,99.8676055855918,99.8720204761791,99.8822975869366,99.8822975869366,99.99997081032,99.99997081032,99.99997081032,99.99997081032,99.99997081032,99.99997081032,99.99997081032,99.99997081032,99.99997081032,99.99997081032,99.99997081032,99.99997081032,99.99997081032,99.99997081032,99.99997081032,99.99997081032,99.99997081032
180,"COD","Dem. Rep. Congo",85.1605530334835,85.1605530334835,85.1605530334835,85.1605530334835,85.1605530334835,85.1605530334835,85.1605530334835,85.1606535449024,85.1606535449024,85.1606535449024,85.1606535449024,85.7774585440496,85.7774585440496,85.7774585440496,85.7774585440496,85.7774585440496,86.1724260189125,86.1871262602308,86.1871262602308,86.1871262602308,86.1871262602308,86.2003666441564,86.2003666441564,86.2003666441564,86.2003666441564,86.2003666441564
208,"DNK","Denmark",100,100,100,100,100,100,100,100,100,100,100,100,100,100,100,100,100,100,100,100,100,100,100,100,100,100
262,"DJI","Djibouti",0,0,0,0,0,0,0,0,0,0,0,0,0,0,0,0,0,0,32.9125778669297,32.9125778669297,32.9125778669297,32.9125778669297,32.9125778669297,32.9125778669297,32.9125778669297,32.9125778669297
212,"DMA","Dominica",NA,NA,NA,NA,NA,NA,NA,NA,NA,NA,NA,NA,NA,NA,NA,NA,NA,NA,NA,NA,NA,NA,NA,NA,NA,NA
214,"DOM","Dominican Republic",28.9443790735251,28.9443790735251,28.9443790735251,28.9443790735251,28.9443790735251,28.9443790735251,28.9443790735251,28.9443790735251,28.9443790735251,84.9567274456978,84.9567274456978,84.9567274456978,84.9567274456978,84.9567274456978,86.7564452894499,86.7564452894499,87.1824314487924,87.1824314487924,87.1824314487924,87.1824314487924,87.1824314487924,87.1970175777657,87.1970175777657,87.1970175777657,87.1970175777657,87.1970175777657
218,"ECU","Ecuador",25.5064417514962,46.2165181869928,46.2165181869928,46.2165181869928,46.3590501415427,46.3590501415427,46.3590501415427,46.3590501415427,47.4384485389774,51.4248457222045,51.4248457222045,51.7319093584203,51.7337505519105,51.7337505519105,51.7337505519105,56.4808031858503,56.5394369597399,57.2002814260663,57.2002814260663,57.409114195367,57.409114195367,57.4557145967178,65.6591705323161,66.0539904145076,66.0539904145076,66.0539904145076
818,"EGY","Egypt",26.8903355134337,58.9657782374136,58.9657782374136,61.7249991928392,61.9794469152319,61.9794469152319,61.9794469152319,65.0028208575722,65.0603292732655,65.0603292732655,65.0603292732655,65.0603292732655,65.0791123367072,65.0791123367072,65.0791123367072,65.0791123367072,65.0791123367072,65.0791123367072,65.0791123367072,65.0791123367072,65.0791123367072,65.0791123367072,65.0791123367072,65.0791123367072,65.0791123367072,65.0791123367072
222,"SLV","El Salvador",0.911066060988294,0.911066060988294,2.76874463347123,2.76874463347123,2.76874463347123,2.76874463347123,2.76874463347123,2.76874463347123,2.76874463347123,2.76874463347123,2.76874463347123,2.76874463347123,8.98598616387816,18.2033754372651,21.0779642475825,26.0990332175712,26.178462714329,26.178462714329,26.178462714329,26.178462714329,26.178462714329,26.178462714329,26.178462714329,26.178462714329,26.178462714329,26.178462714329
226,"GNQ","Equatorial Guinea",37.7538777022949,37.7538777022949,37.7538777022949,37.7538777022949,37.7538777022949,75.6477570954075,75.6477570954075,75.6477570954075,75.6477570954075,75.6477570954075,75.6477570954075,75.6477570954075,75.6477570954075,75.6477570954075,75.6477570954075,75.6477570954075,75.6477570954075,75.6477570954075,75.6477570954075,75.6477570954075,75.6477570954075,75.6477570954075,75.6477570954075,75.6477570954075,75.6477570954075,75.6477570954075
232,"ERI","Eritrea",55.5817553549655,55.5817553549655,55.5817553549655,55.5817553549655,55.5817553549655,55.5817553549655,55.5817553549655,55.5817553549655,55.5817553549655,55.5817553549655,55.5817553549655,55.5817553549655,55.8311081775672,55.8311081775672,55.8311081775672,55.8311081775672,55.8311081775672,55.8311081775672,55.8311081775672,55.8311081775672,55.8311081775672,55.8311081775672,55.8311081775672,55.8311081775672,55.8311081775672,55.8311081775672
233,"EST","Estonia",78.4034027177058,87.9775755425209,87.9775755425209,87.9775755425209,90.9008774315102,90.9608316533505,96.0738265883147,96.0738265883147,99.9331251123644,100,100,100,100,100,100,100,100,100,100,100,100,100,100,100,100,100
748,"SWZ","Eswatini",57.9506825246733,57.9506825246733,57.9506825246733,57.9506825246733,57.9506825246733,57.9506825246733,57.9506825246733,57.9506825246733,57.9506825246733,57.9506825246733,57.9506825246733,57.9506825246733,57.9506825246733,57.9506825246733,57.9506825246733,57.9506825246733,57.9506825246733,57.9506825246733,57.9506825246733,57.9506825246733,59.3162034669224,59.3162034669224,59.3162034669224,59.3162034669224,59.3162034669224,59.3162034669224
231,"ETH","Ethiopia",80.4249697278414,80.4249697278414,80.4249697278414,80.4249697278414,80.4249697278414,80.4249697278414,80.4249697278414,80.4249697278414,80.4249697278414,80.4249697278414,80.4249697278414,80.984779568305,80.999348094633,80.999348094633,80.999348094633,80.999348094633,80.999348094633,80.999348094633,81.0068619314729,81.0068619314729,81.0068619314729,81.0068619314729,81.0068619314729,81.0068619314729,81.0068619314729,81.0068619314729
234,"FRO","Faeroe Islands",NA,NA,NA,NA,NA,NA,NA,NA,NA,NA,NA,NA,NA,NA,NA,NA,NA,NA,NA,NA,NA,NA,NA,NA,NA,NA
238,"FLK","Falkland Islands",NA,NA,NA,NA,NA,NA,NA,NA,NA,NA,NA,NA,NA,NA,NA,NA,NA,NA,NA,NA,NA,NA,NA,NA,NA,NA
242,"FJI","Fiji",11.0507005065692,11.0507005065692,11.0507005065692,11.0507005065692,11.0507005065692,11.0507005065692,11.0507005065692,11.0507005065692,11.0507005065692,11.8069372068405,11.9341435266982,18.9678297566525,18.9678297566525,18.9678297566525,18.9678297566525,18.9678297566525,18.9678297566525,18.9678297566525,18.9678297566525,18.9678297566525,18.9678297566525,18.9678297566525,18.9678297566525,18.9678297566525,18.9678297566525,18.9678297566525
246,"FIN","Finland",96.3336546035315,96.3668890609008,96.5323399201085,98.0583510456063,98.1197122917425,98.2991108429777,98.3521604511857,98.447383384681,98.5271676860684,98.6002243967361,98.7017664429472,98.8151145992638,98.9525451016239,99.0418595598308,99.1576894594846,99.2357870358841,99.3378341213911,99.4095469660043,99.4825815513679,99.6035850646157,99.6053525836728,99.6206699857555,99.6400284964908,99.6447333203836,99.6447333203836,99.6447333203836
250,"FRA","France",94.8209133835685,94.9294596504339,94.9497602453892,96.6959996662757,97.5336737094094,97.5370025736,97.5591863168729,97.5704685963454,97.5804093598711,97.5804093598711,97.5804093598711,97.6171621476954,97.6171621476954,97.6171621476954,99.9564585093732,99.9564585093732,99.9564585093732,99.9564585093732,99.9564585093732,99.9564585093732,99.9564585093732,99.9564585093732,99.9564585093732,99.961323830092,99.961323830092,99.961323830092
258,"PYF","French Polynesia",NA,NA,NA,NA,NA,NA,NA,NA,NA,NA,NA,NA,NA,NA,NA,NA,NA,NA,NA,NA,NA,NA,NA,NA,NA,NA
266,"GAB","Gabon",70.2090471652912,70.2090471652912,70.2090471652912,71.3132162153014,71.3132162153014,71.3623895108714,71.3623895108714,90.6018312762474,90.6018312762474,90.6018312762474,90.6295309852789,90.6295309852789,90.6295309852789,90.6295309852789,90.6295309852789,90.6295309852789,90.6295309852789,90.6295309852789,90.6295309852789,90.6295309852789,90.6295309852789,90.6295309852789,90.6295309852789,90.6295309852789,90.6295309852789,90.6295309852789
270,"GMB","Gambia",40.6056093316856,47.9270632474273,47.9270632474273,47.9270632474273,47.9270632474273,47.9270632474273,47.9270632474273,47.9270632474273,47.9270632474273,47.9270632474273,47.9270632474273,47.9270632474273,48.3264452899567,48.3264452899567,48.3264452899567,48.3264452899567,48.3264452899567,48.3264452899567,48.3264452899567,48.3264452899567,48.3264452899567,48.3264452899567,48.3264452899567,48.3264452899567,48.3264452899567,48.3264452899567
268,"GEO","Georgia",43.1379177881322,44.871566940021,44.871566940021,44.9748304015324,44.9748304015324,44.9748304015324,44.9748304015324,44.9748304015324,55.6404811444767,55.6404811444767,55.6404811444767,57.4005130368447,70.7499590032819,70.7499590032819,70.8294801397925,70.8294801397925,72.272305500562,73.2603366916926,73.7753374853989,75.5839453449044,75.5839453449044,75.7370108649198,75.7370108649198,75.7370108649198,75.8224031107781,75.8224031107781
276,"DEU","Germany",98.9682250572528,99.3930427986841,99.4451348471314,99.4555551108413,99.4755535028771,99.5238850656773,99.6466624143941,99.6629571903113,99.6732050846211,99.7677524890205,99.7699498540101,99.7878044560713,99.8299924859515,99.8453865766616,99.8473141423828,99.8605889284333,99.8930417274317,99.8930417274317,99.914400432738,99.914400432738,99.914400432738,99.914400432738,99.914400432738,99.914400432738,99.914400432738,99.914400432738
288,"GHA","Ghana",88.9303299134733,88.9303299134733,88.9303299134733,88.9303299134733,88.9303299134733,88.9303299134733,88.9303299134733,88.9303299134733,88.9303299134733,88.9303299134733,88.9303299134733,88.9303299134733,88.9303299134733,88.9303299134733,88.9303299134733,88.9303299134733,88.9303299134733,88.9303299134733,88.9303299134733,88.9303299134733,88.9303299134733,88.9303299134733,88.9303299134733,88.9303299134733,88.9303299134733,88.9303299134733
300,"GRC","Greece",26.6156876745881,52.0031254949616,66.1871697896817,66.7714451931264,71.9406977314376,71.9406977314376,76.4648222060759,84.1742566018491,84.1742566018491,84.1742566018491,84.1742566018491,84.1802026730197,84.1802026730197,84.3542366442722,84.3542366442723,85.9853639281168,85.9853639281168,85.9853639281168,85.9858798054863,85.9858798054863,85.9858798054863,85.9858798054863,85.9858798054863,85.9858798054863,85.9858798054863,85.9858798054863
304,"GRL","Greenland",NA,NA,NA,NA,NA,NA,NA,NA,NA,NA,NA,NA,NA,NA,NA,NA,NA,NA,NA,NA,NA,NA,NA,NA,NA,NA
308,"GRD","Grenada",NA,NA,NA,NA,NA,NA,NA,NA,NA,NA,NA,NA,NA,NA,NA,NA,NA,NA,NA,NA,NA,NA,NA,NA,NA,NA
320,"GTM","Guatemala",39.5002395966383,43.0521169870709,44.2288074649189,44.99042078518,45.3127299969949,45.7062253630166,46.459775484782,46.9246396111532,47.5346030371459,48.3441460780656,48.7788657165649,51.7759996157213,52.5163191329769,52.783516390311,53.1404006143589,53.8484490430469,54.0159764054541,54.172521013469,54.9781577657268,56.6430287243422,56.6774748010694,56.712756850646,56.7865804032611,56.7865804032611,56.7865804032611,56.7865804032611
831,"GGY","Guernsey",NA,NA,NA,NA,NA,NA,NA,NA,NA,NA,NA,NA,NA,NA,NA,NA,NA,NA,NA,NA,NA,NA,NA,NA,NA,NA
324,"GIN","Guinea",71.4505237384685,71.4505237384685,71.4505237384685,71.4505237384685,71.4505237384685,71.4505237384685,71.4505237384685,71.4505237384685,71.4505237384685,71.4505237384685,71.4505237384685,71.4505237384685,71.4505237384685,71.4505237384685,71.4505237384685,71.5458659334704,71.5599444524334,71.5793374518584,71.5793374518584,71.5793374518584,71.5793374518584,71.5793374518584,71.5793374518584,71.5793374518584,71.5793374518584,71.5793374518584
624,"GNB","Guinea-Bissau",60.4592262031594,60.4592262031594,60.4592262031594,60.4592262031594,60.4592262031594,73.2582325006902,73.2582325006902,73.2582325006902,73.2582325006902,73.2582325006902,73.2582325006902,73.2582325006902,73.2582325006902,73.2582325006902,73.2582325006902,73.2582325006902,73.2582325006902,73.2582325006902,73.2582325006902,73.2582325006902,73.2582325006902,73.2582325006902,73.2582325006902,73.2582325006902,73.2582325006902,73.2582325006902
328,"GUY","Guyana",30.8708800428307,49.4853914238535,49.4853914238535,49.4853914238535,49.4853914238535,49.4853914238535,49.4853914238535,49.4853914238535,49.4853914238535,49.4932015029109,49.4932015029109,51.299419884194,53.6240590447475,53.6240590447475,53.6240590447475,53.6240590447475,57.7862923591606,57.7862923591606,57.7862923591606,57.7862923591606,57.7862923591606,57.7862923591606,57.7862923591606,57.7862923591606,57.7862923591606,57.7862923591606
332,"HTI","Haiti",18.7158835124784,18.7158835124784,18.7158835124784,18.7158835124784,18.7158835124784,18.7158835124784,18.7158835124784,18.7158835124784,18.7158835124784,19.5846502639943,19.5846502639943,19.5846502639943,19.5846502639943,19.5846502639943,20.3019070633241,20.3019070633241,20.3019070633241,20.3019070633241,20.3243459736617,27.1013750083288,30.8922588543112,30.8922588543112,31.0955401318635,31.0955401318635,31.0955401318635,31.0955401318635
336,"VAT","Holy See",NA,NA,NA,NA,NA,NA,NA,NA,NA,NA,NA,NA,NA,NA,NA,NA,NA,NA,NA,NA,NA,NA,NA,NA,NA,NA
340,"HND","Honduras",72.6347386589328,72.6347386589328,72.6347386589328,72.6347386589328,72.6391423248724,72.9504790905872,72.9504790905872,72.9504790905872,72.9504790905872,72.9504790905872,73.6432062529318,74.7144253218236,74.7144253218236,74.7144253218236,74.7144253218236,74.7144253218236,74.7144253218236,75.1929994597649,75.1929994597649,75.1929994597649,75.2065965860037,75.2269029347002,75.2292125351088,75.2354737079141,75.2354737079141,75.2354737079141
344,"HKG","Hong Kong",NA,NA,NA,NA,NA,NA,NA,NA,NA,NA,NA,NA,NA,NA,NA,NA,NA,NA,NA,NA,NA,NA,NA,NA,NA,NA
348,"HUN","Hungary",94.0950488890318,95.083090478649,97.3559390620576,97.7400808459167,97.9291411709576,97.9417735107213,97.962097603836,97.9745525180134,97.975579713051,100,100,100,100,100,100,100,100,100,100,100,100,100,100,100,100,100
352,"ISL","Iceland",54.9751383295757,54.9751383295757,54.9751383295757,54.9751383295757,54.9751383295757,54.9751383295757,54.9751383295757,55.0399290217015,55.9630855973747,59.6527607654377,59.6996200350026,59.6996200350026,59.6996200350026,59.6996200350026,92.7319648607236,92.7319648607236,92.7319648607236,92.7319648607236,92.736736837982,92.7399179660155,92.7399179660155,92.7638525649754,92.7638525649754,92.7638525649754,92.7638525649754,92.7638525649754
356,"IND","India",62.5886795204467,62.6001685291068,62.6134887455598,62.774324929883,62.7839557768805,62.7839557768805,62.7839557768805,62.7839557768805,62.824650682895,62.9732694672632,62.9745570574982,62.9745570574982,62.9745570574982,63.011472993812,63.011472993812,63.0134616736123,63.0134616736123,63.0134616736123,63.0134616736123,63.0134616736123,63.0134616736123,63.0134616736123,63.0134616736123,63.0134616736123,63.0134616736123,63.0134616736123
360,"IDN","Indonesia",70.2838051854516,70.2838051854516,70.9972381939792,71.0609836093585,71.6020247874429,71.6040864827896,71.6050657817497,71.6050657817497,71.6050657817497,71.6072939182326,71.6072939182326,71.607361487594,71.607361487594,71.607361487594,71.7386743906472,71.7386743906472,71.7386743906472,71.7389263318437,71.7389263318437,71.7408042882376,71.7408042882376,71.7408042882376,71.7408042882376,71.7408042882376,71.7408042882376,71.7408042882376
364,"IRN","Iran",58.8491217029918,59.4168456208829,59.4168456208829,59.4168456208829,59.4168456208829,60.4300465408897,61.0296475774242,61.9196430047483,62.617925654436,62.6321872957883,62.6375549923892,62.6375549923892,62.6375549923892,62.6375549923892,62.6377561594478,62.6377561594478,62.6377561594478,62.6377561594478,62.6377561594478,62.6377561594478,62.6377561594478,62.6377561594478,62.6377561594478,62.6377561594478,62.6377561594478,62.6377561594478
368,"IRQ","Iraq",0,0,0,0,0,1.16762784094668,1.16762784094668,1.16762784094668,16.1043063005695,16.1043063005695,16.1043063005695,16.1043063005695,16.1043063005695,16.1043063005695,16.1043063005695,16.1043063005695,19.028676742299,19.028676742299,37.1814042702494,37.1814042702494,37.1814042702494,37.1814042702494,37.1814042702494,37.1814042702494,37.1814042702494,37.1814042702494
372,"IRL","Ireland",72.1183671570934,80.4609272422134,88.5302715475539,91.4019563563355,92.0779370034126,92.3435163894847,92.3669687334199,93.927336576774,93.927336576774,93.9305446424552,94.0718433059303,97.9647290411937,97.9647290411937,97.9676729173396,97.9676729173396,98.0331036910581,98.3707808244979,98.3707808244979,98.3707808244979,98.3780489067217,98.3780489067217,98.3780489067217,98.3780489067217,98.3780489067217,98.3780489067217,98.3780489067217
833,"IMN","Isle of Man",NA,NA,NA,NA,NA,NA,NA,NA,NA,NA,NA,NA,NA,NA,NA,NA,NA,NA,NA,NA,NA,NA,NA,NA,NA,NA
376,"ISR","Israel",63.1888292417709,63.2040054484736,63.2268712750985,63.2268712750985,63.3164265006631,63.6122739632987,64.1314215532838,64.6159621710308,67.9392259077216,68.5679510946539,69.654446913223,69.684368933642,71.5678430331378,73.1504290016819,73.8466692398842,75.8323941189834,75.9827993139293,75.9868857200891,77.017800422306,77.5417118646727,77.5474546681904,77.7199261755764,79.0873752402552,79.5419033408008,79.647550283836,79.647550283836
380,"ITA","Italy",84.7211528265442,85.0118221274708,85.5706730024498,89.4894828397098,89.8147265318792,90.7446156957216,90.7458540680786,90.7951918103742,90.9120052861691,91.2914724988842,91.4061983700467,92.043480549576,92.1380921528977,92.167567747857,94.8603599225368,94.8628334808079,94.8631436635592,94.8978822583137,94.898808742544,94.898808742544,94.898808742544,94.8997376487722,94.9037688114496,94.9037688114496,94.9037688114496,94.9037688114496
388,"JAM","Jamaica",80.0773496169151,80.0773496169151,80.4632443744882,80.4839268173793,80.4839268173793,80.4839268173793,80.4839268173793,80.5308158569141,80.5308158569141,80.5308158569141,80.6781323851591,80.720385502583,80.720385502583,80.720385502583,80.720385502583,80.720385502583,80.720385502583,80.720385502583,80.720385502583,80.720385502583,80.720385502583,80.720385502583,80.720385502583,80.720385502583,80.720385502583,80.720385502583
392,"JPN","Japan",64.6618887986375,64.6678899982739,65.0401601444954,65.3371154819644,65.4312779328869,65.4395543457797,65.4572751588426,65.4597432397713,65.5167872044775,65.5230573264178,65.5230573264178,65.5298520070246,65.5328505970616,65.5384790170524,66.5845463370712,66.5928817948104,66.5928817948104,66.5928817948104,69.1272422451967,69.1272422451967,69.1272422451967,69.1272422451967,69.1272422451967,69.1272422451967,69.1272422451967,69.1272422451967
832,"JEY","Jersey",NA,NA,NA,NA,NA,NA,NA,NA,NA,NA,NA,NA,NA,NA,NA,NA,NA,NA,NA,NA,NA,NA,NA,NA,NA,NA
400,"JOR","Jordan",26.5512965295872,26.5512965295872,26.5512965295872,26.5512965295872,26.5512965295872,26.5512965295872,26.5512965295872,26.5512965295872,26.5512965295872,27.0808056880991,27.0808056880991,27.0808056880991,27.0808056880991,27.0808056880991,27.1042025086601,27.8040410867189,31.111025461468,32.0604782922604,32.5433967223855,32.5433967223855,32.5433967223855,32.5683327000693,32.5683327000693,38.7121852729003,38.7121852729003,38.7121852729003
398,"KAZ","Kazakhstan",79.1549423717213,80.2511167910954,80.2511167910954,80.2511167910954,80.2883152297293,80.2883152297293,80.2883152297293,80.2883152297293,80.2883152297293,80.2883152297293,80.2883152297293,80.2883152297293,80.2883152297293,80.2883152297293,80.2883152297293,80.2883152297293,80.2883152297293,80.2883152297293,80.2883152297293,80.2883152297293,80.2883152297293,80.2883152297293,80.2883152297293,80.2883152297293,80.2883152297293,80.2883152297293
404,"KEN","Kenya",83.5299901238138,83.5299901238138,83.5299901238138,83.5299901238138,83.5306998648567,83.9851031264899,83.9851031264899,84.0018652057065,84.0018652057065,84.0174715712096,84.0235820528691,84.0545301924462,84.0545301924462,84.0567401245826,84.0754118545845,84.1257416869062,84.1257416869062,84.1257416869062,84.1257416869062,84.1257416869062,84.1257416869062,84.1257416869062,84.1257416869062,84.1257416869062,84.1257416869062,84.1257416869062
296,"KIR","Kiribati",NA,NA,NA,NA,NA,NA,NA,NA,NA,NA,NA,NA,NA,NA,NA,NA,NA,NA,NA,NA,NA,NA,NA,NA,NA,NA
689,"XKX","Kosovo",NA,NA,NA,NA,NA,NA,NA,NA,NA,NA,NA,NA,NA,NA,NA,NA,NA,NA,NA,NA,NA,NA,NA,NA,NA,NA
414,"KWT","Kuwait",76.6606450678671,76.6606450678671,81.7431052413689,81.7431052413689,81.7431052413689,81.7431052413689,81.7431052413689,81.8117086693975,81.8117086693975,81.8117086693975,81.8117086693975,81.8117086693975,81.8117086693975,81.8117086693975,81.8117086693975,82.3298146440568,92.6837018905681,92.6837018905681,92.6837018905681,92.6837018905681,92.6837018905681,92.8845793450945,92.8845793450945,92.8845793450945,92.8845793450945,92.8845793450945
417,"KGZ","Kyrgyzstan",54.5123677907449,55.0929925492865,55.0929925492865,55.0929925492865,55.0959962878523,55.0959962878523,55.0959962878523,55.0959962878523,55.0959962878523,55.0959962878523,55.0959962878523,55.0959962878523,55.0959962878523,55.0959962878523,55.0959962878523,55.0959962878523,55.0959962878523,55.0959962878523,55.0959962878523,55.0959962878523,55.0959962878523,55.0959962878523,55.0959962878523,55.0959962878523,55.0959962878523,55.0959962878523
418,"LAO","Laos",81.967284450491,81.9679122651737,81.9679122651737,81.9679122651737,81.9699741970265,83.2132511615239,83.2442195698857,83.2474852465894,83.2474852465894,83.2474852465894,83.2518009284069,83.2518009284069,83.2518009284069,83.2522498601179,83.2669511622881,83.2669511622881,83.2669511622881,83.2669511622881,83.298515592701,83.298515592701,83.298515592701,83.298515592701,83.298515592701,83.298515592701,83.298515592701,83.298515592701
428,"LVA","Latvia",99.9275818342073,99.9294491711141,99.9294491711141,99.9294491711141,99.9587805516674,99.9587805516674,99.996456631017,99.996456631017,99.996456631017,99.9998496617331,99.9998496617331,99.9998496617331,99.9998496617331,99.9998496617331,99.9998496617331,99.9998496617331,99.9998496617331,99.9998496617331,99.9998496617331,99.9998496617331,99.9998496617331,99.9998496617331,99.9998496617331,99.9998496617331,99.9998496617331,99.9998496617331
422,"LBN","Lebanon",6.90985634275281,21.7740254539825,21.7740254539825,22.0257335888647,25.5896393905094,25.5896393905094,25.5896393905094,25.5896393905094,25.5896393905094,25.5896393905094,25.5896393905094,25.5896393905094,25.5896393905094,25.5896393905094,25.5896393905094,25.7108458919517,25.7108458919517,25.7108458919517,25.7108458919517,25.7108458919517,25.7108458919517,25.7108458919517,25.7108458919517,25.7108458919517,25.7108458919517,25.7108458919517
426,"LSO","Lesotho",25.4575515801912,25.4575515801912,26.0064849525173,26.0633127103973,26.0633127103973,26.1520933089598,26.1520933089598,26.1520933089598,26.1520933089598,26.1520933089598,26.1520933089598,26.1520933089598,26.1520933089598,26.1520933089598,26.1520933089598,26.1520933089598,26.1520933089598,26.1520933089598,26.1520933089598,26.1520933089598,26.1520933089598,26.1520933089598,26.1520933089598,26.1520933089598,26.1520933089598,26.1520933089598
430,"LBR","Liberia",37.3555076080657,37.3555076080657,37.3555076080657,37.3555076080657,37.3555076080657,37.3555076080657,37.3555076080657,37.3555076080657,53.6796155644962,53.6796155644962,53.6796155644962,53.6796155644962,53.6796155644962,53.6796155644962,53.6796155644962,53.7238087168675,53.7238087168675,53.7238087168675,53.7238087168675,53.7238087168675,53.7238087168675,53.7238087168675,53.7238087168675,53.7238087168675,53.7238087168675,53.7238087168675
434,"LBY","Libya",NA,NA,NA,NA,NA,NA,NA,NA,NA,NA,NA,NA,NA,NA,NA,NA,NA,NA,NA,NA,NA,NA,NA,NA,NA,NA
438,"LIE","Liechtenstein",NA,NA,NA,NA,NA,NA,NA,NA,NA,NA,NA,NA,NA,NA,NA,NA,NA,NA,NA,NA,NA,NA,NA,NA,NA,NA
440,"LTU","Lithuania",99.8802406583682,99.8802406583682,99.8802406583682,99.8847093750398,99.8847093750398,99.8847093750398,99.8847093750398,99.8847093750398,99.8847093750398,99.9361873050828,99.9945364502181,99.9945364502181,99.9945364502181,99.9945364502181,99.9945364502181,99.9945364502181,99.9945364502181,99.9945364502181,99.9945364502181,99.9945364502181,99.9945364502181,99.9945364502181,99.9945364502181,99.9945364502181,99.9945364502181,99.9945364502181
442,"LUX","Luxembourg",NA,NA,NA,NA,NA,NA,NA,NA,NA,NA,NA,NA,NA,NA,NA,NA,NA,NA,NA,NA,NA,NA,NA,NA,NA,NA
446,"MAC","Macao",NA,NA,NA,NA,NA,NA,NA,NA,NA,NA,NA,NA,NA,NA,NA,NA,NA,NA,NA,NA,NA,NA,NA,NA,NA,NA
450,"MDG","Madagascar",39.5882180121289,39.5882180121289,48.5525116665349,48.5525116665349,48.5525116665349,48.5525116665349,48.5525116665349,48.5525116665349,48.5525116665349,48.5525116665349,48.5525116665349,48.5650684484848,48.5650684484848,48.5692163136037,48.5692163136037,48.5692163136037,48.5692163136037,48.5692163136037,48.5692163136037,48.5692163136037,48.6178557615612,48.6178557615612,48.6178557615612,48.6178557615612,48.6178557615612,48.6178557615612
454,"MWI","Malawi",89.1998410516725,89.1998410516725,89.1998410516725,89.1998410516725,89.1998410516725,89.1998410516725,89.1998410516725,89.1998410516725,89.1998410516725,89.1998410516725,89.1998410516725,89.1998410516725,89.1998410516725,89.1998410516725,89.1998410516725,89.1998410516725,89.1998410516725,89.1998410516725,89.1998410516725,89.1998410516725,89.1998410516725,89.1998410516725,89.1998410516725,89.1998410516725,89.1998410516725,89.1998410516725
458,"MYS","Malaysia",61.0873099364869,61.1683202163975,61.1683202163975,61.1683202163975,61.2370001610035,61.484046619833,61.6603296385944,61.6603296385944,61.6603296385944,61.6603296385944,61.6603296385944,61.6603296385944,61.6603296385944,61.6603296385944,61.6603296385944,61.6603296385944,61.6603296385944,61.6603296385944,61.6603296385944,61.6603296385944,61.6603296385944,61.6603296385944,61.6603296385944,61.6603296385944,61.6603296385944,61.6603296385944
462,"MDV","Maldives",NA,NA,NA,NA,NA,NA,NA,NA,NA,NA,NA,NA,NA,NA,NA,NA,NA,NA,NA,NA,NA,NA,NA,NA,NA,NA
466,"MLI","Mali",70.7711329120932,70.7711329120932,70.7711329120932,70.7711329120932,70.7711329120932,70.7711329120932,73.152889961474,77.8062405375699,77.8062405375699,82.0518947932653,82.0518947932653,82.4967290858099,82.657064071968,82.657064071968,82.657064071968,83.6582690394782,83.8840749534206,84.5602852717346,84.5602852717346,84.5602852717346,84.5602852717346,84.5602852717346,84.5602852717346,84.5602852717346,84.5602852717346,84.5602852717346
470,"MLT","Malta",NA,NA,NA,NA,NA,NA,NA,NA,NA,NA,NA,NA,NA,NA,NA,NA,NA,NA,NA,NA,NA,NA,NA,NA,NA,NA
584,"MHL","Marshall Islands",NA,NA,NA,NA,NA,NA,NA,NA,NA,NA,NA,NA,NA,NA,NA,NA,NA,NA,NA,NA,NA,NA,NA,NA,NA,NA
478,"MRT","Mauritania",1.4337387126898,1.4337387126898,1.4337387126898,1.4337387126898,1.4337387126898,1.4337387126898,1.4337387126898,1.4337387126898,1.4337387126898,1.4337387126898,1.4337387126898,1.4337387126898,1.4337387126898,1.4337387126898,1.4337387126898,1.4337387126898,1.4337387126898,1.4337387126898,1.4337387126898,1.4337387126898,1.4337387126898,1.4337387126898,1.4337387126898,1.4337387126898,1.4337387126898,1.4337387126898
480,"MUS","Mauritius",NA,NA,NA,NA,NA,NA,NA,NA,NA,NA,NA,NA,NA,NA,NA,NA,NA,NA,NA,NA,NA,NA,NA,NA,NA,NA
484,"MEX","Mexico",16.9977221513573,17.7750053231692,18.5280381316736,18.6856019761025,19.3782821197278,28.9261740887979,30.50386991523,39.3253909386973,41.63489825376,42.4869495983768,44.0663191923164,45.3342682023275,45.5773740275502,46.3098046323731,48.1762762086021,48.9856887283824,50.1248805409672,50.3633925247123,51.0736336775146,51.1247679447896,51.167757718179,51.194118997015,51.6181890803051,51.741539143035,51.7633578066437,51.7633578066437
583,"FSM","Micronesia",NA,NA,NA,NA,NA,NA,NA,NA,NA,NA,NA,NA,NA,NA,NA,NA,NA,NA,NA,NA,NA,NA,NA,NA,NA,NA
498,"MDA","Moldova",0.0254316783422905,0.0254316783422905,0.0254316783422905,0.0254316783422905,0.0254316783422905,0.0254316783422905,0.0254316783422905,0.0254316783422905,0.0254316783422905,0.0254316783422905,0.0254316783422905,0.0254316783422905,2.46281168437608,2.46281168437608,2.46281168437608,2.46281168437608,2.46281168437608,2.46281168437608,2.46281168437608,2.46281168437608,2.46281168437608,2.46281168437608,2.46281168437608,2.46281168437608,2.46281168437608,2.46281168437608
492,"MCO","Monaco",NA,NA,NA,NA,NA,NA,NA,NA,NA,NA,NA,NA,NA,NA,NA,NA,NA,NA,NA,NA,NA,NA,NA,NA,NA,NA
496,"MNG","Mongolia",92.7198835253808,96.4703760343057,96.6261547496879,97.4348632096884,97.4348632096884,97.5281453682133,97.5281453682133,97.5451223916736,97.5451223916736,97.5462714075452,97.5462714075452,97.5462714075452,97.5462714075452,97.7517975676331,97.7517975676331,97.787182769017,97.9258957239345,97.9463733122537,97.9463733122537,97.9463733122537,97.9463733122537,97.9463733122537,97.9463733122537,97.9463733122537,97.9463733122537,97.9463733122537
499,"MNE","Montenegro",2.00130101666893,2.73693909573678,2.73693909573678,2.73693909573678,2.73693909573678,2.73693909573678,2.73693909573678,2.73693909573678,2.73693909573678,2.73693909573678,5.5380275361074,5.5380275361074,5.5380275361074,5.5380275361074,5.5380275361074,5.5380275361074,5.5380275361074,5.5380275361074,5.5380275361074,5.5380275361074,5.5380275361074,5.5380275361074,5.5380275361074,5.5380275361074,5.5380275361074,5.5380275361074
504,"MAR","Morocco",8.30018180986875,8.30018180986875,8.30018180986875,8.30018180986875,8.30018180986875,8.30018180986875,8.30018180986875,8.33201497202992,8.33201497202992,16.9544131156359,16.9544131156359,24.245748828292,24.245748828292,24.245748828292,24.245748828292,24.245748828292,24.245748828292,95.7195951453334,95.7195951453334,95.7195951453334,95.7195951453334,95.7195951453334,95.7195951453334,95.7195951453334,95.7195951453334,95.7195951453334
508,"MOZ","Mozambique",73.9009759892659,73.9009759892659,73.9009759892659,73.9009759892659,77.2700660221325,77.2700660221325,78.7970154917363,80.2141602781887,80.2141602781887,80.2141602781887,80.2141602781887,80.2141602781887,80.2141602781887,80.2141602781887,80.2141602781887,80.2141602781887,80.2141602781887,80.2141602781887,80.2141602781887,80.2141602781887,80.2141602781887,80.2141602781887,80.2141602781887,80.2141602781887,80.2141602781887,80.2141602781887
104,"MMR","Myanmar",37.3068838104961,37.9224796461736,37.9224796461736,47.0070450454438,47.0799328487072,47.0912754450817,47.9981492378181,51.5068314637274,54.7992129267422,61.1495628919091,63.6846205873783,63.6846205873783,63.6846205873783,63.6846205873783,63.7395713814788,67.7847164256068,67.7847164256068,67.7847164256068,67.8242012247665,68.808792729078,68.808792729078,68.808792729078,68.9015399019191,69.170022856534,69.2888442213662,69.2888442213662
516,"NAM","Namibia",74.6436192087983,74.6436192087983,74.6436192087983,78.2653616901041,79.3854481756987,79.3854481756987,81.211661474381,86.012646098553,88.4011821110732,88.615325771323,90.115713874438,90.317507775901,90.5053371359389,93.1879664216608,93.2914326906374,93.7926004277568,94.4072603464226,94.4283465756735,94.4347138372828,94.4347138372828,94.4347138372828,94.4347138372828,94.4347138372828,94.4347138372828,94.4347138372828,94.4347138372828
520,"NRU","Nauru",NA,NA,NA,NA,NA,NA,NA,NA,NA,NA,NA,NA,NA,NA,NA,NA,NA,NA,NA,NA,NA,NA,NA,NA,NA,NA
524,"NPL","Nepal",69.1966380160269,72.4301018731675,72.4301018731675,76.7006860711615,77.8638848963975,77.8638848963975,77.8638848963975,77.9640078784265,77.9640078784265,79.3644761171885,80.3899461079625,81.3850951190204,81.3850951190204,81.3850951190204,81.3989824131533,84.2329797423031,84.2329797423031,84.2329797423031,84.2329797423031,84.2329797423031,84.2329797423031,84.2329797423031,84.2329797423031,84.2329797423031,84.2329797423031,84.2329797423031
528,"NLD","Netherlands",63.0997809963481,68.4360073096902,68.4493211860633,72.7254628911184,73.4859907327426,79.8776137408015,79.9682313674863,83.0480457248294,83.1877426509279,83.5409773755265,83.6066258460195,83.8232326815038,83.8232326815038,83.9423032619321,90.1307894808718,92.1123010584811,92.4239264799011,92.4239264799011,93.6459691577408,93.7170815294492,94.138484532832,94.138484532832,94.138484532832,94.138484532832,94.138484532832,94.138484532832
540,"NCL","New Caledonia",NA,NA,NA,NA,NA,NA,NA,NA,NA,NA,NA,NA,NA,NA,NA,NA,NA,NA,NA,NA,NA,NA,NA,NA,NA,NA
554,"NZL","New Zealand",72.3722062821507,72.6442949869261,73.0249900928387,73.2656927958355,73.6741607223452,73.6988716739856,74.0409910101907,77.8634452012686,77.972909486083,78.0593579620979,78.2690190204975,78.3331301487266,78.4737729132016,78.5311167539371,78.5343583351193,78.6370349318495,78.799916794533,78.8003030550618,78.9103945690898,79.0179891883438,81.0841479025973,81.0841479025973,81.0915352280423,81.0915352280423,81.0915352280423,81.0915352280423
558,"NIC","Nicaragua",89.4241164566697,89.4241164566697,89.4241164566697,89.4241164566697,89.4241164566697,89.4241164566697,89.4241164566697,89.4241164566697,89.4241164566697,89.4241164566697,89.4809294138153,89.4809294138153,89.4809294138153,89.4809294138153,89.4809294138153,89.4809294138153,89.4809294138153,89.4809294138153,89.4809294138153,89.4809294138153,89.4809294138153,89.4809294138153,89.4809294138153,89.4809294138153,89.4809294138153,89.4809294138153
562,"NER","Niger",89.6399667357266,89.6399667357266,89.6399667357266,89.6399667357266,89.6399667357266,89.6399667357266,89.6399667357266,89.6399667357266,89.6399667357266,89.6399667357266,89.6399667357266,89.6399667357266,89.6399667357266,89.6399667357266,89.6399667357266,89.6399667357266,89.6399667357266,92.5777708317792,92.5777708317792,92.5777708317792,92.5777708317792,92.5777708317792,92.5777708317792,92.5777708317792,92.5777708317792,92.5777708317792
566,"NGA","Nigeria",88.8484494230278,88.8484494230278,88.8484494230278,88.8484494230278,88.9572398686123,88.9572398686123,88.9572398686123,88.9572398686123,88.9572398686123,88.9572398686123,88.9572398686123,88.9572398686123,88.9572398686123,88.9572398686123,88.9572398686123,88.9572398686123,88.9572398686123,88.9572398686123,88.9572398686123,88.9572398686123,88.9572398686123,88.9572398686123,88.9572398686123,88.9572398686123,88.9572398686123,88.9572398686123
570,"NIU","Niue",NA,NA,NA,NA,NA,NA,NA,NA,NA,NA,NA,NA,NA,NA,NA,NA,NA,NA,NA,NA,NA,NA,NA,NA,NA,NA
408,"PRK","North Korea",NA,NA,NA,NA,NA,NA,NA,NA,NA,NA,NA,NA,NA,NA,NA,NA,NA,NA,NA,NA,NA,NA,NA,NA,NA,NA
807,"MKD","North Macedonia",88.6850636419321,88.9546854453758,90.774833865236,90.8098579350977,91.5192129698504,91.5192129698504,91.5192129698504,92.329444188951,92.5634662507668,92.5634662507668,92.5634662507668,93.0677314848977,93.1089915336402,93.2299777869816,93.2299777869816,93.2762725296324,93.3336580226752,93.3336580226752,93.3336580226752,93.3336580226752,93.3336580226752,93.3336580226752,93.3336580226752,93.3336580226752,93.3336580226752,93.3336580226752
578,"NOR","Norway",71.989787102246,72.5996321236296,72.9801469492711,72.9891928308462,73.3329396830627,74.4060015450955,74.550003078827,75.6719061347195,78.1571233281208,80.1232890320583,80.7252290924064,83.0734397065631,83.1296432567797,83.1854463464929,84.1981613842421,85.1878625305618,85.3635642485772,85.5540494937374,85.5778204983128,85.6657972384018,85.7272918518803,85.8146553501338,85.9907183228212,86.6897906837652,86.6897906837652,86.6897906837652
512,"OMN","Oman",14.1618388809402,14.1618388809402,36.7738613346714,36.7738613346714,36.7738613346714,36.7738613346714,36.7738613346714,36.7738613346714,36.7738613346714,36.7738613346714,36.7738613346714,36.7738613346714,36.7738613346714,36.7738613346714,36.7738613346714,36.7738613346714,42.5322639084724,42.5322639084724,42.5322639084724,42.5712805327042,42.5712805327042,42.6064487112993,42.6064487112993,42.6064487112993,42.6064487112993,42.6064487112993
586,"PAK","Pakistan",62.0281331532367,62.0281331532367,62.0281331532367,62.0281331532367,62.0281331532367,62.0281331532367,62.0281331532367,62.0281331532367,62.0281331532367,62.0281331532367,62.0281331532367,62.0281331532367,62.0281331532367,62.0281331532367,62.0281331532367,62.0281331532367,62.0281331532367,62.0281331532367,62.0281331532367,62.0281331532367,62.0281331532367,62.0281331532367,62.0281331532367,62.0281331532367,62.0281331532367,62.0281331532367
585,"PLW","Palau",NA,NA,NA,NA,NA,NA,NA,NA,NA,NA,NA,NA,NA,NA,NA,NA,NA,NA,NA,NA,NA,NA,NA,NA,NA,NA
591,"PAN","Panama",77.0259749767178,77.0259749767178,77.0259749767178,77.0259749767178,77.0259749767178,77.0259749767178,78.895624412604,78.895624412604,78.895624412604,78.895624412604,78.895624412604,78.895624412604,78.895624412604,78.895624412604,78.895624412604,78.895624412604,78.895624412604,78.895624412604,78.895624412604,78.895624412604,78.8957570884246,78.8957570884246,78.8957570884246,78.8957570884246,78.8957570884246,78.8957570884246
598,"PNG","Papua New Guinea",16.3688543928008,16.3688543928008,19.5674884768657,19.5674884768657,19.5674884768657,19.5674884768657,19.5674884768657,19.5674884768657,19.7033530293462,19.7033530293462,19.7033530293462,19.7033530293462,20.4878989726068,20.6543816446362,22.2641185991793,22.2641185991793,22.2641185991793,22.2641185991793,22.2641185991793,22.2641185991793,22.2641185991793,22.2641185991793,25.4356793827401,25.4356793827401,25.4356793827401,25.4356793827401
600,"PRY","Paraguay",76.9822896533094,76.9822896533094,77.1191541878789,78.1184008484321,78.1184008484321,78.1228719573263,80.2814698866878,80.3219627426782,80.5990503837423,83.5004955980881,83.6831187981016,83.8145903614183,83.9760421679731,84.378412124787,84.5420759821493,84.7032715777157,84.8144896360173,85.0200397779382,85.0698559391672,85.3692472566111,85.3867917165432,85.3955620658675,85.3955620658675,85.3955620658675,85.3955620658675,85.3955620658675
604,"PER","Peru",42.9485213166955,45.3690847080143,45.3690847080143,45.3690847080143,45.4394306954694,45.688255881117,50.1199588252098,50.9751997201217,52.4538646929083,53.2721154954824,55.0165314570595,55.2885187548237,56.14573535469,56.14573535469,58.1865040539282,60.7429907022786,62.7333849661457,63.620516587337,63.7037332791681,63.7212016543875,64.5956532798514,65.5083594295367,65.692232966632,67.795527527078,67.8652225703368,67.8652225703368
608,"PHL","Philippines",46.3983613714475,47.9837052977026,48.3446658213889,48.645162417855,49.2531021930946,57.6477733432018,58.5626736394954,61.8369637398322,67.2115951645668,69.9431226345382,71.8837172415507,71.8837272848914,72.5108571581389,72.5108571581389,74.0647664008878,74.0647664008878,74.1931524085778,74.1931524085778,74.1931524085778,74.1931524085778,74.1931524085778,74.1931524085778,74.1931524085778,74.1931524085778,74.1931524085778,74.1931524085778
616,"POL","Poland",96.29906777845,96.3109696151816,96.3436688882879,96.5329430126493,96.5374225758576,96.5418674594985,96.5533534519443,96.5539116582484,98.1545217795835,99.9578654379085,99.9578654379085,99.960307630991,99.9838307699947,99.9996908740074,100,100,100,100,100,100,100,100,100,100,100,100
620,"PRT","Portugal",57.3821179229747,57.3821179229747,78.0439699474101,80.5888619598361,81.6473640792833,82.8906300315172,82.8906300315172,82.8906300315172,82.8906300315172,84.3124823819693,84.6406705471312,84.6406705471312,84.6406705471312,89.4712886812739,89.4880158672978,89.4880158672978,93.0649238859443,93.6053234735824,93.6053234735824,93.6327983039337,94.0170821005756,94.0170821005756,94.0584856836771,94.0584856836771,94.0584856836771,94.0584856836771
634,"QAT","Qatar",2.84402621562454,2.84402621562454,2.84402621562454,2.84402621562454,2.84402621562454,2.84402621562454,2.84402621562454,2.84402621562454,2.84402621562454,2.84402621562454,2.84402621562454,2.84402621562454,2.84402621562454,2.84402621562454,2.84402621562454,2.84402621562454,2.84402621562454,2.84402621562454,2.84402621562454,2.84402621562454,2.84402621562454,2.84402621562454,2.84402621562454,2.84402621562454,2.84402621562454,2.84402621562454
178,"COG","Republic of Congo",74.7237542105155,74.7237542105155,74.7237542105155,74.7237542105155,75.2606222712989,75.2606222712989,80.0347889103639,81.0526657418672,81.0526657418672,81.0526657418672,87.706184866623,87.706184866623,87.706184866623,87.706184866623,88.3724709595218,88.3724709595218,88.3724709595218,88.3724709595218,88.4236907304255,88.4236907304255,88.4236907304255,88.4236907304255,88.4236907304255,88.4236907304255,88.4236907304255,88.4236907304255
642,"ROU","Romania",59.4265951645168,59.5016252674248,59.5099163720957,59.5510149918238,59.8531406708365,67.5893620300449,67.5893620300449,67.6104576738513,67.6104576738513,67.7443924901036,74.9501692439713,74.9821710278653,94.574841451503,94.574841451503,94.5748414515029,94.5748414515029,97.3227085232805,97.3227085232805,97.3227085232805,97.3227085232805,97.3227085232805,98.1620978557805,98.1620978557805,98.1620978557805,98.1620978557805,98.1620978557805
643,"RUS","Russia",94.5699065122436,94.6251547158055,94.7265542790786,94.9165696638432,94.9304486895083,94.9305655986582,94.9305655986582,94.9305655986582,94.9318510985452,94.9320173091731,94.9320173091731,94.9320173091731,94.9411985126726,94.9415141153648,94.9415141153648,94.9415603547547,94.9426776190143,94.9435238647896,94.9435238647896,94.9439359639412,94.9439359639412,94.9439359639412,94.9439359639412,94.9439359639412,94.9439359639412,94.9439359639412
646,"RWA","Rwanda",75.987031389747,75.987031389747,75.987031389747,75.987031389747,75.987031389747,75.987031389747,75.987031389747,75.987031389747,75.987031389747,75.987031389747,75.987031389747,75.987031389747,75.987031389747,75.987031389747,75.987031389747,75.987031389747,75.987031389747,75.987031389747,75.987031389747,75.987031389747,75.987031389747,75.987031389747,75.987031389747,75.987031389747,75.987031389747,75.987031389747
652,"BLM","Saint Barthelemy",NA,NA,NA,NA,NA,NA,NA,NA,NA,NA,NA,NA,NA,NA,NA,NA,NA,NA,NA,NA,NA,NA,NA,NA,NA,NA
659,"KNA","Saint Kitts and Nevis",NA,NA,NA,NA,NA,NA,NA,NA,NA,NA,NA,NA,NA,NA,NA,NA,NA,NA,NA,NA,NA,NA,NA,NA,NA,NA
662,"LCA","Saint Lucia",NA,NA,NA,NA,NA,NA,NA,NA,NA,NA,NA,NA,NA,NA,NA,NA,NA,NA,NA,NA,NA,NA,NA,NA,NA,NA
670,"VCT","Saint Vincent and the Grenadines",NA,NA,NA,NA,NA,NA,NA,NA,NA,NA,NA,NA,NA,NA,NA,NA,NA,NA,NA,NA,NA,NA,NA,NA,NA,NA
882,"WSM","Samoa",NA,NA,NA,NA,NA,NA,NA,NA,NA,NA,NA,NA,NA,NA,NA,NA,NA,NA,NA,NA,NA,NA,NA,NA,NA,NA
674,"SMR","San Marino",NA,NA,NA,NA,NA,NA,NA,NA,NA,NA,NA,NA,NA,NA,NA,NA,NA,NA,NA,NA,NA,NA,NA,NA,NA,NA
678,"STP","Sao Tome and Principe",NA,NA,NA,NA,NA,NA,NA,NA,NA,NA,NA,NA,NA,NA,NA,NA,NA,NA,NA,NA,NA,NA,NA,NA,NA,NA
682,"SAU","Saudi Arabia",56.1303427875681,56.1303427875681,56.1303427875681,56.1303427875681,56.1303427875681,56.1303427875681,56.1405908311277,56.5151828717912,56.5151828717912,56.5151828717912,56.591919939895,56.591919939895,56.591919939895,56.591919939895,56.591919939895,56.591919939895,56.6099638901538,56.6099638901538,56.6099638901538,56.6137229750352,56.6137229750352,56.6137229750352,56.6137229750352,56.6137229750352,56.6137229750352,56.6137229750352
686,"SEN","Senegal",84.0134372533059,84.0161784636146,84.0161784636146,84.0161784636146,84.0161784636146,84.0161784636146,84.0161784636146,84.0161784636146,84.0161784636146,84.0161784636146,84.0161784636146,84.0161784636146,84.0161784636146,84.0161784636146,84.0161784636146,84.0161784636146,84.0161784636146,84.0161784636146,84.0161784636146,84.0161784636146,84.0161784636146,84.0161784636146,84.0161784636146,84.0161784636146,84.0161784636146,84.0161784636146
688,"SRB","Serbia",82.708315614807,83.3892464420226,86.9471244448265,87.150683574675,87.1756362919382,87.2363046824089,87.2824001318281,87.3010421633262,87.3017164455155,87.3210332463318,88.3890083880521,90.093348183044,90.7821108779912,90.8375244446801,90.9315175952213,90.955027063783,91.042088465968,91.2028207204824,91.8221526325314,93.4482192488747,94.1252711698016,94.1387448425015,96.8101027655558,96.8101027655558,96.8101027655558,96.8101027655558
690,"SYC","Seychelles",NA,NA,NA,NA,NA,NA,NA,NA,NA,NA,NA,NA,NA,NA,NA,NA,NA,NA,NA,NA,NA,NA,NA,NA,NA,NA
694,"SLE","Sierra Leone",61.0299336156816,61.0299336156816,61.0299336156816,61.0299336156816,61.0299336156816,61.0299336156816,61.0299336156816,61.0299336156816,61.6174632941942,61.6174632941942,61.6174632941942,61.6174632941942,61.6174632941942,61.6174632941942,61.6174632941942,70.8689781929341,70.8689781929341,80.8729105014444,80.8729105014444,80.8729105014444,80.8729105014444,80.8729105014444,80.8729105014444,80.8729105014444,80.8729105014444,80.8729105014444
702,"SGP","Singapore",NA,NA,NA,NA,NA,NA,NA,NA,NA,NA,NA,NA,NA,NA,NA,NA,NA,NA,NA,NA,NA,NA,NA,NA,NA,NA
534,"SXM","Sint Maarten",NA,NA,NA,NA,NA,NA,NA,NA,NA,NA,NA,NA,NA,NA,NA,NA,NA,NA,NA,NA,NA,NA,NA,NA,NA,NA
703,"SVK","Slovakia",75.1603049387415,75.3347677580792,97.1332795383055,97.1548253535074,97.2069918855533,97.2337846256043,98.1854343027667,99.2129872992813,99.9707902418341,100,100,100,100,100,100,100,100,100,100,100,100,100,100,100,100,100
705,"SVN","Slovenia",66.7861353441959,67.045895573329,67.0778020265878,68.220312941843,68.3468896325391,68.3468896325391,68.3590932797196,73.9002301647756,73.9002301647756,100,100,100,100,100,100,100,100,100,100,100,100,100,100,100,100,100
90,"SLB","Solomon Islands",0,0,0,0,0,0,0,0,0,0,0,0,0,0,0,0,0,0,0,0,0,0,0,0,0,0
706,"SOM","Somalia",NA,NA,NA,NA,NA,NA,NA,NA,NA,NA,NA,NA,NA,NA,NA,NA,NA,NA,NA,NA,NA,NA,NA,NA,NA,NA
710,"ZAF","South Africa",68.3659480602266,68.8590507330601,69.0873047246091,70.2105582334452,70.7632521264356,71.1600917446184,73.3924664409919,73.5857416702777,73.6203244004102,73.6203244004102,73.752330561593,73.7723776431754,73.8240744417698,73.9650497423574,74.2451482675554,74.3800167781246,74.4776332076488,74.8572460698163,75.2403241931894,76.6765704164219,77.054206155508,78.1061741113154,78.3980578594679,79.316200825509,79.3767439786307,79.3767439786307
410,"KOR","South Korea",80.821414472542,80.9981275794579,82.6367775506513,83.3994423148601,84.5247802467167,84.6625529461418,84.8329322770385,85.9643713261545,86.0463083390971,87.8475166762616,89.1010907670848,89.1772564106139,89.2102940896927,89.5181279356241,89.5569131814913,89.56763000477,89.6801080079896,90.0473065488454,90.0675275567482,90.101265623435,90.1092302888972,90.1162782797043,90.1208722702675,90.1208722702675,90.1208722702675,90.1208722702675
728,"SSD","South Sudan",NA,NA,NA,NA,NA,NA,NA,NA,NA,NA,NA,NA,NA,NA,NA,NA,NA,NA,NA,NA,NA,NA,NA,NA,NA,NA
724,"ESP","Spain",59.2993489554668,62.4356755202878,81.6794632182951,84.1625300989727,93.8055545471539,95.4761458205352,95.6965715233323,95.7360569543257,96.1772558435623,96.6719056504837,96.6724120618983,97.9995326662122,97.9995326662122,98.1132728750464,98.1190501413577,98.1218844799774,98.1218844799774,98.1218844799774,98.1218844799774,98.1218844799774,98.1218844799774,98.1218844799774,98.1218844799774,98.1218844799774,98.1218844799774,98.1218844799774
144,"LKA","Sri Lanka",49.5824374331197,49.5824374331197,49.5919794517366,49.5919794517366,49.5919794517366,58.6937616738048,58.6937616738048,59.1033351961366,59.1284035344829,59.1284035344829,59.1334021190871,59.1334021190871,61.7702658502734,63.9939249698679,67.7048744069267,68.0297117816023,68.3409865158443,70.4944606070969,70.9477766188187,70.9477766188187,70.9477766188187,70.9477766188187,70.9477766188187,70.9477766188187,70.9477766188187,70.9477766188187
275,"PSE","State of Palestine",NA,NA,NA,NA,NA,NA,NA,NA,NA,NA,NA,NA,NA,NA,NA,NA,NA,NA,NA,NA,NA,NA,NA,NA,NA,NA
729,"SDN","Sudan",40.1881488337728,46.3956938025837,46.3956938025837,46.3956938025837,46.3956938025837,46.3956938025837,46.3956938025837,46.3956938025837,46.3956938025837,46.3956938025837,46.3956938025837,46.399024595963,46.6106664947637,46.6106664947637,46.6106664947637,46.6106664947637,46.6106664947637,46.6106664947637,46.6106664947637,46.6106664947637,46.6106664947637,46.6106664947637,46.6106664947637,46.6106664947637,46.6106664947637,46.6106664947637
740,"SUR","Suriname",55.8709601205383,55.8709601205383,55.8709601205383,84.0283441724572,84.0283441724572,84.0283441724572,84.0283441724572,84.0424721780243,84.0424721780243,84.0424721780243,84.0424721780243,84.0483645918304,84.2597540368731,84.2597540368731,84.2597540368731,84.2597540368731,84.2597540368731,84.2597540368731,84.2597540368731,84.2597540368731,84.2597540368731,84.2597540368731,84.2597540368731,84.2597540368731,84.2597540368731,84.2597540368731
752,"SWE","Sweden",95.1232738390611,96.2112481053582,96.756722433935,97.6519950604182,97.6655913309515,97.92090883452,98.1167640051489,98.3604845297363,98.4861420936866,98.6989128754342,98.7890455438192,98.9200488292992,99.0325889819101,99.0667988321031,99.1111909751179,99.1436510882697,99.1563941208918,99.1582581743623,99.1598454599,99.1680571279949,99.1718774951066,99.1796388826487,99.3016664504508,99.3225488399252,99.3225488399252,99.3225488399252
756,"CHE","Switzerland",95.9350427008217,98.31855858869,98.3211835151376,98.7544048714946,98.7544048714946,98.8007880567686,99.6224192136574,99.6224192136574,99.7363920122062,99.7363920122062,99.7364005672348,99.7659378203924,99.8111996653603,99.8111996653603,99.8111996653603,99.9999881805621,99.9999881805621,99.9999881805621,99.9999881805621,99.9999881805621,99.9999881805621,99.9999881805621,99.9999881805621,99.9999881805621,99.9999881805621,99.9999881805621
760,"SYR","Syria",NA,NA,NA,NA,NA,NA,NA,NA,NA,NA,NA,NA,NA,NA,NA,NA,NA,NA,NA,NA,NA,NA,NA,NA,NA,NA
158,"TWN","Taiwan",69.9401294643024,69.9401294643024,70.0860017397301,71.5119735862483,71.5119735862483,89.7310572762025,89.7368806160975,89.7368806160975,89.7466023328724,89.7466023328724,89.8258298784271,90.0887932723766,90.0887932723766,90.1723558264311,90.1723558264311,90.1723558264311,90.1723558264311,90.1734839290651,90.3392274921307,90.3535809448028,90.3535809448028,90.3535809448028,90.3535809448028,90.3535809448028,90.3535809448028,90.3535809448028
762,"TJK","Tajikistan",46.6815490373419,46.6815490373419,46.6815490373419,46.6815490373419,69.1579894941646,69.1579894941646,69.1579894941646,69.1579894941646,69.1579894941646,69.1579894941646,69.3797873787319,69.3797873787319,69.3797873787319,69.3797873787319,69.3797873787319,69.3797873787319,69.3797873787319,69.3797873787319,69.3797873787319,69.3797873787319,69.3797873787319,69.3797873787319,69.3797873787319,69.3797873787319,69.3797873787319,69.3797873787319
834,"TZA","Tanzania",77.3083982641286,77.3083982641286,77.3083982641286,77.3083982641286,77.3089453458256,77.3089453458256,77.3089453458256,77.3089453458256,77.3089453458256,77.5182597585643,77.7286976585325,77.7286976585325,78.351187385949,78.351187385949,78.35138121106,78.4458184737682,78.4458184737682,78.4458184737682,78.4458184737682,78.4458184737682,78.4458184737682,78.4458184737682,78.4458184737682,78.4458184737682,86.3047998924873,86.3047998924873
764,"THA","Thailand",80.6458896931347,81.7139861646954,81.731929431254,82.0760725533614,82.9590725388062,83.1316132592362,83.1775600841531,83.1775600841531,83.26023666769,83.26023666769,83.260304799907,83.260304799907,83.4531039361972,83.5716489486394,84.1124386089941,84.1124386089941,84.1124386089941,84.1124386089941,84.1124386089941,84.1124386089941,84.1124386089941,84.1124386089941,84.1124386089941,84.1124386089941,84.1124386089941,84.1124386089941
626,"TLS","Timor-Leste",0,0,0,0,0,32.605997084061,32.605997084061,32.605997084061,32.605997084061,32.605997084061,32.605997084061,32.605997084061,67.2864436967124,94.8397664110015,94.8397664110015,94.8397664110015,94.8397664110015,94.8397664110015,94.8397664110015,94.8397664110015,94.9493278154422,95.3526908208183,95.3526908208183,95.3526908208183,95.3526908208183,95.3526908208183
768,"TGO","Togo",73.4697618219471,73.4697618219471,73.4697618219471,73.4697618219471,73.4697618219471,73.4697618219471,73.4697618219471,73.4697618219471,73.4697618219471,73.4697618219471,73.4875957707967,73.4875957707967,73.4875957707967,73.4875957707967,73.4875957707967,73.4875957707967,73.4875957707967,73.4875957707967,73.4875957707967,73.4875957707967,73.4875957707967,73.4875957707967,73.4875957707967,73.4875957707967,73.4875957707967,73.4875957707967
776,"TON","Tonga",NA,NA,NA,NA,NA,NA,NA,NA,NA,NA,NA,NA,NA,NA,NA,NA,NA,NA,NA,NA,NA,NA,NA,NA,NA,NA
780,"TTO","Trinidad and Tobago",NA,NA,NA,NA,NA,NA,NA,NA,NA,NA,NA,NA,NA,NA,NA,NA,NA,NA,NA,NA,NA,NA,NA,NA,NA,NA
788,"TUN","Tunisia",50.8489994436855,50.8489994436855,50.8489994436855,50.8489994436855,50.8489994436855,50.8489994436855,50.8489994436855,50.8489994436855,50.8489994436855,50.8489994436855,50.8489994436855,50.8489994436855,53.7923348946449,53.7923348946449,54.6724666312441,54.6724666312441,54.6724666312441,57.206139017764,59.3401044866527,59.3401044866527,59.3401044866527,59.3401044866527,59.3401044866527,59.3401044866527,59.3401044866527,59.3401044866527
792,"TUR","Turkey",0.313607435630851,0.346781566335595,0.346781566335595,0.346781566335595,0.346781566335595,0.346781566335595,0.346781566335595,0.397817855069263,0.397817855069263,0.397817855069263,0.397817855069263,0.397817855069263,2.61802293669623,2.61802293669623,2.65270138376997,2.65270138376997,2.9484711333843,3.26168677597088,3.26168677597088,3.26168677597088,3.26168677597088,3.26168677597088,3.26168677597088,3.26168677597088,3.26168677597088,3.26168677597088
795,"TKM","Turkmenistan",68.4483028414108,68.4483028414108,68.4483028414108,68.4483028414108,68.4483028414108,68.4483028414108,68.4483028414108,68.4483028414108,68.4483028414108,68.4483028414108,68.4483028414108,68.4483028414108,68.4483028414108,68.4483028414108,68.4483028414108,68.4483028414108,68.4483028414108,68.4483028414108,68.4483028414108,68.4483028414108,68.4483028414108,68.4483028414108,68.4483028414108,68.4483028414108,68.4483028414108,68.4483028414108
796,"TCA","Turks and Caicos Islands",NA,NA,NA,NA,NA,NA,NA,NA,NA,NA,NA,NA,NA,NA,NA,NA,NA,NA,NA,NA,NA,NA,NA,NA,NA,NA
798,"TUV","Tuvalu",NA,NA,NA,NA,NA,NA,NA,NA,NA,NA,NA,NA,NA,NA,NA,NA,NA,NA,NA,NA,NA,NA,NA,NA,NA,NA
800,"UGA","Uganda",92.5304917224567,92.5304917224567,92.5304917224567,92.5511577832758,92.5511577832758,92.5511577832758,92.5511577832758,92.5833562723041,92.583356272304,92.583356272304,92.583356272304,92.5833562723041,92.583356272304,92.5833562723041,92.583356272304,92.583356272304,92.5833562723041,92.5833562723041,92.583356272304,92.5833562723041,92.5833562723041,92.583356272304,92.583356272304,92.583356272304,92.583356272304,92.583356272304
804,"UKR","Ukraine",78.9674658840736,79.636215551798,80.340042494543,80.3704450605861,80.3704450605861,80.3708913835084,80.3708913835084,80.3708913835084,80.3708913835084,80.4014877087661,80.4014877087661,80.4014877087661,80.408998096328,80.408998096328,80.4101155897193,80.4101155897193,80.4101155897193,80.4101155897193,80.4101155897193,80.4101155897193,80.4101155897193,80.4101155897193,80.4106235226738,80.4106235226738,80.4106235226738,80.4106235226738
784,"ARE","United Arab Emirates",0,9.44727814195324,9.44727814195324,9.44727814195324,9.44727814195324,9.44727814195324,22.7595234098365,22.7595234098365,22.7595234098365,22.7595234098365,22.7595234098365,22.7595234098365,26.4817128831642,26.4817128831642,26.4817128831642,43.2584373061304,43.2584373061304,43.33860794984,43.7848073941897,79.3379121460285,79.3379121460285,80.3108336185982,80.3108336185982,80.3108336185982,80.3108336185982,80.3108336185982
826,"GBR","United Kingdom",97.1419532612422,98.5941553531139,99.0050080570756,99.1327162770133,100,100,100,100,100,100,100,100,100,100,100,100,100,100,100,100,100,100,100,100,100,100
840,"USA","United States of America",83.8265562977508,83.9528543154371,84.1259716464064,84.3101143993289,84.4410294297953,84.633838092674,84.7920600195523,84.8988862772489,85.2539311660843,85.3134392936102,85.3806836711853,85.6197409245706,85.7464539562274,85.8428610377534,85.9400500266856,86.068287347964,86.1430005242417,86.1864779577899,86.2339206621886,86.2753046471783,86.2754385311751,86.2754385311751,86.2754385311751,86.2754385311751,86.2754385311751,86.2754385311751
858,"URY","Uruguay",1.08896118572211,1.08896118572211,1.08896118572211,1.08896118572211,1.08896118572211,1.08896118572211,1.08896118572211,1.08896118572211,1.08896118572211,1.08896118572211,1.08896118572211,1.08896118572211,1.08896118572211,7.27718798278191,16.687097755566,20.6825170577974,20.6825170577974,20.6825170577974,21.2114538571999,27.2265499237691,27.6067359512451,27.6067359512451,27.6067359512451,27.6067359512451,32.5775489536115,32.5775489536115
860,"UZB","Uzbekistan",49.2101289859022,49.2101289859022,49.2101289859022,49.2101289859022,49.2101289859022,49.2101289859022,49.2101289859022,49.2101289859022,49.2101289859022,49.2101289859022,49.2101289859022,49.2101289859022,49.2101289859022,49.2101289859022,49.2101289859022,49.2101289859022,49.2101289859022,49.2101289859022,49.2101289859022,49.2101289859022,49.2101289859022,49.2101289859022,49.2101289859022,49.2101289859022,49.2101289859022,49.2101289859022
548,"VUT","Vanuatu",22.973151106929,22.973151106929,22.973151106929,22.973151106929,22.973151106929,22.973151106929,22.973151106929,22.973151106929,22.973151106929,22.973151106929,22.973151106929,22.973151106929,22.973151106929,22.973151106929,22.973151106929,22.973151106929,22.973151106929,22.973151106929,22.973151106929,22.973151106929,22.973151106929,22.973151106929,22.973151106929,22.973151106929,22.973151106929,22.973151106929
862,"VEN","Venezuela",87.4464063370869,87.4464063370869,87.4464063370869,87.4464063370869,87.4464063370869,87.4464063370869,87.4464063370869,87.4464063370869,87.4464063370869,87.4464063370869,87.4464063370869,87.4465428935371,87.4465428935371,87.4465428935371,87.4873395909812,87.4873395909812,87.4873395909812,87.4873395909812,87.4873395909812,87.4873395909812,87.4873395909812,87.4873395909812,87.4873395909812,87.4873395909812,87.4873395909812,87.4873395909812
704,"VNM","Viet Nam",25.4452804764137,27.3491618674301,27.9240550180275,30.5997932338291,31.4983515075214,32.002934888533,38.7995659917718,46.5996748750013,47.9907349662746,50.0554155335206,50.7676185988709,53.0020940784695,53.6595260521083,53.6595260521083,53.8577165000674,53.8732442167581,56.01887130772,56.6180170935301,62.3538734318554,66.5751139883142,66.5751139883142,66.5751139883142,66.5751139883142,66.5751139883142,66.5751139883142,66.5751139883142
876,"WLF","Wallis and Futuna Islands",NA,NA,NA,NA,NA,NA,NA,NA,NA,NA,NA,NA,NA,NA,NA,NA,NA,NA,NA,NA,NA,NA,NA,NA,NA,NA
732,"ESH","Western Sahara",NA,NA,NA,NA,NA,NA,NA,NA,NA,NA,NA,NA,NA,NA,NA,NA,NA,NA,NA,NA,NA,NA,NA,NA,NA,NA
887,"YEM","Yemen",NA,NA,NA,NA,NA,NA,NA,NA,NA,NA,NA,NA,NA,NA,NA,NA,NA,NA,NA,NA,NA,NA,NA,NA,NA,NA
894,"ZMB","Zambia",96.7186235214263,96.7186235214263,96.7186235214263,96.7186235214263,96.7186235214263,96.7186235214263,96.7186235214263,96.7259115291054,96.7259115291054,96.7259115291054,96.7261040622902,96.7261040622902,96.7261040622902,96.7261040622902,96.7263056769886,96.7263056769886,96.7263056769886,96.7263056769886,96.7263056769886,96.7263056769886,96.7263056769886,96.7263056769886,96.7263056769886,96.7263056769886,96.7263056769886,96.7263056769886
716,"ZWE","Zimbabwe",90.320955844479,90.320955844479,90.320955844479,90.3216430265716,90.3216430265716,90.3216430265716,90.3216430265716,94.7913813874236,94.7913813874236,94.7913813874236,94.7913813874236,94.7913813874236,94.7913813874236,94.7913813874236,94.7913813874236,94.7913813874236,94.7913813874236,94.7913813874236,94.7913813874236,94.7913813874236,94.7913813874236,94.7913813874236,94.7913813874236,94.7913813874236,94.7913813874236,94.7913813874236
