"code","iso","country","TBG.ind.1995","TBG.ind.1996","TBG.ind.1997","TBG.ind.1998","TBG.ind.1999","TBG.ind.2000","TBG.ind.2001","TBG.ind.2002","TBG.ind.2003","TBG.ind.2004","TBG.ind.2005","TBG.ind.2006","TBG.ind.2007","TBG.ind.2008","TBG.ind.2009","TBG.ind.2010","TBG.ind.2011","TBG.ind.2012","TBG.ind.2013","TBG.ind.2014","TBG.ind.2015","TBG.ind.2016","TBG.ind.2017","TBG.ind.2018","TBG.ind.2019","TBG.ind.2020"
4,"AFG","Afghanistan",0.19558575490492,0.195585754904896,0.195585754904965,0.195585754904962,0.195585754905028,0.195585754905009,0.195585754904955,0.195585754904945,0.195585754904938,0.195585754904942,0.195585754904976,0.195585754904983,0.195585754904973,0.1955857549049,0.195585754904875,1.34316955280426,1.34316955280475,1.34316955280449,1.34316955280449,1.34316955280442,1.34316955280432,1.3431695528044,1.34316955280431,1.34316955280431,1.34316955280426,1.34316955280426
8,"ALB","Albania",5.45423898402736,7.51285809232853,15.6335597919518,16.4208532751899,16.4208532751899,27.7999977691946,27.7999977691953,27.7999977691949,27.8985985247056,29.3027710571931,33.5957597535795,44.1802944101074,55.8154362400754,64.1569649652088,79.0753214490694,79.0753214490694,80.7998740925247,82.5732726476688,88.2849754259412,90.6392470322671,90.6392470322671,90.6392470322671,90.6392470322671,90.6392470322671,100,100
12,"DZA","Algeria",19.3065325361514,19.3065325361402,19.306532536148,19.3065325361415,19.3065325361395,19.4962017123952,19.4962017124023,40.0198809373302,40.0198809373109,44.5236822275319,45.6322365107918,45.6322365107907,45.6361121923009,45.6361121923009,45.6361121922967,45.8209950630282,45.8209950630258,45.9139448369197,45.9139448369213,45.9139448369202,45.9139448369198,45.9139448369186,45.9139448369179,45.9139448369169,45.9139448369165,45.9139448369165
20,"AND","Andorra",13.6631449916824,13.6631449916824,13.6631449916824,13.6631449916824,13.6631449916824,13.6631449916824,87.3048824243323,87.3048824243323,87.3048824243323,100,100,100,100,100,100,100,100,100,100,100,100,100,100,100,100,100
24,"AGO","Angola",36.5845978227192,36.5845978226896,36.5845978226696,36.5845978226648,36.5845978226587,36.5845978226562,36.5845978227088,36.5845978227179,36.5845978227255,36.5845978227305,36.5845978227559,36.5845978227559,36.5845978227554,36.5845978227611,36.5845978227214,36.5845978227167,36.5845978227101,36.5845978815998,36.5845978815942,36.5845978815872,36.5845978815939,36.5845978815957,36.5845978815943,36.5845978815939,36.5845978815965,36.584597881597
660,"AIA","Anguilla",1.88198838510604,1.88198838510516,1.88198838510455,1.8819883851048,1.88198838510478,1.88198838510537,1.88198838510601,1.88198838510566,1.88198838510437,1.88198838510428,1.88198838510372,1.88198838510356,1.8819883851034,1.92115415505224,1.92115415505169,1.92115415505178,1.92115415505152,1.92115415505166,1.92115415505158,1.92115415505151,1.92115415505198,1.92115415505189,1.92115415505185,1.92115415505171,1.92115415505173,1.92115415505172
28,"ATG","Antigua and Barbuda",57.4089366845362,57.4089366845536,57.4089366845665,57.4089366845616,57.4089366845622,57.4089366845501,57.4089366845358,57.4089366845425,57.4089366845662,57.4089366845682,57.4089366845776,86.7632374487812,86.7632374487806,86.76323744878,87.3018490431424,87.3018490431424,87.3018490431418,87.3018490431476,87.3018490431476,87.3018490431471,87.3018490431482,87.3018490431482,87.3018490431482,87.3018490431476,87.3018490431476,87.3018490431476
32,"ARG","Argentina",29.742346583286,30.4218291933578,30.9067236116319,32.3959167623296,32.517648460016,34.1647737419841,36.2352960306506,43.1181903444629,43.4337319769353,50.9152612551766,54.4384405248558,54.7831211040931,55.1726749699551,55.1966969313204,55.3765370976989,55.4505588381182,55.4710793515948,55.4941521141591,55.6314006220187,55.6793679970372,55.8041327004155,56.4033078541091,56.4071815016921,56.5833476610825,56.7149403621849,56.7149403621852
51,"ARM","Armenia",99.9427426074506,99.9427426074506,99.9427426074506,99.9427426074506,99.9427426074506,99.9427426074506,99.9427426074506,99.9983560847435,99.9983560847435,99.9983560847435,99.9983560847435,99.9983560847435,99.9983503053712,99.9983503053712,99.9983503053712,99.9983503053712,99.9983503053712,99.9983503053712,99.9983503053712,99.9983503053712,99.9983503053712,99.9983503053712,99.9983503053712,99.9983503053712,99.9983503053712,99.9983503053712
533,"ABW","Aruba",2.34329395462477,2.34329395462484,2.34329395462484,2.34329395462482,2.34329395462485,2.34329395462486,52.7550085404919,52.7550085404915,52.7550085404926,52.7550085404928,52.7550085404938,52.7550085404938,52.7550085404936,52.7550085404939,52.755008540492,52.7550085404919,52.7550085404914,52.755008540492,52.7550085404916,52.7550085404912,52.7550085404915,52.7550085404916,52.7550085404915,52.7550085404915,52.7550085404916,52.7550085404916
36,"AUS","Australia",36.2009009702487,36.4403859759109,37.0246030850695,37.6259943043402,37.9686685301308,39.1692304208031,41.2410614254384,41.5239944786217,46.3529972964095,46.990173127186,49.3735562366855,50.5946688676836,51.6845936849729,54.5770226679633,55.7759703245675,59.4478216632006,60.9819694679029,65.9962760370271,69.7537647471576,73.4139353206606,74.9981099688894,77.7584869562918,81.0780056138918,82.2921767414559,82.5320978941453,82.5320978941453
40,"AUT","Austria",92.9616081354182,93.3846260716241,95.1669001143682,95.8580527298853,98.5018307917076,99.1168018176794,99.3143096367547,100,100,100,100,100,100,100,100,100,100,100,100,100,100,100,100,100,100,100
31,"AZE","Azerbaijan",38.6779990534714,38.6779990534733,38.6779990534809,38.6779990534792,38.6779990534805,38.6779990534782,38.6779990534698,40.8043158942628,40.8043158942571,46.8606761782309,51.5362911252684,51.7632698934984,59.9787626654941,59.9787626654894,62.0161162664882,62.0618646553482,62.06186465535,62.0618646553535,62.0618646553512,62.0618646553435,62.0618646553429,62.0618646553412,62.0618646553406,62.0618646553388,62.1633044593435,62.1633044593447
44,"BHS","Bahamas",3.4583049571213,3.45830495710099,3.45830495710259,38.2171209977646,38.2171209977694,38.2171209977722,38.2171209977443,38.2171209977498,46.6439517125495,46.6439517125574,46.643951712602,46.6439517126018,46.6439517125963,46.6439517126039,46.6439517125173,46.6468911355405,46.6468911355169,46.6468911355464,99.9999855922323,99.9999855922323,99.9999855922323,99.9999855922323,99.9999855922323,99.9999855922323,99.9999855922323,99.9999855922323
48,"BHR","Bahrain",4.75371906009386,4.75371906009386,4.75371906009386,12.0657802003005,12.0657802003005,12.0657802003005,12.0657802003005,12.0657802003005,12.0657802003005,12.0657800663487,12.0657800663487,12.0657800663487,14.6690146123036,14.6690147802346,14.6690147802346,14.6690147802346,14.6690147802346,14.6690147802346,14.6690147802346,14.6690147802346,14.6690147802346,14.6690147802346,14.6690147802346,14.6690147802346,14.6690147802346,14.6690147802346
50,"BGD","Bangladesh",88.6265192533712,88.6265192535235,88.6334900193418,88.6334900193224,88.6334900193665,88.6662590082659,88.7186470464177,88.7188384292553,88.7188384291394,88.7188384291241,88.7209904748035,88.7223783127659,88.7268276270159,88.7386314968982,88.7386314970982,88.80364051777,88.9042660363971,88.9061267539224,88.9061267539188,88.9093711771306,88.9093711771006,88.9093711770965,88.9093711771088,88.9093711771088,88.9093711770918,88.9093711770906
52,"BRB","Barbados",2.8058042594201,2.8058042594201,2.8058042594201,2.8058042594201,2.8058042594201,2.8058042594201,2.8058042594201,2.8058042594201,2.8058042594201,2.8058042594201,2.8058042594201,2.8058042594201,2.8058042594201,2.8058042594201,2.8058042594201,2.8058042594201,2.8058042594201,2.8058042594201,2.8058042594201,2.8058042594201,2.8058042594201,2.8058042594201,2.8058042594201,2.8058042594201,2.8058042594201,2.8058042594201
112,"BLR","Belarus",39.0057259962993,40.8964153026968,41.2019676363682,41.2019676363682,41.2019676363682,41.4136000867085,41.4136000867085,46.0833899327789,46.4976977022211,46.4976977022211,46.4976977022211,46.6309442728854,46.6309442728854,46.6309442728854,46.6309442728854,46.6309442728854,47.8700444685831,47.8700444685831,49.1433106623854,50.9169478625168,53.1890406493288,54.1394569984781,54.1394569984781,54.1394569984781,54.1394569984781,54.1394569984781
56,"BEL","Belgium",45.4856214663729,45.5439158235991,51.0066066859059,55.8774172500699,58.3919678709529,59.1784651677159,62.5734285802776,92.7319580362247,100,100,100,100,100,100,100,100,100,100,100,100,100,100,100,100,100,100
84,"BLZ","Belize",74.7674612543894,74.7674612542382,82.6373338955718,82.6373338955806,87.9408872344088,87.9408872343959,87.94088723458,92.4626853934776,93.1975179954876,93.1975179953347,93.1975179953912,93.2302193415935,93.2306769150565,93.7978462445071,93.7978462444577,93.7986750066071,94.6794801061106,94.6794801061294,96.6044317906135,96.6358937529053,96.6358937529094,96.6358937529118,96.63589375291,96.63589375291,96.6358937529123,96.6358937529123
204,"BEN","Benin",98.836033275377,98.836033275377,98.836033275377,98.836033275377,98.836033275377,98.836033275377,100,100,100,100,100,100,100,100,100,100,100,100,100,100,100,100,100,100,100,100
60,"BMU","Bermuda",9.92154143281265,9.92154143281265,9.92154143281265,9.92154143281265,9.92154143281265,13.3265026221789,13.3265026221789,13.3265026221789,13.3265026221789,13.3265026221789,13.3265026221789,13.3265026221789,13.3265026221789,13.3265026221789,13.3265026221789,13.3265026221789,13.3265026221789,13.3265026221789,13.3265026221789,13.3265026221789,13.3265026221789,13.3265026221789,13.3265026221789,13.3265026221789,13.3265026221789,13.3265026221789
64,"BTN","Bhutan",79.9195118354171,95.9290932753906,95.9290932753929,95.9290932753918,98.0059489005488,100,100,100,100,100,100,100,100,100,100,100,100,100,100,100,100,100,100,100,100,100
68,"BOL","Bolivia",42.5425341675395,48.8580283538741,48.9048902459733,85.1586941396312,87.6401503228788,87.6434011765465,90.3233606226223,90.4747493244459,96.5613164307823,96.5613164307829,96.5617657587582,96.5617657587553,96.6068231916388,96.6537133355953,96.6537133355965,96.6537133355959,96.6537133355941,96.6537133321535,96.6537133321541,96.6537133321547,96.6537133321541,96.6537133321541,96.6537133321541,96.6537133321547,96.6537133321547,96.6537133321547
70,"BIH","Bosnia and Herzegovina",1.79032300130302,1.79032300130239,1.79032300130232,1.79032300130152,1.79032300130152,1.79032300130112,1.79032300130138,1.79032300130126,1.79032300130054,1.79032300130037,1.79032300130015,1.79032300130022,1.78706513239035,2.05452228460224,12.8677060945635,12.8677060945663,12.8677060945686,12.9966789652564,13.0018388526615,13.0057466275161,13.0057466275175,13.0092449050075,13.009244905009,13.0092449050118,13.0092449050125,13.0092449050119
72,"BWA","Botswana",97.3306936501853,97.3306936501859,100,100,100,100,100,100,100,100,100,100,100,100,100,100,100,100,100,100,100,100,100,100,100,100
76,"BRA","Brazil",50.0653089970276,51.9413651197942,53.6845565654719,58.7663226533989,65.6897723376429,69.6346757195324,71.1751198815553,72.7621945512547,75.3913226706847,75.4937942793376,76.5906586708535,76.9068325487312,78.6933119895771,78.9517361486265,79.1533324811835,79.4474697470282,79.5269972430741,79.5330609346618,79.5402602122129,79.5419666953371,79.5572905268776,79.5925378355771,79.5952920873671,79.6015040167035,79.9505634488971,79.9506729741959
92,"VGB","British Virgin Islands",9.76965454628176,12.5403998314799,12.5403998314798,12.5403998314798,13.2693074915108,54.3478326467684,54.3478326467752,54.3478326467754,54.3478326467804,54.7554927368042,54.7554927368096,54.755492736811,54.7554927368109,54.7554927368202,54.8906053654274,54.8906053654291,54.8906053654295,54.8906053653653,54.8906053653626,54.8906053653635,54.8906053653641,54.8906053653631,54.8906053653633,54.8906053653632,54.8906053653627,54.8906053653629
96,"BRN","Brunei Darussalam",100,100,100,100,100,100,100,100,100,100,100,100,100,100,100,100,100,100,100,100,100,100,100,100,100,100
100,"BGR","Bulgaria",19.6595685813741,25.1437097118117,25.1626552411986,25.1824427858432,25.1824427858432,25.1910354504471,26.3504850110825,26.9005988072817,84.9480341903,85.0594051405447,85.0681604808323,85.1421456596523,85.2043292386212,100,100,100,100,100,100,100,100,100,100,100,100,100
854,"BFA","Burkina Faso",80.5550378007976,80.5550378007976,81.5062009385212,81.5062009385212,81.5062009385212,81.5062009385212,81.5062009385212,81.5062009385212,81.5062009385212,83.8437316948806,83.8437316948806,83.8437316948806,83.8437316948806,83.89368110131,83.89368110131,86.3118096351888,86.3118096351888,86.3118096351888,86.3118096351888,86.3118096351888,86.3118096351888,86.3118096351888,86.8121023142553,87.1920512681106,87.1920512681106,87.1920512681106
108,"BDI","Burundi",33.4515561982018,33.4515561982006,33.4515561982004,33.4515561982004,33.4515561982013,33.4515561982025,35.1933910125068,35.1933910125171,35.9979952042439,35.997995204244,35.997995204239,35.9979952042385,35.9979952042388,35.9979952042348,35.9979952042368,35.9979952042374,35.9979952042372,36.0358991604086,36.0358991604134,46.7037673375628,46.7037673375631,46.7037673375641,46.7037673375646,46.7037673375646,46.7037673375649,46.7037673375648
132,"CPV","Cabo Verde",14.6428440988081,14.6428440988081,14.6428440988081,14.6428440988081,14.6428440988081,14.6428440988081,14.6428440988081,14.6428440988081,14.6428440988081,14.6428440988081,14.6428440988081,16.6283828943901,16.6283828943901,16.6283828943901,16.6283828943901,16.6283828943901,16.6283828943901,16.6283828943901,16.6283828943901,16.8781569453545,16.8781569453545,16.8781569453545,16.8781569453545,16.8781569453545,16.8781569453545,16.8781569453545
116,"KHM","Cambodia",89.2072063875453,89.2072063873676,89.2072063873665,89.3098844956035,89.3098844956071,100,100,100,100,100,100,100,100,100,100,100,100,100,100,100,100,100,100,100,100,100
120,"CMR","Cameroon",15.5324739674596,15.5324739674044,16.1743070865972,16.1743070866055,16.1743070865881,16.1743070865778,20.2493847068491,22.3319932485301,22.3319932486004,22.3319932486079,23.2605239993387,26.2875290644366,26.2914865240341,31.765425952989,34.0654308611113,34.6277923036058,58.5605575470193,58.5605576341491,63.9348127976447,64.5978464446376,66.1912687977518,67.1252888852065,67.1252888852171,67.1252888852171,68.0390995116247,68.0390995116235
124,"CAN","Canada",39.8762962108957,42.1432074981223,43.5581474124009,44.2210172355996,46.2688320788006,48.0004930891676,48.6832513373399,50.2482495067623,50.4080515098632,53.4741241750406,54.1023227393144,55.482146039805,56.2494954771782,57.0558244160525,59.3505735557024,60.8482078819582,61.2170072889847,62.0808694616571,62.9339893472035,64.3761506554906,64.4659944811694,65.7279934320006,65.9952766646112,66.1890069050135,67.3799505260447,67.5002719130412
136,"CYM","Cayman Islands",57.2537880730369,59.3301162443924,59.3301162443894,66.1058404020229,66.1058404020388,66.10584040205,66.1058404019571,66.1058404019706,66.1058404019182,66.1058404019129,66.1529183123577,66.1529183123571,66.1529183123606,66.1529183123524,66.15291831242,66.1529183124271,66.9016643366712,66.9164479120182,66.9557625162018,67.1019996131923,67.1210146721353,67.1210146721341,67.1210146721376,67.1210146721371,67.1210146721323,67.1210146721312
140,"CAF","Central African Republic",97.0181996801224,97.0181996801224,97.0181996801224,97.0181996801224,97.0181996802194,97.0181996802194,97.0181996802194,97.01819968022,97.0181996802194,97.0181996802194,97.0181996802194,97.02761516121,97.02761516121,97.02761516121,97.02761516121,97.02761516121,97.02761516121,97.0276151652223,97.0276151652223,97.0276151652223,97.0276151652223,97.0276151652223,97.0276151652223,97.0276151652223,97.0276151652229,97.0276151652229
148,"TCD","Chad",63.3420450436165,63.3420450436188,63.3420450437088,63.3420450437406,63.3420450437406,63.3420450437329,63.3420450437129,77.3933879123759,77.3933879123653,77.3933879123706,77.3933879123753,77.3933879123706,77.3933879123718,77.3933879123577,77.3933879123512,77.3933879123423,77.3933879123412,77.3933877438818,77.3933877438788,77.3933877438735,77.3933877438706,77.3933877438688,77.3933877438653,77.3933877438659,77.3933877438659,77.3933877438659
152,"CHL","Chile",37.9622206444172,40.9368190356022,41.9432799121353,41.9432799121091,41.9491886755854,41.9491886755726,41.9501043266736,41.9501043266696,41.9501043266474,41.9501043266342,41.9834927529258,42.0456916605597,42.0118148941808,42.0118148941927,42.0118148941773,42.3367567043994,42.6922760707557,42.7277313662766,42.7277313662729,42.7574136925479,42.8933849572509,43.475529922239,43.4755299222436,43.4980160629268,44.3411690051631,44.6224497380758
156,"CHN","China",0.687045919522106,0.687045919522129,0.688342612761924,0.693148498999582,0.693148498999541,0.742462906936418,0.742462906936247,0.742462906936018,3.93012905855211,3.93012905855479,4.23275039552648,4.23275039552565,4.23598379914722,4.23598379914702,4.43133872817501,4.43147521142983,4.43147521142822,5.04002878144516,5.04002878144635,5.57784421815484,5.57784421815552,5.59986236005608,5.59986236005624,5.59986236005639,8.49531609501294,8.49531609501288
170,"COL","Colombia",55.5812300294579,55.5812300295654,55.5824871466209,55.5956668842029,62.1932039497541,62.2359646123847,62.2377637946059,62.2768893120182,65.2492747683994,65.2553455403535,65.2572445394812,66.7367378340994,67.1982849480024,68.5835461863188,69.9457307263029,73.7725902681653,73.8293195436412,74.2655188780718,74.3672518460612,74.5845580809947,75.5838708764153,76.4668701788435,76.69481116226,77.3198636014159,77.3198636014082,77.3198636014065
174,"COM","Comoros",0,4.10245298849361,4.10245298849361,4.10245298849361,4.10245298849361,4.10245298849361,4.10245298849361,4.10245298849361,4.10245298849361,4.10245298849361,4.10245298849361,4.10245298849361,59.9893318507835,59.9893318507835,59.9893318507835,59.9893318507835,59.9893318507835,59.9893318507835,59.9893318507835,59.9893318507835,59.9893318507835,59.9893318507835,59.9893318507835,59.9893318507835,59.9893318507835,59.9893318507835
184,"COK","Cook Islands",0.879817720730218,0.879817720730218,4.35075599170331,4.35075599170331,5.43060148132545,5.43060148132545,6.82285412938247,6.82285412938247,6.82285412938247,6.82285412938247,6.82285412938247,6.82285412938247,6.82285412938247,6.82285412938247,6.82285412938247,6.82285412938247,6.82285412938247,6.82285412938247,6.82285412938247,6.82285412938247,6.82285412938247,6.82285412938247,6.82285412938247,6.82285411043082,6.82285411043082,6.82285411043082
188,"CRI","Costa Rica",96.6270119134318,96.7320831037953,96.7320831031535,96.7320831031424,96.8237336899135,96.8237336898482,96.8237336897977,97.6333700853347,97.6333700853053,97.63337008526,97.6333700852453,97.6333700852877,97.6333700852888,97.6333700852988,97.6333700853212,97.8913766224512,97.8913766224547,97.8913766224553,97.8913766224594,97.9507630795823,97.9507630796347,97.9507630796347,97.9507630796353,97.9507630796441,97.9507630796424,97.9507630796424
384,"CIV","Cote d'Ivoire",93.4172662056559,93.4172662055659,93.4172662055571,93.4172662055682,93.4172662055418,93.4172662055259,93.4172662056824,93.41726620565,93.4172662057235,93.4172662057323,93.4172662057947,98.0621230207706,98.0621230207677,98.0621230207706,98.0621230207347,98.0621230207312,98.0621230207218,98.0621230088023,98.0621230087953,98.0621230087877,98.0621230087929,98.0621230087935,98.0621230087912,98.0621230087906,98.0621230087935,98.0621230087941
191,"HRV","Croatia",46.3753767920089,47.3684598571008,47.4729781748836,47.4782488099224,48.0169652415328,54.8673203122644,54.9243326896768,55.8058065727996,55.8114534935536,56.0472418889397,56.0472418889382,56.0472418889387,57.8628911030128,57.8628911030149,57.8628911030117,57.8628911030101,57.8786477541758,62.9304770267477,62.9304770267459,100,100,100,100,100,100,100
192,"CUB","Cuba",0,0,0,0,0,0,0,58.4816873490829,62.5511336723182,62.5511336722965,62.55113367213,62.5511336721271,62.5511336721459,62.5511336721129,63.10120867107,63.1012086710912,68.3619476124994,68.3619476103735,69.3026813975112,69.30268139756,69.3026813975306,69.3026813975206,69.3026813975347,69.3026813975312,69.3026813975112,69.3026813975082
531,"CUW","Curacao",11.1347063654498,11.1347063654295,11.1347063654294,11.1347063654319,11.1347063654259,11.1347063654231,11.1347063654592,11.1347063654534,11.1347063654701,11.1347063654719,11.1347063654864,11.1347063654862,11.1347063654844,11.1347063654879,11.1347063654612,11.1347063654587,11.134706365452,11.1347063654611,11.1347063654555,33.8656230733545,33.8656230733595,33.8656230733599,33.865623073358,33.8656230733579,39.1430650722242,39.1430650722245
196,"CYP","Cyprus",6.90777915035088,6.90777915035088,6.98837064879,6.98837064879,7.04507735311635,7.04507735311635,9.89699982025494,10.8215335422718,10.8215335422718,12.1846170390107,43.7346981674146,66.2448097734165,66.4716314089265,92.5738783202977,99.2326466658806,100,100,100,100,100,100,100,100,100,100,100
203,"CZE","Czech Republic",85.16535553427,85.24419005097,85.3109497101253,85.3841176767476,85.5623126127841,86.1011247684429,86.14652877922,86.1758848879571,86.2260723764982,86.2266314859912,98.941032719977,100,100,100,100,100,100,100,100,100,100,100,100,100,100,100
180,"COD","Dem. Rep. Congo",57.4638076928402,57.4638076928528,57.6265638446624,57.6265638446644,57.6265638446688,57.6265638446715,57.6265638446464,57.6265638446505,57.6265638446419,57.6265638446395,57.6265638446262,57.6265638446265,59.4721675628412,59.4721675628371,72.6508678535747,72.6508678535777,72.6508678535806,72.6508679918894,72.9054896006312,72.9054896006353,72.9054896006341,72.9054896006365,75.09755456848,79.7540927323653,79.7540927323653,79.7540927323647
208,"DNK","Denmark",78.4118020651777,78.4557149327976,78.5497781078629,78.5498248712194,83.5240848121082,83.5243998271071,83.5428992613653,83.8966980584677,84.54304525158,84.5720130061335,84.6963202640806,84.7317911099112,84.7399199473847,84.8903172050735,84.9062501048553,85.2095519749753,85.2557197862647,85.2586882267424,85.2719987900818,85.2940088367553,85.3059196906841,85.3059196906841,85.3824441228382,85.4025555511235,85.9496020531924,85.9496020531924
262,"DJI","Djibouti",0,0,0,0,0,0,0,0,0.448903443799805,0.448903443799805,0.448903443799805,0.448903443799805,0.448903443799805,0.448903443799805,0.448903443799805,0.448903443799805,0.448903443799805,0.448903443799805,0.448903443799805,7.807073053711,7.807073053711,7.807073053711,7.807073053711,7.807073053711,7.807073053711,7.807073053711
212,"DMA","Dominica",85.0274644241065,85.0274644241088,85.0274644241171,85.0274644241171,85.0274644241182,85.0274644241141,85.0475565751682,85.0475565751676,85.0475565751559,85.0475565751576,85.0475565751453,85.0475565751424,85.0475565751424,85.0475565751212,85.0475565751229,85.0475565751188,85.0475565751177,85.0475565752647,85.0475565752712,85.0475565752694,85.0475565752676,85.04755657527,85.0475565752694,85.04755657527,85.0475565752712,85.0475565752706
214,"DOM","Dominican Republic",52.3656226669468,52.3656226670526,52.3656226670557,52.3656226670481,52.3656226670798,52.3656226670984,52.3656226669121,52.3656226669411,54.5224975422965,54.522497542286,96.4717659152341,96.4717659152353,96.4717659152365,96.4717659152383,96.4717659152506,97.7182431344065,97.7182431344082,98.0775951389882,98.0775951389888,98.4794858675347,98.9718881540929,98.9718881540912,98.9755916555688,98.9755916555688,98.9755916555682,98.9755916555682
218,"ECU","Ecuador",32.9363396096245,32.9363396096718,42.2059567535803,42.2059567535863,42.2082932064731,46.5469473448075,47.727660169652,53.7369832888571,54.5461918436949,61.8023713823788,72.5343017889176,72.5343017889159,72.59898318759,72.59898318756,72.6004811982059,72.6004811982318,75.2954857751288,75.3930044574612,76.2313809368371,76.2313809368759,76.8488126695076,76.8488126695041,76.8645740360188,77.3918602731282,77.3918602731165,77.3918602731141
818,"EGY","Egypt",2.34546911815568,7.45191672083794,13.6443004836748,13.6443004837026,17.2886346681109,17.3375993315483,17.3375993315465,17.3375993315205,30.5728342187465,31.5826013735269,31.5826013735176,31.5826013735192,31.582025523172,42.4015429816535,42.4015429816687,42.4015429816848,42.4270814156204,42.4270814253476,42.4302208482573,42.430220848261,42.4302208482601,42.4302208482592,42.4302208482593,42.4302208482595,42.4302208482596,42.4302208482592
222,"SLV","El Salvador",0,0,0,0.174952577975381,0.174952577975311,0.246653569871584,0.246653569872236,0.246653569872371,0.246653569873251,0.246653569873239,0.246653569873784,35.9218645789044,35.9218645789116,36.604557277559,37.7173135711714,38.0778090622991,40.6456312901261,43.2723815751211,43.2723815751431,43.2723815751665,43.7782338482768,43.7782338482665,43.7782338482736,43.7782338482719,43.7782338482626,43.7782338482614
226,"GNQ","Equatorial Guinea",30.8063036729992,30.8063036729387,30.8063036729411,30.8063036729487,30.8063036729312,30.8063036729212,100,100,100,100,100,100,100,100,100,100,100,100,100,100,100,100,100,100,100,100
232,"ERI","Eritrea",28.091861292139,28.0918612921426,28.0918612921454,28.0918612921458,28.0918612921431,28.0918612921394,28.0918612921352,28.091861292118,28.0918612921233,28.0918612921238,28.0918612921225,28.0918612921211,28.0918612921203,28.0918612921161,28.0918612921146,28.0918612921119,28.0918612921088,28.0918611822636,28.0918611822606,28.0918611822582,28.0918611822569,28.0918611822549,28.0918611822531,28.0918611822534,28.0918611822536,28.0918611822537
233,"EST","Estonia",3.72855787434409,3.72855787434409,3.72855787434409,22.5870878507285,22.5870878507285,22.789892119817,22.7992866600736,22.9979935790916,22.9979935790916,24.8669370083942,100,100,100,100,100,100,100,100,100,100,100,100,100,100,100,100
748,"SWZ","Eswatini",19.9199270253429,19.9199270253437,19.9199270253432,19.9199270253435,19.9199270253424,19.9199270253421,19.9199270253408,19.9199270253412,19.9199270253392,19.9199270253393,19.9199270253361,19.9199270253353,19.9199270253351,19.919927025333,19.9199270253338,19.9199270253334,19.9199270253313,19.9199270274415,19.9199270274429,20.2055888885546,20.2055888885548,21.2557062079122,21.2557062079124,21.2557062079125,21.255706207913,21.2557062079128
231,"ETH","Ethiopia",75.5267869247718,75.5267869247747,75.5267869247724,75.5267869247724,75.5267869247682,75.5267869247665,75.5267869247671,75.5267869247529,75.5267869247588,75.5267869247588,75.5267869247594,75.5267869247582,76.4160205479353,76.4624247392141,76.4624247392129,76.4624247392112,76.4624247392071,76.4624246469247,76.4624246469218,76.46242464692,76.46242464692,76.4624246469177,76.4624246469165,76.4624246469165,76.4624246469171,76.4624246469171
234,"FRO","Faeroe Islands",0,0,0,0,0,0,0,0,0,0,0,0,0,0,0,0,0,0,12.8383344248273,12.8383344248273,12.8383344248273,12.8383344248273,12.8383344248273,12.8383344248273,12.8383344248273,12.8383344248273
238,"FLK","Falkland Islands",2.62882083150025,2.62882083150025,2.62882083150025,2.62882083150025,2.62882083150025,2.62882083150025,2.62882083150025,3.15238287237765,3.15238287237765,3.15238287237765,3.15238287237765,3.15238287237765,3.15238287237765,3.15238287237765,3.15238287237765,3.15238287237765,3.15238287237765,3.15238287237765,3.15238287237765,3.15238287237765,3.15238287237765,3.15238287237765,3.15238287237765,3.15238287237765,3.15238287237765,3.15238287237765
242,"FJI","Fiji",6.59136863748847,6.59136863748818,6.59136863748812,6.73679924004029,6.73679924004035,6.73679924004053,6.81373348381694,6.81373348381676,6.81373348381576,6.8137334838157,6.89094723446547,6.89094723446524,8.95548720865459,8.95548720865182,8.95548720865023,8.95548720864988,8.95548720864888,8.95548720867294,8.95548720867365,8.95548720867312,8.95548720867453,8.95548720867459,8.95548720867435,8.95548720867394,8.95548720867418,8.95548720867406
246,"FIN","Finland",46.9014773906195,46.9555790243341,47.0142818337546,47.1094317506892,69.577076498137,69.6035725266082,69.6473195666082,69.6942705304582,70.4537704822629,70.4986588798171,71.1072823930106,71.2361898075188,71.2870732209812,71.3442777309482,71.4101779463259,71.4602808693324,71.5321218778341,71.6139397558076,71.7241167163812,71.8265648385447,72.0186943377582,72.0394438639618,72.0717938839965,72.8044632285935,72.8142441854188,72.8142441854188
250,"FRA","France",70.4135424435188,72.5101530853453,74.5208946749923,74.8332521076788,80.0273513839371,84.0465357856382,84.0635934191659,90.0443633444382,94.0014715257665,95.9092972015753,96.8950164899206,96.8973373890406,96.8893710170782,98.7194379039788,99.9819688902847,99.9819688902847,99.9819688902841,99.9819688902841,99.9819688902841,99.9819688902847,99.9819688902847,99.9820365984312,99.9820365984312,99.9820365984312,99.9820365984312,99.9820365984312
258,"PYF","French Polynesia",5.30397967507402,5.30397967507402,5.30397967507402,5.30397967507402,5.30397967507402,5.30397967507402,5.30397967507402,5.30397967507402,5.30397967507402,5.30397967507402,5.30397967507402,5.30397967507402,5.30397967507402,5.30397967507402,10.0629183384048,10.0629183384048,10.0629183384048,10.0629183384048,10.0629183384048,10.0629183384048,10.0629183384048,10.0629183384048,10.0629183384048,10.0629183384048,10.0629183384048,10.0629183384048
266,"GAB","Gabon",16.2043822973512,16.204382297248,16.204382297252,16.2043822972649,18.7125008127985,18.7125008127784,18.7125008129894,18.7125008129571,53.3303606046173,85.4877347523988,85.4877347524029,85.4877347524024,85.4877347524012,93.5676519037294,93.5676519037771,94.0898905257918,94.0898905258024,94.0898905807971,94.0898905808082,94.0898905808177,94.0898905808118,94.0898905808124,94.0898905808159,95.2368900171612,95.2368900171571,95.2368900171565
270,"GMB","Gambia",3.57775727261762,3.57775727260282,5.30250170072431,5.30250170072902,5.30250170071776,5.30250170071108,5.30250170077625,5.30250170076053,5.30250170079271,31.6826552246652,31.68265522465,31.6826552246504,31.6826552246524,31.6935306764155,31.6935306764439,31.693530676447,31.6935306764542,31.6935306942134,31.6935306942196,31.6935306942259,31.6935306942218,31.6935306942217,31.6935306942237,31.6935306942238,31.6935306942215,31.6935306942212
268,"GEO","Georgia",9.30579711825441,17.4565958636029,17.9394050491285,18.0076327320994,20.3712161925732,20.3712161925725,20.3712161925735,20.3712161925735,20.3712161925716,32.3925454144889,32.3925454144867,32.392545414487,33.7368460202332,44.2463593191651,44.2463593191594,44.2463593191571,44.2463593191581,45.9759220793934,46.5998498002062,46.726089003685,53.6007864401852,53.6007864401843,53.645690198078,53.6456901980772,53.6456901980771,53.6842463417111
276,"DEU","Germany",92.1376120883159,100,100,100,100,100,100,100,100,100,100,100,100,100,100,100,100,100,100,100,100,100,100,100,100,100
288,"GHA","Ghana",84.3473991763641,84.3473991764235,84.3473991764212,84.3473991764129,84.3473991764323,84.3473991764441,84.3473991763359,84.34739917637,84.3473991763118,84.3473991763059,84.3473991762588,84.3473991762594,84.3473991762653,84.3473991762559,84.3473991763394,84.3473991763488,84.3473991763694,84.3473992786277,84.3473992786488,84.3473992786677,84.3473992786565,84.3473992786577,84.3473992786641,84.3473992786641,84.3473992786582,84.3473992786571
300,"GRC","Greece",55.9626548777192,57.2325324366311,96.7458287960218,100,100,100,100,100,100,100,100,100,100,100,100,100,100,100,100,100,100,100,100,100,100,100
304,"GRL","Greenland",100,100,100,100,100,100,100,100,100,100,100,100,100,100,100,100,100,100,100,100,100,100,100,100,100,100
308,"GRD","Grenada",11.4428519888965,11.4428519888246,13.1337443494115,13.1337443494226,13.1337443493989,13.1337443493866,13.1337443495269,13.1337443495021,13.1337443495593,13.1337443495674,13.1337443496178,13.1337443496148,13.1337443496069,13.1337443496096,13.1337443494995,13.1337443494875,13.1337443494586,13.1337443495816,18.6911889970488,18.6911889970132,18.6911889970376,18.6911889970412,18.691188997031,18.6911889970312,18.6911889970455,18.691188997047
320,"GTM","Guatemala",28.2588935632954,33.7797679225085,37.0544655172414,42.9780033015392,43.6880620265032,44.0946901044598,44.3551888127202,44.8345761563759,45.0324520263408,45.0356078326263,45.8499614298152,45.8606028220547,47.2346271893081,48.0043723540929,48.0571944513468,48.7862824082126,49.0364230370721,49.0510672460165,49.108270137294,49.2851400548711,49.5695849432129,49.575775150573,49.6607845600432,50.2412782039234,50.2412782039168,50.2412782039157
831,"GGY","Guernsey",0,0,0,0,0,0,0,0,0,0,0,0,0,0.256265718362363,0.256265718362363,0.256265718362363,0.256265718362363,0.256265718362363,0.256265718362363,0.256265718362363,0.256265718362363,0.256265718362363,0.256265718362363,0.256265718362363,0.256265718362363,0.256265718362363
324,"GIN","Guinea",53.5457062982985,53.5457062984019,53.5457062983975,53.5457062983844,53.5457062984156,53.545706298434,53.5457062982526,53.5457062982939,85.3034779786659,85.3034779786747,85.30347797874,88.19317838504,88.19317838503,88.1931783850406,88.1931783848965,88.1931783848806,88.1931783848441,88.19317831222,88.1931783121888,88.1931783121571,88.1931783121782,88.1931783121794,88.1931783121694,88.1931783121694,88.1931783121812,88.1931783121823
624,"GNB","Guinea-Bissau",53.5920781305039,53.5920781305088,53.5920781305087,53.592078130508,53.5920781305095,53.5920781305104,98.4708984306494,98.4708984306582,98.4708984306394,98.4708984306371,98.4708984306212,98.4708984306218,98.4708984306235,98.4708984306212,98.4708984306512,98.4708984306547,98.4708984306618,98.4708984494094,98.4708984494165,98.4708984494229,99.2661857216135,99.4261540247571,99.4261540247576,99.4261540247576,99.4261540247571,99.4261540247571
328,"GUY","Guyana",1.46189462137084,1.4618946213675,10.3622918536415,10.3622918536445,10.3622918536378,10.362291853634,10.3622918536742,10.3622918536686,10.3622918536859,10.3622918536883,10.3622918537033,10.3622918537027,10.3622918537006,25.0985811580972,25.0985811580219,25.0985811580139,25.0985811579945,56.4527917070585,56.4527917070852,56.4527917071137,56.4527917070941,56.4527917070922,56.452791707101,56.4527917071012,56.4527917070901,56.4527917070889
332,"HTI","Haiti",11.5126461367726,11.5126461367368,11.512646136742,11.5126461367448,11.5126461367349,11.5126461367306,11.5126461367869,11.5126461367718,11.5126461367905,11.5126461367949,11.5126461368131,11.5126461368124,11.5126461368091,11.5126461368111,11.5126461367658,11.5126461367652,11.5126461367514,11.5126461369528,11.5126461369446,17.6568411121633,40.3372210345419,41.1703346000411,41.1703346000382,53.6524889771727,53.6524889771623,53.652488977161
336,"VAT","Holy See",0,0,0,0,0,0,0,0,0,0,0,0,0,0,0,0,0,0,0,0,0,0,0,0,0,0
340,"HND","Honduras",66.4654681244723,66.4654681245212,66.4654681244741,66.4654681244694,66.4654681244847,67.1438142870006,67.1439558410671,67.1439558410806,67.1439558410353,67.1439558410294,67.1439558409918,69.0254394727629,72.81240219129,72.8124021912829,72.8124021913347,72.8124021913394,72.8124021913524,72.8124021913412,79.38218244064,79.3821824406476,79.3821824406441,79.4012112256406,79.4292186812935,79.4319028831576,79.4404955383306,79.44049553833
344,"HKG","Hong Kong",100,100,100,100,100,100,100,100,100,100,100,100,100,100,100,100,100,100,100,100,100,100,100,100,100,100
348,"HUN","Hungary",40.1015427652869,40.1015427652869,43.1575131646699,53.0393350096238,54.4043330150441,54.8949108489103,54.9034995233791,54.9035836894094,57.655680999494,57.6559475705801,100,100,100,100,100,100,100,100,100,100,100,100,100,100,100,100
352,"ISL","Iceland",23.9134501635932,23.9134501635932,23.9480741203223,23.9480741203223,23.9481832632178,23.9638200276479,23.9647746449559,25.0539365973314,25.0559850972819,25.4638254518686,26.931051335246,29.4987468744878,29.5033248352604,29.6614433959218,29.6614433959218,74.2541589289823,74.2541589289823,74.4229635968612,74.4911303952182,75.2645414634329,75.2657306462953,75.2657306462953,75.7503320857271,75.7503320857271,75.7503320857271,75.7503320857271
356,"IND","India",34.6644963982187,34.7227646941611,34.7512694779518,35.1004555890252,35.3623129994831,35.379996253241,35.3913580669648,35.3913580669879,36.8402071212161,36.8402136659633,36.8594967789399,36.8790873214115,36.8782378991799,36.8891163063125,36.9771359308682,36.9771359308727,36.9771359308958,36.9771359286831,37.0261765269263,37.0261765269434,37.0261765269335,37.0261765269287,37.0261765269336,37.0261765269318,37.0261765269242,37.0261765269233
360,"IDN","Indonesia",80.5967491023829,80.5967491025365,80.5967491025288,81.5211299617588,81.5220357039112,81.5500706313335,81.9832034594159,81.9832098286676,83.0955612621188,83.0958216631912,83.0966210682894,83.0966210682912,83.2509859477494,83.2509859477312,83.250985947917,83.2652930322288,83.2652930322753,83.3315726077206,83.3315790603065,83.3317488336153,83.3317488335965,83.3317488336747,83.3317488336871,83.3317488336865,83.3317488336706,83.3317488336688
364,"IRN","Iran",28.8798012238179,29.4260300340857,30.0223004940335,30.0237340030689,30.0237340030657,30.0305257466905,31.0113289612604,33.9883951522761,35.1763547847534,35.2276973710695,35.2276973710675,35.2276973710674,35.2235222890582,35.2235222890625,35.2235222890642,35.2235222890647,35.2298669388294,35.2328582268997,35.232858226899,35.2328582268993,35.2328582268999,35.2328582268992,35.2328582269002,35.2328582268999,35.2328582269002,35.2328582269003
368,"IRQ","Iraq",0,0,0,0,0,0,0,0,0,1.18299443430096,1.18299443429939,1.18299443429972,1.17445575174281,17.6201850799581,17.6201850799504,17.6201850799418,17.620185079941,17.6201850750495,17.6201850750521,33.9560948210773,49.7946450875876,49.7946450875892,49.7946450875892,49.7946450875892,49.7946450875889,49.7946450875892
372,"IRL","Ireland",1.5989134701234,11.9904206525616,18.3204642039964,39.9551345588747,46.8128004515003,48.6619785907615,48.6994965258434,48.9016753552015,61.1038265695265,65.3066759077159,65.5624629994588,68.865756887027,70.1079765200994,82.7521103172606,82.7521103195918,82.7525519174259,82.7828367056888,82.8920956762512,82.8920956759724,82.8921510733206,82.8921510733206,82.8922228838494,82.8924255002229,82.8924255002229,82.8924255002229,82.8924255002229
833,"IMN","Isle of Man",3.37193955795004,3.37193955795004,6.92822877107418,6.92822877107418,6.92822877107418,6.92822877107418,7.10251505493171,7.52058632665153,7.52058632665153,7.52058632665153,8.16040117465453,10.1423346145868,10.657073510303,10.9624635932062,21.9331223491311,22.5978189288624,22.5978189243611,23.1377022997333,23.2831318679266,23.3234824503871,23.3234824503871,23.3234824503871,23.3234824503871,23.3234824503871,23.3234824371511,23.3234824371511
376,"ISR","Israel",35.2169197507011,35.2230589255572,35.3995162415938,35.4068414064228,35.4068414064201,35.4739523803808,35.6070868005124,36.3746039730924,36.6187850838497,38.9267288554404,40.036624761693,42.681746116503,42.6971396108632,43.5484644976591,43.9558774821745,45.0482794825506,45.9435452731481,46.4867897089634,46.5049657527112,46.9167495934658,47.3552354160697,47.3690194810039,47.8362379374086,48.4028937904772,49.8363302645686,51.1277670849765
380,"ITA","Italy",41.7776850086655,89.9953021872659,93.5421740493923,97.2528808276818,99.6269856150088,99.7601127295241,99.7639376922024,99.7680297208559,99.8629195060429,100,100,100,100,100,100,100,100,100,100,100,100,100,100,100,100,100
388,"JAM","Jamaica",31.6674577272326,31.6674577271618,31.6674577270204,56.9562495267649,57.1109449419278,96.4836370937506,96.4836370937023,96.4836370937112,96.4943060768023,96.4943060767994,96.4943060767829,96.5450701426535,96.55198996301,96.5519899630094,96.5519899630471,96.5519899623441,96.5519899624971,96.5519899624512,96.5519899624577,96.5519899624659,96.5519899624594,96.5519899624582,96.5519899624612,96.5519899624612,96.5519899624577,96.5519899624577
392,"JPN","Japan",100,100,100,100,100,100,100,100,100,100,100,100,100,100,100,100,100,100,100,100,100,100,100,100,100,100
832,"JEY","Jersey",91.2387127802635,91.2387127802635,91.3502283422647,91.3502283422647,91.3502283422647,91.3502283422647,91.3502283434371,91.3502283434371,91.3502283434371,91.3502283434371,91.3502283434371,91.3502283434371,91.3502283434371,91.6193953574112,91.6193953574112,93.0153668716929,93.0153668716929,93.0159655414459,93.0159655414459,93.0159655414459,93.0159655414459,93.0159655414459,93.0159655414459,93.0159655414459,93.0512683685935,93.0512683685935
400,"JOR","Jordan",4.58133578080672,4.58133578080672,4.58133578080712,4.60049854419565,4.60049854419562,4.60049854419555,4.60049854419515,4.60049854419509,4.60049854419492,4.600498544195,4.83794262527744,4.83794262527745,4.83788707022618,4.83788707022578,4.83788707022569,4.83788707022583,5.41245560422118,5.85174066795985,6.47225626390171,6.63019427003912,6.63019427003918,6.63019427003941,6.77801931783571,6.77801931783582,10.5551045379908,10.5551045379908
398,"KAZ","Kazakhstan",18.6846372036907,18.68463720369,19.3591153047448,19.3591153047437,19.3591153047458,19.3591153047453,19.3591153047435,19.3591153047438,19.3591153047431,19.3591153047436,19.3591153047452,19.3591153047455,19.3591153047475,19.3591153047459,19.3591153047458,23.1320113416554,23.1320113416586,23.1320113416582,24.1845238408435,24.1845238408431,24.1845238408423,24.1845238408428,24.1845238408426,24.1845238408424,24.1845238408418,24.1845238408418
404,"KEN","Kenya",58.4636052487732,58.8713988779388,58.8713988779488,58.8713988779659,58.8713988779282,58.8920905061718,59.9713047483218,60.1568109223688,60.4079190963818,60.4079190963959,60.7054778804876,60.7371554967024,60.8771912313465,60.8771912313547,61.0033579165941,61.2239953386259,61.5632131558576,62.4236338953659,67.5199260365912,67.5199260365706,67.5199260365829,67.5199260365835,67.5199260365765,67.5199260365765,67.5199260365841,67.5199260365847
296,"KIR","Kiribati",35.4293845327744,35.4293845327744,35.4293845327744,35.4293845327744,35.4293845327744,100,100,100,100,100,100,100,100,100,100,100,100,100,100,100,100,100,100,100,100,100
689,"XKX","Kosovo",4.7586868041783,4.7586868041783,4.7586868041783,4.7586868041783,4.7586868041783,4.7586868041783,4.7586868041783,4.7586868041783,4.7586868041783,4.7586868041783,4.7586868041783,4.7586868041783,4.7586868041783,4.7586868041783,4.7586868041783,4.7586868041781,4.75868680417793,4.87256114090754,57.2689004374656,57.2689004374631,57.4696746404401,61.9390076945859,61.9649434437459,61.9649434437447,61.9807172338424,61.9807172338424
414,"KWT","Kuwait",11.6302533997318,11.6302533997318,11.6302533997318,17.6965412298794,17.6965412298794,17.6965412298794,17.6965412298794,17.6965412298794,17.7038958846798,17.7038958846798,17.7038958846798,17.7038958846798,17.7038958846798,17.7038958846798,17.7038958846798,17.7038958846798,31.3544917909018,98.0332550350523,98.0332550350523,98.0332550350523,98.0332550350523,98.0332550350523,98.3594335653888,98.3594335653888,98.3594335653888,98.3594335653888
417,"KGZ","Kyrgyzstan",18.3698296317972,20.9033939372231,22.0225239588778,22.0225239588774,22.0225239588776,22.0225239588777,22.0225239588779,22.0225239588782,22.0225239588781,22.0225239588782,22.0225239588785,22.1682119379231,22.1682119379243,22.1682119379247,22.168211937925,22.1682119379243,22.1682119379253,22.3286059602602,22.3286059602602,22.3286059602601,22.3286059602599,22.3286059602601,22.3286059602602,22.3286059602601,22.3286059602598,22.3286059602598
418,"LAO","Laos",94.4264724197988,94.4264724198029,95.9520164061682,95.952016406167,95.952016406167,95.9520164061653,96.8317089204176,96.8317089204188,96.8317089204247,96.8317089204247,96.8317089204282,96.8317089204294,96.83170892043,96.8317089204323,96.8317089204341,96.8317089204341,96.8317089204353,96.8317089204129,96.8317089204124,96.8317089204129,96.8317089204118,96.8317089204118,96.8317089204118,96.8317089204124,96.8317089204118,96.8317089204118
428,"LVA","Latvia",38.6251760654646,38.8380479781979,38.8380479781979,81.38962810153,81.38962810153,86.8905589259718,86.8905589259718,87.0003460707747,91.3659026901776,91.3881156107194,100,100,100,100,100,100,100,100,100,100,100,100,100,100,100,100
422,"LBN","Lebanon",3.55989838338124,3.84917550949432,10.9423844370678,10.9423844370678,11.0383768760311,13.0602960004049,13.0602960004049,13.0602960004049,13.0602960004049,13.0602960004049,13.0602960004049,13.0602960004049,13.0602960004049,13.0602960004049,13.0602960004049,13.0602960004049,15.0999172533782,15.0999172533782,15.0999172533782,15.0999172533782,15.0999172533782,15.0999172533782,15.0999172533782,15.0999172533782,15.0999172533782,15.0999172533782
426,"LSO","Lesotho",1.32332019989967,1.32332019989967,1.32332019989967,1.32332019989967,1.32332019989967,1.32332019989967,1.32332019989967,1.32332019989967,1.32332019989967,1.32332019989967,1.40686201887338,1.40686201887338,1.40686201887338,1.40686201887338,1.40686201887338,1.40686201887338,1.40686201887338,1.40686201887338,1.40686201887338,1.40686201887338,1.40686201887338,1.40686201887338,1.40686201887338,1.40686201887338,1.40686201887338,1.40686201887338
430,"LBR","Liberia",5.34997813472345,5.34997813468715,5.34997813468856,5.34997813469312,5.3499781346826,5.34997813467661,5.3499781347389,5.34997813472846,5.34997813475634,55.2493023089871,55.2493023087871,55.2493023087943,55.744578165848,55.7445781658277,55.7445781662258,55.7445781662682,55.7445781663705,55.7445781666059,55.7445781666796,55.7445781667645,55.7445781667039,55.7445781666954,55.7445781667199,55.7445781667204,55.7445781666861,55.7445781666829
434,"LBY","Libya",5.96377031984041,5.96377031984582,5.96377031984924,5.963770319856,5.96377031985718,5.96377031985877,5.96572908332459,5.96572908332459,5.96572908332624,5.96572908332682,5.96572908332718,5.96572908332712,5.96010266029794,5.96010266029453,5.96010266029365,5.96010266029512,5.96010266029788,5.96010266041124,5.96010266041124,5.96010266041106,5.96010266041212,5.96010266041447,5.96010266041535,5.96010266041688,5.96010266041741,5.96010266041759
438,"LIE","Liechtenstein",89.5312760894718,89.5312760894747,89.5312760894818,89.5312760894753,89.5312760894706,89.5312760894747,90.9530301183559,90.9530301183588,90.9530301183641,90.9530301183682,90.9530301183753,90.9530301183747,91.0138473310018,91.0138473310012,91.0138473310141,91.0138473310141,91.0138473310141,91.0138473310135,91.0138473310135,91.0138473310194,91.0138473310177,91.0138473310194,91.0138473310218,91.0138473310223,91.0138473310212,91.01384733102
440,"LTU","Lithuania",67.2849277454329,67.2849277454329,67.2849277454329,67.2849277454329,67.8738591422835,67.8738591422835,67.8738591422835,67.8738591422835,68.8836052528629,68.8836052528629,86.3291483105171,96.6402245725865,96.8545622760576,96.8545622760576,96.9230091201482,99.0003383019112,99.0240278662518,99.040604496323,99.0428580132429,99.0428580132441,99.1939608835812,99.1986613560706,99.4130843394429,99.4130843394429,99.4261158945712,99.4261158949735
442,"LUX","Luxembourg",100,100,100,100,100,100,100,100,100,100,100,100,100,100,100,100,100,100,100,100,100,100,100,100,100,100
446,"MAC","Macao",0,0,0,0,0,0,0,0,0,0,0,0,0,0,0,0,0,0,0,0,0,0,0,0,0,0
450,"MDG","Madagascar",12.2001682351223,12.2001682350916,12.2001682350938,16.6511790881855,17.2120827681042,17.2120827680962,17.212082768166,17.2120827681556,17.212082768193,19.7058648175623,19.7058648175945,19.7395934796938,19.7419104249645,19.7818930322925,19.7833590812307,20.9455073716518,22.1822645957669,22.2015577668865,25.0606504377728,25.0606504377719,25.0606504377738,25.8074697315046,25.8074697315049,29.0842696680187,29.0842696680162,29.0842696680157
454,"MWI","Malawi",73.3773193110435,73.3773193110341,99.9840757973129,99.9840757973129,99.9840757973129,99.9840757973129,99.9840757973129,99.9840757973129,99.9840757973129,99.9840757973129,99.9840757973129,99.9840757973129,99.9840757973129,99.9840757973129,99.9840757973129,99.9840757973129,99.9840757973129,99.9840757972459,99.9840757972459,99.9840757972459,99.9840757972459,99.9840757972459,99.9840757972459,99.9840757972459,99.9840757972459,99.9840757972459
458,"MYS","Malaysia",100,100,100,100,100,100,100,100,100,100,100,100,100,100,100,100,100,100,100,100,100,100,100,100,100,100
462,"MDV","Maldives",0,0,0,0,0,0,0,0,0,0,0,0,0.10433907186643,0.10433907186643,0.10433907186643,0.10433907186643,0.10433907186643,0.10433907186643,2.37883498522015,2.37883498522015,2.37883498522015,2.37883498522015,2.37883498522015,2.37883498522015,2.37883498522015,2.37883498522015
466,"MLI","Mali",14.0338624646134,14.0338624646131,14.0338624646689,14.0338624646899,14.0338624646902,14.0338624646878,14.0338624646792,14.1669322279777,14.7061013639248,14.7061013639181,66.7285721945206,66.7285721945165,67.1587976573259,67.2431990763594,67.2431990763418,67.2431990763235,67.4763605394747,67.5299902479194,67.8514695198982,68.0146776119794,68.0146776119806,68.0146776119824,68.0146776119824,68.0146776119824,68.0146776119824,68.0146776119829
470,"MLT","Malta",29.9045953212413,30.9014934284874,85.7561009723306,85.8211455721494,85.82172389617,87.1921248329735,91.6873238194677,100,100,100,100,100,100,100,100,100,100,100,100,100,100,100,100,100,100,100
584,"MHL","Marshall Islands",5.04569578986765,5.04569578986765,5.04569578986765,5.04569578986765,5.04569578986765,5.04569578986765,5.04569578986765,5.04569578986765,5.04569578986765,5.04569578986765,5.04569578986765,5.04569578986765,5.04569578986765,5.04569578986765,5.04569578986765,5.04569578986765,5.04569578986765,5.04569578986765,5.04569578986765,5.04569578986765,5.04569578986765,5.04569578986765,5.04569578986765,5.04569578986765,5.04569578986765,5.04569578986765
478,"MRT","Mauritania",2.83508639035044,2.83508639034999,2.83508639035202,2.83508639035312,2.83508639035321,2.83508639035372,2.89294283414866,2.89294283414898,2.89294283415027,2.89294283414981,2.89294283414932,2.89294283414953,2.89294283414935,2.89294283415021,2.89294283415075,2.95104209934858,2.95104209934866,2.9510421080528,2.95104210805289,2.95104210805321,2.95104210805334,2.95104210805342,2.9510421080536,2.95104210805358,2.95104210805358,2.95104210805358
480,"MUS","Mauritius",18.5620872915215,18.5620872915215,18.5620872915215,18.5620872915215,18.5620872915215,18.5620872915215,25.2982559980117,25.324137737409,25.324137737409,25.324137737409,25.7992811227036,25.7992811227036,25.7992811227036,26.5812439233755,26.5812439233755,26.5812439233755,26.5812439233755,27.7836382431284,27.7836382431284,27.7836382431284,27.7836382431284,27.7836382431284,27.7836382431284,27.7836382431284,27.7836382431284,27.7836382431284
484,"MEX","Mexico",16.8819217686286,19.2665138561455,19.8562549128126,22.9695222485329,24.8037263465226,25.1036439365191,30.0392807464082,34.5316752701938,59.0766760466065,62.9747962413535,65.1466448987088,66.5859781136282,68.3696313770829,70.6889225119494,72.1359219480829,78.0522260129665,78.8599194426959,80.4450811474853,81.3819190444859,82.4085696802394,82.4367977419906,82.5663157453653,83.9107570797859,85.1020949889059,85.1671842106471,85.1730264992612
583,"FSM","Micronesia",0,0,0,0,0,0,0,0,0,0,0,0,0,0,0,0,0,0,0,0,0,0,0,0,0,0
498,"MDA","Moldova",7.08439578055482,7.08439578055459,7.17593216592647,7.17593216592677,7.17593216592724,7.17593216592671,9.24858507039712,9.24858507039706,9.24858507039506,20.3048073421585,20.3048073421625,22.0118786666399,22.0514163844364,22.0514163844329,22.0514163844392,22.0514163844416,22.0514163844406,22.0514163844357,22.0514163844362,22.0514163844401,22.0514163844393,22.0514163844403,22.0514163844408,22.0514163844417,22.0514163844419,22.0514163844412
492,"MCO","Monaco",100,100,100,100,100,100,100,100,100,100,100,100,100,100,100,100,100,100,100,100,100,100,100,100,100,100
496,"MNG","Mongolia",34.1591350302969,34.1591350302941,46.8558095360692,49.9004529281763,53.1405145164283,53.1405333994954,58.1309011925401,58.1309011925415,58.4334917535884,59.1889822762559,60.0792909386635,60.0792909386635,60.8046213162482,60.8046213162553,60.8046213162565,60.8046213162524,61.3363154938177,71.4422947704541,73.8983336029706,73.8983336029706,73.8983336029712,73.8983336029718,73.8983336029723,73.8983336029712,73.8983336029694,73.8983336029694
499,"MNE","Montenegro",30.3554698185398,30.3554698185398,30.3554698185398,30.3554698185398,30.3554698185398,30.3554698185398,30.3554698185398,30.3554698185398,30.3554698185398,30.3554698185398,30.3554698185398,30.3554698185398,30.3554698185398,30.3554698185374,30.4731239932952,30.4731239932971,30.4731239932986,30.4731239932956,30.4731239932964,30.4923872884931,30.4943741363353,47.6822007067667,47.6822007067671,47.682200706768,48.3574076715256,48.3574076715255
504,"MAR","Morocco",1.77440163125881,1.77440163125808,1.77440163125806,1.77440163125729,1.77440163125736,1.77440163125711,1.77440163125739,1.77440163125729,1.77440163125716,2.14353044165071,6.13834833365194,7.02705386688218,9.30905227887165,9.30905227887324,10.1935944367911,10.1935944367898,10.1935944367886,10.1935944367906,100,100,100,100,100,100,100,100
508,"MOZ","Mozambique",76.6113056944641,76.6113056945588,76.6113056944888,76.6113056944512,76.6113056944782,90.4507059645018,90.4507059644412,93.9545989009906,95.5008119750318,95.5008119750318,95.587694809523,95.587694809523,95.5876948095259,95.5876948095265,95.5876948095476,95.5876948095488,95.5876948095547,95.5876947892476,98.5567358839482,98.5567358839494,98.5567358839482,98.5567358839482,98.5567358839482,98.5567358839482,98.5567358839477,98.5567358839477
104,"MMR","Myanmar",4.51329556068213,4.51445134870873,4.5614714716779,4.5614714716781,5.98849088628377,5.98849088628229,5.98849088630271,6.07167891867471,6.72063336739159,7.32680380078018,10.5531487030418,11.0636574517089,11.0574095324287,11.0574095324326,11.0574095323619,11.0574095323546,14.2952972976918,14.2952972977851,14.2952972977657,14.3369068966732,14.6517857496935,14.6517857496955,14.7468345289744,15.3879372457766,15.4730217000125,15.5396423073963
516,"NAM","Namibia",70.0798554182065,70.8350605632071,70.8350605631441,70.83506056312,81.1194461080823,83.6435355921506,85.4313163149565,89.3775175835624,89.3775175834665,96.8116861661624,96.8384443455329,100,100,100,100,100,100,100,100,100,100,100,100,100,100,100
520,"NRU","Nauru",0,0,0,0,0,0,0,0,0,0,0,0,0,0,0,0,0,0,0,0,0,0,0,0,0,0
524,"NPL","Nepal",31.5865136889953,31.5865136889921,33.9891544207613,33.9891544207663,37.6274578184742,38.1555304975536,38.1555304975601,38.1555304975711,38.1654624633281,38.1873403777419,38.5756487439531,38.7649047796574,40.8194243235884,40.8194243235937,40.8203154584038,40.8308279446901,43.5173685624661,43.5173685491506,43.5173685491442,43.5173685491424,43.5173685491418,43.5173685491185,45.6519792755451,45.6519792755388,45.6519792755371,45.6519792755373
528,"NLD","Netherlands",19.103789518404,20.8053122679061,28.8067111707563,29.2023564559419,48.8001898830422,48.8189512718504,84.0622504427612,84.0876675719353,86.6506923221224,87.1503414900918,91.5749392209759,91.82142687507,91.9478876833347,91.9478876833488,91.95502586915,91.9550315206959,93.4876808185894,93.4876808186412,93.4876808186165,93.4876808188776,93.4876808191447,93.4876808193612,93.4876808195465,93.4876808197153,93.4876808197265,93.4876808197288
540,"NCL","New Caledonia",28.5886403334777,28.5886403334734,28.5886403334722,28.5886403334736,28.5886403334738,28.588640333476,30.4536548887835,30.4536548887807,30.4536548887667,30.4536548887665,30.4536548887579,30.4536548887556,30.4536548887544,30.4536548887481,100,100,100,100,100,100,100,100,100,100,100,100
554,"NZL","New Zealand",84.8575150614959,84.9299142749935,85.0281726648871,85.42397821597,85.7619379217312,85.7779246941071,85.8080718462265,85.9799873681976,86.0009966215206,86.5612082748394,86.6128467932324,86.6702935002147,86.7541601646788,87.0687859241871,88.0042154223859,89.5481428551582,89.7058357639965,89.8125445322377,89.8777052402194,90.1076172715806,90.1924638065206,90.6210399613376,90.6547629392124,90.8498020515771,90.9115147601306,90.9115147601318
558,"NIC","Nicaragua",86.1225397862424,86.1225397862823,86.12253978628,86.1225397862523,86.1225397862671,92.1609826128994,92.1609826128506,93.8590046283553,93.8590046283265,93.8590046283253,93.8590046283041,93.8590046283035,93.8590046283047,93.8590046282994,93.8590046283259,93.85900462833,93.8590046283353,93.89897873167,93.8989787316759,93.8989787316812,93.8989787316794,93.8989787316818,93.8989787316829,93.8989787316829,93.8989787316806,93.89897873168
562,"NER","Niger",40.6545929776657,40.654592977662,40.6545929776758,40.6545929776838,40.6545929776845,40.6545929776888,40.6545929776941,47.0917242804083,47.0917242803892,47.0917242803918,50.2964360679788,52.1133322007876,52.1133322007897,52.1133322007957,52.1133322007942,52.1133322007939,52.113332200794,52.1133322980987,83.9397222289576,83.93972222896,83.9397222289624,83.9397222289635,83.9397222289653,83.9397222289653,83.9397222289653,83.9397222289653
566,"NGA","Nigeria",57.2902554053426,57.2902554051914,57.2902554051819,57.2902554051951,57.2902554051492,57.4563958797767,57.6220197746357,57.622019774585,57.6220197747055,57.6220197747228,57.622019774835,57.6220197748318,57.6220197748184,57.6220197748349,62.1204537077635,62.1204537077412,62.1204537076941,62.1204536410806,62.1204536410424,62.1204536410018,62.1204536410294,62.1204536410318,62.1204536410194,62.1204536410188,62.1204536410341,62.1204536410365
570,"NIU","Niue",0,0,0,0,0,0,0,0,0,0,0,0,0,0,0,0,0,0,0,0,0,0,0,0,0,0
408,"PRK","North Korea",13.6521276396195,13.6521276396195,13.6521276396195,13.6521276396195,13.6521276396195,13.6521276396195,13.6521276396195,13.6521276396195,13.6521276396195,13.6521276396195,13.6521276396195,13.6521276396195,13.6521276396195,13.6521276396195,13.6521276396195,13.6521276396195,13.6521276396195,13.6521276396195,13.6521276396195,13.6521276396195,13.6521276396195,13.6521276396195,13.6521276396195,13.6521276396195,13.6521276396195,13.6521276396195
807,"MKD","North Macedonia",62.0902797213559,63.2250077420165,63.4223350528794,64.5342171989782,64.5496538391188,65.3304529059459,65.3304529059371,65.3304529059418,65.8898550486512,66.2162181043871,66.2162181043947,69.4412341988971,70.4085763060688,70.4268436926018,70.4268436926188,70.4268436926271,70.4268436926341,70.4877863092829,70.4877863092865,70.4877863092976,70.4877863093018,70.4877863093135,70.4877863093182,70.4877863093265,70.4877863093282,70.4877863093265
578,"NOR","Norway",74.50976028379,74.5238208959976,74.6399140183894,74.7192843723124,74.7193092434576,74.8746849297559,75.00975635164,75.1108271809882,75.34752279556,76.0839056650247,76.5659477159924,76.9415128118541,77.0263384315871,77.0442304461623,77.2809660575341,77.5519991211429,78.9254345189541,79.1573127129465,79.2351631061865,79.5417863850006,79.8018248268753,81.83493317622,82.0286125936359,82.4529575832365,82.95186156576,82.95186156576
512,"OMN","Oman",4.70389188636291,4.70389188636269,5.06459252717707,12.6793271364528,12.6793271364528,12.679327136453,12.6793271364555,12.6793271364557,12.6793271364564,12.6793271364559,12.6793271364549,12.6793271364549,12.6793271364546,12.6793271364567,12.6793271364571,12.6793271364565,12.6793271364565,14.0398356710483,14.0398356710485,14.0414818724554,14.0414818724556,14.0414818724556,14.0414818724556,14.0414818724556,14.0414818724555,14.0414818724555
586,"PAK","Pakistan",54.1879349535595,54.1879349536316,54.2514983287777,54.2514983287683,54.2514983287893,54.2514983288014,54.2514983286809,54.481274391682,55.0544590964428,55.0544590964348,55.0544590963875,55.054459096387,55.0546943418314,55.0546943418247,55.0546943419163,55.0546943419199,55.0546943419438,55.0546943406062,55.054694340626,55.0546943406456,55.0546943406326,55.0546943406226,55.0546943406285,55.054694340627,55.0546943406197,55.0546943406186
585,"PLW","Palau",4.32010195114446,4.32010195114446,4.32010195114446,7.01278632876824,8.04356195099223,8.09907818626782,8.09907818626782,8.09907818626782,16.6787295974494,16.6787295974494,16.6787295974494,24.0955746736517,24.0955746736517,24.1128095973463,46.5086054147814,51.1191584179449,51.1191584179449,51.1191584179449,51.1191584179449,51.1191584179449,51.1191584179449,53.0579096392178,53.0579096392178,53.0579096392178,53.0579096392178,53.0579096392178
591,"PAN","Panama",64.5180186048653,64.5180186048365,64.5180186048353,64.51801860484,64.5180186048341,64.5180186048347,64.51801860487,64.6099509660982,64.6099509660971,74.9629425632465,74.9629425632159,74.9629425632129,74.9629425632129,74.9629425632018,74.9629425632323,74.9629425632347,75.29187619239,75.2918761924371,75.2918761924465,75.2918761924529,75.2918761924518,75.2918761924512,75.2918761924529,75.2918761924512,75.2918761924488,75.2918761924482
598,"PNG","Papua New Guinea",6.58478039199082,6.58478039196453,6.77995548114047,8.45352976604971,8.45352976603812,8.45352976603129,8.45352976609818,8.45405553018735,8.45405553021965,8.48715346446347,8.48715346449053,8.48715346448971,8.48718809293676,8.98131385286235,9.05017754600788,10.0211711813912,10.0211711813751,10.0211711556964,10.0211711556827,10.0211711556686,10.0211711556781,10.0211711556788,10.0211711556744,11.5695868499792,11.5695868499856,11.5695868499864
600,"PRY","Paraguay",17.4666087940365,17.8251241720701,17.8251241720845,17.8251241720902,19.1811890848692,19.1811890848687,19.1811890848674,80.9311878429241,80.9764696143653,81.1834244319547,81.6506254821512,81.7792091193347,81.9843118679265,82.3855753795071,83.2335027292418,83.3716917033818,83.5512142205376,83.7454812840082,83.8224927221059,83.9290619609959,84.0511689510606,84.0750923700235,84.0950605751959,84.0950605751959,84.0950605751947,84.0950605751953
604,"PER","Peru",26.4784990474007,26.4784990474001,29.6048117943794,42.0961613924849,42.0961613924884,43.2464675771918,44.0489501984519,52.0644040779396,64.7196162026377,66.7978521712041,71.16677005275,74.5851295631306,74.8282643489235,74.9245506199112,75.4585784542065,77.5106674019624,78.2852048631394,79.5989987911288,79.6124348580859,79.6326574812847,79.6401892745559,79.9313189188729,80.2675433286976,80.7853079968129,81.6783686455835,81.6783686456729
608,"PHL","Philippines",52.833573730179,53.0022483237551,54.2508610905516,54.7240226187479,54.9981710101734,55.3795811518348,76.38769509849,79.9818808950512,80.7448766291841,87.45490710969,88.9256429925988,91.0746974008176,91.0760080740076,91.7305218602824,91.7305218602829,92.1007123349471,92.1007123349953,92.2407642796294,92.24154839612,92.2422905754724,92.2422905754724,92.2422905754771,92.2422905754765,92.2422905754777,92.2422905754777,92.2422905754777
616,"POL","Poland",100,100,100,100,100,100,100,100,100,100,100,100,100,100,100,100,100,100,100,100,100,100,100,100,100,100
620,"PRT","Portugal",40.7282212027108,46.2193670870176,46.6428017105252,89.9074512635094,100,100,100,100,100,100,100,100,100,100,100,100,100,100,100,100,100,100,100,100,100,100
634,"QAT","Qatar",63.4262948691265,63.4262948691265,63.4262948691265,63.4262948691265,63.4262948691265,63.4262948691265,63.4262948691265,63.4262948691265,63.4262948691265,63.4262948691265,63.4262948691265,63.4262948691265,63.4262948691265,63.4262948691265,63.4262948691265,63.4262948691265,63.4262948691265,63.4262948691265,63.4262948691265,63.4262948691265,63.4262948691265,63.4262948691265,63.4262948691265,63.4262948691265,63.4262948691265,63.4262948691265
178,"COG","Republic of Congo",16.8041830447154,16.8041830447162,16.8041830447164,16.8041830447164,24.645488885267,30.7463274373684,30.7463274373693,31.2462289575015,31.2462289575046,31.2462289575045,31.2462289575065,54.4163881200011,54.4163881200013,80.7160361609124,80.7160361609171,83.7180336615423,83.7180336615418,83.7180338040318,100,100,100,100,100,100,100,100
642,"ROU","Romania",28.7575776088532,28.9663316945119,28.9670984192643,28.987681670527,28.9876816705234,29.0545399659065,34.3015267563432,34.3015267563447,34.3015267563524,34.3015267563564,34.3015267563639,49.8566891586769,50.7748127026254,85.6914884586035,85.6914884585835,85.6914884585847,85.6914884586059,95.8048026607124,96.4548128012747,96.8267147616971,96.8267147616965,96.8267147616971,97.5634004244641,97.5634004244647,97.5634004244641,97.5634004244641
643,"RUS","Russia",41.8156834692018,48.1901888848422,54.0678616521803,54.6286969575736,55.4990874326547,55.7173671793395,55.7506092171943,55.9039683041169,56.3405109245449,56.3502112607596,56.3502112607599,56.3502112607551,56.3544353615842,56.3544353615846,56.3544353615862,56.3552540028071,56.3552540028074,56.3552540024468,56.3552540024465,56.3552540024464,56.3552540024462,56.3552540024445,56.3552540024448,56.3552540024429,56.3552540024425,56.3552540024424
646,"RWA","Rwanda",53.1823482225859,53.1823482225834,53.1823482225839,53.1823482225834,53.1823482225865,53.1823482225881,53.1823482225885,53.1823482225991,53.1823482225948,53.1823482225948,53.1823482225958,54.6932222264242,54.6932222264249,54.6932222264242,54.693222226425,54.6932222264263,54.6932222264299,54.693222304912,54.6932223049149,54.6932223049161,54.6932223049165,54.6932223049184,54.6932223049195,54.6932223049193,54.6932223049191,54.6932223049189
652,"BLM","Saint Barthelemy",5.64431949078361,5.64431949078361,5.64431972101744,5.64431972101744,5.64431972101744,5.64431972101744,5.64431972101744,5.64431972101744,5.64431972101744,5.64431972101744,5.64431972101744,5.64431972101744,5.64431972101744,5.95291947208453,5.95291947208453,5.95291947208453,5.95291935199823,5.95291935199823,5.95291935199823,5.95291935199823,5.95291935199823,5.95291935199823,5.95291935199823,5.95291935199823,5.95291935199823,5.95291935199823
659,"KNA","Saint Kitts and Nevis",1.49967582934769,1.49967582934785,1.49967582934785,1.49967582934783,1.49967582934788,1.49967582934791,1.49967582934762,1.49967582934767,1.49967582934754,1.49967582934752,1.49967582934742,1.49967582934742,12.1092492529296,12.1092492529301,12.1092492529195,12.1092492529184,12.1092492529156,18.5092343624882,18.5092343624865,18.5092343624844,18.9405530750719,18.9405530750721,18.9405530750715,18.9405530750715,18.9405530750724,18.9405530750725
662,"LCA","Saint Lucia",24.4656245679056,24.4656245678909,24.4656245678873,24.4656245678918,24.4656245678925,24.4656245678999,24.4656245678977,24.4656245678908,24.4656245678563,24.4656245678559,24.4656245678346,24.4656245678288,24.4656245678257,29.5380398851213,29.5380398851134,29.5380398851116,29.5380398851065,29.5380398852306,29.5380398852344,29.5380398852316,29.5380398852385,29.538039885239,29.5380398852377,29.5380398852357,29.5380398852369,29.5380398852363
670,"VCT","Saint Vincent and the Grenadines",63.6750805204012,63.6750805204159,63.6750805204147,63.6750805204135,63.6750805204182,63.6750805204223,63.6750805203929,63.6750805203971,63.6750805203788,63.6750805203771,63.6750805203629,63.6750805203623,63.6750805203635,63.6750805203594,63.6750805203806,63.6750805203824,63.6750805203871,63.6750805203888,63.6750805203935,63.6750805203982,63.6750805203959,63.6750805203953,63.6750805203965,63.6750805203965,63.6750805203947,63.6750805203941
882,"WSM","Samoa",15.9330924095099,15.9330924095099,16.0519791267405,16.2775034203295,16.4466320323374,33.1287191293682,33.1661856547985,33.1769403373129,33.1811759257067,38.509359674875,38.5101194454792,38.5101194454792,38.5723063583308,38.6010936907545,38.6010936907545,38.6010936907545,38.6010936907545,38.6010936907545,38.6010936907545,38.6010936907545,38.6010936907545,38.6010936907545,42.5378481586064,42.5378481586064,42.5378481586064,42.5378481586064
674,"SMR","San Marino",0,0,0,0,0,0,0,0,0,0,0,0,0,0,0,0,0,0,0,0,0,0,0,0,0,0
678,"STP","Sao Tome and Principe",0,0,0,0,0,0,0,0,0,0,0,0,100,100,100,100,100,100,100,100,100,100,100,100,100,100
682,"SAU","Saudi Arabia",23.5740903654636,27.9071722021288,27.9071722021288,27.9071722021288,27.9071722021288,27.9071722021288,27.9071722021288,27.9251855543005,27.9487329986876,27.9487329986876,27.9487329986876,28.0100477162358,28.0100477162358,28.0100477162358,28.0100477162358,28.0100477162358,28.0100477162358,28.0100477165297,28.0100477165297,28.0100477165297,28.0100477165297,28.0100477165297,28.0100477165297,28.0100477165297,28.0100477165297,28.0100477165297
686,"SEN","Senegal",100,100,100,100,100,100,100,100,100,100,100,100,100,100,100,100,100,100,100,100,100,100,100,100,100,100
688,"SRB","Serbia",33.3115705636042,33.3115705636042,33.3115705636042,33.3115705636042,33.3115705636042,33.3115705636042,33.3115705636042,33.3115705636042,33.3115705636042,33.3115705636042,33.3115705636042,33.3115705636042,33.3115705636042,34.0505695143253,38.6718428097692,38.7145156684394,38.7226666771393,38.7246078872358,39.1673215946296,39.749953099546,42.2876212327313,43.9358594099131,43.962452424956,50.3176465813648,50.3176465813648,50.3176465813648
690,"SYC","Seychelles",73.8065501288223,73.8065501288253,73.8065501334459,73.8065501335418,73.8065501335435,73.8065501335376,73.8065501335135,73.8065501335124,73.8065501334947,73.8065501334971,73.8065501333853,73.8065501333806,73.8065501333806,73.8065501333482,73.8065501333506,73.8065501333447,100,100,100,100,100,100,100,100,100,100
694,"SLE","Sierra Leone",2.5239816430232,3.94629867880527,3.94629867880736,3.94629867881386,3.9462986787986,71.0654189181288,71.0654189180147,71.0654189180359,71.0654189179835,71.0654189179771,71.0654189179323,71.0654189179341,71.06541891794,71.0654189179347,71.0654189180229,71.0654189180323,71.9635737150253,71.9635737272512,92.9342924473106,92.934292447337,92.9342924473188,92.934292447317,92.9342924473247,92.9342924473247,92.9342924473147,92.9342924473135
702,"SGP","Singapore",27.9912788777972,27.9912788777972,27.9912788777972,27.9912788777972,27.9912788777972,27.9912788777972,27.9912788777972,27.9912788777972,29.1920460898166,29.1920460898166,29.1920460898166,29.1920460898166,29.1920460898166,29.1920460898166,29.1920460898166,29.1920460898166,29.1920460898166,29.1920460898166,29.1920460898166,29.1920460898166,29.1920460898166,29.1920460898166,29.1920460898166,29.1920460898166,29.1920460898166,29.1920460898166
534,"SXM","Sint Maarten",0,0,0,0,0,0,0,0,0,0,0,0,0,0,0,0,0,0,0,0,0,0,0,0,0,0
703,"SVK","Slovakia",41.9715056925296,41.9715056925304,42.0952486905008,76.6568902075741,76.8659916970712,77.9408474428606,77.9472568101994,84.4260470783729,86.9293706874523,89.8230379223441,100,100,100,100,100,100,100,100,100,100,100,100,100,100,100,100
705,"SVN","Slovenia",39.7207062012508,39.8134781036726,40.2477428333089,40.2583188923278,42.2332623130057,42.4230067780242,42.4230067780271,42.4230067780254,46.3939352931867,54.5889155614505,100,100,100,100,100,100,100,100,100,100,100,100,100,100,100,100
90,"SLB","Solomon Islands",0.469332710405079,0.469332710405079,0.469332710405079,0.469332710405079,0.469332710405079,0.469332710405079,0.469332710405079,0.469332710405079,0.469332710405079,0.469637292007791,0.474350857731039,0.477998018085838,0.512323003191324,0.519014395851551,1.57513200970215,1.57513200970215,1.57513200970215,1.57513200970215,1.57513200970215,1.57513200970215,1.57513200970215,1.57513200970215,1.57513200970215,1.57513200970215,1.57513200970215,1.57513200970215
706,"SOM","Somalia",0,0,0,0,0,0,0,0,0,0,0,0,0,0,0,0,0,0,0,0,0,0,0,0,0,0
710,"ZAF","South Africa",35.236327432325,35.4138197095941,35.6677343213337,36.1719318022648,36.5048896262503,36.8009870220472,37.5288501711022,38.1926761286155,38.4326517031539,38.4925268595635,38.492526858945,38.5895861209305,38.6014547904942,38.6789387255863,38.8083578737793,39.0877589924534,39.3190078435692,39.4396165039235,39.9209811424719,40.2800265326734,41.9495046625652,42.4402354423784,43.9029827754929,44.1306436043308,45.1122020110553,45.1551213300331
410,"KOR","South Korea",45.3392941281045,45.5448152539982,45.7061666694436,46.2387836202724,47.1929705874252,48.7468441587655,57.7089381961892,57.8294011454065,64.2413723560665,64.3879957040729,70.0897619109382,79.2094924438288,81.5828165434929,82.13486424054,85.3487469709182,85.9832343608929,86.2658660366694,86.6795635013065,86.9720167239429,87.7767054353065,87.7880915714023,88.0304701643171,88.1533049856506,88.1813360966382,88.1847821607523,88.1847821607523
728,"SSD","South Sudan",97.3497425973012,97.3497425973012,97.3497425973012,97.3497425973012,97.3497425973012,97.3497425973012,97.3497425973012,97.3497425973012,97.3497425973012,97.3497425973012,97.3497425973012,97.3497425973012,97.3497425973012,97.3497425973012,97.3497425973012,97.3497425973012,97.3497425973012,97.3497425973012,97.3497425973029,97.3497425973029,97.3497425973035,97.3497425973041,97.3497425973047,97.3497425973047,97.3497425973047,97.3497425973047
724,"ESP","Spain",60.2083879351382,60.4246832327635,61.6997711281329,97.3441400869212,100,100,100,100,100,100,100,100,100,100,100,100,100,100,100,100,100,100,100,100,100,100
144,"LKA","Sri Lanka",96.5987799301188,96.5987799301235,96.6020274331118,96.6020274331912,96.6020274331906,96.6020274331882,97.1272204395929,97.1272204395612,97.1272204395694,97.15021259531,97.1502125953147,97.1502125953159,97.1502125953171,97.3059991449871,97.4129685584471,97.8288670294247,97.8966539526259,97.9330786707641,98.1845560732788,98.2094961167482,98.2094961167471,98.2094961167471,98.2094961167471,98.2094961167476,98.2094961167471,98.2094961167476
275,"PSE","State of Palestine",45.1318040039499,45.1318040039492,45.1318040039489,45.1318040039481,45.131804003948,45.1318040039478,45.1318040039483,45.1318040039482,45.1318040039481,45.131804003948,45.1318040039479,45.1318040039479,45.1325083096433,45.1325083096438,45.1325083096439,45.1325083096437,45.1325083096434,45.1325083096435,45.1325083096435,45.1325083096435,45.1325083096434,45.1325083096431,45.132508309643,45.1325083096428,45.1325083096428,45.1325083096427
729,"SDN","Sudan",58.4105883703432,58.4105883703485,58.4105883702304,58.4105883701823,58.4105883701811,58.41058837018,58.410588370189,58.4105883702525,58.4105883701788,58.4105883701945,58.4105883702185,59.1899685491871,71.3479420027882,71.3479420027882,71.3479420027694,71.8696038419529,71.8696038419512,12.742049785497,12.7420497854959,12.7420497854947,12.7420497854938,12.7420497854933,12.7420497854924,12.7420497854924,12.7420497854925,12.7420497854925
740,"SUR","Suriname",67.3971317023853,67.3971317027053,67.3971317026929,67.3971317026529,84.4460173306453,84.4460173306706,84.4460173304082,84.4460173304523,84.4460173303347,84.44601733032,84.4460173302194,84.4460173302229,84.4460173302365,84.4460173302265,84.4460173304288,84.4460173304506,84.4460173305029,84.4460173300488,84.4460173300865,84.44601733013,84.4460173300988,84.4460173300947,84.4460173301071,84.4460173301071,84.44601733009,84.4460173300882
752,"SWE","Sweden",15.0843045788514,43.512315894779,44.1979579908924,45.4445706788959,48.9814176669399,49.0828231040844,51.5569744748966,52.7782535311545,55.6388702548607,55.9113107714234,57.3250014856771,57.5272660857577,57.8324811719019,58.0540632484648,59.2160846130047,59.4969870840806,60.2059008458882,60.4420608401612,60.7036120190829,60.9597872611382,61.2682188230823,61.6001737822576,61.9971377973488,62.5670105625441,63.6397663648224,63.7391129343276
756,"CHE","Switzerland",36.7250330583025,36.725033058304,38.0836185980542,38.0836185980502,38.3786007339592,38.3786007339618,38.3786007339595,41.4458551905629,41.4458551905665,41.7472143376505,41.7482828008043,41.7964443852896,41.8384740209409,41.9574999591779,41.9574999591866,48.5647721303311,51.9688766534321,51.9688766534318,52.0025302182399,52.0025302182442,52.0795569116047,52.0795569116062,52.1077978475978,53.3490025571172,53.3490025571163,53.3490025571155
760,"SYR","Syria",1.09193028211685,1.09193028211619,1.10378628020643,1.10378628020537,1.85871514331613,2.66941623099431,2.66941623099411,2.66941623099409,3.96586211472009,3.96586211472014,3.96586211472046,3.96586211472048,3.96693261808131,3.96693261808112,3.96693261808116,3.96693261808119,3.96693261808066,3.96693261808049,3.96693261808035,3.96693261808035,3.96693261807996,3.96693261807953,3.96693261807936,3.96693261807907,3.96693261807902,3.96693261807899
158,"TWN","Taiwan",60.4255439065771,61.28153979783,61.3131997615553,61.3131997599912,61.3677348178553,61.3677348178553,100,100,100,100,100,100,100,100,100,100,100,100,100,100,100,100,100,100,100,100
762,"TJK","Tajikistan",14.8953587852739,14.8953587852748,14.8953587852745,14.8953587852745,14.8953587852729,73.7940018992247,73.7940018992294,75.378359389833,75.3783593898353,75.3783593898341,75.3783593898341,75.5153843539065,75.5153843539065,75.5153843539065,75.5153843539059,75.5153843539,75.5153843539141,75.5153843539141,75.5153843539153,75.5153843539141,75.5153843539135,75.5153843539153,75.5153843539135,75.5153843539129,75.5153843539106,75.5153843539106
834,"TZA","Tanzania",98.5107672344183,98.5107672344224,98.5107672344171,98.5107672344153,98.5107672344153,98.5107672344153,98.5107672344547,98.5107672344594,98.510767234457,98.510767234457,98.510767234517,98.7284570705241,98.7284570705241,98.7284570705247,98.7284570705282,98.7284570705282,98.7284570705282,98.7284570637988,98.7284570638,98.7284570638006,98.7284570638,98.7284570638,98.7284570638,98.7284570638,98.7284570638,98.9196088259918
764,"THA","Thailand",38.6970083713813,39.4181709745228,40.9779749851711,42.4181762775321,42.9396284850818,42.9444229370663,43.4738414027339,49.2073137727737,54.5170468747615,54.5608644804522,54.5608644804346,54.5608644804318,54.5608644804312,55.1147632200515,55.1147632200563,58.0348388867755,58.0348388867763,58.0348388868263,58.0348388868306,59.0912052453065,59.0912052453059,59.0912052453059,59.0912052453071,59.0912052453059,59.0912052453041,59.0912052453035
626,"TLS","Timor-Leste",23.2880625841566,23.2880625841566,23.2880625841566,23.2880625841566,23.2880625841566,23.2880625841566,23.2880625841566,23.2880625841566,23.2880625841566,23.2880625841566,23.2880625841566,23.2880625841566,23.2880625841566,47.1525729839894,75.5826187916788,75.5826187916788,75.5826187916788,75.5826187916788,75.5826187916788,75.5826187916788,75.5826187916788,79.2195474023823,94.6080346062006,94.6080346062006,94.6080346062006,94.6080346062006
768,"TGO","Togo",65.3738121384788,67.0528411762318,67.0528411762318,67.0528411762318,67.0528411762318,67.0528411762324,67.0528411762318,67.0528411762359,67.0528411762329,67.0528411762329,67.0528411762312,67.1540218513035,67.1540218513035,67.1540218513018,98.4455678693282,98.4455678693282,98.4455678693282,98.4455678515571,98.4455678515559,98.4455678515553,98.4455678515553,98.4455678515547,98.4455678515547,98.4455678515547,98.4455678515541,98.4455678515547
776,"TON","Tonga",7.98684926498235,7.98684926498235,7.98684926498235,7.98684926498235,7.98684926498235,7.98684926498235,7.98684926498235,58.3487126384538,58.3487126384538,58.3487126384538,58.3487126384538,58.3487126384538,58.3487126384538,58.3487126384538,58.3487126384538,58.3487126384538,58.3487126384538,58.3487126384538,58.3487126384538,58.3487126384538,58.3487126384538,58.3487126384538,58.3487126384538,58.3487126384538,58.3487126384538,58.3487126384538
780,"TTO","Trinidad and Tobago",92.7288943858312,92.7288943858894,92.7288943858847,92.7288943858788,92.7288943858988,92.7288943859141,92.7288943857976,92.7288943858129,92.7288943857418,92.7288943857347,92.7288943856782,98.8433961414877,98.8433961414882,98.8433961414859,98.8433961414994,98.8433961415006,98.8433961415041,98.843396141503,98.8433961415059,98.8433961415088,98.8433961415071,98.8433961415071,98.8433961415077,98.8433961415077,98.8433961415065,98.8433961415065
788,"TUN","Tunisia",30.4806893527815,30.4806893527699,30.4811028148848,30.4811028147942,30.4811028147871,30.4811028147736,30.481102814793,30.4811028148555,30.481102814757,30.481102814776,30.4811028148055,30.4811028148005,30.5040862352869,31.2515892398428,31.2515892398247,31.5048899270726,36.0191699327351,36.0794457458863,36.9529174045246,37.1263669539099,37.1263669539071,37.1263669538988,37.1263669538953,37.1263669538889,37.1263669538867,37.1263669538865
792,"TUR","Turkey",0.794427848295647,0.794427848295888,0.794427848295788,0.794427848296259,1.29261390345428,1.29261390345446,1.2926139034544,1.29261390345441,1.29261390345474,1.29261390345472,1.29261390345463,1.42131559496837,1.42197233756615,1.42197233756594,1.42197233756591,1.42367250010274,1.42367250010296,1.42367250010269,1.42367250010279,1.44332608633357,1.44332608633375,1.44332608633399,1.44332608633406,1.44332608633426,1.44332608633435,1.44332608633435
795,"TKM","Turkmenistan",21.6990215519924,21.6990215519916,21.6990215519947,21.6990215519942,21.6990215519966,21.6990215519959,21.6990215519937,21.6990215519935,21.699021551993,21.6990215519933,21.6990215519948,21.6990215519951,21.6990215519955,21.6990215519928,22.4454615203993,22.4454615203988,22.4454615204019,22.4454615204008,22.4454615204006,22.4454615204002,22.4454615203995,22.4454615204,22.4454615203996,22.4454615203995,22.4454615203991,22.4454615203991
796,"TCA","Turks and Caicos Islands",100,100,100,100,100,100,100,100,100,100,100,100,100,100,100,100,100,100,100,100,100,100,100,100,100,100
798,"TUV","Tuvalu",0,0,0,0,0,0,0,0,0,0,0,0,0,0,0,0,0,0,0,0,0,0,0,0,0,0
800,"UGA","Uganda",77.4694943634953,77.4694943634947,77.4694943634947,77.4694943634941,77.5453680467476,77.5453680467488,77.5453680467476,77.5453680467541,88.4216250476871,88.4216250476871,88.8604555750159,88.8604555750159,95.3067386848706,95.3067386848706,95.3067386848882,95.3067386848882,95.3067386848882,95.3067386920835,95.3067386920841,95.3067386920841,95.3067386920841,95.3067386920847,95.3067386920847,95.3067386920847,95.3067386920847,95.3067386920847
804,"UKR","Ukraine",16.830393346791,21.4160127991751,24.4898744171192,25.6166949825008,25.8207532051721,25.8207532051725,25.8207532051732,25.8207532051745,25.8207532051733,25.820753205174,25.8862403936985,25.8862403936986,25.8846898026351,25.8846898026374,25.8846898026388,25.884689802637,25.8846898026379,25.8846898026416,25.9009030914396,26.0298125910508,26.0298125910506,26.0298125910508,26.0298125910198,26.0298125910193,26.0298125910186,26.0298125910187
784,"ARE","United Arab Emirates",0,0,0.301329851351014,0.301329851351014,0.633030357954065,0.633030357954065,0.633030357954071,2.30653783430962,2.30653783430962,2.30653783430962,2.31858507694439,2.31858507694439,2.31858507694439,2.67300021854632,2.67300021854632,2.67300021854632,4.33396385634482,4.33396385634483,4.33689278448222,4.56943462087987,72.3235062699641,72.3235062699641,90.3981203263865,90.3981203263865,90.3981203263865,90.3981203263865
826,"GBR","United Kingdom",97.7504085817365,97.75040858174,97.7504085817324,97.7640774126018,97.7640774126088,97.7640774126094,97.7640774126123,97.7965794305265,97.7965794305188,97.7965794305177,97.8034808188171,97.8163187343841,97.8037649195253,97.8037649195277,97.8710743775376,97.8710743775376,97.8710743775353,97.8710743779471,97.8710743779476,97.8710743779471,97.9012868577676,97.9012868577676,97.9012868577688,97.9012868577682,97.9012868577671,97.9012868577894
840,"USA","United States of America",57.7873817061804,57.8865987137436,58.121867107126,58.3086829189708,58.5306378817461,58.7178910713691,59.0889053952894,59.2542101368871,59.3871078813229,59.4623086757541,59.6032998599935,59.7055271464012,60.1248776621224,60.2661399649841,60.5952284484276,60.7947896445371,61.2455878581018,61.3466538180647,61.4108689765794,61.605019322483,61.62356194775,61.6242815770771,61.6242815770788,61.6242815770776,61.6242815770759,61.6242815770753
858,"URY","Uruguay",13.8748574865265,13.8748574865265,13.8748574865265,13.8748574865265,13.8748574865265,13.8748574865265,13.8748574865265,13.8748574865264,13.8748574865264,13.8748574865264,14.4913334827666,14.4913334827667,14.4913334827668,14.4913334827668,14.6388204475622,15.5714102885559,16.6491631195295,16.6491631225294,16.6491631225294,16.6866084817748,17.3480911167831,19.2934507034708,19.2934507034708,19.2934507034708,19.2934507034708,20.1468973053309
860,"UZB","Uzbekistan",22.9832495061755,22.9832495061777,22.9832495061873,22.9832495061851,22.9832495061855,22.9832495061844,22.9832495061739,23.278105632095,23.2781056320918,23.278105632094,23.2781056320984,23.2781056320985,23.2781056320995,23.2781056320908,34.9771241801394,34.9771241801435,34.9771241801438,34.9771241801373,34.9771241801351,34.9771241801344,34.9771241801315,34.9771241801318,34.9771241801317,34.9771241801318,34.9771241801325,34.9771241801325
548,"VUT","Vanuatu",22.6838243802495,24.1268149870462,24.1268149870462,24.1268149870462,24.1268149870462,24.1268149870462,24.1268149870462,24.1418896096088,24.1418896096088,24.1418896096088,24.1418896096088,24.1418896096088,24.1418896096088,24.1418896096088,24.1418896096088,24.1418896096088,24.1418896096088,24.1418896096088,24.1418896096088,24.1418896096088,24.1418896096088,24.1418896096088,24.1418896096088,24.1418896096088,24.1418896096088,24.1418896096088
862,"VEN","Venezuela",100,100,100,100,100,100,100,100,100,100,100,100,100,100,100,100,100,100,100,100,100,100,100,100,100,100
704,"VNM","Viet Nam",2.73733140856946,3.87793550811579,4.22531917901279,4.42922135862261,6.60092319514871,7.22829487023653,7.26564828664535,11.137849024272,15.6616105044935,18.8295195749611,20.4002952982208,20.6975154351804,21.0793104877885,21.1660768022122,21.166076802098,21.5215379525489,21.526965835174,21.7234000678347,22.3259031901825,26.1548417887141,27.9928311202346,28.0033080036184,28.0033080036106,28.0033080036113,28.0033080036224,28.0033080036237
876,"WLF","Wallis and Futuna Islands",1.12637327911456,1.12637327911456,1.12637327911456,1.12637327911456,1.12637327911456,1.12637327911456,1.12637327911456,1.12637327911456,1.12637327911456,1.12637327911456,1.12637327911456,1.12637327911456,1.12637327911456,1.12637327911456,1.12637327911456,1.12637327911456,1.12637327911456,1.12637327911456,1.12637327911456,1.12637327911456,1.12637327911456,1.12637327911456,1.12637327911456,1.12637327911456,1.12637327911456,1.12637327911456
732,"ESH","Western Sahara",30.4054937758404,30.4054937758372,30.4054937758441,30.4054937758446,30.4054937758442,30.4054937758438,30.4054937758455,30.4054937758419,30.4054937758464,30.4054937758449,30.405493775843,30.4054937758433,30.4080665333662,30.4080665333684,30.4080665333699,30.4080665333706,30.4080665333695,30.4080665340978,30.4080665340974,30.4080665340978,30.4080665340972,30.4080665340961,30.4080665340956,30.4080665340949,30.4080665340947,30.4080665340946
887,"YEM","Yemen",0,0,2.99461900985956,2.99461900985956,2.99461900985956,2.99461900985956,2.99461900985956,2.99461900985956,2.99461900985956,2.99461900985956,2.99461900985956,2.99461900985956,2.99461900985956,2.99725145120625,2.99725145120625,2.99725145120625,2.99725145120625,2.99725145120625,2.99725145120625,2.99725145120625,2.99725145120625,2.99725145120625,2.99725145120625,2.99725145120625,2.99725145120625,2.99725145120625
894,"ZMB","Zambia",100,100,100,100,100,100,100,100,100,100,100,100,100,100,100,100,100,100,100,100,100,100,100,100,100,100
716,"ZWE","Zimbabwe",98.0551033284582,98.0551033284588,98.0551033284588,98.0551033284588,98.0551033284576,98.0551033284571,98.0551033284571,98.0551033284541,99.05308281775,99.05308281775,99.0530828177494,99.0530828177494,99.0530828177494,99.0530828177488,99.0530828177488,99.0530828177488,99.0530828177482,99.0530828063559,99.0530828063559,99.0530828063577,99.0530828063577,99.0530828063571,99.0530828063571,99.0530828063571,99.0530828063571,99.0530828063571
