"code","iso","country","TBN.ind.1995","TBN.ind.1996","TBN.ind.1997","TBN.ind.1998","TBN.ind.1999","TBN.ind.2000","TBN.ind.2001","TBN.ind.2002","TBN.ind.2003","TBN.ind.2004","TBN.ind.2005","TBN.ind.2006","TBN.ind.2007","TBN.ind.2008","TBN.ind.2009","TBN.ind.2010","TBN.ind.2011","TBN.ind.2012","TBN.ind.2013","TBN.ind.2014","TBN.ind.2015","TBN.ind.2016","TBN.ind.2017","TBN.ind.2018","TBN.ind.2019","TBN.ind.2020"
4,"AFG","Afghanistan",0.0684188685553988,0.0684188685553988,0.0684188685553988,0.0684188685553988,0.0684188685553988,0.0684188685553988,0.0684188685553988,0.0684188685553988,0.0684188685553988,0.0684188685553988,0.0684188685553988,0.0684188685553988,0.0684188685553988,0.0684188685553988,0.0684188685553988,0.613934977764912,0.613934977764912,0.613934977764912,0.613934977764912,0.613934977764912,0.613934977764912,0.613934977764912,0.613934977764912,0.613934977764912,0.613934977764912,0.613934977764912
8,"ALB","Albania",5.8332700782555,7.75877377767559,20.1822133461431,20.9185984833649,20.9185984833649,31.5619393188459,31.5619393188459,31.5619393188459,31.6541643053649,32.9675395650751,36.9829329826513,46.8830454203304,57.7699738789972,65.5709727546318,79.5226219057388,79.5226219057388,81.1354237884494,83.7025220486335,89.0441073165759,91.2458224648053,91.2458224648053,91.2458224648053,91.2458224648053,91.2458224648053,100,100
12,"DZA","Algeria",37.1198622403078,37.1198622403078,37.1198622403078,37.1198622403078,37.1198622403078,37.1667632823816,37.1667632823816,41.7346985642527,41.7346985642527,42.7796804384049,43.1278292308277,43.1278292308277,43.1278292308277,43.1278292308277,43.1278292308277,43.1803338035356,43.1803338035356,43.2033334369425,43.2033334369425,43.2033334369425,43.2033334369425,43.2033334369425,43.2033334369425,43.2033334369425,43.2033334369425,43.2033334369425
20,"AND","Andorra",13.6631449916824,13.6631449916824,13.6631449916824,13.6631449916824,13.6631449916824,13.6631449916824,87.3048824243323,87.3048824243323,87.3048824243323,100,100,100,100,100,100,100,100,100,100,100,100,100,100,100,100,100
24,"AGO","Angola",34.1073129114031,34.1073129114031,34.1073129114031,34.1073129114031,34.1073129114031,34.1073129114031,34.1073129114031,34.1073129114031,34.1073129114031,34.1073129114031,34.1073129114031,34.1073129114031,34.1073129114031,34.1073129114031,34.1073129114031,34.1073129114031,34.1073129114031,34.1073129114031,34.1073129114031,34.1073129114031,34.1073129114031,34.1073129114031,34.1073129114031,34.1073129114031,34.1073129114031,34.1073129114031
660,"AIA","Anguilla",2.61164324957451,2.61164324957451,2.61164324957451,2.61164324957451,2.61164324957451,2.61164324957451,2.61164324957451,2.61164324957451,2.61164324957451,2.61164324957451,2.61164324957451,2.61164324957451,2.61164324957451,2.66599375434406,2.66599375434406,2.66599375434406,2.66599375434406,2.66599375434406,2.66599375434406,2.66599375434406,2.66599375434406,2.66599375434406,2.66599375434406,2.66599375434406,2.66599375434406,2.66599375434406
28,"ATG","Antigua and Barbuda",31.4386240836922,31.4386240836922,31.4386240836922,31.4386240836922,31.4386240836922,31.4386240836922,31.4386240836922,31.4386240836922,31.4386240836922,31.4386240836922,31.4386240836922,88.9610648607012,88.9610648607012,88.9610648607012,90.2655798877159,90.2655798877159,90.2655798877159,90.2655798877159,90.2655798877159,90.2655798877159,90.2655798877159,90.2655798877159,90.2655798877159,90.2655798877159,90.2655798877159,90.2655798877159
32,"ARG","Argentina",27.2148754457658,27.7711273342746,28.2648993869922,29.5744307219344,29.7368516490372,31.9289559737499,33.7097182744472,34.9237015733036,35.3317210968938,36.8804020463775,38.3183472461498,39.117853383674,39.6030230415128,39.6309685988739,39.8484130956229,39.9469353111773,39.9944790077233,40.0215646513882,40.1841412721001,40.2412318845919,40.5252109898616,41.2487778767043,41.253284221488,41.4582242524432,41.6811900382919,41.6811900382919
51,"ARM","Armenia",99.9332769589535,99.9332769589535,99.9332769589535,99.9332769589535,99.9332769589535,99.9332769589535,99.9332769589535,99.9959379592882,99.9959379592882,99.9959379592882,99.9959379592882,99.9959379592882,99.9959379592882,99.9959379592882,99.9959379592882,99.9959379592882,99.9959379592882,99.9959379592882,99.9959379592882,99.9959379592882,99.9959379592882,99.9959379592882,99.9959379592882,99.9959379592882,99.9959379592882,99.9959379592882
533,"ABW","Aruba",2.03529279045422,2.03529279045422,2.03529279045422,2.03529279045422,2.03529279045422,2.03529279045422,58.9648621200676,58.9648621200676,58.9648621200676,58.9648621200676,58.9648621200676,58.9648621200676,58.9648621200676,58.9648621200676,58.9648621200676,58.9648621200676,58.9648621200676,58.9648621200676,58.9648621200676,58.9648621200676,58.9648621200676,58.9648621200676,58.9648621200676,58.9648621200676,58.9648621200676,58.9648621200676
36,"AUS","Australia",33.1387241054435,33.3417920087107,33.9538832846451,34.2042302403454,34.5804844594747,35.8358278153612,38.701644529816,38.9593621774712,47.9066442857089,48.7005948054165,49.4231479610464,50.5327360199741,51.8509523353962,57.0180126216542,58.2706784486884,62.2709552622518,64.2082121581712,69.0997825164071,74.9779909024653,79.8338634686788,81.6409292405365,83.78637649033,87.9279291594447,88.6533036477971,89.0005656168959,89.0005656168959
40,"AUT","Austria",84.3523847808147,85.2928299882035,89.2551468032471,90.7917037886994,96.66929949972,98.03649106428,98.47558658711,100,100,100,100,100,100,100,100,100,100,100,100,100,100,100,100,100,100,100
31,"AZE","Azerbaijan",28.6102036134172,28.6102036134172,28.6102036134172,28.6102036134172,28.6102036134172,28.6102036134172,28.6102036134172,31.8456196646523,31.8456196646523,38.7774257597206,42.5671302121716,42.7246154399057,49.0261827926861,49.0261827926861,50.5545861293278,50.5864497986184,50.5864497986184,50.5864497986184,50.5864497986184,50.5864497986184,50.5864497986184,50.5864497986184,50.5864497986184,50.5864497986184,50.7402113677622,50.7402113677622
44,"BHS","Bahamas",4.488359646674,4.488359646674,4.488359646674,37.3991796343758,37.3991796343758,37.3991796343758,37.3991796343758,37.3991796343758,49.9386319425405,49.9386319425405,49.9386319425405,49.9386319425405,49.9386319425405,49.9386319425405,49.9386319425405,49.9430850083608,49.9430850083608,49.9430850083608,99.9993894777135,99.9993894777135,99.9993894777135,99.9993894777135,99.9993894777135,99.9993894777135,99.9993894777135,99.9993894777135
48,"BHR","Bahrain",4.75371906009386,4.75371906009386,4.75371906009386,12.0657802003005,12.0657802003005,12.0657802003005,12.0657802003005,12.0657802003005,12.0657802003005,12.0657800663487,12.0657800663487,12.0657800663487,14.6690146123036,14.6690147802346,14.6690147802346,14.6690147802346,14.6690147802346,14.6690147802346,14.6690147802346,14.6690147802346,14.6690147802346,14.6690147802346,14.6690147802346,14.6690147802346,14.6690147802346,14.6690147802346
50,"BGD","Bangladesh",16.0884140170606,16.0884140170606,16.1398420498679,16.1398420498679,16.1398420498679,16.3816009297474,16.7681027389408,16.7695147006144,16.7695147006144,16.7695147006144,16.7853917903504,16.7956308047946,16.8284563896818,16.9155414802272,16.9155414802272,17.3951567676045,18.1375389261093,18.1512666914266,18.1512666913879,18.1752029841555,18.1752029841555,18.1752029841555,18.1752029841555,18.1752029841555,18.1752029841555,18.1752029841555
52,"BRB","Barbados",2.8058042594201,2.8058042594201,2.8058042594201,2.8058042594201,2.8058042594201,2.8058042594201,2.8058042594201,2.8058042594201,2.8058042594201,2.8058042594201,2.8058042594201,2.8058042594201,2.8058042594201,2.8058042594201,2.8058042594201,2.8058042594201,2.8058042594201,2.8058042594201,2.8058042594201,2.8058042594201,2.8058042594201,2.8058042594201,2.8058042594201,2.8058042594201,2.8058042594201,2.8058042594201
112,"BLR","Belarus",39.0057259962993,40.8964153026968,41.2019676363682,41.2019676363682,41.2019676363682,41.4136000867085,41.4136000867085,46.0833899327789,46.4976977022211,46.4976977022211,46.4976977022211,46.6309442728854,46.6309442728854,46.6309442728854,46.6309442728854,46.6309442728854,47.8700444685831,47.8700444685831,49.1433106623854,50.9169478625168,53.1890406493288,54.1394569984781,54.1394569984781,54.1394569984781,54.1394569984781,54.1394569984781
56,"BEL","Belgium",45.4856214663729,45.5439158235991,51.0066066859059,55.8774172500699,58.3919678709529,59.1784651677159,62.5734285802776,92.7319580362247,100,100,100,100,100,100,100,100,100,100,100,100,100,100,100,100,100,100
84,"BLZ","Belize",95.1158754582512,95.1158754582512,96.63920366921,96.63920366921,97.6657834866241,97.6657834866241,97.6657834866353,98.5410432290677,98.6832807574347,98.6832807574041,98.6832807574041,98.6896105781388,98.6896991481323,98.7994830136971,98.7994830136971,98.7996434326547,98.9701360591306,98.9701360591306,99.3427384302024,99.3488283501965,99.3488283501965,99.3488283501965,99.3488283501965,99.3488283501965,99.3488283501965,99.3488283501965
204,"BEN","Benin",98.8576161460941,98.8576161460941,98.8576161460941,98.8576161460941,98.8576161460941,98.8576161460941,100,100,100,100,100,100,100,100,100,100,100,100,100,100,100,100,100,100,100,100
60,"BMU","Bermuda",9.92154143281265,9.92154143281265,9.92154143281265,9.92154143281265,9.92154143281265,13.3265026221789,13.3265026221789,13.3265026221789,13.3265026221789,13.3265026221789,13.3265026221789,13.3265026221789,13.3265026221789,13.3265026221789,13.3265026221789,13.3265026221789,13.3265026221789,13.3265026221789,13.3265026221789,13.3265026221789,13.3265026221789,13.3265026221789,13.3265026221789,13.3265026221789,13.3265026221789,13.3265026221789
64,"BTN","Bhutan",78.2740770501265,91.6759247029971,91.6759247029971,91.6759247029971,95.9226205313353,100,100,100,100,100,100,100,100,100,100,100,100,100,100,100,100,100,100,100,100,100
68,"BOL","Bolivia",59.4562743131341,75.164469529417,75.2047961811406,88.2170690301571,90.3500320787765,90.3516574588141,91.7274243902283,91.8031165619312,97.0408664971282,97.0408664971282,97.0412531629676,97.04125316297,97.0800270008388,97.1203779645559,97.1203779645559,97.1203779645559,97.1203779645559,97.1203779645559,97.1203779645559,97.1203779645559,97.1203779645559,97.1203779645559,97.1203779645559,97.1203779645559,97.1203779645559,97.1203779645559
70,"BIH","Bosnia and Herzegovina",2.28265133964967,2.28265133964967,2.28265133964967,2.28265133964967,2.28265133964967,2.28265133964967,2.28265133964967,2.28265133964967,2.28265133964967,2.28265133964967,2.28265133964967,2.28265133964967,2.28265133964967,2.62496921232476,7.91652676663629,7.91652676663629,7.91652676663629,8.08159888515371,8.08820301469276,8.09320456788641,8.09320456788641,8.09768200622447,8.09768200622447,8.09768200622447,8.09768200622447,8.09768200622447
72,"BWA","Botswana",93.8487686935188,93.8487686935188,100,100,100,100,100,100,100,100,100,100,100,100,100,100,100,100,100,100,100,100,100,100,100,100
76,"BRA","Brazil",50.3455072102937,53.127173845401,55.8560043138603,62.2709273277341,70.3675472614659,76.3178857495482,77.7353900488977,80.2750253077441,82.0343486407565,82.13549892741,82.4672609560623,82.9407460935729,85.8182156312588,85.9085181415806,86.1712439192465,86.3344568560376,86.4189871349741,86.4287035952482,86.4437701677741,86.4465722646035,86.4735602282012,86.5504842727806,86.5564252309506,86.5665899139453,87.2898056422965,87.2900402341506
92,"VGB","British Virgin Islands",9.69203437624753,12.5694271630909,12.5694271630909,12.5694271630909,13.3263908776708,55.9860509360542,55.9860509360542,55.9860509360542,55.9860509360542,56.4094020859064,56.4094020859064,56.4094020859064,56.4094020859064,56.4094020859064,56.5497152733242,56.5497152733242,56.5497152733242,56.5497152733242,56.5497152733242,56.5497152733242,56.5497152733242,56.5497152733242,56.5497152733242,56.5497152733242,56.5497152733242,56.5497152733242
96,"BRN","Brunei Darussalam",100,100,100,100,100,100,100,100,100,100,100,100,100,100,100,100,100,100,100,100,100,100,100,100,100,100
100,"BGR","Bulgaria",19.7090362348965,25.2334878081748,25.252572594131,25.2725055844651,25.2725055844651,25.2811614082962,26.4491333472092,27.0032906809854,85.3837319953629,85.49592156282,85.5047412580859,85.5792702550277,85.6451583477477,100,100,100,100,100,100,100,100,100,100,100,100,100
854,"BFA","Burkina Faso",80.5550378007976,80.5550378007976,81.5062009385212,81.5062009385212,81.5062009385212,81.5062009385212,81.5062009385212,81.5062009385212,81.5062009385212,83.8437316948806,83.8437316948806,83.8437316948806,83.8437316948806,83.89368110131,83.89368110131,86.3118096351888,86.3118096351888,86.3118096351888,86.3118096351888,86.3118096351888,86.3118096351888,86.3118096351888,86.8121023142553,87.1920512681106,87.1920512681106,87.1920512681106
108,"BDI","Burundi",33.3462927079357,33.3462927079357,33.3462927079357,33.3462927079357,33.3462927079357,33.3462927079357,35.0971286573851,35.0971286573851,35.8907049357892,35.8907049357892,35.8907049357892,35.8907049357892,35.8907049357892,35.8907049357892,35.8907049357892,35.8907049357892,35.8907049357892,35.9288046916469,35.9288046916469,46.6518003632118,46.6518003632118,46.6518003632118,46.6518003632118,46.6518003632118,46.6518003632118,46.6518003632118
132,"CPV","Cabo Verde",14.6428440988081,14.6428440988081,14.6428440988081,14.6428440988081,14.6428440988081,14.6428440988081,14.6428440988081,14.6428440988081,14.6428440988081,14.6428440988081,14.6428440988081,16.6283828943901,16.6283828943901,16.6283828943901,16.6283828943901,16.6283828943901,16.6283828943901,16.6283828943901,16.6283828943901,16.8781569453545,16.8781569453545,16.8781569453545,16.8781569453545,16.8781569453545,16.8781569453545,16.8781569453545
116,"KHM","Cambodia",91.86471177569,91.8647117756724,91.8647117756724,91.9421074931235,91.9421074931235,100,100,100,100,100,100,100,100,100,100,100,100,100,100,100,100,100,100,100,100,100
120,"CMR","Cameroon",20.685865076749,20.685865076749,21.5311094735522,21.5311094735522,21.5311094735522,21.5311094735522,26.9898675427504,29.7325013333491,29.7325013333491,29.7325013333491,30.9725366123066,34.9588673170652,34.9640789841762,42.1728323071456,43.2000401913454,43.9406265588132,44.8919719885439,44.8919719885439,52.0954012929457,52.9705339993119,55.0689475420173,56.3224768170867,56.3224768170867,56.3224768170867,57.5258944764757,57.5258944764757
124,"CAN","Canada",34.8393100613255,36.7504212097589,37.8254023010673,38.5308416926687,40.3094111854404,41.6629916878539,42.1984356169061,43.5723561188244,43.7944786977838,47.2372625770532,47.8292463913284,49.4011384297511,49.8080685875942,50.7490147838011,52.4047212921208,54.0271010710433,54.4511213008462,55.7379310814283,56.7461949128411,58.8176132905886,58.9385698758947,60.3410103588035,60.6990221914353,60.8103781578229,62.60071440753,62.7818730080365
136,"CYM","Cayman Islands",44.2777352694149,45.4303072410152,45.4303072410152,51.2691198510779,51.2691198510779,51.2691198510779,51.2691198510779,51.2691198510779,51.2691198510779,51.2691198510779,51.4940138979408,51.4940138979408,51.4940138979408,51.4940138979408,51.4940138979408,51.4940138979408,53.3345863320065,53.3427927103886,53.3646162889028,54.0631998114443,54.1540359066438,54.1540359066438,54.1540359066438,54.1540359066438,54.1540359066438,54.1540359066438
140,"CAF","Central African Republic",97.0122203088853,97.0122203088853,97.0122203088853,97.0122203088853,97.0122203089824,97.0122203089824,97.0122203089824,97.0122203089824,97.0122203089824,97.0122203089824,97.0122203089824,97.0216546707329,97.0216546707329,97.0216546707329,97.0216546707329,97.0216546707329,97.0216546707329,97.0216546706659,97.0216546706659,97.0216546706659,97.0216546706659,97.0216546706659,97.0216546706659,97.0216546706659,97.0216546706659,97.0216546706659
148,"TCD","Chad",67.3074399128888,67.3074399128888,67.3074399128888,67.3074399128888,67.3074399128888,67.3074399128888,67.3074399128888,68.0866696223306,68.0866696223306,68.0866696223306,68.0866696223306,68.0866696223288,68.0866696223282,68.0866696223282,68.0866696223288,68.0866696223288,68.0866696223288,68.0866696223288,68.0866696223288,68.0866696223288,68.0866696223288,68.0866696223288,68.0866696223288,68.0866696223288,68.0866696223288,68.0866696223288
152,"CHL","Chile",55.8280475096976,57.9486703557845,58.6325271520518,58.6325271520518,58.6351345844586,58.6351345844586,58.6355386450397,58.6355386450397,58.6355386450397,58.6355386450294,58.7635375268092,58.8100647469879,58.8369194059806,58.8369194059829,58.8369194059853,59.0681607456059,59.34764088478,59.3632665530359,59.3632665530359,59.3763479891647,59.4362725179176,59.7117079059394,59.7117079059535,59.7216178776435,60.7878053911171,61.1762570088212
156,"CHN","China",0.883824150976776,0.883824150976776,0.886839533891506,0.898015336163994,0.898015336163994,1.01269305533119,1.01269305533119,1.01269305533119,1.95342205367668,1.95342205367668,2.16900882986734,2.16900882986734,2.16900882986734,2.16900882986734,2.31111117169092,2.31131575642221,2.31131575642221,2.64087743974179,2.64087743974179,2.7899218482084,2.7899218482084,2.83696040898776,2.83696040898776,2.83696040898776,4.62621930610671,4.62621930610671
170,"COL","Colombia",55.6376207026135,55.6376207026085,55.6399568226774,55.6644489327496,57.0284414477182,57.1079042479314,57.1112476965111,57.1845121702171,62.70942716569,62.7200603652312,62.72330503461,65.4693928215676,66.2507197039141,68.8226516764641,70.3312445862376,77.4428193362188,77.5340760673812,78.25687195972,78.4464159723594,78.862479577387,80.53112328652,81.7661394113647,82.1866358358571,83.3224052682247,83.3224052682247,83.3224052682247
174,"COM","Comoros",0,4.10245298849361,4.10245298849361,4.10245298849361,4.10245298849361,4.10245298849361,4.10245298849361,4.10245298849361,4.10245298849361,4.10245298849361,4.10245298849361,4.10245298849361,59.9893318507835,59.9893318507835,59.9893318507835,59.9893318507835,59.9893318507835,59.9893318507835,59.9893318507835,59.9893318507835,59.9893318507835,59.9893318507835,59.9893318507835,59.9893318507835,59.9893318507835,59.9893318507835
184,"COK","Cook Islands",0.879817720730218,0.879817720730218,4.35075599170331,4.35075599170331,5.43060148132545,5.43060148132545,6.82285412938247,6.82285412938247,6.82285412938247,6.82285412938247,6.82285412938247,6.82285412938247,6.82285412938247,6.82285412938247,6.82285412938247,6.82285412938247,6.82285412938247,6.82285412938247,6.82285412938247,6.82285412938247,6.82285412938247,6.82285412938247,6.82285412938247,6.82285411043082,6.82285411043082,6.82285411043082
188,"CRI","Costa Rica",98.3392392492724,98.3909732323359,98.3909732323129,98.3909732323124,98.43609930252,98.4360993024912,98.4360993024782,98.8347406003682,98.8347406003682,98.8347406003423,98.8347406003423,98.8347406003682,98.8347406003682,98.83474060037,98.83474060037,98.9617754784035,98.9617754784029,98.9617754784029,98.9617754784029,98.9910156341794,98.9910156342059,98.9910156342059,98.9910156342059,98.9910156342059,98.9910156342059,98.9910156342059
384,"CIV","Cote d'Ivoire",99.8727405978553,99.8727405978553,99.8727405978553,99.8727405978553,99.8727405978553,99.8727405978553,99.8727405978553,99.8727405978553,99.8727405978553,99.8727405978553,99.8727405978553,99.9625363756888,99.9625363756888,99.9625363756888,99.9625363756888,99.9625363756888,99.9625363756888,99.9625363756888,99.9625363756888,99.9625363756888,99.9625363756888,99.9625363756888,99.9625363756888,99.9625363756888,99.9625363756888,99.9625363756888
191,"HRV","Croatia",47.208072459171,48.9644213323292,49.0110842001591,49.0204057506296,49.3522573880697,58.4492265167194,58.5151487528408,60.0592478619159,60.0692349045429,60.4862460259106,60.4862460259106,60.4862460259106,62.0320405756747,62.0320405756747,62.0320405756753,62.0320405756753,62.0598188934753,71.0272780497,71.0272780497,100,100,100,100,100,100,100
192,"CUB","Cuba",0,0,0,0,0,0,0,34.479404375257,42.6318634969664,42.6318634969664,42.6318634969664,42.6318634969664,42.6318634969664,42.6318634969664,43.7574526190651,43.7574526190651,57.6326725182766,57.6326725182766,58.9174287282771,58.9174287282771,58.9174287282771,58.9174287282771,58.9174287282771,58.9174287282771,58.9174287282771,58.9174287282771
531,"CUW","Curacao",47.2411422166711,47.2411422166711,47.2411422166711,47.2411422166711,47.2411422166711,47.2411422166711,47.2411422166711,47.2411422166711,47.2411422166711,47.2411422166711,47.2411422166711,47.2411422166711,47.2411422166711,47.2411422166711,47.2411422166711,47.2411422166711,47.2411422166711,47.2411422166711,47.2411422166711,76.9545155271365,76.9545155271365,76.9545155271365,76.9545155271365,76.9545155271365,78.79351686099,78.79351686099
196,"CYP","Cyprus",6.90777915035088,6.90777915035088,6.98837064879,6.98837064879,7.04507735311635,7.04507735311635,9.89699982025494,10.8215335422718,10.8215335422718,12.1846170390107,43.7346981674146,66.2448097734165,66.4716314089265,92.5738783202977,99.2326466658806,100,100,100,100,100,100,100,100,100,100,100
203,"CZE","Czech Republic",84.5788646805388,84.6608159367806,84.7302149533923,84.8062756312829,84.9915155423735,85.5516297522771,85.5988288203682,85.6293455291659,85.68151719084,85.6820984048465,98.8991662212171,100,100,100,100,100,100,100,100,100,100,100,100,100,100,100
180,"COD","Dem. Rep. Congo",57.4842852553748,57.4842852553748,57.6540510444912,57.6540510444912,57.6540510444912,57.6540510444912,57.6540510444912,57.6540510444912,57.6540510444912,57.6540510444912,57.6540510444912,57.6540510444912,59.5542737461418,59.5542737461418,73.1734328531882,73.1734328531882,73.1734328531882,73.1734329058371,73.4355898106171,73.4355898106171,73.4355898106171,73.4355898106171,75.6945119203188,80.5806002904947,80.5806002904947,80.5806002904947
208,"DNK","Denmark",78.4118020651777,78.4557149327976,78.5497781078629,78.5498248712194,83.5240848121082,83.5243998271071,83.5428992613653,83.8966980584677,84.54304525158,84.5720130061335,84.6963202640806,84.7317911099112,84.7399199473847,84.8903172050735,84.9062501048553,85.2095519749753,85.2557197862647,85.2586882267424,85.2719987900818,85.2940088367553,85.3059196906841,85.3059196906841,85.3824441228382,85.4025555511235,85.9496020531924,85.9496020531924
262,"DJI","Djibouti",0,0,0,0,0,0,0,0,0.448903443799805,0.448903443799805,0.448903443799805,0.448903443799805,0.448903443799805,0.448903443799805,0.448903443799805,0.448903443799805,0.448903443799805,0.448903443799805,0.448903443799805,7.807073053711,7.807073053711,7.807073053711,7.807073053711,7.807073053711,7.807073053711,7.807073053711
212,"DMA","Dominica",80.1704988313918,80.1704988313918,80.1704988313918,80.1704988313918,80.1704988313918,80.1704988313918,80.1971087085212,80.1971087085212,80.1971087085212,80.1971087085212,80.1971087085212,80.1971087085212,80.1971087085212,80.1971087085212,80.1971087085212,80.1971087085212,80.1971087085212,80.1971087085212,80.1971087085212,80.1971087085212,80.1971087085212,80.1971087085212,80.1971087085212,80.1971087085212,80.1971087085212,80.1971087085212
214,"DOM","Dominican Republic",30.2400010802176,30.2400010802176,30.2400010802176,30.2400010802176,30.2400010802176,30.2400010802176,30.2400010802176,30.2400010802176,31.4058330379065,31.4058330379065,70.8736465416782,70.8736465416782,70.8736465416782,70.8736465416782,70.8736465416782,81.1635919338782,81.1635919338782,84.1301222865035,84.1301222865035,87.4478192224277,91.5127091075018,91.5127091074818,91.54328233206,91.54328233206,91.54328233206,91.54328233206
218,"ECU","Ecuador",37.9134874300127,37.9134874300127,52.6681735585565,52.6681735585565,52.6754639827431,66.2133484332047,66.8746003901388,67.2145833387176,67.88588843437,68.4700350398688,77.4749226415947,77.4749226415947,77.6767477406471,77.6767477406471,77.6814219763594,77.6814219763594,86.0906335483888,86.2086053948606,87.4004200193106,87.4004200193106,89.326989684877,89.326989684873,89.3761698111776,91.021458861473,91.0214588614741,91.0214588614741
818,"EGY","Egypt",2.27718067704085,16.6531694344174,33.6324959569822,33.6324959569822,35.6517177667589,35.6855333697494,35.6855333697494,35.6855333697494,42.0505147505489,44.8933688027842,44.8933688027842,44.8933688027842,44.8933688031178,75.3402773256088,75.3402773256088,75.3402773256088,75.4121759539041,75.4121759539041,75.4210144050659,75.4210144050659,75.4210144050659,75.4210144050659,75.4210144050659,75.4210144050659,75.4210144050659,75.4210144050659
222,"SLV","El Salvador",0,0,0,0.458999967166171,0.458999967166171,0.664176722789424,0.664176722789424,0.664176722789424,0.664176722789424,0.664176722789424,0.664176722789424,21.8892964206789,21.8892964206789,22.7500626604589,24.5711051006501,25.2232975169453,32.2968820021075,39.8593894925717,39.8593894925717,39.8593894925717,41.3157561753319,41.3157561753319,41.3157561753319,41.3157561753319,41.3157561753319,41.3157561753319
226,"GNQ","Equatorial Guinea",42.2209832814198,42.2209832814198,42.2209832814198,42.2209832814198,42.2209832814198,42.2209832814198,100,100,100,100,100,100,100,100,100,100,100,100,100,100,100,100,100,100,100,100
232,"ERI","Eritrea",28.8727637029304,28.8727637029304,28.8727637029304,28.8727637029304,28.8727637029304,28.8727637029304,28.8727637029304,28.8727637029304,28.8727637029304,28.8727637029304,28.8727637029304,28.8727637029304,28.8727637029304,28.8727637029304,28.8727637029304,28.8727637029304,28.8727637029304,28.8727637029304,28.8727637029304,28.8727637029304,28.8727637029304,28.8727637029304,28.8727637029304,28.8727637029304,28.8727637029304,28.8727637029304
233,"EST","Estonia",3.72855787434409,3.72855787434409,3.72855787434409,22.5870878507285,22.5870878507285,22.789892119817,22.7992866600736,22.9979935790916,22.9979935790916,24.8669370083942,100,100,100,100,100,100,100,100,100,100,100,100,100,100,100,100
748,"SWZ","Eswatini",23.4846677396441,23.4846677396441,23.4846677396441,23.4846677396441,23.4846677396441,23.4846677396441,23.4846677396441,23.4846677396441,23.4846677396441,23.4846677396441,23.4846677396441,23.4846677396441,23.4846677396441,23.4846677396441,23.4846677396441,23.4846677396441,23.4846677396441,23.4846677396441,23.4846677396441,23.8871464386438,23.8871464386438,24.6530124135372,24.6530124135372,24.6530124135372,24.6530124135372,24.6530124135372
231,"ETH","Ethiopia",82.0763575786918,82.0763575786918,82.0763575786918,82.0763575786918,82.0763575786918,82.0763575786918,82.0763575786918,82.0763575786918,82.0763575786918,82.0763575786918,82.0763575786918,82.0763575786918,82.7411289325824,82.7637458280324,82.7637458280324,82.7637458280324,82.7637458280324,82.76374582803,82.76374582803,82.76374582803,82.76374582803,82.76374582803,82.76374582803,82.76374582803,82.76374582803,82.76374582803
234,"FRO","Faeroe Islands",0,0,0,0,0,0,0,0,0,0,0,0,0,0,0,0,0,0,12.8383344248273,12.8383344248273,12.8383344248273,12.8383344248273,12.8383344248273,12.8383344248273,12.8383344248273,12.8383344248273
238,"FLK","Falkland Islands",2.62882083150025,2.62882083150025,2.62882083150025,2.62882083150025,2.62882083150025,2.62882083150025,2.62882083150025,3.15238287237765,3.15238287237765,3.15238287237765,3.15238287237765,3.15238287237765,3.15238287237765,3.15238287237765,3.15238287237765,3.15238287237765,3.15238287237765,3.15238287237765,3.15238287237765,3.15238287237765,3.15238287237765,3.15238287237765,3.15238287237765,3.15238287237765,3.15238287237765,3.15238287237765
242,"FJI","Fiji",7.18616811097271,7.18616811097271,7.18616811097271,7.63986289716612,7.63986289716612,7.63986289716612,7.67628783117671,7.67628783117671,7.67628783117671,7.67628783117671,7.91716888012865,7.91716888012865,14.3578423404871,14.3578423404871,14.3578423404871,14.3578423404871,14.3578423404871,14.3578423404871,14.3578423404871,14.3578423404871,14.3578423404871,14.3578423404871,14.3578423404871,14.3578423404871,14.3578423404871,14.3578423404871
246,"FIN","Finland",46.5694497894958,46.6240816320558,46.6833405966478,46.7796386907197,69.5045122509076,69.531112650107,69.5752912564112,69.6226819056841,70.3904919736294,70.4350584238271,71.0510293186547,71.1806759829641,71.2214903285377,71.27841465876,71.3446368074053,71.3951402452429,71.4671841889677,71.5495814035865,71.6604102322588,71.7640218924182,71.9550693397482,71.9757220868212,72.0084506160882,72.7495783595529,72.7594804016747,72.7594804016747
250,"FRA","France",53.2025395575621,56.9425762014538,60.1403621775806,60.59943056553,68.2327726920977,74.1123003897341,74.1375539453406,84.5612588734965,90.3531831229559,93.1461569347094,94.58814732184,94.5921694340147,94.60326493916,98.7658522357476,99.9689576577124,99.9689576577124,99.9689576577124,99.9689576577124,99.9689576577124,99.9689576577124,99.9689576577124,99.9690742239971,99.9690742239971,99.9690742239971,99.9690742239971,99.9690742239971
258,"PYF","French Polynesia",5.30397967507402,5.30397967507402,5.30397967507402,5.30397967507402,5.30397967507402,5.30397967507402,5.30397967507402,5.30397967507402,5.30397967507402,5.30397967507402,5.30397967507402,5.30397967507402,5.30397967507402,5.30397967507402,10.0629183384048,10.0629183384048,10.0629183384048,10.0629183384048,10.0629183384048,10.0629183384048,10.0629183384048,10.0629183384048,10.0629183384048,10.0629183384048,10.0629183384048,10.0629183384048
266,"GAB","Gabon",30.0074031482901,30.0074031482901,30.0074031482901,30.0074031482901,35.2423365674781,35.2423365674781,35.2423365674781,35.2423365674781,85.0995392212359,86.8483255769112,86.8483255769112,86.8483255769112,86.8483255769112,88.7151267434912,88.7151267434912,89.8259991957394,89.8259991957394,89.8259991957394,89.8259991957394,89.8259991957394,89.8259991957394,89.8259991957394,89.8259991957394,89.8682182688077,89.8682182688077,89.8682182688077
270,"GMB","Gambia",9.60359321766229,9.60359321766229,20.3376143246238,20.3376143246238,20.3376143246238,20.3376143246238,20.3376143246238,20.3376143246238,20.3376143246238,23.1785754595084,23.1785754595084,23.1785754595084,23.1785754595084,23.246259301176,23.246259301176,23.246259301176,23.246259301176,23.246259301176,23.246259301176,23.246259301176,23.246259301176,23.246259301176,23.246259301176,23.246259301176,23.246259301176,23.246259301176
268,"GEO","Georgia",9.48400623462629,17.349395998598,18.3715536295183,18.4374187364418,20.7191564500579,20.7191564500579,20.7191564500579,20.7191564500579,20.7191564500579,33.4164399124799,33.4164399124799,33.4164399124799,34.7375972446811,44.9088526057093,44.9088526057093,44.9088526057093,44.9088526057093,46.2228367590939,46.8258505110696,46.9355104402232,53.5797689922661,53.5797689922661,53.6231675825549,53.6231675825549,53.6231675825549,53.6604313297141
276,"DEU","Germany",91.9757139980706,100,100,100,100,100,100,100,100,100,100,100,100,100,100,100,100,100,100,100,100,100,100,100,100,100
288,"GHA","Ghana",78.9496054631635,78.9496054631635,78.9496054631635,78.9496054631635,78.9496054631635,78.9496054631635,78.9496054631635,78.9496054631635,78.9496054631635,78.9496054631635,78.9496054631635,78.9496054631635,78.9496054631635,78.9496054631635,78.9496054631635,78.9496054631635,78.9496054631635,78.9496054631635,78.9496054631635,78.9496054631635,78.9496054631635,78.9496054631635,78.9496054631635,78.9496054631635,78.9496054631635,78.9496054631635
300,"GRC","Greece",55.0256833894751,56.2220433187802,96.9739750498312,100,100,100,100,100,100,100,100,100,100,100,100,100,100,100,100,100,100,100,100,100,100,100
304,"GRL","Greenland",100,100,100,100,100,100,100,100,100,100,100,100,100,100,100,100,100,100,100,100,100,100,100,100,100,100
308,"GRD","Grenada",44.9241251032685,44.9241251032685,46.9891882957552,46.9891882957552,46.9891882957552,46.9891882957552,46.9891882957552,46.9891882957552,46.9891882957552,46.9891882957552,46.9891882957552,46.9891882957552,46.9891882957552,46.9891882957552,46.9891882957552,46.9891882957552,46.9891882957552,46.9891882957552,51.1899085724754,51.1899085724754,51.1899085724754,51.1899085724754,51.1899085724754,51.1899085724754,51.1899085724754,51.1899085724754
320,"GTM","Guatemala",53.9431490581491,71.2601136533312,71.9861975973265,73.9800009937812,74.2190950102241,74.3604469279247,74.4481281796759,74.6207171984671,74.68732023134,74.6970274135194,74.9734799883041,74.9817558679312,75.4495376309229,75.7390298907235,75.7568092787453,76.0022129712171,76.09061695217,76.0959589469641,76.1203276155553,76.1831229501718,76.2788642462041,76.2831251687441,76.3883464260959,76.5837764063788,76.5837764063788,76.5837764063788
831,"GGY","Guernsey",0,0,0,0,0,0,0,0,0,0,0,0,0,0.256265718362363,0.256265718362363,0.256265718362363,0.256265718362363,0.256265718362363,0.256265718362363,0.256265718362363,0.256265718362363,0.256265718362363,0.256265718362363,0.256265718362363,0.256265718362363,0.256265718362363
324,"GIN","Guinea",42.3995780677666,42.3995780677666,42.3995780677666,42.3995780677666,42.3995780677666,42.3995780677666,42.3995780677666,42.3995780677666,94.9575567773123,94.9575567773123,94.9575567773123,99.6610882555141,99.6610882555141,99.6610882555141,99.6610882555141,99.6610882555141,99.6610882555141,99.6610882555141,99.6610882555141,99.6610882555141,99.6610882555141,99.6610882555141,99.6610882555141,99.6610882555141,99.6610882555141,99.6610882555141
624,"GNB","Guinea-Bissau",48.4121927442637,48.4121927442637,48.4121927442637,48.4121927442637,48.4121927442637,48.4121927442637,75.7091908015894,75.7091908015894,75.7091908015894,75.7091908015894,75.7091908015894,75.7091908015894,75.7091908015894,75.7091908015894,75.7091908015894,75.7091908015894,75.7091908015894,75.7091908015894,75.7091908015894,75.7091908015894,88.3428653798118,90.8840697412347,90.8840697412347,90.8840697412347,90.8840697412347,90.8840697412347
328,"GUY","Guyana",1.71133552384663,1.71133552384663,12.1303942831484,12.1303942831484,12.1303942831484,12.1303942831484,12.1303942831484,12.1303942831484,12.1303942831484,12.1303942831484,12.1303942831484,12.1303942831484,12.1303942831484,29.3811146889874,29.3811146889874,29.3811146889874,29.3811146889874,48.9055756121224,48.9055756121224,48.9055756121224,48.9055756121224,48.9055756121224,48.9055756121224,48.9055756121224,48.9055756121224,48.9055756121224
332,"HTI","Haiti",12.2123072881159,12.2123072881159,12.2123072881159,12.2123072881159,12.2123072881159,12.2123072881159,12.2123072881159,12.2123072881159,12.2123072881159,12.2123072881159,12.2123072881159,12.2123072881159,12.2123072881159,12.2123072881159,12.2123072881159,12.2123072881159,12.2123072881159,12.2123072881159,12.2123072881159,12.9674678739902,22.3350389704589,27.3915651011644,27.3915651011644,38.3482254623913,38.3482254623913,38.3482254623913
336,"VAT","Holy See",0,0,0,0,0,0,0,0,0,0,0,0,0,0,0,0,0,0,0,0,0,0,0,0,0,0
340,"HND","Honduras",71.1883219979576,71.1883219979782,71.1883219979782,71.1883219979782,71.1883219979782,72.7275922508788,72.7279294530453,72.7279294530453,72.7279294530453,72.7279294530435,72.7279294530435,74.0207566523429,76.1586576928006,76.1586576928006,76.1586576928006,76.1586576928006,76.1586576928012,76.1586576928012,79.890180406427,79.8901804064306,79.8901804064306,79.9028718427394,79.9185881929265,79.9200944295882,79.9249161877512,79.9249161877512
344,"HKG","Hong Kong",100,100,100,100,100,100,100,100,100,100,100,100,100,100,100,100,100,100,100,100,100,100,100,100,100,100
348,"HUN","Hungary",40.1015427652869,40.1015427652869,43.1575131646699,53.0393350096238,54.4043330150441,54.8949108489103,54.9034995233791,54.9035836894094,57.655680999494,57.6559475705801,100,100,100,100,100,100,100,100,100,100,100,100,100,100,100,100
352,"ISL","Iceland",23.9134501635932,23.9134501635932,23.9480741203223,23.9480741203223,23.9481832632178,23.9638200276479,23.9647746449559,25.0539365973314,25.0559850972819,25.4638254518686,26.931051335246,29.4987468744878,29.5033248352604,29.6614433959218,29.6614433959218,74.2541589289823,74.2541589289823,74.4229635968612,74.4911303952182,75.2645414634329,75.2657306462953,75.2657306462953,75.7503320857271,75.7503320857271,75.7503320857271,75.7503320857271
356,"IND","India",26.4558270717486,26.6748121564221,26.7627264220204,27.0286372487639,27.1303411027907,27.1938908349321,27.2347226996446,27.2347226996446,27.8780862668182,27.8781097872203,27.9474090624077,27.9993863899092,27.9993863899092,28.0073768316595,28.1353240622512,28.1353240622512,28.1353240622512,28.1353240622512,28.1747312093314,28.1747312093314,28.1747312093314,28.1747312093314,28.1747312093314,28.1747312093314,28.1747312093314,28.1747312093314
360,"IDN","Indonesia",62.4927402727018,62.4927402727018,62.4927402727018,65.0562609418565,65.0587727729824,65.0713741502335,65.2536705471476,65.2536882104376,65.5847811199194,65.5854954323324,65.5876882997394,65.5876882997388,66.0192237836818,66.0192237836776,66.0192237836847,66.0251799614682,66.0251799614694,66.2069930435282,66.2070107436771,66.2074764528482,66.2074764528565,66.2074764528906,66.2074764528906,66.2074764528906,66.2074764528924,66.2074764528924
364,"IRN","Iran",31.2754458221238,31.8119860627968,33.0613433179175,33.0627178442735,33.0627178442735,33.0769049435907,33.7707727369056,39.6533202130762,40.7897599760836,40.8750618068476,40.8750618068476,40.8750618068476,40.8750618068476,40.8750618068476,40.8750618068476,40.8750618068476,40.8811800811489,40.8834474997538,40.8834474997538,40.8834474997538,40.8834474997538,40.8834474997538,40.8834474997538,40.8834474997538,40.8834474997538,40.8834474997538
368,"IRQ","Iraq",0,0,0,0,0,0,0,0,0,1.51619966483337,1.51619966483337,1.51619966483337,1.51619966483337,3.33131121015432,3.33131121015432,3.33131121015432,3.33131121015432,3.33131121015432,3.33131121015432,5.17641536606412,8.618608372145,8.618608372145,8.618608372145,8.618608372145,8.618608372145,8.618608372145
372,"IRL","Ireland",1.5989134701234,11.9904206525616,18.3204642039964,39.9551345588747,46.8128004515003,48.6619785907615,48.6994965258434,48.9016753552015,61.1038265695265,65.3066759077159,65.5624629994588,68.865756887027,70.1079765200994,82.7521103172606,82.7521103195918,82.7525519174259,82.7828367056888,82.8920956762512,82.8920956759724,82.8921510733206,82.8921510733206,82.8922228838494,82.8924255002229,82.8924255002229,82.8924255002229,82.8924255002229
833,"IMN","Isle of Man",3.37193955795004,3.37193955795004,6.92822877107418,6.92822877107418,6.92822877107418,6.92822877107418,7.10251505493171,7.52058632665153,7.52058632665153,7.52058632665153,8.16040117465453,10.1423346145868,10.657073510303,10.9624635932062,21.9331223491311,22.5978189288624,22.5978189243611,23.1377022997333,23.2831318679266,23.3234824503871,23.3234824503871,23.3234824503871,23.3234824503871,23.3234824503871,23.3234824371511,23.3234824371511
376,"ISR","Israel",69.4252691464541,69.4281374584371,69.5105808884053,69.5140033121859,69.5140033121859,69.5453585374712,69.6075608770606,69.9661560887488,70.0802410627376,71.1611345424741,71.6796940869106,72.9155333367477,72.9174651796,73.3152975870294,73.5056856409465,74.0161757308706,74.4345421504206,74.6884055621853,74.69689940607,74.8893300019159,75.0942386955882,75.1006801250488,75.3190158580882,75.5838196547441,76.2536784739523,76.8571794725394
380,"ITA","Italy",43.6192961723541,90.5288805661577,93.7473880283382,96.8615718756535,98.7968278757359,99.22623446061,99.2385720236,99.2517710180782,99.5578416389665,100,100,100,100,100,100,100,100,100,100,100,100,100,100,100,100,100
388,"JAM","Jamaica",60.7980371226982,60.7980371226982,60.7980371220653,68.1149854626676,68.197652779757,84.43622036436,84.43622036436,84.43622036436,84.4834423680265,84.4834423680265,84.4834423680265,84.7081292833541,84.7387571115353,84.7387571115353,84.7387571115353,84.7387571084553,84.7387571090888,84.7387571090888,84.7387571090888,84.7387571090888,84.7387571090888,84.7387571090888,84.7387571090888,84.7387571090888,84.7387571090888,84.7387571090888
392,"JPN","Japan",100,100,100,100,100,100,100,100,100,100,100,100,100,100,100,100,100,100,100,100,100,100,100,100,100,100
832,"JEY","Jersey",91.2387127802635,91.2387127802635,91.3502283422647,91.3502283422647,91.3502283422647,91.3502283422647,91.3502283434371,91.3502283434371,91.3502283434371,91.3502283434371,91.3502283434371,91.3502283434371,91.3502283434371,91.6193953574112,91.6193953574112,93.0153668716929,93.0153668716929,93.0159655414459,93.0159655414459,93.0159655414459,93.0159655414459,93.0159655414459,93.0159655414459,93.0159655414459,93.0512683685935,93.0512683685935
400,"JOR","Jordan",4.06677547229539,4.06677547229539,4.06677547229539,4.10604353871168,4.10604353871168,4.10604353871168,4.10604353871168,4.10604353871168,4.10604353871168,4.10604353871168,4.16205139622564,4.16205139622564,4.16205139622564,4.16205139622564,4.16205139622564,4.16205139622564,4.29767987800338,5.19623517890833,5.34270959095415,5.45943804606211,5.45943804606211,5.45943804606211,5.69734549561191,5.69734549561191,13.4325623848671,13.4325623848671
398,"KAZ","Kazakhstan",13.7162514371204,13.7162514371204,14.1536660805085,14.1536660805085,14.1536660805085,14.1536660805085,14.1536660805085,14.1536660805085,14.1536660805085,14.1536660805085,14.1536660805085,14.1536660805085,14.1536660805085,14.1536660805085,14.1536660805085,16.7825999630512,16.7825999630512,16.7825999630512,18.6982184295965,18.6982184295965,18.6982184295965,18.6982184295965,18.6982184295965,18.6982184295965,18.6982184295965,18.6982184295965
404,"KEN","Kenya",66.4496046731365,66.9640842552247,66.9640842552247,66.9640842552247,66.9640842552247,66.990189175703,67.9029641035224,68.1370019404823,68.4538044089053,68.4538044089053,68.8292097802488,68.8691748154594,69.0458463499494,69.0458463499494,69.0495158060441,69.32230837678,69.7502715138453,69.76905554981,69.8803138189041,69.8803138189041,69.8803138189041,69.8803138189041,69.8803138189041,69.8803138189041,69.8803138189041,69.8803138189041
296,"KIR","Kiribati",35.4293845327744,35.4293845327744,35.4293845327744,35.4293845327744,35.4293845327744,100,100,100,100,100,100,100,100,100,100,100,100,100,100,100,100,100,100,100,100,100
689,"XKX","Kosovo",5.05405507193921,5.05405507193921,5.05405507193921,5.05405507193921,5.05405507193921,5.05405507193921,5.05405507193921,5.05405507193921,5.05405507193921,5.05405507193921,5.05405507193921,5.05405507193921,5.05405507193921,5.05405507193921,5.05405507193921,5.05405507193921,5.05405507193921,5.09052273485718,59.9312781697482,59.9312781697482,60.1445142831153,63.2881697453082,63.3157153077529,63.3157153077529,63.3227607631912,63.3227607631912
414,"KWT","Kuwait",11.6302533997318,11.6302533997318,11.6302533997318,17.6965412298794,17.6965412298794,17.6965412298794,17.6965412298794,17.6965412298794,17.7038958846798,17.7038958846798,17.7038958846798,17.7038958846798,17.7038958846798,17.7038958846798,17.7038958846798,17.7038958846798,31.3544917909018,98.0332550350523,98.0332550350523,98.0332550350523,98.0332550350523,98.0332550350523,98.3594335653888,98.3594335653888,98.3594335653888,98.3594335653888
417,"KGZ","Kyrgyzstan",17.4644479731195,19.3702284633074,20.3802063491314,20.3802063491314,20.3802063491314,20.3802063491314,20.3802063491314,20.3802063491314,20.3802063491314,20.3802063491314,20.3802063491314,20.4897947686842,20.4897947686842,20.4897947686842,20.4897947686842,20.4897947686842,20.4897947686842,20.7241297159868,20.7241297159868,20.7241297159868,20.7241297159868,20.7241297159868,20.7241297159868,20.7241297159868,20.7241297159868,20.7241297159868
418,"LAO","Laos",88.7671825684959,88.7671825684959,91.8417447440653,91.8417447440653,91.8417447440653,91.8417447440653,93.6146659804388,93.6146659804388,93.6146659804388,93.6146659804388,93.6146659804388,93.6146659804388,93.6146659804388,93.6146659804388,93.6146659804388,93.6146659804388,93.6146659804388,93.6146659804388,93.6146659804388,93.6146659804388,93.6146659804388,93.6146659804388,93.6146659804388,93.6146659804388,93.6146659804388,93.6146659804388
428,"LVA","Latvia",38.6251760654646,38.8380479781979,38.8380479781979,81.38962810153,81.38962810153,86.8905589259718,86.8905589259718,87.0003460707747,91.3659026901776,91.3881156107194,100,100,100,100,100,100,100,100,100,100,100,100,100,100,100,100
422,"LBN","Lebanon",3.55989838338124,3.84917550949432,10.9423844370678,10.9423844370678,11.0383768760311,13.0602960004049,13.0602960004049,13.0602960004049,13.0602960004049,13.0602960004049,13.0602960004049,13.0602960004049,13.0602960004049,13.0602960004049,13.0602960004049,13.0602960004049,15.0999172533782,15.0999172533782,15.0999172533782,15.0999172533782,15.0999172533782,15.0999172533782,15.0999172533782,15.0999172533782,15.0999172533782,15.0999172533782
426,"LSO","Lesotho",1.32332019989967,1.32332019989967,1.32332019989967,1.32332019989967,1.32332019989967,1.32332019989967,1.32332019989967,1.32332019989967,1.32332019989967,1.32332019989967,1.40686201887338,1.40686201887338,1.40686201887338,1.40686201887338,1.40686201887338,1.40686201887338,1.40686201887338,1.40686201887338,1.40686201887338,1.40686201887338,1.40686201887338,1.40686201887338,1.40686201887338,1.40686201887338,1.40686201887338,1.40686201887338
430,"LBR","Liberia",9.51123182725724,9.51123182725724,9.51123182725724,9.51123182725724,9.51123182725724,9.51123182725724,9.51123182725724,9.51123182725724,9.51123182725724,20.4390258491083,20.4390258491083,20.4390258491083,21.3195310353344,21.3195310353344,21.3195310353344,21.3195310353344,21.3195310353344,21.3195310353344,21.3195310353344,21.3195310353344,21.3195310353344,21.3195310353344,21.3195310353344,21.3195310353344,21.3195310353344,21.3195310353344
434,"LBY","Libya",1.23704718104856,1.23704718104856,1.23704718104856,1.23704718104856,1.23704718104856,1.23704718104856,1.23734810751974,1.23734810751974,1.23734810751974,1.23734810751974,1.23734810751974,1.23734810751974,1.23734810751974,1.23734810751974,1.23734810751974,1.23734810751974,1.23734810751974,1.23734810751974,1.23734810751974,1.23734810751974,1.23734810751974,1.23734810751974,1.23734810751974,1.23734810751974,1.23734810751974,1.23734810751974
438,"LIE","Liechtenstein",74.0265491682447,74.0265491682447,74.0265491682447,74.0265491682447,74.0265491682447,74.0265491682447,77.5539951833135,77.5539951833135,77.5539951833135,77.5539951833135,77.5539951833135,77.5539951833135,77.5539951833135,77.5539951833135,77.5539951833135,77.5539951833135,77.5539951833135,77.5539951833135,77.5539951833135,77.5539951833135,77.5539951833135,77.5539951833135,77.5539951833135,77.5539951833135,77.5539951833135,77.5539951833135
440,"LTU","Lithuania",67.2849277454329,67.2849277454329,67.2849277454329,67.2849277454329,67.8738591422835,67.8738591422835,67.8738591422835,67.8738591422835,68.8836052528629,68.8836052528629,86.3291483105171,96.6402245725865,96.8545622760576,96.8545622760576,96.9230091201482,99.0003383019112,99.0240278662518,99.040604496323,99.0428580132429,99.0428580132441,99.1939608835812,99.1986613560706,99.4130843394429,99.4130843394429,99.4261158945712,99.4261158949735
442,"LUX","Luxembourg",100,100,100,100,100,100,100,100,100,100,100,100,100,100,100,100,100,100,100,100,100,100,100,100,100,100
446,"MAC","Macao",0,0,0,0,0,0,0,0,0,0,0,0,0,0,0,0,0,0,0,0,0,0,0,0,0,0
450,"MDG","Madagascar",13.3736773037092,13.3736773037092,13.3736773037092,17.9699776794739,19.6183066801516,19.6183066801516,19.6183066801516,19.6183066801516,19.6183066801516,26.8073204658642,26.8073204658642,26.9045526264988,26.9112318595644,27.073130429607,27.0790667917404,27.1567770766018,30.722070497535,30.7305113350694,30.881026885071,30.881026885071,30.881026885071,30.9350731770529,30.9350731770529,32.2688255986481,32.2688255986481,32.2688255986481
454,"MWI","Malawi",96.4688833318523,96.4688833318523,99.96211036073,99.96211036073,99.96211036073,99.96211036073,99.96211036073,99.96211036073,99.96211036073,99.96211036073,99.96211036073,99.96211036073,99.96211036073,99.96211036073,99.96211036073,99.96211036073,99.96211036073,99.96211036073,99.96211036073,99.96211036073,99.96211036073,99.96211036073,99.96211036073,99.96211036073,99.96211036073,99.96211036073
458,"MYS","Malaysia",100,100,100,100,100,100,100,100,100,100,100,100,100,100,100,100,100,100,100,100,100,100,100,100,100,100
462,"MDV","Maldives",0,0,0,0,0,0,0,0,0,0,0,0,0.10433907186643,0.10433907186643,0.10433907186643,0.10433907186643,0.10433907186643,0.10433907186643,2.37883498522015,2.37883498522015,2.37883498522015,2.37883498522015,2.37883498522015,2.37883498522015,2.37883498522015,2.37883498522015
466,"MLI","Mali",20.9222258704325,20.9222258704325,20.9222258704325,20.9222258704325,20.9222258704325,20.9222258704325,20.9222258704325,21.1253392028113,21.948309328888,21.948309328888,37.8062939931335,37.8062939931335,38.5303181081762,38.7078750994202,38.7078750994202,38.7078750994202,39.0637651271397,39.1456237503111,39.6363191953648,39.8854346885163,39.8854346885163,39.8854346885163,39.8854346885163,39.8854346885163,39.8854346885163,39.8854346885163
470,"MLT","Malta",29.9045953212413,30.9014934284874,85.7561009723306,85.8211455721494,85.82172389617,87.1921248329735,91.6873238194677,100,100,100,100,100,100,100,100,100,100,100,100,100,100,100,100,100,100,100
584,"MHL","Marshall Islands",5.04569578986765,5.04569578986765,5.04569578986765,5.04569578986765,5.04569578986765,5.04569578986765,5.04569578986765,5.04569578986765,5.04569578986765,5.04569578986765,5.04569578986765,5.04569578986765,5.04569578986765,5.04569578986765,5.04569578986765,5.04569578986765,5.04569578986765,5.04569578986765,5.04569578986765,5.04569578986765,5.04569578986765,5.04569578986765,5.04569578986765,5.04569578986765,5.04569578986765,5.04569578986765
478,"MRT","Mauritania",3.4587673502517,3.4587673502517,3.4587673502517,3.4587673502517,3.4587673502517,3.4587673502517,3.51194606625873,3.51194606625873,3.51194606625873,3.51194606625873,3.51194606625873,3.51194606625873,3.51194606625873,3.51194606625873,3.51194606625873,3.56534797141428,3.56534797141428,3.56534797141428,3.56534797141428,3.56534797141428,3.56534797141428,3.56534797141428,3.56534797141428,3.56534797141428,3.56534797141428,3.56534797141428
480,"MUS","Mauritius",18.5620872915215,18.5620872915215,18.5620872915215,18.5620872915215,18.5620872915215,18.5620872915215,25.2982559980117,25.324137737409,25.324137737409,25.324137737409,25.7992811227036,25.7992811227036,25.7992811227036,26.5812439233755,26.5812439233755,26.5812439233755,26.5812439233755,27.7836382431284,27.7836382431284,27.7836382431284,27.7836382431284,27.7836382431284,27.7836382431284,27.7836382431284,27.7836382431284,27.7836382431284
484,"MEX","Mexico",20.8213596709735,22.0749952818989,22.5429099555286,24.308415719928,26.3176157375314,26.8642861781329,40.1168268702632,41.9434453147766,54.2243085942036,57.1304795105884,59.3889947905824,60.2172366410965,61.90308216359,63.7158409859647,70.5163508035624,75.1380926139629,75.9817089255753,76.9617821876906,77.4662617951388,78.32767968086,78.4647522395959,78.5106283109676,79.4960016360771,80.1650540570529,80.3449757393218,80.3727433905929
583,"FSM","Micronesia",0,0,0,0,0,0,0,0,0,0,0,0,0,0,0,0,0,0,0,0,0,0,0,0,0,0
498,"MDA","Moldova",7.44105274526977,7.44105274526977,7.53799986997718,7.53799986997718,7.53799986997718,7.53799986997718,9.73316782189835,9.73316782189835,9.73316782189835,19.0718073450646,19.0718073450646,20.8778668967401,20.8778668967401,20.8778668967401,20.8778668967401,20.8778668967401,20.8778668967401,20.8778668967401,20.8778668967401,20.8778668967401,20.8778668967401,20.8778668967401,20.8778668967401,20.8778668967401,20.8778668967401,20.8778668967401
492,"MCO","Monaco",100,100,100,100,100,100,100,100,100,100,100,100,100,100,100,100,100,100,100,100,100,100,100,100,100,100
496,"MNG","Mongolia",44.5458389331776,44.5458389331776,57.4046764892173,60.8519756075665,63.69874108095,63.6987478143976,67.07338308931,67.07338308931,67.3392435793894,68.0030285960735,68.7852668010553,68.7852668010553,69.2507948904871,69.2507948904871,69.2507948904871,69.2507948904871,69.6293884149106,74.5579044333918,77.0666943596971,77.0666943596971,77.0666943596971,77.0666943596971,77.0666943596971,77.0666943596971,77.0666943596971,77.0666943596971
499,"MNE","Montenegro",25.3427979196081,25.3427979196081,25.3427979196081,25.3427979196081,25.3427979196081,25.3427979196081,25.3427979196081,25.3427979196081,25.3427979196081,25.3427979196081,25.3427979196081,25.3427979196081,25.3427979196081,25.3427979196081,25.3987347841354,25.3987347841354,25.3987347841354,25.3987347841354,25.3987347841354,25.4078932210192,25.4088378372113,45.473519323412,45.473519323412,45.473519323412,46.7532392177087,46.7532392177087
504,"MAR","Morocco",3.21360363995961,3.21360363995961,3.21360363995961,3.21360363995961,3.21360363995961,3.21360363995961,3.21360363995961,3.21360363995961,3.21360363995961,3.50712220704938,7.31022922495823,9.39716560404571,11.5275923904507,11.5275923904507,12.2593127075596,12.2593127075596,12.2593127075596,12.2593127075596,100,100,100,100,100,100,100,100
508,"MOZ","Mozambique",48.1982392876345,48.1982392876345,48.1982392876345,48.1982392876345,48.1982392876345,79.4294756655929,79.4294756655929,87.3399720511453,90.7673502204229,90.7673502204229,90.8719676509571,90.8719676509571,90.8719676509571,90.8719676509571,90.8719676509571,90.8719676509571,90.8719676509571,90.8719676509571,97.4491065488888,97.4491065488888,97.4491065488888,97.4491065488888,97.4491065488888,97.4491065488888,97.4491065488888,97.4491065488888
104,"MMR","Myanmar",5.45130023145589,5.45178504807659,5.58174572514521,5.58174572514521,6.96475913362976,6.96475913362976,6.96475913362976,7.10133558341982,8.89500506392441,10.099692548006,18.8600418794744,20.2710561098756,20.2710561098756,20.2710561098756,20.2710561098756,20.2710561098756,29.219746585961,29.219746585961,29.219746585961,29.3347448343993,30.2049891409206,30.2049891409206,30.4676795636839,31.0035078249443,31.2386594115295,31.4227816659002
516,"NAM","Namibia",64.429066708,65.4554271571247,65.4554271571247,65.4554271571247,77.4115876788706,80.8834306983688,83.4260802463906,89.0385173557476,89.0385173556371,96.7099360222171,96.7375481478218,100,100,100,100,100,100,100,100,100,100,100,100,100,100,100
520,"NRU","Nauru",0,0,0,0,0,0,0,0,0,0,0,0,0,0,0,0,0,0,0,0,0,0,0,0,0,0
524,"NPL","Nepal",50.3657133860781,50.3657133860781,55.7273335635617,55.7273335635617,61.0826527702859,63.3200897424218,63.3200897424218,63.3200897424218,63.3615155668194,63.5067135088876,65.3929837925729,66.6357689609088,67.6427694836753,67.6427694836753,67.6465139863082,67.71626437229,75.2243701740824,75.2243701740824,75.2243701740824,75.2243701740824,75.2243701740824,75.2243701740824,76.3147997080565,76.3147997080565,76.3147997080565,76.3147997080565
528,"NLD","Netherlands",15.5768107281129,17.5040774366011,26.5670357377605,26.9092529174539,49.1071647199909,49.1284152146242,89.0475036961918,89.0762929597353,91.9793586257247,92.5452971109071,97.5569138569729,97.83610345343,98.0269603102253,98.0269603102253,98.0350532858512,98.0350596933871,99.7727131462376,99.7727131462382,99.7727131462382,99.7727131462494,99.7727131462594,99.7727131462676,99.7727131462753,99.7727131462824,99.7727131462824,99.7727131462824
540,"NCL","New Caledonia",34.9229035167645,34.9229035167645,34.9229035167645,34.9229035167645,34.9229035167645,34.9229035167645,39.1533920673568,39.1533920673568,39.1533920673568,39.1533920673568,39.1533920673568,39.1533920673568,39.1533920673568,39.1533920673568,100,100,100,100,100,100,100,100,100,100,100,100
554,"NZL","New Zealand",84.86560824109,84.9379687594935,85.0361746333876,85.4317686389159,85.7695477158912,85.7855259438476,85.8156569832629,85.9874806218212,86.0084786463676,86.5683908842653,86.6200018035041,86.6774178070535,86.8141874076171,87.1273873521459,88.0585776888841,89.5955083809394,89.7524866600729,89.8587118475606,89.9235772614947,90.1524473819259,90.2369094109629,90.6635433525959,90.6971135053247,90.8912687431812,90.9527017832659,90.9527017832659
558,"NIC","Nicaragua",84.8471801096494,84.8471801096494,84.8471801096494,84.8471801096171,84.8471801096171,91.1389104636953,91.1389104636953,92.9978740334247,92.9978740334247,92.9978740334247,92.9978740334247,92.9978740334247,92.9978740334247,92.9978740334247,92.9978740334247,92.9978740334247,92.9978740334247,93.0543301412441,93.0543301412441,93.0543301412441,93.0543301412441,93.0543301412441,93.0543301412441,93.0543301412441,93.0543301412441,93.0543301412441
562,"NER","Niger",45.4644297713402,45.4644297713402,45.4644297713402,45.4644297713402,45.4644297713402,45.4644297713402,45.4644297713402,46.6498151607272,46.6498151607272,46.6498151607272,49.5354516847418,51.6520673859479,51.6520673859479,51.6520673859479,51.6520673859479,51.6520673859479,51.6520673859479,51.6520673859479,85.5387543469923,85.5387543469923,85.5387543469923,85.5387543469923,85.5387543469923,85.5387543469923,85.5387543469923,85.5387543469923
566,"NGA","Nigeria",75.5369627452059,75.5369627452059,75.5369627452059,75.5369627452059,75.5369627452059,75.9025770015271,76.2670544545665,76.2670544545665,76.2670544545665,76.2670544545665,76.2670544545665,76.2670544545665,76.2670544545665,76.2670544545665,78.259044834403,78.259044834403,78.259044834403,78.259044834403,78.259044834403,78.259044834403,78.259044834403,78.259044834403,78.259044834403,78.259044834403,78.259044834403,78.259044834403
570,"NIU","Niue",0,0,0,0,0,0,0,0,0,0,0,0,0,0,0,0,0,0,0,0,0,0,0,0,0,0
408,"PRK","North Korea",13.6521276396195,13.6521276396195,13.6521276396195,13.6521276396195,13.6521276396195,13.6521276396195,13.6521276396195,13.6521276396195,13.6521276396195,13.6521276396195,13.6521276396195,13.6521276396195,13.6521276396195,13.6521276396195,13.6521276396195,13.6521276396195,13.6521276396195,13.6521276396195,13.6521276396195,13.6521276396195,13.6521276396195,13.6521276396195,13.6521276396195,13.6521276396195,13.6521276396195,13.6521276396195
807,"MKD","North Macedonia",40.6076922340714,41.0804984234396,41.2658681594085,43.1010353776736,43.1265148452708,43.4518497490782,43.4518497490782,43.4518497490782,44.3751898437248,44.9138794049064,44.9138794049064,50.237038611348,51.2536969495179,51.2612857673824,51.2612857673824,51.2612857673824,51.2612857673824,51.3622124592867,51.3622124592867,51.3622124592867,51.3622124592867,51.3622124592867,51.3622124592867,51.3622124592867,51.3622124592867,51.3622124592867
578,"NOR","Norway",70.7982961649459,70.8093024028818,70.8771454602606,70.9135622352553,70.9135981257124,71.0005295768059,71.1181994965982,71.2885478541312,71.6028322607965,72.7326871726853,73.5187235402506,73.9840654162082,74.1026524581794,74.1322617571535,74.5289866680235,74.6913757700706,75.4282474736359,75.8118351050029,75.9431216982365,76.2761322290694,76.6921094005588,80.11957471671,80.4299730547212,81.1253069341941,81.60885829013,81.60885829013
512,"OMN","Oman",5.38674978090611,5.38674978090611,5.79981286671191,14.5199686396566,14.5199686396566,14.5199686396566,14.5199686396566,14.5199686396566,14.5199686396566,14.5199686396566,14.5199686396566,14.5199686396566,14.5199686396566,14.5199686396566,14.5199686396566,14.5199686396566,14.5199686396566,15.0827031518989,15.0827031518989,15.0845883302324,15.0845883302324,15.0845883302324,15.0845883302324,15.0845883302324,15.0845883302324,15.0845883302324
586,"PAK","Pakistan",59.7109555396129,59.7109555396129,59.8819069225723,59.8819069225723,59.8819069225723,59.8819069225723,59.8819069225723,60.4998812767847,62.0414406668488,62.0414406668488,62.0414406668488,62.0414406668488,62.0414406668488,62.0414406668488,62.0414406668488,62.0414406668488,62.0414406668488,62.0414406668488,62.0414406668488,62.0414406668488,62.0414406668488,62.0414406668488,62.0414406668488,62.0414406668488,62.0414406668488,62.0414406668488
585,"PLW","Palau",4.32010195114446,4.32010195114446,4.32010195114446,7.01278632876824,8.04356195099223,8.09907818626782,8.09907818626782,8.09907818626782,16.6787295974494,16.6787295974494,16.6787295974494,24.0955746736517,24.0955746736517,24.1128095973463,46.5086054147814,51.1191584179449,51.1191584179449,51.1191584179449,51.1191584179449,51.1191584179449,51.1191584179449,53.0579096392178,53.0579096392178,53.0579096392178,53.0579096392178,53.0579096392178
591,"PAN","Panama",91.8007275519712,91.8007275519712,91.8007275519712,91.8007275519712,91.8007275519712,91.8007275519712,91.8007275519712,91.8604091498982,91.8604091498982,92.6414057915171,92.6414057915171,92.6414057915171,92.6414057915171,92.6414057915171,92.6414057915171,92.6414057915171,92.6662194946129,92.6662194946129,92.6662194946129,92.6662194946129,92.6662194946129,92.6662194946129,92.6662194946129,92.6662194946129,92.6662194946129,92.6662194946129
598,"PNG","Papua New Guinea",9.87548459891188,9.87548459891188,10.2164637297017,13.1402687470019,13.1402687470019,13.1402687470019,13.1402687470019,13.1411872791161,13.1411872791161,13.1990107692742,13.1990107692742,13.1990107692742,13.1990712666414,14.0623298557846,14.1826376386585,15.1678654994048,15.1678654994048,15.1678654994048,15.1678654994048,15.1678654994048,15.1678654994048,15.1678654994048,15.1678654994048,17.8730131677016,17.8730131677016,17.8730131677016
600,"PRY","Paraguay",19.0934105695324,19.4863669822641,19.4863669822641,19.4863669822641,20.9729253357311,20.9729253357311,20.9729253357311,79.4420274303076,79.4907345882024,79.7137765999759,80.2193944151935,80.3590059795371,80.5838105748818,81.0233824415765,81.9500014486618,82.10136922013,82.2979386839224,82.5108783478176,82.5944111512029,82.7112046071924,82.8447032799535,82.8704364104682,82.8919151309894,82.8919151309894,82.8919151309894,82.8919151309894
604,"PER","Peru",27.5295824995876,27.5295824995876,32.473625872383,37.6323128002498,37.6323128002498,39.4513606278799,40.7203742567607,50.9489290631636,70.0881198922765,73.3411835967465,80.2519810716565,82.5520085778147,82.6129585921788,82.6552853664535,82.6706264057347,83.4669306435988,83.9686799931482,84.83691429724,84.8424642432582,84.8482739192718,84.8603422380835,84.9649542600712,85.0711835897829,85.2710596093182,85.5627104802612,85.5627104802982
608,"PHL","Philippines",50.9611571724991,51.2386055910069,53.2924160086245,54.0707070061762,54.5216465106049,55.1490180569813,61.41296149218,67.3249435159759,68.5799752031635,79.6171284902941,82.0363034004047,85.5712266760553,85.5733825680365,86.6499751421871,86.6499751421924,87.2588917523547,87.2588917524376,87.4892595258706,87.4905492985329,87.4917700898994,87.4917700898994,87.4917700898994,87.4917700898988,87.4917700898988,87.4917700898988,87.4917700898988
616,"POL","Poland",100,100,100,100,100,100,100,100,100,100,100,100,100,100,100,100,100,100,100,100,100,100,100,100,100,100
620,"PRT","Portugal",43.0331191113803,48.4172069682033,48.7783145493784,90.72124000144,100,100,100,100,100,100,100,100,100,100,100,100,100,100,100,100,100,100,100,100,100,100
634,"QAT","Qatar",63.4262948691265,63.4262948691265,63.4262948691265,63.4262948691265,63.4262948691265,63.4262948691265,63.4262948691265,63.4262948691265,63.4262948691265,63.4262948691265,63.4262948691265,63.4262948691265,63.4262948691265,63.4262948691265,63.4262948691265,63.4262948691265,63.4262948691265,63.4262948691265,63.4262948691265,63.4262948691265,63.4262948691265,63.4262948691265,63.4262948691265,63.4262948691265,63.4262948691265,63.4262948691265
178,"COG","Republic of Congo",16.8838195779127,16.8838195779127,16.8838195779127,16.8838195779127,24.6773505435963,30.7924068539449,30.7924068539449,31.2892626144778,31.2892626144778,31.2892626144778,31.2892626144778,54.3182525027316,54.3182525027316,80.46676016582,80.46676016582,83.5075632730353,83.5075632730353,83.5075632730353,100,100,100,100,100,100,100,100
642,"ROU","Romania",22.9693456348455,23.2106698062979,23.2118228095594,23.2247795710908,23.2247795710908,23.2619210582456,28.4134340230396,28.4134340230396,28.4134340230396,28.4134340230396,28.4134340230396,39.2303187600555,39.9085999258784,78.3910892927612,78.3910892927106,78.3910892927106,78.3910892927441,93.6643553424865,94.6460095869435,95.20766103694,95.20766103694,95.20766103694,96.3202138458053,96.3202138458053,96.3202138458053,96.3202138458053
643,"RUS","Russia",38.4753803669929,45.4271247994311,50.5724388982614,51.2372423094008,52.1222132907223,52.2615287392152,52.2927458730071,52.4315683001932,52.8840381010834,52.8939835881191,52.8939835881191,52.8939835881191,52.8939835881115,52.8939835881115,52.8939835881148,52.8949677742128,52.8949677742128,52.8949677742128,52.8949677742128,52.8949677742128,52.8949677742128,52.8949677742128,52.8949677742128,52.8949677742128,52.8949677742128,52.8949677742128
646,"RWA","Rwanda",49.8565459360319,49.8565459360319,49.8565459360319,49.8565459360319,49.8565459360319,49.8565459360319,49.8565459360319,49.8565459360319,49.8565459360319,49.8565459360319,49.8565459360319,51.4559107673256,51.4559107673256,51.4559107673256,51.4559107673256,51.4559107673256,51.4559107673256,51.4559107673256,51.4559107673256,51.4559107673256,51.4559107673256,51.4559107673256,51.4559107673256,51.4559107673256,51.4559107673256,51.4559107673256
652,"BLM","Saint Barthelemy",5.64431949078361,5.64431949078361,5.64431972101744,5.64431972101744,5.64431972101744,5.64431972101744,5.64431972101744,5.64431972101744,5.64431972101744,5.64431972101744,5.64431972101744,5.64431972101744,5.64431972101744,5.95291947208453,5.95291947208453,5.95291947208453,5.95291935199823,5.95291935199823,5.95291935199823,5.95291935199823,5.95291935199823,5.95291935199823,5.95291935199823,5.95291935199823,5.95291935199823,5.95291935199823
659,"KNA","Saint Kitts and Nevis",1.05498649159797,1.05498649159797,1.05498649159797,1.05498649159797,1.05498649159797,1.05498649159797,1.05498649159797,1.05498649159797,1.05498649159797,1.05498649159797,1.05498649159797,1.05498649159797,32.5580359340672,32.5580359340672,32.5580359340672,32.5580359340672,32.5580359340672,37.0602741555112,37.0602741555112,37.0602741555112,37.3636966729366,37.3636966729366,37.3636966729366,37.3636966729366,37.3636966729366,37.3636966729366
662,"LCA","Saint Lucia",56.9121901131101,56.9121901131101,56.9121901131101,56.9121901131101,56.9121901131101,56.9121901131101,56.9121901131101,56.9121901131101,56.9121901131101,56.9121901131101,56.9121901131101,56.9121901131101,56.9121901131101,59.5841698385865,59.5841698385865,59.5841698385865,59.5841698385865,59.5841698385865,59.5841698385865,59.5841698385865,59.5841698385865,59.5841698385865,59.5841698385865,59.5841698385865,59.5841698385865,59.5841698385865
670,"VCT","Saint Vincent and the Grenadines",68.3821516317571,68.3821516317571,68.3821516317571,68.3821516317571,68.3821516317571,68.3821516317571,68.3821516317571,68.3821516317571,68.3821516317571,68.3821516317571,68.3821516317571,68.3821516317571,68.3821516317571,68.3821516317571,68.3821516317571,68.3821516317571,68.3821516317571,68.3821516317571,68.3821516317571,68.3821516317571,68.3821516317571,68.3821516317571,68.3821516317571,68.3821516317571,68.3821516317571,68.3821516317571
882,"WSM","Samoa",15.9330924095099,15.9330924095099,16.0519791267405,16.2775034203295,16.4466320323374,33.1287191293682,33.1661856547985,33.1769403373129,33.1811759257067,38.509359674875,38.5101194454792,38.5101194454792,38.5723063583308,38.6010936907545,38.6010936907545,38.6010936907545,38.6010936907545,38.6010936907545,38.6010936907545,38.6010936907545,38.6010936907545,38.6010936907545,42.5378481586064,42.5378481586064,42.5378481586064,42.5378481586064
674,"SMR","San Marino",0,0,0,0,0,0,0,0,0,0,0,0,0,0,0,0,0,0,0,0,0,0,0,0,0,0
678,"STP","Sao Tome and Principe",0,0,0,0,0,0,0,0,0,0,0,0,100,100,100,100,100,100,100,100,100,100,100,100,100,100
682,"SAU","Saudi Arabia",23.5740903654636,27.9071722021288,27.9071722021288,27.9071722021288,27.9071722021288,27.9071722021288,27.9071722021288,27.9251855543005,27.9487329986876,27.9487329986876,27.9487329986876,28.0100477162358,28.0100477162358,28.0100477162358,28.0100477162358,28.0100477162358,28.0100477162358,28.0100477165297,28.0100477165297,28.0100477165297,28.0100477165297,28.0100477165297,28.0100477165297,28.0100477165297,28.0100477165297,28.0100477165297
686,"SEN","Senegal",100,100,100,100,100,100,100,100,100,100,100,100,100,100,100,100,100,100,100,100,100,100,100,100,100,100
688,"SRB","Serbia",33.5714677149213,33.5714677149213,33.5714677149213,33.5714677149213,33.5714677149213,33.5714677149213,33.5714677149213,33.5714677149213,33.5714677149213,33.5714677149213,33.5714677149213,33.5714677149213,33.5714677149213,34.3162323416178,38.6718428097692,38.7145156684394,38.7226666771393,38.7246078872358,39.1673215946296,39.749953099546,42.2876212327313,43.9358594099131,43.962452424956,50.3176465813648,50.3176465813648,50.3176465813648
690,"SYC","Seychelles",66.7337215225612,66.7337215225612,66.7337215278518,66.7337215279623,66.7337215279623,66.7337215279623,66.7337215279623,66.7337215279623,66.7337215279623,66.7337215279623,66.7337215278553,66.7337215278553,66.7337215278553,66.7337215278553,66.7337215278553,66.7337215278553,100,100,100,100,100,100,100,100,100,100
694,"SLE","Sierra Leone",16.2296053409942,25.5198298995848,25.5198298995848,25.5198298995848,25.5198298995848,43.5666186809055,43.5666186809055,43.5666186809055,43.5666186809055,43.5666186809055,43.5666186809055,43.5666186809055,43.5666186809055,43.5666186809055,43.5666186809055,43.5666186809055,49.3229910016259,49.3229910016259,54.4647953311131,54.4647953311131,54.4647953311131,54.4647953311131,54.4647953311131,54.4647953311131,54.4647953311131,54.4647953311131
702,"SGP","Singapore",27.9912788777972,27.9912788777972,27.9912788777972,27.9912788777972,27.9912788777972,27.9912788777972,27.9912788777972,27.9912788777972,29.1920460898166,29.1920460898166,29.1920460898166,29.1920460898166,29.1920460898166,29.1920460898166,29.1920460898166,29.1920460898166,29.1920460898166,29.1920460898166,29.1920460898166,29.1920460898166,29.1920460898166,29.1920460898166,29.1920460898166,29.1920460898166,29.1920460898166,29.1920460898166
534,"SXM","Sint Maarten",0,0,0,0,0,0,0,0,0,0,0,0,0,0,0,0,0,0,0,0,0,0,0,0,0,0
703,"SVK","Slovakia",38.6545151487489,38.6545151487489,38.8143736875999,58.9921598765088,59.3594974131812,61.2477425087635,61.2590021187306,72.6405702935471,77.0382660270159,82.1216951159576,100,100,100,100,100,100,100,100,100,100,100,100,100,100,100,100
705,"SVN","Slovenia",46.9072569409687,47.0557255025977,47.7587977203947,47.768170868531,49.6484579244808,49.7613987327093,49.7613987327093,49.7613987327093,56.1903102407724,69.4579383909176,100,100,100,100,100,100,100,100,100,100,100,100,100,100,100,100
90,"SLB","Solomon Islands",0.469332710405079,0.469332710405079,0.469332710405079,0.469332710405079,0.469332710405079,0.469332710405079,0.469332710405079,0.469332710405079,0.469332710405079,0.469637292007791,0.474350857731039,0.477998018085838,0.512323003191324,0.519014395851551,1.57513200970215,1.57513200970215,1.57513200970215,1.57513200970215,1.57513200970215,1.57513200970215,1.57513200970215,1.57513200970215,1.57513200970215,1.57513200970215,1.57513200970215,1.57513200970215
706,"SOM","Somalia",0,0,0,0,0,0,0,0,0,0,0,0,0,0,0,0,0,0,0,0,0,0,0,0,0,0
710,"ZAF","South Africa",34.1989120789109,34.3794393906323,34.5279975051625,34.8615157346576,35.1227379626209,35.2737951806137,35.82325531991,36.7926989498343,36.931107783205,36.9524130155043,36.9524130155646,37.0299253517275,37.0429732269134,37.1894749398847,37.2402519800684,37.3803038675804,37.5131989068085,37.5825108146655,37.8851768370962,38.0790641062765,39.2032389022959,39.4687046492712,40.9285389191613,41.0538840278159,41.8573127396397,41.8782215737572
410,"KOR","South Korea",45.3392941281045,45.5448152539982,45.7061666694436,46.2387836202724,47.1929705874252,48.7468441587655,57.7089381961892,57.8294011454065,64.2413723560665,64.3879957040729,70.0897619109382,79.2094924438288,81.5828165434929,82.13486424054,85.3487469709182,85.9832343608929,86.2658660366694,86.6795635013065,86.9720167239429,87.7767054353065,87.7880915714023,88.0304701643171,88.1533049856506,88.1813360966382,88.1847821607523,88.1847821607523
728,"SSD","South Sudan",84.1149209087859,84.1149209087859,84.1149209087859,84.1149209087859,84.1149209087859,84.1149209087859,84.1149209087859,84.1149209087859,84.1149209087859,84.1149209087859,84.1149209087859,84.1149209087859,84.1149209087859,84.1149209087859,84.1149209087859,84.1149209087859,84.1149209087859,84.1149209087859,84.1149209087859,84.1149209087859,84.1149209087859,84.1149209087859,84.1149209087859,84.1149209087859,84.1149209087859,84.1149209087859
724,"ESP","Spain",61.2904261728329,61.5722290909582,63.0686223363629,97.1994521122,100,100,100,100,100,100,100,100,100,100,100,100,100,100,100,100,100,100,100,100,100,100
144,"LKA","Sri Lanka",82.1404818858429,82.1404818858453,82.1568698978776,82.1568698982812,82.1568698982812,82.1568698982812,84.8071736369806,84.8071736368118,84.8071736368118,84.9231999272929,84.9231999272929,84.9231999272929,84.9231999272929,85.70935219891,86.2491564860159,88.3479225760412,88.7418382581106,88.9256498579218,90.5681462171053,90.6940022160276,90.6940022160276,90.6940022160276,90.6940022160276,90.6940022160276,90.6940022160276,90.6940022160276
275,"PSE","State of Palestine",48.4777647003723,48.4777647003723,48.4777647003723,48.4777647003723,48.4777647003723,48.4777647003723,48.4777647003723,48.4777647003723,48.4777647003723,48.4777647003723,48.4777647003723,48.4777647003723,48.4777647003723,48.4777647003723,48.4777647003723,48.4777647003723,48.4777647003723,48.4777647003723,48.4777647003723,48.4777647003723,48.4777647003723,48.4777647003723,48.4777647003723,48.4777647003723,48.4777647003723,48.4777647003723
729,"SDN","Sudan",26.2572628211837,26.2572628211837,26.2572628211837,26.2572628211837,26.2572628211837,26.2572628211837,26.2572628211837,26.2572628211837,26.2572628211837,26.2572628211837,26.2572628211837,27.9551495853585,29.7422660540164,29.7422660540164,29.7422660540164,30.9667869546776,30.9667869546776,11.5653702404508,11.5653702404508,11.5653702404508,11.5653702404508,11.5653702404508,11.5653702404508,11.5653702404508,11.5653702404508,11.5653702404508
740,"SUR","Suriname",10.9494455692684,10.9494455692684,10.9494455692684,10.9494455692684,57.5162906624183,57.5162906624183,57.5162906624183,57.5162906624183,57.5162906624183,57.5162906624183,57.5162906624183,57.5162906624183,57.5162906624183,57.5162906624183,57.5162906624183,57.5162906624183,57.5162906624183,57.5162906624183,57.5162906624183,57.5162906624183,57.5162906624183,57.5162906624183,57.5162906624183,57.5162906624183,57.5162906624183,57.5162906624183
752,"SWE","Sweden",13.2075070039121,40.1107664541739,40.800927019805,42.1627818302901,45.946310955416,46.0468375922545,48.5454356196893,49.8388580508596,52.9095107510944,53.1896838639475,54.7529867201192,54.9744606438609,55.2308462561435,55.4632435532289,56.7560639965846,57.0604842241614,57.8243447900401,58.0795395791827,58.3503325883123,58.6241673469228,58.9575256475106,59.31021693891,59.7412666318147,60.3678028273188,61.5661091722912,61.6753674536329
756,"CHE","Switzerland",28.6431871634289,28.6431871634289,29.7006244025921,29.7006244025921,29.9150966805311,29.9150966805311,29.9150966805311,33.2651977636878,33.2651977636878,33.5860130070238,33.5867658540779,33.621085631461,33.621085631461,33.8245798199626,33.8245798199626,40.4235383988312,43.2702578527553,43.2702578527553,43.2942627187136,43.2942627187136,43.3484540200152,43.3484540200152,43.4107340096847,44.662328615818,44.662328615818,44.662328615818
760,"SYR","Syria",1.47408407433739,1.47408407433739,1.47933387604511,1.47933387604511,1.81544011630178,2.17441621568619,2.17441621568619,2.17441621568619,4.06265358500702,4.06265358500702,4.06265358500702,4.06265358500702,4.06265358500702,4.06265358500702,4.06265358500702,4.06265358500702,4.06265358500702,4.06265358500702,4.06265358500702,4.06265358500702,4.06265358500702,4.06265358500702,4.06265358500702,4.06265358500702,4.06265358500702,4.06265358500702
158,"TWN","Taiwan",60.4255439065771,61.28153979783,61.3131997615553,61.3131997599912,61.3677348178553,61.3677348178553,100,100,100,100,100,100,100,100,100,100,100,100,100,100,100,100,100,100,100,100
762,"TJK","Tajikistan",17.262221456254,17.262221456254,17.262221456254,17.262221456254,17.262221456254,61.5269948504423,61.5269948504423,63.7990604112841,63.7990604112841,63.7990604112841,63.7990604112841,63.9955625919388,63.9955625919388,63.9955625919388,63.9955625919388,63.9955625919388,63.9955625919388,63.9955625919388,63.9955625919388,63.9955625919388,63.9955625919388,63.9955625919388,63.9955625919388,63.9955625919388,63.9955625919388,63.9955625919388
834,"TZA","Tanzania",99.2093778442188,99.2093778442188,99.2093778442188,99.2093778442188,99.2093778442188,99.2093778442188,99.20937784422,99.20937784422,99.20937784422,99.20937784422,99.2093778442218,99.3249476942976,99.3249476942976,99.3249476942982,99.3249476942982,99.3249476942982,99.3249476942982,99.3249476942982,99.3249476942982,99.3249476942982,99.3249476942982,99.3249476942982,99.3249476942982,99.3249476942982,99.3249476942982,99.4264286857247
764,"THA","Thailand",70.3694002997518,70.9023653865753,72.0551166189206,73.1194771432423,73.3187020691929,73.31911380235,73.7103730787394,74.2472240943506,74.70320801795,74.7355908036224,74.7355908036224,74.7355908036224,74.7355908036224,75.1449418825882,75.1449418825841,76.6533573942829,76.6533573942829,76.6533573942829,76.6533573942829,76.7440749628888,76.7440749628888,76.7440749628888,76.7440749628888,76.7440749628888,76.7440749628888,76.7440749628888
626,"TLS","Timor-Leste",23.2880625841566,23.2880625841566,23.2880625841566,23.2880625841566,23.2880625841566,23.2880625841566,23.2880625841566,23.2880625841566,23.2880625841566,23.2880625841566,23.2880625841566,23.2880625841566,23.2880625841566,47.1525729839894,75.5826187916788,75.5826187916788,75.5826187916788,75.5826187916788,75.5826187916788,75.5826187916788,75.5826187916788,79.2195474023823,94.6080346062006,94.6080346062006,94.6080346062006,94.6080346062006
768,"TGO","Togo",65.3300203897947,67.0125911607523,67.0125911607523,67.0125911607523,67.0125911607523,67.0125911607523,67.0125911607523,67.0125911607523,67.0125911607523,67.0125911607523,67.0125911607523,67.1139852656988,67.1139852656988,67.1139852656988,98.4715374724812,98.4715374724812,98.4715374724812,98.4715374724812,98.4715374724812,98.4715374724812,98.4715374724812,98.4715374724812,98.4715374724812,98.4715374724812,98.4715374724812,98.4715374724812
776,"TON","Tonga",7.98684926498235,7.98684926498235,7.98684926498235,7.98684926498235,7.98684926498235,7.98684926498235,7.98684926498235,58.3487126384538,58.3487126384538,58.3487126384538,58.3487126384538,58.3487126384538,58.3487126384538,58.3487126384538,58.3487126384538,58.3487126384538,58.3487126384538,58.3487126384538,58.3487126384538,58.3487126384538,58.3487126384538,58.3487126384538,58.3487126384538,58.3487126384538,58.3487126384538,58.3487126384538
780,"TTO","Trinidad and Tobago",96.4519123125659,96.4519123125659,96.4519123125659,96.4519123125659,96.4519123125659,96.4519123125659,96.4519123125659,96.4519123125659,96.4519123125659,96.4519123125659,96.4519123125659,99.4356110162059,99.4356110162059,99.4356110162059,99.4356110162059,99.4356110162059,99.4356110162059,99.4356110162059,99.4356110162059,99.4356110162059,99.4356110162059,99.4356110162059,99.4356110162059,99.4356110162059,99.4356110162059,99.4356110162059
788,"TUN","Tunisia",16.3931207251318,16.3931207251318,16.3934399851032,16.3934399851032,16.3934399851032,16.3934399851032,16.3934399851032,16.3934399851032,16.3934399851032,16.3934399851032,16.3934399851032,16.3934399851032,16.3934399851032,17.465297113825,17.465297113825,17.8668607231883,30.9700350912701,31.0165992187223,31.6913713149985,31.9976463558279,31.9976463558279,31.9976463558279,31.9976463558279,31.9976463558279,31.9976463558279,31.9976463558279
792,"TUR","Turkey",0.628125735358388,0.628125735358388,0.628125735358388,0.628125735358388,1.00343858042709,1.00343858042709,1.00343858042709,1.00343858042709,1.00343858042709,1.00343858042709,1.00343858042709,1.08188318885986,1.08284045215264,1.08284045215264,1.08284045215264,1.08597042687301,1.08597042687301,1.08597042687301,1.08597042687301,1.12215239579686,1.12215239579686,1.12215239579686,1.12215239579686,1.12215239579686,1.12215239579686,1.12215239579686
795,"TKM","Turkmenistan",17.8494771451879,17.8494771451879,17.8494771451879,17.8494771451879,17.8494771451879,17.8494771451879,17.8494771451879,17.8494771451879,17.8494771451879,17.8494771451879,17.8494771451879,17.8494771451879,17.8494771451879,17.8494771451879,18.8420057643088,18.8420057643088,18.8420057643088,18.8420057643088,18.8420057643088,18.8420057643088,18.8420057643088,18.8420057643088,18.8420057643088,18.8420057643088,18.8420057643088,18.8420057643088
796,"TCA","Turks and Caicos Islands",100,100,100,100,100,100,100,100,100,100,100,100,100,100,100,100,100,100,100,100,100,100,100,100,100,100
798,"TUV","Tuvalu",0,0,0,0,0,0,0,0,0,0,0,0,0,0,0,0,0,0,0,0,0,0,0,0,0,0
800,"UGA","Uganda",76.9329892705435,76.9329892705435,76.9329892705435,76.9329892705435,77.0106696872159,77.0106696872159,77.0106696872159,77.0106696872159,88.1459163161535,88.1459163161535,88.5951964453094,88.5951964453094,95.1949809356812,95.1949809356812,95.1949809356829,95.1949809356829,95.1949809356829,95.1949809342477,95.1949809342477,95.1949809342477,95.1949809342477,95.1949809342477,95.1949809342477,95.1949809342477,95.1949809342477,95.1949809342477
804,"UKR","Ukraine",14.6215664657763,19.4349260003682,22.5304355717418,23.3371068142589,23.5592110025412,23.5592110025412,23.5592110025412,23.5592110025412,23.5592110025412,23.5592110025412,23.6340158753711,23.6340158753711,23.6340158753294,23.6340158753294,23.6340158753294,23.6340158753294,23.6340158753294,23.6340158753294,23.6539497016106,23.7878660371657,23.7878660371657,23.7878660371657,23.7878660371268,23.7878660371268,23.7878660371268,23.7878660371268
784,"ARE","United Arab Emirates",0,0,0.301971559669787,0.301971559669787,0.634378451562823,0.634378451562823,0.634378451562823,2.31144980870975,2.31144980870975,2.31144980870975,2.32352270700321,2.32352270700321,2.32352270700321,2.67869260670044,2.67869260670044,2.67869260670044,4.34319341208711,4.34319341208711,4.34612857763357,4.57916563224545,72.2645667517541,72.2645667517541,90.3776722823747,90.3776722823747,90.3776722823747,90.3776722823747
826,"GBR","United Kingdom",98.1736891714171,98.1736891714188,98.1736891714094,98.1866158585447,98.1866158585506,98.186615858553,98.1866158585541,98.2472018620959,98.24720186209,98.2472018620912,98.2492818736747,98.2736705706771,98.2736705706735,98.2736705706735,98.3369616330053,98.3369616330053,98.3369616330012,98.3369616329788,98.33696163298,98.3369616329806,98.3634629359165,98.3634629359165,98.3634629359177,98.3634629359165,98.3634629359159,98.3634629359571
840,"USA","United States of America",49.7632570674711,49.8623783218012,50.2273746766636,50.3962865122598,50.7279530200083,50.9164492844699,51.5722831216844,51.6883722487484,51.8507520887004,51.9645225633316,52.2258885657323,52.3325566232695,52.7462439912909,52.8781125183244,53.1024762731898,53.2835460968697,53.5474611357818,53.6199693689138,53.6799079178924,53.7695201973771,53.7917707881979,53.7925904783631,53.7925904783631,53.7925904783631,53.7925904783631,53.7925904783631
858,"URY","Uruguay",13.8954650068065,13.8954650068065,13.8954650068065,13.8954650068065,13.8954650068065,13.8954650068065,13.8954650068065,13.8954650068065,13.8954650068065,13.8954650068065,14.376145925177,14.376145925177,14.376145925177,14.376145925177,14.5238523741136,15.4578300576241,16.5371867568095,16.5371867568973,16.5371867568973,16.5746878408398,17.2371548675997,19.1854094598849,19.1854094598849,19.1854094598849,19.1854094598849,20.0401261265221
860,"UZB","Uzbekistan",12.6610587652446,12.6610587652446,12.6610587652446,12.6610587652446,12.6610587652446,12.6610587652446,12.6610587652446,13.0899104906026,13.0899104906026,13.0899104906026,13.0899104906026,13.0899104906026,13.0899104906026,13.0899104906026,19.2357221271255,19.2357221271255,19.2357221271255,19.2357221271255,19.2357221271255,19.2357221271255,19.2357221271255,19.2357221271255,19.2357221271255,19.2357221271255,19.2357221271255,19.2357221271255
548,"VUT","Vanuatu",22.6838243802495,24.1268149870462,24.1268149870462,24.1268149870462,24.1268149870462,24.1268149870462,24.1268149870462,24.1418896096088,24.1418896096088,24.1418896096088,24.1418896096088,24.1418896096088,24.1418896096088,24.1418896096088,24.1418896096088,24.1418896096088,24.1418896096088,24.1418896096088,24.1418896096088,24.1418896096088,24.1418896096088,24.1418896096088,24.1418896096088,24.1418896096088,24.1418896096088,24.1418896096088
862,"VEN","Venezuela",100,100,100,100,100,100,100,100,100,100,100,100,100,100,100,100,100,100,100,100,100,100,100,100,100,100
704,"VNM","Viet Nam",6.44781903317194,7.50003152638806,8.25589904911847,8.40732692929088,10.0042759049054,10.7889273443876,10.9953669475631,18.4610287117025,24.8103300129201,26.2754525502012,28.8760135669739,30.0118090201023,31.8554098671116,32.3349377195858,32.3349377195858,32.7767430125518,32.8067410703272,33.8027099761797,34.7060589046638,40.0141885243004,43.8246103863592,43.8825125506088,43.8825125506088,43.8825125506088,43.8825125506088,43.8825125506088
876,"WLF","Wallis and Futuna Islands",1.12637327911456,1.12637327911456,1.12637327911456,1.12637327911456,1.12637327911456,1.12637327911456,1.12637327911456,1.12637327911456,1.12637327911456,1.12637327911456,1.12637327911456,1.12637327911456,1.12637327911456,1.12637327911456,1.12637327911456,1.12637327911456,1.12637327911456,1.12637327911456,1.12637327911456,1.12637327911456,1.12637327911456,1.12637327911456,1.12637327911456,1.12637327911456,1.12637327911456,1.12637327911456
732,"ESH","Western Sahara",33.2260033368248,33.2260033368248,33.2260033368248,33.2260033368248,33.2260033368248,33.2260033368248,33.2260033368248,33.2260033368248,33.2260033368248,33.2260033368248,33.2260033368248,33.2260033368248,33.2260033368248,33.2260033368248,33.2260033368248,33.2260033368248,33.2260033368248,33.2260033368248,33.2260033368248,33.2260033368248,33.2260033368248,33.2260033368248,33.2260033368248,33.2260033368248,33.2260033368248,33.2260033368248
887,"YEM","Yemen",0,0,2.99461900985956,2.99461900985956,2.99461900985956,2.99461900985956,2.99461900985956,2.99461900985956,2.99461900985956,2.99461900985956,2.99461900985956,2.99461900985956,2.99461900985956,2.99725145120625,2.99725145120625,2.99725145120625,2.99725145120625,2.99725145120625,2.99725145120625,2.99725145120625,2.99725145120625,2.99725145120625,2.99725145120625,2.99725145120625,2.99725145120625,2.99725145120625
894,"ZMB","Zambia",100,100,100,100,100,100,100,100,100,100,100,100,100,100,100,100,100,100,100,100,100,100,100,100,100,100
716,"ZWE","Zimbabwe",99.2221317633582,99.2221317633582,99.2221317633582,99.2221317633582,99.2221317633582,99.2221317633582,99.2221317633582,99.2221317633582,99.7450124686588,99.7450124686588,99.7450124686588,99.7450124686588,99.7450124686588,99.7450124686588,99.7450124686588,99.7450124686588,99.7450124686588,99.7450124686588,99.7450124686588,99.7450124686594,99.7450124686594,99.7450124686594,99.7450124686594,99.7450124686594,99.7450124686594,99.7450124686594
