"code","iso","country","TCL.ind.1995","TCL.ind.1996","TCL.ind.1997","TCL.ind.1998","TCL.ind.1999","TCL.ind.2000","TCL.ind.2001","TCL.ind.2002","TCL.ind.2003","TCL.ind.2004","TCL.ind.2005","TCL.ind.2006","TCL.ind.2007","TCL.ind.2008","TCL.ind.2009","TCL.ind.2010","TCL.ind.2011","TCL.ind.2012","TCL.ind.2013","TCL.ind.2014","TCL.ind.2015","TCL.ind.2016","TCL.ind.2017","TCL.ind.2018","TCL.ind.2019","TCL.ind.2020"
4,"AFG","Afghanistan",50.0964769811924,50.0964769811924,50.0964769811924,50.0964769811924,50.0964769811924,50.0964769811924,50.0964769811924,50.0964769811924,50.0964769811924,50.0964769811924,50.0964769811924,49.2136919150927,48.2948680334979,49.9760402950491,51.8843189140635,54.4319005293012,55.2737502183217,60.6698204060903,64.5602513156775,67.812497057183,73.6722231562744,90.7025761755345,100,95.026483661644,95.026483661644,95.026483661644
8,"ALB","Albania",35.7885562631375,35.7885562631375,35.7885562631375,35.7885562631375,35.7885562631375,35.7885562631375,35.7885562631375,35.7885562631375,35.7885562631375,35.7885562631375,35.7885562631375,40.3384754067234,33.7850553619636,29.0578320844788,30.7012181738044,30.7362355132163,30.5284783411755,30.3786810075182,33.3080328055479,33.63564032952,34.0772630482957,34.3899208238474,40.0790050822302,41.1315262563541,41.1315262563541,41.1315262563541
12,"DZA","Algeria",34.6033927232935,34.6033927232935,34.6033927232935,34.6033927232935,34.6033927232935,34.6033927232935,34.6033927232935,34.6033927232935,34.6033927232935,34.6033927232935,34.6033927232935,33.3642979175782,32.10623194989,30.0174850216961,27.4664489339759,28.1901732001752,27.0608796618141,25.1210932225821,25.4544418657243,25.766255751618,24.7747407602321,24.8783276272236,17.0595706870175,17.2536575608446,17.2536575608446,17.2536575608446
20,"AND","Andorra",65.3793809933017,65.3793809933017,65.3793809933017,65.3793809933017,65.3793809933017,65.3793809933017,65.3793809933017,65.3793809933017,65.3793809933017,65.3793809933017,65.3793809933017,63.5748077110131,63.1611951601565,61.2744996913881,71.4941426532618,72.3058483795049,78.7172695354307,72.3058483795049,74.10445794921,75.1097208315707,74.10445794921,74.10445794921,77.3971247298628,67.4848430507824,67.4848430507824,67.4848430507824
24,"AGO","Angola",44.9220695164188,44.9220695164188,44.9220695164188,44.9220695164188,44.9220695164188,44.9220695164188,44.9220695164188,44.9220695164188,44.9220695164188,44.9220695164188,44.9220695164188,45.7589983801505,43.0673790367937,41.6761538038676,39.4433516793698,38.0845945810312,36.1777932715864,35.5988662840734,34.5981851787861,33.9277497495675,33.9009684711158,33.2650608265135,32.0071992302829,31.1515817596064,31.1515817596064,31.1515817596064
660,"AIA","Anguilla",42.2649420922243,42.2649420922243,42.2649420922243,42.2649420922243,42.2649420922243,42.2649420922243,42.2649420922243,42.2649420922243,42.2649420922243,42.2649420922243,42.2649420922243,44.5703084257289,38.626869149927,34.5991301448247,37.6145504991868,39.7272825869378,39.7272825869378,44.5703084257289,56.1506037288986,61.2698836541131,61.2698836541131,64.8989285140146,70.0074064212623,78.7126888375469,78.7126888375469,78.7126888375469
28,"ATG","Antigua and Barbuda",43.583712688904,43.583712688904,43.583712688904,43.583712688904,43.583712688904,43.583712688904,43.583712688904,43.583712688904,43.583712688904,43.583712688904,43.583712688904,40.6260269128957,39.4638079852617,37.7904669684005,36.02749991731,38.2865017736621,40.4914924162128,40.76200731327,42.5979108973147,45.8207642894827,46.7733686923847,48.1665036489441,44.1069975143511,35.3857900233348,35.3857900233348,35.3857900233348
32,"ARG","Argentina",24.935846589257,24.935846589257,24.935846589257,24.935846589257,24.935846589257,24.935846589257,24.935846589257,24.935846589257,24.935846589257,24.935846589257,24.935846589257,23.3955619289534,20.9031540604019,18.6844170668009,19.4391680796895,19.1537669608009,18.0775212790181,17.7826729339357,19.0330376774364,19.4583212248332,21.0172283987955,23.09548118639,25.3335202617222,27.5628869501931,27.5628869501931,27.5628869501931
51,"ARM","Armenia",57.0444567553336,57.0444567553336,57.0444567553336,57.0444567553336,57.0444567553336,57.0444567553336,57.0444567553336,57.0444567553336,57.0444567553336,57.0444567553336,57.0444567553336,57.0302267016358,58.8635000594279,64.6115064961547,61.8329960424795,60.6813220969325,59.9082848375012,57.5232590650827,58.6677478689458,61.6677738778363,65.4684729123365,70.2214098056933,79.1687027124293,82.4155746934787,82.4155746934787,82.4155746934787
533,"ABW","Aruba",13.8553118959381,13.8553118959381,13.8553118959381,13.8553118959381,13.8553118959381,13.8553118959381,13.8553118959381,13.8553118959381,13.8553118959381,13.8553118959381,13.8553118959381,13.8553118959381,22.6245572473971,100,100,100,100,100,100,100,100,100,100,100,100,100
36,"AUS","Australia",26.9097081329853,26.9097081329853,26.9097081329853,26.9097081329853,26.9097081329853,26.9097081329853,26.9097081329853,26.9097081329853,26.9097081329853,26.9097081329853,26.9097081329853,27.2554705897055,26.6093119535901,28.4608975827111,27.5565936473052,26.3603050647596,27.0292296507537,29.7812948709905,29.0848581354237,28.1499647194786,28.4924568445177,25.2639973890791,24.4001007726815,24.4780709978414,24.4780709978414,24.4780709978414
40,"AUT","Austria",34.3682497760949,34.3682497760949,34.3682497760949,34.3682497760949,34.3682497760949,34.3682497760949,34.3682497760949,34.3682497760949,34.3682497760949,34.3682497760949,34.3682497760949,33.3657535795949,30.242185245749,28.6879221087886,28.5360122679322,29.1239906385378,28.4697962321362,31.1020847388728,34.1922559333299,35.3396758777894,37.2205314384659,37.4253103364275,35.8293335696041,32.4539633573451,32.4539633573451,32.4539633573451
31,"AZE","Azerbaijan",56.2020302306711,56.2020302306711,56.2020302306711,56.2020302306711,56.2020302306711,56.2020302306711,56.2020302306711,56.2020302306711,56.2020302306711,56.2020302306711,56.2020302306711,56.294250538533,58.8366553592277,61.5979211035177,62.8368040807523,61.1198453606255,63.2679723540132,62.7238703975127,64.7681299720032,65.0636682557572,69.4938598019222,70.8132760466451,78.6104388720429,80.2491035734069,80.2491035734069,80.2491035734069
44,"BHS","Bahamas",38.5455605348283,38.5455605348283,38.5455605348283,38.5455605348283,38.5455605348283,38.5455605348283,38.5455605348283,38.5455605348283,38.5455605348283,38.5455605348283,38.5455605348283,36.5645633129323,36.8723258199826,32.3895516042697,31.8750791163211,34.3739828302108,35.4606452347184,36.1513573421654,37.3501457495066,37.0926291283856,35.0313696865863,29.4739427986583,24.5856197828975,25.4148877578738,25.4148877578738,25.4148877578738
48,"BHR","Bahrain",NA,NA,NA,NA,NA,NA,NA,NA,NA,NA,NA,NA,NA,NA,NA,NA,NA,NA,NA,NA,NA,NA,NA,NA,NA,NA
50,"BGD","Bangladesh",40.8750513654831,40.8750513654831,40.8750513654831,40.8750513654831,40.8750513654831,40.8750513654831,40.8750513654831,40.8750513654831,40.8750513654831,40.8750513654831,40.8750513654831,39.3983926071252,39.3934903183694,38.0442218946327,37.32700793891,36.6241358321,38.0178161022199,37.2927115722504,36.5167943817022,33.7106163304659,30.9355974703101,26.4756209780746,22.1994500979724,20.2567909189401,20.2567909189401,20.2567909189401
52,"BRB","Barbados",42.7969193728527,42.7969193728527,42.7969193728527,42.7969193728527,42.7969193728527,42.7969193728527,42.7969193728527,42.7969193728527,42.7969193728527,42.7969193728527,42.7969193728527,46.1436404526013,39.9164328423688,37.3785501999584,36.2780530755629,35.1045364119475,32.9056026263068,24.6173485275915,25.2625620115823,26.1774540915815,27.4227523920014,27.7766266657343,44.3599451751881,39.4565078005397,39.4565078005397,39.4565078005397
112,"BLR","Belarus",33.8102974409718,33.8102974409718,33.8102974409718,33.8102974409718,33.8102974409718,33.8102974409718,33.8102974409718,33.8102974409718,33.8102974409718,33.8102974409718,33.8102974409718,31.9479621680449,31.4321241432063,31.1731752475943,31.3825219186985,31.413881728183,31.2004071874711,30.735853485725,31.2614832952271,31.3947658391259,31.5236629305256,28.7001863612269,26.6741068792244,24.1160978849035,24.1160978849035,24.1160978849035
56,"BEL","Belgium",34.987208483471,34.987208483471,34.987208483471,34.987208483471,34.987208483471,34.987208483471,34.987208483471,34.987208483471,34.987208483471,34.987208483471,34.987208483471,30.2325552415759,28.0131417559582,25.3371386789665,25.165190521075,22.0595066191862,22.7429073231863,22.8728168901673,24.4159423145969,24.8172995326201,28.5819845387986,28.8780869155219,29.8097466352976,28.9892020627393,28.9892020627393,28.9892020627393
84,"BLZ","Belize",29.3997401508009,29.3997401508009,29.3997401508009,29.3997401508009,29.3997401508009,29.3997401508009,29.3997401508009,29.3997401508009,29.3997401508009,29.3997401508009,29.3997401508009,30.6802173718808,31.0993653111037,30.6212624304777,28.7402548628391,28.2609835763752,23.1814089049148,23.3215448388285,21.852013121586,20.8370861036619,20.4491208306605,21.3794962246611,20.6099077043396,21.4400728917936,21.4400728917936,21.4400728917936
204,"BEN","Benin",14.3512198912292,14.3512198912292,14.3512198912292,14.3512198912292,14.3512198912292,14.3512198912292,14.3512198912292,14.3512198912292,14.3512198912292,14.3512198912292,14.3512198912292,16.416222057786,15.1250370941814,18.6848537854087,13.88575489734,14.9237898740972,16.1418436286474,18.3399248489438,17.273293123296,22.6662636868922,22.5447540849509,20.2350927496797,21.2530204751267,20.4130394070386,20.4130394070386,20.4130394070386
60,"BMU","Bermuda",100,100,100,100,100,100,100,100,100,100,100,100,100,100,100,62.9873305965043,62.9873305965043,62.9873305965043,54.235962421301,49.112054904152,54.235962421301,54.235962421301,54.235962421301,62.9873305965043,62.9873305965043,62.9873305965043
64,"BTN","Bhutan",68.0239419648299,68.0239419648299,68.0239419648299,68.0239419648299,68.0239419648299,68.0239419648299,68.0239419648299,68.0239419648299,68.0239419648299,68.0239419648299,68.0239419648299,66.6448452408289,65.5930518872808,64.7577229867228,64.2136364108245,55.8952174278712,55.1219511315795,54.7037182325968,55.1778150072251,55.1155823655836,62.8344419804869,60.4733303992018,57.8265518454714,56.3906725160092,56.3906725160092,56.3906725160092
68,"BOL","Bolivia",35.4387133029592,35.4387133029592,35.4387133029592,35.4387133029592,35.4387133029592,35.4387133029592,35.4387133029592,35.4387133029592,35.4387133029592,35.4387133029592,35.4387133029592,34.4523309538178,34.3134682496833,31.9957182934899,31.7716242179073,29.8901359599145,28.9358789836645,28.2787648477756,29.8256731055017,29.5536051760905,32.2379401042898,30.847058593125,29.1815762961124,28.2154841985212,28.2154841985212,28.2154841985212
70,"BIH","Bosnia and Herzegovina",56.6676100878468,56.6676100878468,56.6676100878468,56.6676100878468,56.6676100878468,56.6676100878468,56.6676100878468,56.6676100878468,56.6676100878468,56.6676100878468,56.6676100878468,58.4833294108411,54.9861923430114,53.2031212146331,57.6825482382002,57.073268343977,56.3034440355307,56.7325629026919,55.0445842697331,54.3086398648894,54.7899535509988,52.9135159004445,54.4195641001185,54.2781604520257,54.2781604520257,54.2781604520257
72,"BWA","Botswana",37.1694919082979,37.1694919082979,37.1694919082979,37.1694919082979,37.1694919082979,37.1694919082979,37.1694919082979,37.1694919082979,37.1694919082979,37.1694919082979,37.1694919082979,42.6702376556087,41.8636031979826,40.7101087095988,41.3076636633629,42.5196999471606,43.9437240284576,45.5485894948557,46.7440563325482,49.6696825477518,54.5974438158906,59.5252415096783,63.9442819897429,68.852843913849,68.852843913849,68.852843913849
76,"BRA","Brazil",25.2845173530851,25.2845173530851,25.2845173530851,25.2845173530851,25.2845173530851,25.2845173530851,25.2845173530851,25.2845173530851,25.2845173530851,25.2845173530851,25.2845173530851,25.1868622191491,25.8641255385102,26.5120667480737,28.3149648943237,29.0994891709781,30.1069250610828,29.7841257851566,30.3303571054612,29.385474045839,29.8792591393762,26.6073171166062,25.3362625685776,24.6006790507614,24.6006790507614,24.6006790507614
92,"VGB","British Virgin Islands",59.6284840824504,59.6284840824504,59.6284840824504,59.6284840824504,59.6284840824504,59.6284840824504,59.6284840824504,59.6284840824504,59.6284840824504,59.6284840824504,59.6284840824504,60.4431499627466,58.1414149356416,55.045538487717,53.9921479353418,53.9921479353418,49.0377908393249,50.8727664797572,53.0197577179458,55.6070582446137,58.1414149356416,71.9908475991899,25.7119853784716,25.497564788434,25.497564788434,25.497564788434
96,"BRN","Brunei Darussalam",39.4218838318399,39.4218838318399,39.4218838318399,39.4218838318399,39.4218838318399,39.4218838318399,39.4218838318399,39.4218838318399,39.4218838318399,39.4218838318399,39.4218838318399,39.9624557865466,38.8927074966443,37.8547826028452,36.0434346606879,36.5925536644702,33.963136221533,33.5589149991425,34.1553978888277,34.0860819749446,32.9515851006805,33.0244045534459,34.3056507675347,34.4304756951578,34.4304756951578,34.4304756951578
100,"BGR","Bulgaria",43.1102602108007,43.1102602108007,43.1102602108007,43.1102602108007,43.1102602108007,43.1102602108007,43.1102602108007,43.1102602108007,43.1102602108007,43.1102602108007,43.1102602108007,44.3376222409723,42.4073449989862,41.958480635971,42.7123343136035,43.8875900650879,44.6683579673164,44.4781253535919,45.7200842727014,45.4407564656144,43.8207538562429,42.2649299195137,43.122178117176,40.9747114125817,40.9747114125817,40.9747114125817
854,"BFA","Burkina Faso",0,0,0,0,0,0,0,0,0,0,0,0,0.64507746274856,0,1.0740059520909,6.42403550933071,0,0.64507746274856,2.45561266703619,4.56920003038874,9.41481980473081,100,100,100,100,100
108,"BDI","Burundi",40.3030502291269,40.3030502291269,40.3030502291269,40.3030502291269,40.3030502291269,40.3030502291269,40.3030502291269,40.3030502291269,40.3030502291269,40.3030502291269,40.3030502291269,43.1673637507943,40.7792301024599,39.2288474417637,38.6607338072334,36.8753692688911,35.7942229772669,37.576702452819,38.7627177675495,36.5221206053332,37.3298681552226,36.2160032961229,34.7448784472191,32.6702897872038,32.6702897872038,32.6702897872038
132,"CPV","Cabo Verde",NA,NA,NA,NA,NA,NA,NA,NA,NA,NA,NA,NA,NA,NA,NA,NA,NA,NA,NA,NA,NA,NA,NA,NA,NA,NA
116,"KHM","Cambodia",25.3562619489541,25.3562619489541,25.3562619489541,25.3562619489541,25.3562619489541,25.3562619489541,25.3562619489541,25.3562619489541,25.3562619489541,25.3562619489541,25.3562619489541,23.2279886977088,22.3957674388887,21.4897196047167,20.1876103123101,15.8837494871676,13.7275131010387,11.7897652320057,10.2611010507995,9.72235287426935,11.1624997378498,11.3042103429384,12.4908508526223,13.795098358855,13.795098358855,13.795098358855
120,"CMR","Cameroon",50.2620466033811,50.2620466033811,50.2620466033811,50.2620466033811,50.2620466033811,50.2620466033811,50.2620466033811,50.2620466033811,50.2620466033811,50.2620466033811,50.2620466033811,50.5516986963831,49.0746061003231,48.3020121623304,47.3396182518952,45.2019763347351,45.7118643333844,45.3830298111042,42.6878198950701,37.015205580306,36.3745378450912,33.9677003612757,30.9947286858061,30.3083326731172,30.3083326731172,30.3083326731172
124,"CAN","Canada",28.0286063699361,28.0286063699361,28.0286063699361,28.0286063699361,28.0286063699361,28.0286063699361,28.0286063699361,28.0286063699361,28.0286063699361,28.0286063699361,28.0286063699361,26.8683457415354,27.0805867336893,26.7183505007164,27.988753985032,28.9688538656371,29.2791386430445,28.743541415911,27.7319448048892,26.5508258090402,25.9186264086976,25.9937037372227,25.9795717512898,26.6522828821696,26.6522828821696,26.6522828821696
136,"CYM","Cayman Islands",45.1285917162201,45.1285917162201,45.1285917162201,45.1285917162201,45.1285917162201,45.1285917162201,45.1285917162201,45.1285917162201,45.1285917162201,45.1285917162201,45.1285917162201,45.6969194270621,44.1915928967463,41.1144878366614,42.9630141589958,39.7719670995229,37.913749498138,38.6412631630988,39.8632778468673,42.1688946263035,47.5732765724305,43.3192261648198,37.2258029369233,35.6208906283872,35.6208906283872,35.6208906283872
140,"CAF","Central African Republic",57.0892052966025,57.0892052966025,57.0892052966025,57.0892052966025,57.0892052966025,57.0892052966025,57.0892052966025,57.0892052966025,57.0892052966025,57.0892052966025,57.0892052966025,54.6223590620653,54.3813645678778,52.9648438876678,50.6938172400801,49.55856210127,50.0622489363771,48.9383253678897,48.2925428866159,47.8108961733796,48.9008832376633,48.7933589619429,48.4469839457455,48.6171005594835,48.6171005594835,48.6171005594835
148,"TCD","Chad",40.6061315736502,40.6061315736502,40.6061315736502,40.6061315736502,40.6061315736502,40.6061315736502,40.6061315736502,40.6061315736502,40.6061315736502,40.6061315736502,40.6061315736502,35.2168016988484,37.3916545919943,31.2221324778305,30.3252930452627,30.6380343735921,34.0614314017485,31.5020453673472,32.3111546908087,29.4467906359789,26.6804468042677,24.4937111898396,21.1508732804213,18.6441261823502,18.6441261823502,18.6441261823502
152,"CHL","Chile",30.1263951013181,30.1263951013181,30.1263951013181,30.1263951013181,30.1263951013181,30.1263951013181,30.1263951013181,30.1263951013181,30.1263951013181,30.1263951013181,30.1263951013181,29.5686853650103,28.3886849639679,27.3891735115479,27.3223700518143,27.6948805368879,27.5140773350768,26.2907649214249,26.754791399062,26.07366192563,25.7630653194559,25.4602595451095,24.6638390332052,25.1621083919974,25.1621083919974,25.1621083919974
156,"CHN","China",40.1700917557617,40.1700917557617,40.1700917557617,40.1700917557617,40.1700917557617,40.1700917557617,40.1700917557617,40.1700917557617,40.1700917557617,40.1700917557617,40.1700917557617,37.7367259396778,35.3793111077928,33.0670339730184,32.6390347464759,31.6325263738411,31.540394439248,31.7302258874976,32.9733936847152,33.2760629392133,33.9113323581021,33.3539315272942,33.1774793400427,32.6168347960149,32.6168347960149,32.6168347960149
170,"COL","Colombia",37.9063821853548,37.9063821853548,37.9063821853548,37.9063821853548,37.9063821853548,37.9063821853548,37.9063821853548,37.9063821853548,37.9063821853548,37.9063821853548,37.9063821853548,38.4364960248556,37.3168904446006,36.0327694472286,36.2114161539088,36.1175899185615,36.1192154558021,36.591125880498,37.7251462680329,38.1925923800368,38.959742862932,37.6129084502316,35.3379800180031,33.2632129292744,33.2632129292744,33.2632129292744
174,"COM","Comoros",62.3406617009613,62.3406617009613,62.3406617009613,62.3406617009613,62.3406617009613,62.3406617009613,62.3406617009613,62.3406617009613,62.3406617009613,62.3406617009613,62.3406617009613,63.7119716230854,61.7069927778754,61.3514975189758,58.1790315069291,57.9473331775143,54.3424508146982,52.9796423088407,34.0519308356799,27.9270102914916,26.7785237764621,26.7720097063841,26.1990647616936,32.0781264996559,32.0781264996559,32.0781264996559
184,"COK","Cook Islands",NA,NA,NA,NA,NA,NA,NA,NA,NA,NA,NA,NA,NA,NA,NA,NA,NA,NA,NA,NA,NA,NA,NA,NA,NA,NA
188,"CRI","Costa Rica",34.0695926762489,34.0695926762489,34.0695926762489,34.0695926762489,34.0695926762489,34.0695926762489,34.0695926762489,34.0695926762489,34.0695926762489,34.0695926762489,34.0695926762489,35.1968299388717,35.6087920230494,32.8613144626298,30.7447897645185,31.2802178522146,31.2101307157129,31.3830219127845,33.8896708008193,36.3910308276492,39.0056689114543,38.0742425983499,35.2127308569779,34.2541304336691,34.2541304336691,34.2541304336691
384,"CIV","Cote d'Ivoire",25.6893975858362,25.6893975858362,25.6893975858362,25.6893975858362,25.6893975858362,25.6893975858362,25.6893975858362,25.6893975858362,25.6893975858362,25.6893975858362,25.6893975858362,26.3843058308789,28.0229985938284,26.7449839316434,25.0699212367369,24.3879182489057,23.7472104252741,23.6260956298645,22.563497858606,18.3253027821554,17.4490963972854,16.1551198444185,13.1988209305204,11.7776630124822,11.7776630124822,11.7776630124822
191,"HRV","Croatia",44.7553515454816,44.7553515454816,44.7553515454816,44.7553515454816,44.7553515454816,44.7553515454816,44.7553515454816,44.7553515454816,44.7553515454816,44.7553515454816,44.7553515454816,45.6767282464907,44.9749452319027,43.4303741745311,46.3142427515557,45.6999241413515,45.1400718471791,43.8480371160182,44.4826583324697,43.3277458258309,43.9027906142006,42.28292932154,41.7715132660612,38.9827418573121,38.9827418573121,38.9827418573121
192,"CUB","Cuba",32.2004852471496,32.2004852471496,32.2004852471496,32.2004852471496,32.2004852471496,32.2004852471496,32.2004852471496,32.2004852471496,32.2004852471496,32.2004852471496,32.2004852471496,33.3709765518336,34.7634345071369,32.7658060435103,33.8123532137236,34.6425967974534,33.8487420569028,33.3853149604147,35.5973746779009,38.11307730046,38.6305053135747,28.2400840379889,21.9419520737253,21.296050574794,21.296050574794,21.296050574794
531,"CUW","Curacao",69.8812528384497,69.8812528384497,69.8812528384497,69.8812528384497,69.8812528384497,69.8812528384497,69.8812528384497,69.8812528384497,69.8812528384497,69.8812528384497,69.8812528384497,65.642424604023,61.1434073276718,56.8954136271746,53.7207866549108,53.0376465112415,53.7207866549108,51.7729617009156,51.1850674627755,53.0376465112415,53.7207866549108,53.7207866549108,58.8419614409142,65.642424604023,65.642424604023,65.642424604023
196,"CYP","Cyprus",56.0393689881353,56.0393689881353,56.0393689881353,56.0393689881353,56.0393689881353,56.0393689881353,56.0393689881353,56.0393689881353,56.0393689881353,56.0393689881353,56.0393689881353,57.0667676214319,39.0322803111125,38.1743150663275,38.540217177616,38.198382068264,37.4841820458716,50.8180628151003,53.7443688108125,54.8174858205071,56.9072379598635,43.5078230556504,37.9243375120088,37.7139330257865,37.7139330257865,37.7139330257865
203,"CZE","Czech Republic",33.2536806503998,33.2536806503998,33.2536806503998,33.2536806503998,33.2536806503998,33.2536806503998,33.2536806503998,33.2536806503998,33.2536806503998,33.2536806503998,33.2536806503998,32.0845265135744,29.2659709255672,27.1976325781202,27.1898455016808,28.7764242400205,26.7382641811609,27.824762123946,29.338522798772,29.2652786549725,30.618766686521,30.4357755900745,28.2559635645143,24.0059561913122,24.0059561913122,24.0059561913122
180,"COD","Dem. Rep. Congo",39.3183929430074,39.3183929430074,39.3183929430074,39.3183929430074,39.3183929430074,39.3183929430074,39.3183929430074,39.3183929430074,39.3183929430074,39.3183929430074,39.3183929430074,39.3323240248419,39.6428634392531,38.8742871734295,37.5929821111979,36.0104199230251,36.1189716169069,35.3664867511639,33.3035186223908,30.9442811073425,30.5898400815151,28.032122841169,26.1437679248511,25.22786614937,25.22786614937,25.22786614937
208,"DNK","Denmark",27.1522681198224,27.1522681198224,27.1522681198224,27.1522681198224,27.1522681198224,27.1522681198224,27.1522681198224,27.1522681198224,27.1522681198224,27.1522681198224,27.1522681198224,26.5669558730931,24.6525897535811,22.3659731808628,20.528236540992,22.5478019351014,23.5713117524437,23.5375789852667,25.8007537217538,26.6437116393037,27.9093790291553,26.8515840189571,26.9067545038377,26.1629717912135,26.1629717912135,26.1629717912135
262,"DJI","Djibouti",NA,NA,NA,NA,NA,NA,NA,NA,NA,NA,NA,NA,NA,NA,NA,NA,NA,NA,NA,NA,NA,NA,NA,NA,NA,NA
212,"DMA","Dominica",56.8165794289391,56.8165794289391,56.8165794289391,56.8165794289391,56.8165794289391,56.8165794289391,56.8165794289391,56.8165794289391,56.8165794289391,56.8165794289391,56.8165794289391,56.6197481556998,54.8034958051062,51.4971307390239,51.6720445713716,50.0617529206014,49.3091836615072,45.986929105426,48.1910756923772,50.4555177150604,54.6912015032604,57.0165212137425,0,0,0,0
214,"DOM","Dominican Republic",26.333003690773,26.333003690773,26.333003690773,26.333003690773,26.333003690773,26.333003690773,26.333003690773,26.333003690773,26.333003690773,26.333003690773,26.333003690773,25.9830481558352,25.1122498331823,23.5784383184291,24.3187624378666,25.9623491152043,26.0349443946413,25.7434325784923,27.2298553428378,27.2779555141139,27.1036938140099,25.1712944375737,23.8664516029624,23.6947996020355,23.6947996020355,23.6947996020355
218,"ECU","Ecuador",41.8727435445928,41.8727435445928,41.8727435445928,41.8727435445928,41.8727435445928,41.8727435445928,41.8727435445928,41.8727435445928,41.8727435445928,41.8727435445928,41.8727435445928,42.6080703932469,40.3459010515771,38.0113199637222,36.9155477550341,37.2609432803797,36.844759903371,36.1651917047754,36.3374242951614,37.7255769783573,37.92981235554,37.9079915562731,38.0840708621388,38.6411964229655,38.6411964229655,38.6411964229655
818,"EGY","Egypt",57.5872021340164,57.5872021340164,57.5872021340164,57.5872021340164,57.5872021340164,57.5872021340164,57.5872021340164,57.5872021340164,57.5872021340164,57.5872021340164,57.5872021340164,61.5790997660353,60.315973750105,59.5012888187335,61.1438951231627,59.4637725721385,57.3631190457439,49.1071703476278,48.8131999633704,47.9852864964675,48.9756729035714,50.0324282303726,59.7670642478495,61.0586221459746,61.0586221459746,61.0586221459746
222,"SLV","El Salvador",25.9025174195162,25.9025174195162,25.9025174195162,25.9025174195162,25.9025174195162,25.9025174195162,25.9025174195162,25.9025174195162,25.9025174195162,25.9025174195162,25.9025174195162,28.1052863274707,28.9660598976542,30.4522008555633,30.6094581211838,32.5533155724272,33.5472303273541,33.8933350048062,34.9294308874197,36.704730400077,37.1966607963149,34.8976656690684,33.1527520856202,32.6830007428409,32.6830007428409,32.6830007428409
226,"GNQ","Equatorial Guinea",51.8067781128303,51.8067781128303,51.8067781128303,51.8067781128303,51.8067781128303,51.8067781128303,51.8067781128303,51.8067781128303,51.8067781128303,51.8067781128303,51.8067781128303,54.958290340843,54.7217296282757,51.0237286407938,46.1713794380687,42.8407627727775,39.5192554830291,38.7259992922049,37.7166873946781,33.2750577524221,33.0341029024412,32.5433915012258,30.8394496284071,30.7176357027606,30.7176357027606,30.7176357027606
232,"ERI","Eritrea",0,0,0,0,0,0,0,0,0,0,0,100,100,100,100,100,100,100,100,100,100,100,100,100,100,100
233,"EST","Estonia",26.587830448454,26.587830448454,26.587830448454,26.587830448454,26.587830448454,26.587830448454,26.587830448454,26.587830448454,26.587830448454,26.587830448454,26.587830448454,25.8149780935023,26.7262926516257,24.7877600706277,24.6841296802073,23.7769555999323,23.083318911103,22.9010279164067,23.0506616411557,22.4798601014552,22.0268898156816,21.0247217756572,18.9660399570403,17.0593596905628,17.0593596905628,17.0593596905628
748,"SWZ","Eswatini",18.4202182515692,18.4202182515692,18.4202182515692,18.4202182515692,18.4202182515692,18.4202182515692,18.4202182515692,18.4202182515692,18.4202182515692,18.4202182515692,18.4202182515692,17.1853014384363,16.0682615329703,16.5476558213944,14.523435717267,13.7912102787312,16.2989704227034,17.5560937484553,18.2324545685494,21.2602345572455,23.5307989356943,22.0430607670309,20.3323714555419,21.0286128174075,21.0286128174075,21.0286128174075
231,"ETH","Ethiopia",47.3457457550051,47.3457457550051,47.3457457550051,47.3457457550051,47.3457457550051,47.3457457550051,47.3457457550051,47.3457457550051,47.3457457550051,47.3457457550051,47.3457457550051,47.3226208538023,45.1938568396173,43.7087067687153,41.6726384720341,41.1729368269316,40.7920992861908,39.132714763705,38.4869289549285,38.1736580129697,39.0952309809303,38.7041912284691,39.3028777928163,40.5348429627923,40.5348429627923,40.5348429627923
234,"FRO","Faeroe Islands",NA,NA,NA,NA,NA,NA,NA,NA,NA,NA,NA,NA,NA,NA,NA,NA,NA,NA,NA,NA,NA,NA,NA,NA,NA,NA
238,"FLK","Falkland Islands",100,100,100,100,100,100,100,100,100,100,100,100,100,100,100,100,100,100,100,100,100,100,100,100,100,100
242,"FJI","Fiji",50.0591793879443,50.0591793879443,50.0591793879443,50.0591793879443,50.0591793879443,50.0591793879443,50.0591793879443,50.0591793879443,50.0591793879443,50.0591793879443,50.0591793879443,48.7526334520511,46.6307757770967,45.5775309176699,45.9534900051827,45.1113801301103,46.8021513489537,48.1413731839409,47.6721883105448,45.1509788093057,45.7729477785989,38.4671696107204,37.2062734538068,38.0929286014764,38.0929286014764,38.0929286014764
246,"FIN","Finland",24.2640547812269,24.2640547812269,24.2640547812269,24.2640547812269,24.2640547812269,24.2640547812269,24.2640547812269,24.2640547812269,24.2640547812269,24.2640547812269,24.2640547812269,23.7538032959517,23.6031750840417,21.9679809136333,21.5620602079403,22.4358913824118,22.7706080115174,22.6468173053913,23.4251771043677,23.2655781046959,23.1866952860275,22.0044907843593,19.7660952933202,18.4247689602401,18.4247689602401,18.4247689602401
250,"FRA","France",36.9019483448825,36.9019483448825,36.9019483448825,36.9019483448825,36.9019483448825,36.9019483448825,36.9019483448825,36.9019483448825,36.9019483448825,36.9019483448825,36.9019483448825,35.754478115708,34.9622414924288,32.2491221792908,32.6209915047231,29.1305776749153,28.8500748500361,28.3057657163945,30.0976047611726,30.8935627214862,35.4635131783152,35.6352566224618,35.5330584940304,33.6496837934422,33.6496837934422,33.6496837934422
258,"PYF","French Polynesia",NA,NA,NA,NA,NA,NA,NA,NA,NA,NA,NA,NA,NA,NA,NA,NA,NA,NA,NA,NA,NA,NA,NA,NA,NA,NA
266,"GAB","Gabon",55.4845060743619,55.4845060743619,55.4845060743619,55.4845060743619,55.4845060743619,55.4845060743619,55.4845060743619,55.4845060743619,55.4845060743619,55.4845060743619,55.4845060743619,54.7801934893422,54.3565966976857,54.274677018961,53.0439391825759,54.0805453445651,54.2575145617035,54.1080967404401,50.4993328569401,47.381393656209,46.1066517150199,45.0070738692959,43.5085168847416,44.7453849812828,44.7453849812828,44.7453849812828
270,"GMB","Gambia",28.3109091498935,28.3109091498935,28.3109091498935,28.3109091498935,28.3109091498935,28.3109091498935,28.3109091498935,28.3109091498935,28.3109091498935,28.3109091498935,28.3109091498935,28.0964960631129,26.9780805767676,12.1417864480167,13.8829356742928,13.2426329363821,12.4466632561569,12.7274783229452,28.6394995080141,27.6782719218629,29.20685601226,32.6539331855511,39.064182744625,40.6808215391418,40.6808215391418,40.6808215391418
268,"GEO","Georgia",66.1687257144663,66.1687257144663,66.1687257144663,66.1687257144663,66.1687257144663,66.1687257144663,66.1687257144663,66.1687257144663,66.1687257144663,66.1687257144663,66.1687257144663,66.5861801483884,65.2063125711082,63.9411968479034,68.7465728689375,67.7457508671955,67.7280093938313,69.724997534619,71.9975756016141,73.8167287781052,79.3393348129339,79.4463114669923,82.073559004389,81.544851267357,81.544851267357,81.544851267357
276,"DEU","Germany",40.5258155043797,40.5258155043797,40.5258155043797,40.5258155043797,40.5258155043797,40.5258155043797,40.5258155043797,40.5258155043797,40.5258155043797,40.5258155043797,40.5258155043797,37.9587690275624,32.6420308800357,29.8862281835615,30.6331988996517,29.0315624762309,29.3882659206182,32.6764638722727,35.5645921117351,36.1111043243736,41.826853010664,42.7094790108018,41.8747400756413,38.214796292407,38.214796292407,38.214796292407
288,"GHA","Ghana",26.4293472256583,26.4293472256583,26.4293472256583,26.4293472256583,26.4293472256583,26.4293472256583,26.4293472256583,26.4293472256583,26.4293472256583,26.4293472256583,26.4293472256583,27.4855131068062,30.3357195154022,29.301888346229,27.8037587951434,29.3954306686073,28.7074456737526,28.9711386289312,26.0726404583636,21.931534242875,20.3972895417808,17.5724303975365,15.3748788923129,13.6924847257688,13.6924847257688,13.6924847257688
300,"GRC","Greece",42.1812848864236,42.1812848864236,42.1812848864236,42.1812848864236,42.1812848864236,42.1812848864236,42.1812848864236,42.1812848864236,42.1812848864236,42.1812848864236,42.1812848864236,44.5147021931594,32.5669441085902,29.4613344460916,29.4987593088085,28.9742449258883,29.1389004834314,35.0571653062696,39.1772072192228,40.0868026619179,41.5187802104675,41.5821437470348,43.3749746653377,42.8441976638841,42.8441976638841,42.8441976638841
304,"GRL","Greenland",NA,NA,NA,NA,NA,NA,NA,NA,NA,NA,NA,NA,NA,NA,NA,NA,NA,NA,NA,NA,NA,NA,NA,NA,NA,NA
308,"GRD","Grenada",26.3208611535934,26.3208611535934,26.3208611535934,26.3208611535934,26.3208611535934,26.3208611535934,26.3208611535934,26.3208611535934,26.3208611535934,26.3208611535934,26.3208611535934,26.3208611535934,26.3061256829349,26.4244927846105,39.3208137802394,35.3871419912823,35.1479237642071,36.0057563648244,37.3066761485206,37.6629669931568,44.9307944195585,43.8252847338933,44.6138950797359,40.1727530420151,40.1727530420151,40.1727530420151
320,"GTM","Guatemala",20.5081407890583,20.5081407890583,20.5081407890583,20.5081407890583,20.5081407890583,20.5081407890583,20.5081407890583,20.5081407890583,20.5081407890583,20.5081407890583,20.5081407890583,20.5343955259493,18.2802217981881,18.9048598393304,18.0052541342313,19.2338038797125,19.6157493811071,21.0698174688027,21.8957785402207,22.9077501346888,23.1409491889403,18.3022048077685,18.4288539887865,17.9648936276549,17.9648936276549,17.9648936276549
831,"GGY","Guernsey",100,100,100,100,100,100,100,100,100,100,100,100,100,100,100,100,100,100,100,100,100,100,100,100,100,100
324,"GIN","Guinea",39.1386576819101,39.1386576819101,39.1386576819101,39.1386576819101,39.1386576819101,39.1386576819101,39.1386576819101,39.1386576819101,39.1386576819101,39.1386576819101,39.1386576819101,39.6141684008297,38.9071597820421,37.2946729439136,36.5459092496298,36.3766019617416,35.033625370939,36.0372578246061,26.6323099680768,21.8467768422341,17.4100702285406,13.3144653845356,9.9560012201128,9.44405997745886,9.44405997745886,9.44405997745886
624,"GNB","Guinea-Bissau",34.3540825655743,34.3540825655743,34.3540825655743,34.3540825655743,34.3540825655743,34.3540825655743,34.3540825655743,34.3540825655743,34.3540825655743,34.3540825655743,34.3540825655743,34.6170459736023,34.6376194468517,33.0399833557241,30.3687029658422,29.8525789696725,28.7213270293101,29.9954914550804,23.060409307914,21.6431758165574,19.6784130935621,17.1720899018301,14.904816851511,15.9613922671498,15.9613922671498,15.9613922671498
328,"GUY","Guyana",62.5826501055062,62.5826501055062,62.5826501055062,62.5826501055062,62.5826501055062,62.5826501055062,62.5826501055062,62.5826501055062,62.5826501055062,62.5826501055062,62.5826501055062,64.3043080190822,64.1187806554586,63.246771935355,61.6203620595918,60.1532296694063,59.3893750761204,57.1948097635549,57.8094646165494,56.8043288549763,56.0881599224534,52.4163736322802,51.3543982979767,50.6241133622881,50.6241133622881,50.6241133622881
332,"HTI","Haiti",38.1380150752496,38.1380150752496,38.1380150752496,38.1380150752496,38.1380150752496,38.1380150752496,38.1380150752496,38.1380150752496,38.1380150752496,38.1380150752496,38.1380150752496,39.8909297336876,39.9572245777122,38.4291747635009,38.3233297811639,38.2675762542385,36.6064258469555,34.3674606204391,33.4805540648131,32.3290240765836,31.5575641605523,23.6391980955355,23.1578916356292,22.797292811742,22.797292811742,22.797292811742
336,"VAT","Holy See",100,100,100,100,100,100,100,100,100,100,100,100,100,100,100,100,100,100,100,100,100,100,100,100,100,100
340,"HND","Honduras",29.8866187152413,29.8866187152413,29.8866187152413,29.8866187152413,29.8866187152413,29.8866187152413,29.8866187152413,29.8866187152413,29.8866187152413,29.8866187152413,29.8866187152413,29.9414345261531,29.1712373101314,28.5255145926489,26.9930330142907,26.6734676181096,26.0732824823911,26.6275896050323,26.608281116337,26.2776740812684,26.0520258108521,20.3021825884255,17.8069048020369,16.9287512449664,16.9287512449664,16.9287512449664
344,"HKG","Hong Kong",71.814543935739,71.814543935739,71.814543935739,71.814543935739,71.814543935739,71.814543935739,71.814543935739,71.814543935739,71.814543935739,71.814543935739,71.814543935739,68.569398117723,66.304109537615,63.3318177956275,59.7331084657368,59.2672191869327,59.9243761227477,61.3508998206592,64.1122496902528,67.828231802345,65.9889775510004,62.1293915202039,55.3626164716273,47.8009707864178,47.8009707864178,47.8009707864178
348,"HUN","Hungary",30.2942739213489,30.2942739213489,30.2942739213489,30.2942739213489,30.2942739213489,30.2942739213489,30.2942739213489,30.2942739213489,30.2942739213489,30.2942739213489,30.2942739213489,30.1572450971132,29.6899719330216,28.842428973285,29.3562263341254,29.130670713552,29.069440143921,28.4127644789446,28.4020202915191,27.1931317415734,27.3140173617735,26.0479931897007,25.5994386973636,24.6603143615039,24.6603143615039,24.6603143615039
352,"ISL","Iceland",NA,NA,NA,NA,NA,NA,NA,NA,NA,NA,NA,NA,NA,NA,NA,NA,NA,NA,NA,NA,NA,NA,NA,NA,NA,NA
356,"IND","India",43.4392981502025,43.4392981502025,43.4392981502025,43.4392981502025,43.4392981502025,43.4392981502025,43.4392981502025,43.4392981502025,43.4392981502025,43.4392981502025,43.4392981502025,43.2281244731284,42.38869847143,40.9854600504604,40.8088978268579,41.1976244146441,40.4741941427192,39.7862999389758,39.9484252627036,38.1645601840871,36.4771181354185,34.5237985342585,32.6942986970236,31.7986743831188,31.7986743831188,31.7986743831188
360,"IDN","Indonesia",26.8091059245674,26.8091059245674,26.8091059245674,26.8091059245674,26.8091059245674,26.8091059245674,26.8091059245674,26.8091059245674,26.8091059245674,26.8091059245674,26.8091059245674,25.0493634871121,23.8391959383172,22.1167407252497,20.9349711716542,20.7694512555814,20.5834638004906,19.2009976532563,19.5936965504495,19.6732523125935,18.9657241390531,17.7330660579117,19.0859948421618,18.9685766551981,18.9685766551981,18.9685766551981
364,"IRN","Iran",69.8752482012789,69.8752482012789,69.8752482012789,69.8752482012789,69.8752482012789,69.8752482012789,69.8752482012789,69.8752482012789,69.8752482012789,69.8752482012789,69.8752482012789,71.4243980450452,75.7789072731709,75.2543349912427,76.3007766179306,75.9504830960175,74.8181636428621,72.0251525973539,75.0573448394137,76.4154622876047,79.2118819325771,83.572246932349,93.1949159856142,93.2432239449039,93.2432239449039,93.2432239449039
368,"IRQ","Iraq",57.3611791206829,57.3611791206829,57.3611791206829,57.3611791206829,57.3611791206829,57.3611791206829,57.3611791206829,57.3611791206829,57.3611791206829,57.3611791206829,57.3611791206829,59.8326648479242,59.4960102824091,59.4960102824091,56.5461014320081,54.5989168962611,55.0583456920818,55.0583456920818,59.1680816927064,64.2844413966648,71.213638612681,74.0191177534157,87.7422853153477,96.2513944654785,96.2513944654785,96.2513944654785
372,"IRL","Ireland",23.2372000787536,23.2372000787536,23.2372000787536,23.2372000787536,23.2372000787536,23.2372000787536,23.2372000787536,23.2372000787536,23.2372000787536,23.2372000787536,23.2372000787536,25.0644453367303,22.4445313126919,20.8264487944064,20.7075423737755,22.1566937357462,22.9556038285162,25.443191572836,26.4947048289208,27.2922315145388,26.9554280842918,24.0060451774779,23.881106701111,22.4685997830191,22.4685997830191,22.4685997830191
833,"IMN","Isle of Man",52.871358082038,52.871358082038,52.871358082038,52.871358082038,52.871358082038,52.871358082038,52.871358082038,52.871358082038,52.871358082038,52.871358082038,52.871358082038,50.3120005504129,46.9956068951651,47.3239834792792,42.0870173615895,38.3940508975874,39.781392852935,39.8733676507771,38.4764427293105,38.7268871607559,42.4212715964181,41.7613666978382,43.117497746694,43.7284627019272,43.7284627019272,43.7284627019272
376,"ISR","Israel",33.6219162286434,33.6219162286434,33.6219162286434,33.6219162286434,33.6219162286434,33.6219162286434,33.6219162286434,33.6219162286434,33.6219162286434,33.6219162286434,33.6219162286434,34.0375177770145,35.8820899946935,34.8555968843641,34.1435868001354,35.5206899427331,20.8366337240908,20.8366337240908,21.0146234279232,20.7439510649512,21.0903220747643,38.6737984762062,36.8335091141133,36.999274354728,36.999274354728,36.999274354728
380,"ITA","Italy",47.4093262232436,47.4093262232436,47.4093262232436,47.4093262232436,47.4093262232436,47.4093262232436,47.4093262232436,47.4093262232436,47.4093262232436,47.4093262232436,47.4093262232436,47.6423721617209,47.483550952267,44.9605923555152,45.4517447576488,44.4767374263877,43.9995068741336,42.2978151784165,42.2373193323507,41.455235011191,41.7106979050881,39.8233557398772,38.2600334901868,35.7949121108034,35.7949121108034,35.7949121108034
388,"JAM","Jamaica",31.3604898540034,31.3604898540034,31.3604898540034,31.3604898540034,31.3604898540034,31.3604898540034,31.3604898540034,31.3604898540034,31.3604898540034,31.3604898540034,31.3604898540034,30.1475644184348,30.4313136371255,29.6914584415057,29.9547851491106,34.5345631152339,34.9780756042815,33.6023107134533,34.3102273084419,35.0590149353256,34.4726041450616,34.8911521800703,35.3352310556584,34.3568533082051,34.3568533082051,34.3568533082051
392,"JPN","Japan",47.8644328019123,47.8644328019123,47.8644328019123,47.8644328019123,47.8644328019123,47.8644328019123,47.8644328019123,47.8644328019123,47.8644328019123,47.8644328019123,47.8644328019123,46.6112437557809,45.1452882600264,43.7311118630878,43.5070061847487,43.5456102800368,43.7358588108969,43.7323142547706,44.9024361647389,45.82351674705,46.1745441527235,44.7866218658206,44.6533307002338,42.9138551842583,42.9138551842583,42.9138551842583
832,"JEY","Jersey",57.6103854642508,57.6103854642508,57.6103854642508,57.6103854642508,57.6103854642508,57.6103854642508,57.6103854642508,57.6103854642508,57.6103854642508,57.6103854642508,57.6103854642508,75.0775383070144,75.0775383070144,61.2421518258801,61.2421518258801,46.0316846303557,42.7143845054776,37.2665510081865,38.5990778406153,39.3219530887794,46.0316846303557,50.5403174456611,75.0775383070144,75.0775383070144,75.0775383070144,75.0775383070144
400,"JOR","Jordan",62.168944624159,62.168944624159,62.168944624159,62.168944624159,62.168944624159,62.168944624159,62.168944624159,62.168944624159,62.168944624159,62.168944624159,62.168944624159,62.168944624159,62.168944624159,62.168944624159,79.6046196460363,79.6046196460363,100,100,100,79.6046196460363,79.6046196460363,79.6046196460363,79.6046196460363,79.6046196460363,79.6046196460363,79.6046196460363
398,"KAZ","Kazakhstan",49.9813316624265,49.9813316624265,49.9813316624265,49.9813316624265,49.9813316624265,49.9813316624265,49.9813316624265,49.9813316624265,49.9813316624265,49.9813316624265,49.9813316624265,50.9188003753907,49.8154299969262,49.0320660536797,48.488469322601,48.5253374955914,47.5700485941336,48.0386793758733,49.0543033138754,53.1719740538605,55.8811544195406,60.2317262485098,65.0936170343597,69.4511453833145,69.4511453833145,69.4511453833145
404,"KEN","Kenya",28.6199158537643,28.6199158537643,28.6199158537643,28.6199158537643,28.6199158537643,28.6199158537643,28.6199158537643,28.6199158537643,28.6199158537643,28.6199158537643,28.6199158537643,28.3729459328574,27.5323308532207,26.7623858503897,26.6709724948163,25.431135564916,25.837956377561,26.8880540204622,27.6657842358694,28.0018613400371,29.0795467287231,28.8058838329107,28.1637463887113,27.8238287566959,27.8238287566959,27.8238287566959
296,"KIR","Kiribati",NA,NA,NA,NA,NA,NA,NA,NA,NA,NA,NA,NA,NA,NA,NA,NA,NA,NA,NA,NA,NA,NA,NA,NA,NA,NA
689,"XKX","Kosovo",NA,NA,NA,NA,NA,NA,NA,NA,NA,NA,NA,NA,NA,NA,NA,NA,NA,NA,NA,NA,NA,NA,NA,NA,NA,NA
414,"KWT","Kuwait",NA,NA,NA,NA,NA,NA,NA,NA,NA,NA,NA,NA,NA,NA,NA,NA,NA,NA,NA,NA,NA,NA,NA,NA,NA,NA
417,"KGZ","Kyrgyzstan",61.1427012444083,61.1427012444083,61.1427012444083,61.1427012444083,61.1427012444083,61.1427012444083,61.1427012444083,61.1427012444083,61.1427012444083,61.1427012444083,61.1427012444083,67.0308966989996,70.6902234554358,70.8374012633684,70.6276675945502,67.3800498171009,67.3800498171009,67.7391121530441,69.1380626924587,73.2023944272175,82.6997155243914,89.6481982385395,92.700935249819,93.5630125119755,93.5630125119755,93.5630125119755
418,"LAO","Laos",33.9745551529134,33.9745551529134,33.9745551529134,33.9745551529134,33.9745551529134,33.9745551529134,33.9745551529134,33.9745551529134,33.9745551529134,33.9745551529134,33.9745551529134,30.8890855859248,28.6515663164718,28.8244915923846,26.8005560024347,24.7111001376578,24.5508949461485,24.2739678842478,22.1159019905955,20.6448976744069,19.0797286085201,16.2178020102941,14.3541633830429,13.6109648685184,13.6109648685184,13.6109648685184
428,"LVA","Latvia",22.2223938012462,22.2223938012462,22.2223938012462,22.2223938012462,22.2223938012462,22.2223938012462,22.2223938012462,22.2223938012462,22.2223938012462,22.2223938012462,22.2223938012462,21.0711027521425,20.535134611886,19.9469745409832,19.641347555242,19.1048825091115,18.7164796322771,18.8380614031835,18.9396268602203,19.1219786691198,20.3749845627951,20.3594518499958,19.4411155599031,18.1811526623818,18.1811526623818,18.1811526623818
422,"LBN","Lebanon",36.5436076093308,36.5436076093308,36.5436076093308,36.5436076093308,36.5436076093308,36.5436076093308,36.5436076093308,36.5436076093308,36.5436076093308,36.5436076093308,36.5436076093308,38.9599548655878,35.9637789767149,32.2320245951358,30.0533402612192,31.797022158332,31.8668252072746,32.9084944880205,35.7445216722715,38.5125323140366,37.5366805066821,35.6767757241252,34.2110563604458,33.1275296652138,33.1275296652138,33.1275296652138
426,"LSO","Lesotho",64.3038293424778,64.3038293424778,64.3038293424778,64.3038293424778,64.3038293424778,64.3038293424778,64.3038293424778,64.3038293424778,64.3038293424778,64.3038293424778,64.3038293424778,62.974895690867,62.974895690867,58.7283364036977,57.8571815182251,57.8571815182251,57.0421635217315,57.0421635217315,54.8715142088645,49.9716366315186,50.4312832434546,45.4628200599456,43.9736120373016,43.9736120373016,43.9736120373016,43.9736120373016
430,"LBR","Liberia",36.5011603070769,36.5011603070769,36.5011603070769,36.5011603070769,36.5011603070769,36.5011603070769,36.5011603070769,36.5011603070769,36.5011603070769,36.5011603070769,36.5011603070769,35.8106375932848,37.0857128576226,35.6323578869306,30.3928822300005,29.8423229767399,29.9486030050908,28.3774712366442,23.2387373919212,20.4290830508374,16.4370904562473,13.930653632425,11.8816254901015,11.1886249972751,11.1886249972751,11.1886249972751
434,"LBY","Libya",33.6918381495756,33.6918381495756,33.6918381495756,33.6918381495756,33.6918381495756,33.6918381495756,33.6918381495756,33.6918381495756,33.6918381495756,33.6918381495756,33.6918381495756,33.8032816759291,38.8201273106251,42.4581723800221,43.8645842533649,47.2562528727815,48.990603322483,48.6241920373174,34.0291574782169,34.1436257538492,35.2232975454472,36.4037693908427,35.7344061281486,57.748295824683,57.748295824683,57.748295824683
438,"LIE","Liechtenstein",62.4531016395427,62.4531016395427,62.4531016395427,62.4531016395427,62.4531016395427,62.4531016395427,62.4531016395427,62.4531016395427,62.4531016395427,62.4531016395427,62.4531016395427,56.819340772582,53.3121671081861,49.967191097577,51.5294590653926,52.2127051542366,56.3239827257519,59.0209807036518,66.0810844485295,67.1776669052643,68.3783865422499,64.13749947322,64.13749947322,59.6369343608561,59.6369343608561,59.6369343608561
440,"LTU","Lithuania",28.0792653648343,28.0792653648343,28.0792653648343,28.0792653648343,28.0792653648343,28.0792653648343,28.0792653648343,28.0792653648343,28.0792653648343,28.0792653648343,28.0792653648343,26.242608373223,25.2582532344731,24.2515731542646,24.0533337369977,23.8615770304341,23.2374941112606,23.0160513860085,23.195889224706,22.9760002189998,23.8209889308971,23.268716755292,22.1520152607579,21.413965733677,21.413965733677,21.413965733677
442,"LUX","Luxembourg",45.9012966901068,45.9012966901068,45.9012966901068,45.9012966901068,45.9012966901068,45.9012966901068,45.9012966901068,45.9012966901068,45.9012966901068,45.9012966901068,45.9012966901068,41.103898610449,36.5078793521077,30.1697143783145,30.7335463834198,26.6592017428308,26.3060278302018,26.5530561957351,29.5976290746127,28.4960471283414,31.5852727388357,31.1461639441249,31.3298470820614,30.6807053090184,30.6807053090184,30.6807053090184
446,"MAC","Macao",49.4196091551049,49.4196091551049,49.4196091551049,49.4196091551049,49.4196091551049,49.4196091551049,49.4196091551049,49.4196091551049,49.4196091551049,49.4196091551049,49.4196091551049,37.8339363277395,30.3992614029364,26.7600863747207,24.8100059484529,23.9371984064895,27.8608004023878,33.5781952799538,40.6559738911014,44.2937318319213,44.2937318319213,44.2937318319213,35.5279719486293,33.5781952799538,33.5781952799538,33.5781952799538
450,"MDG","Madagascar",28.3533346199933,28.3533346199933,28.3533346199933,28.3533346199933,28.3533346199933,28.3533346199933,28.3533346199933,28.3533346199933,28.3533346199933,28.3533346199933,28.3533346199933,28.8244828845997,26.1422772807437,25.2208403841222,24.0396503737843,23.7626333020022,22.0423775485719,23.1481722986213,20.1517191599303,16.4875641051079,14.4507625788572,12.4737744494226,9.65451358290862,9.21705902637795,9.21705902637795,9.21705902637795
454,"MWI","Malawi",32.0319116025037,32.0319116025037,32.0319116025037,32.0319116025037,32.0319116025037,32.0319116025037,32.0319116025037,32.0319116025037,32.0319116025037,32.0319116025037,32.0319116025037,30.7521111757503,29.509767472408,28.6080952263693,29.1825267304761,31.2425496310687,30.1998308757241,28.5394954565554,28.2584083803496,24.2462196548984,22.7301704322722,21.6647669974526,21.0764923386271,20.2046188202344,20.2046188202344,20.2046188202344
458,"MYS","Malaysia",19.0988682181271,19.0988682181271,19.0988682181271,19.0988682181271,19.0988682181271,19.0988682181271,19.0988682181271,19.0988682181271,19.0988682181271,19.0988682181271,19.0988682181271,19.0893273861112,18.3588684834634,17.0227620069094,15.2792855449616,14.9508322675564,14.2144179995803,13.0382386503088,13.2128064470879,13.0950487929395,12.9769749814323,12.4767744860342,13.19496987847,12.6723108381992,12.6723108381992,12.6723108381992
462,"MDV","Maldives",54.4643835047025,54.4643835047025,54.4643835047025,54.4643835047025,54.4643835047025,54.4643835047025,54.4643835047025,54.4643835047025,54.4643835047025,54.4643835047025,54.4643835047025,55.1864601983419,54.4643835047025,51.3671136816789,49.8176097234541,50.313321640015,47.1929297975476,48.8809019871324,50.313321640015,51.3671136816789,53.1332144230515,63.2154122854836,66.3843213828065,77.0399022972348,77.0399022972348,77.0399022972348
466,"MLI","Mali",25.6632700141933,25.6632700141933,25.6632700141933,25.6632700141933,25.6632700141933,25.6632700141933,25.6632700141933,25.6632700141933,25.6632700141933,25.6632700141933,25.6632700141933,30.3523935360968,31.5672889261886,29.8749904388812,29.8304490638852,30.4687661599382,29.0962945005993,30.1228109456139,24.5905443576914,23.004541678336,21.1846736699817,20.7434394811761,18.2343040309825,19.2617766001714,19.2617766001714,19.2617766001714
470,"MLT","Malta",35.0949814791606,35.0949814791606,35.0949814791606,35.0949814791606,35.0949814791606,35.0949814791606,35.0949814791606,35.0949814791606,35.0949814791606,35.0949814791606,35.0949814791606,35.0949814791606,35.0949814791606,35.0949814791606,100,100,43.8608844041457,43.8608844041457,43.8608844041457,43.8608844041457,43.8608844041457,100,100,100,100,100
584,"MHL","Marshall Islands",NA,NA,NA,NA,NA,NA,NA,NA,NA,NA,NA,NA,NA,NA,NA,NA,NA,NA,NA,NA,NA,NA,NA,NA,NA,NA
478,"MRT","Mauritania",0,0,0,0,0,0,0,0,0,0,0,26.1367889850092,26.1367889850092,100,100,100,100,100,100,100,100,100,100,100,100,100
480,"MUS","Mauritius",36.8196919417143,36.8196919417143,36.8196919417143,36.8196919417143,36.8196919417143,36.8196919417143,36.8196919417143,36.8196919417143,36.8196919417143,36.8196919417143,36.8196919417143,37.0102960899687,37.3438787117329,36.3945150573836,37.5856032604001,39.9633950382418,35.0684364555127,34.7891596796229,34.4373169883709,31.5477970764813,31.763415731346,37.2038155880335,39.5710916167698,43.9406521828886,43.9406521828886,43.9406521828886
484,"MEX","Mexico",34.2855801451824,34.2855801451824,34.2855801451824,34.2855801451824,34.2855801451824,34.2855801451824,34.2855801451824,34.2855801451824,34.2855801451824,34.2855801451824,34.2855801451824,33.9790482243392,33.135285694561,32.7085616120016,31.318006434743,31.8006514834895,31.7063037798722,32.2527749327897,31.8191443038479,33.2570651555304,32.8390206883891,31.7241718919673,30.2939761069005,29.7797269499609,29.7797269499609,29.7797269499609
583,"FSM","Micronesia",100,100,100,100,100,100,100,100,100,100,100,100,100,100,100,37.3809376524999,37.3809376524999,37.3809376524999,37.3809376524999,37.3809376524999,100,100,100,100,100,100
498,"MDA","Moldova",58.3374832050213,58.3374832050213,58.3374832050213,58.3374832050213,58.3374832050213,58.3374832050213,58.3374832050213,58.3374832050213,58.3374832050213,58.3374832050213,58.3374832050213,57.9999606880057,57.89899839591,57.3645468260067,58.4420205419414,57.4613171828478,57.1460978516611,44.8069110792829,44.6496560002035,43.7779822298394,42.351023142553,39.8804363824883,42.4692816958428,39.8149015520181,39.8149015520181,39.8149015520181
492,"MCO","Monaco",NA,NA,NA,NA,NA,NA,NA,NA,NA,NA,NA,NA,NA,NA,NA,NA,NA,NA,NA,NA,NA,NA,NA,NA,NA,NA
496,"MNG","Mongolia",24.6896428319128,24.6896428319128,24.6896428319128,24.6896428319128,24.6896428319128,24.6896428319128,24.6896428319128,24.6896428319128,24.6896428319128,24.6896428319128,24.6896428319128,25.4216133109493,22.866921341122,21.5520283072613,19.676445232163,19.5974564844745,20.2024134926229,21.0905600809485,25.6001521235868,38.1141794498526,38.5463261690788,38.3834423895869,41.2056245997695,38.6065522360361,38.6065522360361,38.6065522360361
499,"MNE","Montenegro",52.434357944257,52.434357944257,52.434357944257,52.434357944257,52.434357944257,52.434357944257,52.434357944257,52.434357944257,52.434357944257,52.434357944257,52.434357944257,56.8305060154382,51.4532162567248,46.4384951882211,47.6878290205431,47.5476545455838,46.425060134522,45.7485764158872,42.9865080549469,40.9168210475597,40.9799691493212,39.6783734598243,39.6626267775183,41.2246284319099,41.2246284319099,41.2246284319099
504,"MAR","Morocco",33.7122174923847,33.7122174923847,33.7122174923847,33.7122174923847,33.7122174923847,33.7122174923847,33.7122174923847,33.7122174923847,33.7122174923847,33.7122174923847,33.7122174923847,33.3103412158365,35.0213699074145,33.3603099091495,33.6410485988398,34.2817617161555,32.9219367387464,33.8581345146832,37.3465845282749,36.6047054079908,36.6592314530541,38.8323175955431,37.69757445496,35.8442438619054,35.8442438619054,35.8442438619054
508,"MOZ","Mozambique",33.0958595410738,33.0958595410738,33.0958595410738,33.0958595410738,33.0958595410738,33.0958595410738,33.0958595410738,33.0958595410738,33.0958595410738,33.0958595410738,33.0958595410738,30.5800907515021,29.9439657479543,27.7119137809219,26.0334751800276,25.4189087004868,25.721183686949,25.7004732063959,26.3021105644054,26.5527461560895,26.7473882472032,25.3116325701685,22.649064202424,22.5424457740608,22.5424457740608,22.5424457740608
104,"MMR","Myanmar",41.6132060053259,41.6132060053259,41.6132060053259,41.6132060053259,41.6132060053259,41.6132060053259,41.6132060053259,41.6132060053259,41.6132060053259,41.6132060053259,41.6132060053259,39.1369063237938,37.1175399587108,36.1787484932012,33.9327265427947,32.5980702256923,32.4646399329348,31.2615348897976,29.5063008753429,28.1218118026814,26.7890536594151,24.6541079674638,23.6821828895189,23.4399731131405,23.4399731131405,23.4399731131405
516,"NAM","Namibia",0.888428009723725,0.888428009723725,0.888428009723725,0.888428009723725,0.888428009723725,0.888428009723725,0.888428009723725,0.888428009723725,0.888428009723725,0.888428009723725,0.888428009723725,8.87296611110256,9.70242836726523,16.4039725399657,15.1162625440036,17.0212409054015,14.4968284536371,17.1271115156564,18.8926364039356,25.2738486236231,27.9708165015233,42.9097666262055,58.5392291756482,52.0865227099213,52.0865227099213,52.0865227099213
520,"NRU","Nauru",NA,NA,NA,NA,NA,NA,NA,NA,NA,NA,NA,NA,NA,NA,NA,NA,NA,NA,NA,NA,NA,NA,NA,NA,NA,NA
524,"NPL","Nepal",59.4926794567175,59.4926794567175,59.4926794567175,59.4926794567175,59.4926794567175,59.4926794567175,59.4926794567175,59.4926794567175,59.4926794567175,59.4926794567175,59.4926794567175,57.6743648270204,56.4290749892471,55.8204111238714,53.4769377474312,53.7671093266243,54.0839449183541,52.9702922204087,54.5165866174022,58.376647096253,60.349253556863,62.7673838582236,67.4022802099007,65.7502734021071,65.7502734021071,65.7502734021071
528,"NLD","Netherlands",43.6138796500933,43.6138796500933,43.6138796500933,43.6138796500933,43.6138796500933,43.6138796500933,43.6138796500933,43.6138796500933,43.6138796500933,43.6138796500933,43.6138796500933,41.6638529602695,39.8419797540318,38.1953072504317,37.7122967250926,34.6877532377296,35.1274385665959,36.1721855187413,37.2151807342808,38.4328365971522,44.2489988864861,43.5280605838022,42.4496822579188,40.6243859065095,40.6243859065095,40.6243859065095
540,"NCL","New Caledonia",53.0510349686282,53.0510349686282,53.0510349686282,53.0510349686282,53.0510349686282,53.0510349686282,53.0510349686282,53.0510349686282,53.0510349686282,53.0510349686282,53.0510349686282,49.9659967899344,49.3247132224092,49.9945468916148,51.0636202400921,53.1460109540996,57.2404806735148,57.6944903982452,52.6639775274772,50.3599091755119,50.492004493799,49.3247132224092,48.759225520069,47.4626755208864,47.4626755208864,47.4626755208864
554,"NZL","New Zealand",29.0248038074731,29.0248038074731,29.0248038074731,29.0248038074731,29.0248038074731,29.0248038074731,29.0248038074731,29.0248038074731,29.0248038074731,29.0248038074731,29.0248038074731,28.5194277718077,28.5447156642301,27.8230963079719,27.8671416501586,27.7171527665295,27.7883161525013,27.4986064760598,26.8486690705303,26.0976488971701,25.8074243453406,25.0885786450931,24.9111466006875,24.8546261262628,24.8546261262628,24.8546261262628
558,"NIC","Nicaragua",24.8271845217467,24.8271845217467,24.8271845217467,24.8271845217467,24.8271845217467,24.8271845217467,24.8271845217467,24.8271845217467,24.8271845217467,24.8271845217467,24.8271845217467,25.0821540035566,23.4927914651677,23.1980039381903,20.8019829519844,17.2273471579115,17.1110569842179,18.6393588697007,18.9334836821579,19.1652418648148,26.3352318168353,21.8344826637921,16.3942470012517,15.7326240737494,15.7326240737494,15.7326240737494
562,"NER","Niger",0,0,0,0,0,0,0,0,0,0,0,0,100,100,100,100,100,100,100,100,100,100,100,100,100,100
566,"NGA","Nigeria",38.2354387233097,38.2354387233097,38.2354387233097,38.2354387233097,38.2354387233097,38.2354387233097,38.2354387233097,38.2354387233097,38.2354387233097,38.2354387233097,38.2354387233097,40.2551933763906,41.2793579766629,39.4762850106417,38.2665181913386,36.3125052158174,33.9702776576066,33.1916460965515,32.0836921337536,29.4879663044104,29.0552911145906,28.1318865935143,22.8081766356779,20.5777959993005,20.5777959993005,20.5777959993005
570,"NIU","Niue",NA,NA,NA,NA,NA,NA,NA,NA,NA,NA,NA,NA,NA,NA,NA,NA,NA,NA,NA,NA,NA,NA,NA,NA,NA,NA
408,"PRK","North Korea",40.0333736931798,40.0333736931798,40.0333736931798,40.0333736931798,40.0333736931798,40.0333736931798,40.0333736931798,40.0333736931798,40.0333736931798,40.0333736931798,40.0333736931798,39.8795433554067,38.1208548859928,35.9479499880104,35.6465344273895,35.228074649012,36.466897266017,35.8659111600546,38.5070590850919,38.9790602357946,40.9243869764984,39.4431785827132,41.4705495660749,40.7716286878702,40.7716286878702,40.7716286878702
807,"MKD","North Macedonia",40.9304397186211,40.9304397186211,40.9304397186211,40.9304397186211,40.9304397186211,40.9304397186211,40.9304397186211,40.9304397186211,40.9304397186211,40.9304397186211,40.9304397186211,40.9681785353274,36.66678501639,33.3717531199022,31.5215048906148,30.7898908371037,30.6980051602815,31.42013099569,33.9295594745248,36.6777953355901,38.5956238033863,39.5862088644204,42.7313213382353,41.9743591537415,41.9743591537415,41.9743591537415
578,"NOR","Norway",39.622079997121,39.622079997121,39.622079997121,39.622079997121,39.622079997121,39.622079997121,39.622079997121,39.622079997121,39.622079997121,39.622079997121,39.622079997121,37.8706699626249,37.4109401880494,35.8628836336711,36.6894180592617,35.5012819079927,36.1020510877195,36.2509701589166,36.3099541865099,35.1118955689474,35.3676490206237,33.4993447091318,31.8349789900283,30.4544975837158,30.4544975837158,30.4544975837158
512,"OMN","Oman",NA,NA,NA,NA,NA,NA,NA,NA,NA,NA,NA,NA,NA,NA,NA,NA,NA,NA,NA,NA,NA,NA,NA,NA,NA,NA
586,"PAK","Pakistan",53.9127077011143,53.9127077011143,53.9127077011143,53.9127077011143,53.9127077011143,53.9127077011143,53.9127077011143,53.9127077011143,53.9127077011143,53.9127077011143,53.9127077011143,50.200051755209,48.1076182575858,47.1390266478812,47.7074885424508,48.2560929264903,50.62389591976,53.5541236544725,57.9456375419917,63.7163696878126,71.7853614453164,82.6215741113247,84.4506733172667,83.7435331283975,83.7435331283975,83.7435331283975
585,"PLW","Palau",48.2345966999029,48.2345966999029,48.2345966999029,48.2345966999029,48.2345966999029,48.2345966999029,48.2345966999029,48.2345966999029,48.2345966999029,48.2345966999029,48.2345966999029,49.2511545198422,48.4081568047979,45.8819181150872,45.8342991108707,46.2203657720556,46.4677798078213,50.1543537377328,53.5907601683327,48.9435962149301,51.1994419237974,53.6788069438818,56.4315883545238,58.4516842925602,58.4516842925602,58.4516842925602
591,"PAN","Panama",36.2030925562339,36.2030925562339,36.2030925562339,36.2030925562339,36.2030925562339,36.2030925562339,36.2030925562339,36.2030925562339,36.2030925562339,36.2030925562339,36.2030925562339,33.8330068752456,33.6419474129143,30.3229669472851,28.4231865540564,28.1576909026902,29.1617518815627,29.5005699838946,32.2529570573008,35.3155108221789,36.0738373176428,37.0402734115469,34.8456123748333,32.9636711719513,32.9636711719513,32.9636711719513
598,"PNG","Papua New Guinea",48.6292139089757,48.6292139089757,48.6292139089757,48.6292139089757,48.6292139089757,48.6292139089757,48.6292139089757,48.6292139089757,48.6292139089757,48.6292139089757,48.6292139089757,47.5077827452516,47.7954998007936,45.8407903228983,46.2689085837949,44.9224388056673,45.0660256661316,44.0576021049797,44.6476147902338,42.4742375006095,39.0271929519507,36.0456653509209,35.1393454239069,33.9804087161987,33.9804087161987,33.9804087161987
600,"PRY","Paraguay",20.8032439670699,20.8032439670699,20.8032439670699,20.8032439670699,20.8032439670699,20.8032439670699,20.8032439670699,20.8032439670699,20.8032439670699,20.8032439670699,20.8032439670699,20.8252918637926,18.4542542344625,17.474587516022,16.590995535057,15.2183783059214,13.1582803293856,12.6515209091878,12.9982124023244,13.0432477984362,14.0782890972003,15.0218233972451,16.1408358483875,16.6157427489483,16.6157427489483,16.6157427489483
604,"PER","Peru",45.6774151206578,45.6774151206578,45.6774151206578,45.6774151206578,45.6774151206578,45.6774151206578,45.6774151206578,45.6774151206578,45.6774151206578,45.6774151206578,45.6774151206578,45.6047142307614,44.7542820218714,43.5821115922632,42.0527518257182,42.4480410130976,41.7614150013614,39.1213555599575,37.9441955856996,37.5756404255954,37.2607867747997,35.9680157685191,35.6485827380827,35.6212516670007,35.6212516670007,35.6212516670007
608,"PHL","Philippines",39.1953041549576,39.1953041549576,39.1953041549576,39.1953041549576,39.1953041549576,39.1953041549576,39.1953041549576,39.1953041549576,39.1953041549576,39.1953041549576,39.1953041549576,37.8675014690622,36.0668291641961,35.8940183081762,35.309492421346,33.0694647454032,34.0434267258729,34.3341650145229,33.4967948315131,31.9298670122594,33.3077593313691,29.9940637561785,28.4311900102741,28.1222786036459,28.1222786036459,28.1222786036459
616,"POL","Poland",31.4753059850497,31.4753059850497,31.4753059850497,31.4753059850497,31.4753059850497,31.4753059850497,31.4753059850497,31.4753059850497,31.4753059850497,31.4753059850497,31.4753059850497,30.3899310742266,29.0028849101744,28.2883551538368,28.0507077708499,28.5524948048246,27.6667862841259,27.7759286959904,28.3794797034958,27.9427131889036,29.3587439954942,27.9072392394662,26.1371700236489,23.8816246616951,23.8816246616951,23.8816246616951
620,"PRT","Portugal",14.1407239953743,14.1407239953743,14.1407239953743,14.1407239953743,14.1407239953743,14.1407239953743,14.1407239953743,14.1407239953743,14.1407239953743,14.1407239953743,14.1407239953743,12.9262268271409,12.8354041774925,12.4123165129375,13.39585097622,12.7793771337837,13.8215676176816,12.4021422885061,11.3306540105659,10.2323404933744,10.354099152308,7.2350662738104,3.23433062274002,1.95136104744812,1.95136104744812,1.95136104744812
634,"QAT","Qatar",NA,NA,NA,NA,NA,NA,NA,NA,NA,NA,NA,NA,NA,NA,NA,NA,NA,NA,NA,NA,NA,NA,NA,NA,NA,NA
178,"COG","Republic of Congo",52.108932909008,52.108932909008,52.108932909008,52.108932909008,52.108932909008,52.108932909008,52.108932909008,52.108932909008,52.108932909008,52.108932909008,52.108932909008,52.7240502335953,52.0356492674852,52.1757109819795,51.5430416167924,48.8170857536119,48.239214289131,48.0255069055963,45.0732818227252,41.7482698802832,41.5778886587557,37.6511524771304,36.4618375491468,36.1766557484151,36.1766557484151,36.1766557484151
642,"ROU","Romania",39.8453335544888,39.8453335544888,39.8453335544888,39.8453335544888,39.8453335544888,39.8453335544888,39.8453335544888,39.8453335544888,39.8453335544888,39.8453335544888,39.8453335544888,40.5667135113072,37.418459236379,36.4177172440997,36.7459253814848,36.946942533512,36.4779234311789,37.391338434686,37.9931792519206,37.5485014753199,38.4723300991432,37.6398788936271,39.2334441681351,38.3667914885906,38.3667914885906,38.3667914885906
643,"RUS","Russia",33.7184008987933,33.7184008987933,33.7184008987933,33.7184008987933,33.7184008987933,33.7184008987933,33.7184008987933,33.7184008987933,33.7184008987933,33.7184008987933,33.7184008987933,33.3185516700553,33.6729963907866,33.6554545910437,35.1395744510536,34.8420154139925,34.0094157899051,31.2222933033836,29.7411294576551,28.1164929528271,27.8171360061999,26.6061168138509,26.6643700035561,26.3288988138422,26.3288988138422,26.3288988138422
646,"RWA","Rwanda",39.0029044572252,39.0029044572252,39.0029044572252,39.0029044572252,39.0029044572252,39.0029044572252,39.0029044572252,39.0029044572252,39.0029044572252,39.0029044572252,39.0029044572252,40.9273627596069,39.6739808845277,39.5866121688073,38.9637036423554,35.6825127443349,35.3615330327119,35.9645313336512,33.6745066792416,31.5669092404784,31.8655313887825,29.6400879561433,27.9509220773418,26.3033644228594,26.3033644228594,26.3033644228594
652,"BLM","Saint Barthelemy",100,100,100,100,100,100,100,100,100,100,100,100,100,100,100,100,100,100,100,100,100,100,100,100,100,100
659,"KNA","Saint Kitts and Nevis",39.3184749629935,39.3184749629935,39.3184749629935,39.3184749629935,39.3184749629935,39.3184749629935,39.3184749629935,39.3184749629935,39.3184749629935,39.3184749629935,39.3184749629935,41.8366768081464,42.8399030529634,44.1850253054059,42.8399030529634,42.9564461623218,43.9295801101471,44.0566580586915,46.7508280857882,53.7448789407621,59.1435259432331,60.9498727995742,63.6445592787518,64.2599123288255,64.2599123288255,64.2599123288255
662,"LCA","Saint Lucia",55.3304811473846,55.3304811473846,55.3304811473846,55.3304811473846,55.3304811473846,55.3304811473846,55.3304811473846,55.3304811473846,55.3304811473846,55.3304811473846,55.3304811473846,50.7664563166252,48.7123207993725,47.0730447564906,46.4481011392083,44.6687176007671,45.9694612764339,45.2838292240819,46.0086635731553,46.5296648980976,51.1143151591476,48.6637970595418,47.8661528586209,47.911706620722,47.911706620722,47.911706620722
670,"VCT","Saint Vincent and the Grenadines",60.2128571403565,60.2128571403565,60.2128571403565,60.2128571403565,60.2128571403565,60.2128571403565,60.2128571403565,60.2128571403565,60.2128571403565,60.2128571403565,60.2128571403565,59.2024225728362,56.5804563584576,52.3296747975474,51.2489249962623,47.0552880227268,45.6491243476427,45.58275667244,47.5868471241945,49.2415809773811,56.7393245597089,59.2024225728362,57.9110304690658,57.2282605173654,57.2282605173654,57.2282605173654
882,"WSM","Samoa",NA,NA,NA,NA,NA,NA,NA,NA,NA,NA,NA,NA,NA,NA,NA,NA,NA,NA,NA,NA,NA,NA,NA,NA,NA,NA
674,"SMR","San Marino",100,100,100,100,100,100,100,100,100,100,100,100,100,100,100,100,100,100,100,100,100,100,100,100,100,100
678,"STP","Sao Tome and Principe",47.9445865085536,47.9445865085536,47.9445865085536,47.9445865085536,47.9445865085536,47.9445865085536,47.9445865085536,47.9445865085536,47.9445865085536,47.9445865085536,47.9445865085536,100,100,100,100,100,100,100,100,100,100,100,100,100,100,100
682,"SAU","Saudi Arabia",100,100,100,100,100,100,100,100,100,100,100,100,100,100,100,100,100,100,100,100,100,100,100,100,100,100
686,"SEN","Senegal",38.020604749009,38.020604749009,38.020604749009,38.020604749009,38.020604749009,38.020604749009,38.020604749009,38.020604749009,38.020604749009,38.020604749009,38.020604749009,38.7991342749828,38.5436306247151,32.9733732164635,32.3898751201739,31.0467738435486,29.9176568580897,31.2820461072113,29.9318780197012,27.742264457077,26.1476548542863,24.7600419935359,22.1237835122662,22.7049967665099,22.7049967665099,22.7049967665099
688,"SRB","Serbia",54.8371027368784,54.8371027368784,54.8371027368784,54.8371027368784,54.8371027368784,54.8371027368784,54.8371027368784,54.8371027368784,54.8371027368784,54.8371027368784,54.8371027368784,55.5814196865161,53.9365550747452,51.0041092525507,51.1451699192266,50.1790657168271,49.8522222455603,48.6774264316906,49.0996804234362,47.4439364257216,47.1590942995692,45.3129164906166,45.2499646681992,44.4660107789622,44.4660107789622,44.4660107789622
690,"SYC","Seychelles",100,100,100,100,100,100,100,100,100,100,100,100,100,100,100,100,100,92.0432718579587,83.459795814536,74.7840931603641,74.7840931603641,74.7840931603641,78.3924624158574,83.459795814536,83.459795814536,83.459795814536
694,"SLE","Sierra Leone",40.6851833059243,40.6851833059243,40.6851833059243,40.6851833059243,40.6851833059243,40.6851833059243,40.6851833059243,40.6851833059243,40.6851833059243,40.6851833059243,40.6851833059243,38.5463537618395,37.3084661908191,35.3450462090969,31.8076223026043,31.5873983674624,30.9843819169199,31.6004219623102,20.7838584683015,15.620315380621,9.88964059777631,7.23194136573332,4.05723537976937,3.82670204252911,3.82670204252911,3.82670204252911
702,"SGP","Singapore",34.048026133144,34.048026133144,34.048026133144,34.048026133144,34.048026133144,34.048026133144,34.048026133144,34.048026133144,34.048026133144,34.048026133144,34.048026133144,33.6027446650645,35.7193408740159,34.944249745548,29.874586309745,31.0535882797433,30.4814012799631,29.9339748053919,30.2047276249802,29.8154752719114,26.9045477798366,25.1161420194925,22.0594407352175,18.4319096051668,18.4319096051668,18.4319096051668
534,"SXM","Sint Maarten",43.3800511835122,43.3800511835122,43.3800511835122,43.3800511835122,43.3800511835122,43.3800511835122,43.3800511835122,43.3800511835122,43.3800511835122,43.3800511835122,43.3800511835122,41.8906858615143,36.3029294646925,36.3029294646925,34.6139949941842,38.2525601298121,37.2402292947866,43.3800511835122,41.8906858615143,47.017298427857,47.017298427857,55.7767692779534,43.3800511835122,49.3220044119403,49.3220044119403,49.3220044119403
703,"SVK","Slovakia",32.4836760830962,32.4836760830962,32.4836760830962,32.4836760830962,32.4836760830962,32.4836760830962,32.4836760830962,32.4836760830962,32.4836760830962,32.4836760830962,32.4836760830962,31.3508856558704,29.988010594371,27.8803259157655,26.6235307226955,28.7034724362654,27.9750463954352,28.037984877833,29.8642118367058,28.5063574672266,31.2670876511244,29.9293535792465,28.7981620683382,26.3408191100042,26.3408191100042,26.3408191100042
705,"SVN","Slovenia",52.0070122382399,52.0070122382399,52.0070122382399,52.0070122382399,52.0070122382399,52.0070122382399,52.0070122382399,52.0070122382399,52.0070122382399,52.0070122382399,52.0070122382399,50.5204327075714,47.7617174024652,45.5932575318049,44.6106552128569,45.3582843027111,45.0759428087514,46.9408670707483,49.1784092407522,43.697610058944,44.2393702394912,39.7894307793973,36.4856965344238,31.8817827844242,31.8817827844242,31.8817827844242
90,"SLB","Solomon Islands",45.1404279019318,45.1404279019318,45.1404279019318,45.1404279019318,45.1404279019318,45.1404279019318,45.1404279019318,45.1404279019318,45.1404279019318,45.1404279019318,45.1404279019318,43.3082997334721,42.2875174507477,39.4645687759502,38.4220542588633,38.4709839131731,38.1554881481016,36.9770947756421,36.5239500438632,33.2259646701144,31.1349204332383,28.6554654775457,26.7725782727278,25.5041116157076,25.5041116157076,25.5041116157076
706,"SOM","Somalia",36.3052893039497,36.3052893039497,36.3052893039497,36.3052893039497,36.3052893039497,36.3052893039497,36.3052893039497,36.3052893039497,36.3052893039497,36.3052893039497,36.3052893039497,38.8658309183789,38.6325810647822,36.8621676073889,35.8747219689678,37.3399229196749,36.5861248229138,37.479804729428,36.7510267530215,38.9708939785017,40.0007603290357,41.4866718648376,39.7598682106776,44.3445288154716,44.3445288154716,44.3445288154716
710,"ZAF","South Africa",16.2871669403623,16.2871669403623,16.2871669403623,16.2871669403623,16.2871669403623,16.2871669403623,16.2871669403623,16.2871669403623,16.2871669403623,16.2871669403623,16.2871669403623,15.4417140961468,15.4587885688552,15.7987400560464,15.963777813551,17.3784999966443,18.6758295079114,17.2925873884897,18.1907894843699,18.1016017194319,17.7947369514992,17.6539770239947,17.3311428688733,17.0797958007805,17.0797958007805,17.0797958007805
410,"KOR","South Korea",45.8873779974867,45.8873779974867,45.8873779974867,45.8873779974867,45.8873779974867,45.8873779974867,45.8873779974867,45.8873779974867,45.8873779974867,45.8873779974867,45.8873779974867,44.2738340823792,43.2148627862916,40.4275528030844,39.2770813828205,38.1237816118841,37.815984833917,36.3666221744619,37.1872069153295,37.7558189570759,37.1961242751996,35.3212878866661,34.5698867971762,32.8202044632139,32.8202044632139,32.8202044632139
728,"SSD","South Sudan",54.6745103426493,54.6745103426493,54.6745103426493,54.6745103426493,54.6745103426493,54.6745103426493,54.6745103426493,54.6745103426493,54.6745103426493,54.6745103426493,54.6745103426493,53.3308651448426,52.9050210370357,50.9515664258265,51.5889589005033,53.5672047933977,53.5524834328619,54.4868281069124,55.9761140325215,56.4920109198692,57.0800409246918,59.3651258189881,59.2899028267691,60.4990692163288,60.4990692163288,60.4990692163288
724,"ESP","Spain",32.0010825656298,32.0010825656298,32.0010825656298,32.0010825656298,32.0010825656298,32.0010825656298,32.0010825656298,32.0010825656298,32.0010825656298,32.0010825656298,32.0010825656298,29.8008003842816,28.7078384463711,27.7707488908178,27.7595157315002,27.4555193804656,28.9444277071742,28.0229830932556,27.1868302130029,26.9151941785245,26.5459353495467,24.1238538182737,23.5563910672298,21.9432045937858,21.9432045937858,21.9432045937858
144,"LKA","Sri Lanka",48.35876716397,48.35876716397,48.35876716397,48.35876716397,48.35876716397,48.35876716397,48.35876716397,48.35876716397,48.35876716397,48.35876716397,48.35876716397,46.1343640963572,43.0422437854188,41.7624145402325,39.0270398705133,38.3007549011072,36.4959527475266,35.5281729410104,35.2064704545979,35.5658328853745,35.5268458122863,34.9264484511654,35.2191999921398,34.1370007104449,34.1370007104449,34.1370007104449
275,"PSE","State of Palestine",42.9412328370563,42.9412328370563,42.9412328370563,42.9412328370563,42.9412328370563,42.9412328370563,42.9412328370563,42.9412328370563,42.9412328370563,42.9412328370563,42.9412328370563,45.7626359983772,54.5231016467185,49.39933695736,45.7626359983772,42.9412328370563,45.7626359983772,45.7626359983772,54.5231016467185,54.5231016467185,63.2740421894324,63.2740421894324,54.5231016467185,45.7626359983772,45.7626359983772,45.7626359983772
729,"SDN","Sudan",54.5113104717886,54.5113104717886,54.5113104717886,54.5113104717886,54.5113104717886,54.5113104717886,54.5113104717886,54.5113104717886,54.5113104717886,54.5113104717886,54.5113104717886,55.8182926441311,50.516785960013,49.1733001187906,46.9395921570422,48.78970793904,43.2357195977496,47.7673393594943,49.3157227811553,52.425548683799,54.0866082492459,71.0620359843157,62.5292145072478,61.836315831292,61.836315831292,61.836315831292
740,"SUR","Suriname",64.1311020516639,64.1311020516639,64.1311020516639,64.1311020516639,64.1311020516639,64.1311020516639,64.1311020516639,64.1311020516639,64.1311020516639,64.1311020516639,64.1311020516639,64.3045030096973,64.3607913393204,62.6587835435694,61.6589480393483,60.0382777451643,59.0758089831144,53.87985855084,53.1786852777189,51.4293627597232,50.3845306325243,48.2901003851163,48.5489271452417,47.0883528092366,47.0883528092366,47.0883528092366
752,"SWE","Sweden",24.8441862484043,24.8441862484043,24.8441862484043,24.8441862484043,24.8441862484043,24.8441862484043,24.8441862484043,24.8441862484043,24.8441862484043,24.8441862484043,24.8441862484043,23.508743105668,23.4526958489077,21.2254772237983,21.8849341925209,21.7247476122142,22.195926482049,21.6375929733689,22.687813642566,22.3028029085404,22.8404799392856,21.6835704501397,20.7080411324377,19.8370808513756,19.8370808513756,19.8370808513756
756,"CHE","Switzerland",47.4901527840433,47.4901527840433,47.4901527840433,47.4901527840433,47.4901527840433,47.4901527840433,47.4901527840433,47.4901527840433,47.4901527840433,47.4901527840433,47.4901527840433,46.2581722135149,45.0238219836408,42.8312841768207,44.5161095799481,45.2227824222854,45.3584107874899,45.7805926553663,48.0504931406539,49.2867509457281,51.0380361012848,51.5545721832386,49.6419115401458,46.1178215809732,46.1178215809732,46.1178215809732
760,"SYR","Syria",36.4720805617421,36.4720805617421,36.4720805617421,36.4720805617421,36.4720805617421,36.4720805617421,36.4720805617421,36.4720805617421,36.4720805617421,36.4720805617421,36.4720805617421,36.3569782004102,27.5980551848996,24.7610891383586,24.6697737120824,26.7617933167807,27.2887011129251,16.775402603348,15.9831752296945,14.6029056757624,11.5875989889995,9.66667284946843,13.7067839973614,14.2540014074208,14.2540014074208,14.2540014074208
158,"TWN","Taiwan",56.0350309580858,56.0350309580858,56.0350309580858,56.0350309580858,56.0350309580858,56.0350309580858,56.0350309580858,56.0350309580858,56.0350309580858,56.0350309580858,56.0350309580858,54.4038815745014,53.2546541188436,51.5680716222397,45.1372545888288,44.4092850409484,44.8857375894403,45.0981714738968,46.2304388530986,54.7543137807434,57.6562921680644,54.1766266646353,52.4649865578537,51.1758124996614,51.1758124996614,51.1758124996614
762,"TJK","Tajikistan",56.099636834439,56.099636834439,56.099636834439,56.099636834439,56.099636834439,56.099636834439,56.099636834439,56.099636834439,56.099636834439,56.099636834439,56.099636834439,59.4644889432896,62.2566971570445,62.4993381691428,61.2189603529964,63.5192968657655,63.652773103111,61.9012434373926,65.844908561117,71.8595078544508,74.1001350513731,80.8123896259773,100,100,100,100
834,"TZA","Tanzania",34.5999766870526,34.5999766870526,34.5999766870526,34.5999766870526,34.5999766870526,34.5999766870526,34.5999766870526,34.5999766870526,34.5999766870526,34.5999766870526,34.5999766870526,34.5053402935011,33.4300978423423,31.3543764520271,29.6492430415829,28.7069654286009,27.7289717170785,27.1557443107176,26.8641522566218,25.9769732682346,26.3981040006647,26.1578339729328,25.5328380303299,25.6805841052352,25.6805841052352,25.6805841052352
764,"THA","Thailand",33.7548030752609,33.7548030752609,33.7548030752609,33.7548030752609,33.7548030752609,33.7548030752609,33.7548030752609,33.7548030752609,33.7548030752609,33.7548030752609,33.7548030752609,31.5299533886017,30.5517484040993,29.9239527154979,28.8216335232258,27.5741493671432,27.69813970741,27.1906783293803,27.0874769599877,26.9787400758614,27.3009630645028,25.648776118966,24.1009995026684,23.2611442358237,23.2611442358237,23.2611442358237
626,"TLS","Timor-Leste",41.8940078027432,41.8940078027432,41.8940078027432,41.8940078027432,41.8940078027432,41.8940078027432,41.8940078027432,41.8940078027432,41.8940078027432,41.8940078027432,41.8940078027432,38.0454315563845,38.1115899473423,37.9039892112529,37.0897333513403,38.0146756298584,40.3714588451168,39.7910829993605,40.4226688447052,41.8483742823529,41.4449140227113,41.7851567197825,42.1530481729993,40.6710430555958,40.6710430555958,40.6710430555958
768,"TGO","Togo",30.8718475517521,30.8718475517521,30.8718475517521,30.8718475517521,30.8718475517521,30.8718475517521,30.8718475517521,30.8718475517521,30.8718475517521,30.8718475517521,30.8718475517521,32.1126403339331,30.7853991055684,31.7658052491901,28.8462066616539,30.3503499847558,30.8080347102639,32.4655615281771,30.4474905007792,34.1410635424289,33.5553251579059,30.891380122525,26.0389264965585,23.4777294902628,23.4777294902628,23.4777294902628
776,"TON","Tonga",NA,NA,NA,NA,NA,NA,NA,NA,NA,NA,NA,NA,NA,NA,NA,NA,NA,NA,NA,NA,NA,NA,NA,NA,NA,NA
780,"TTO","Trinidad and Tobago",36.4684808081556,36.4684808081556,36.4684808081556,36.4684808081556,36.4684808081556,36.4684808081556,36.4684808081556,36.4684808081556,36.4684808081556,36.4684808081556,36.4684808081556,36.6550340466897,35.7554324375366,34.5734998935335,33.3039266879095,29.7627038204467,31.8946595821491,32.5708422837713,33.5078231235934,33.1457318538376,39.6386738207931,36.9189238557597,36.8592529745361,36.4013194984256,36.4013194984256,36.4013194984256
788,"TUN","Tunisia",36.678867791666,36.678867791666,36.678867791666,36.678867791666,36.678867791666,36.678867791666,36.678867791666,36.678867791666,36.678867791666,36.678867791666,36.678867791666,36.1683643849596,33.8036444675076,37.0032419107468,34.3849341130821,35.2319151744687,29.5820619467331,28.3125330092364,27.0906230204783,24.5482231521634,22.3191556017652,23.4033423270396,15.6601558427458,15.9829192516003,15.9829192516003,15.9829192516003
792,"TUR","Turkey",38.3995513953754,38.3995513953754,38.3995513953754,38.3995513953754,38.3995513953754,38.3995513953754,38.3995513953754,38.3995513953754,38.3995513953754,38.3995513953754,38.3995513953754,38.0772146131569,38.1200343051046,36.9816511084039,37.0698198767691,37.4079766622828,37.6088587766257,37.2895202219965,37.9408838560601,38.5979896647458,37.459114119171,37.2838261575248,36.7523353814517,35.5505195655012,35.5505195655012,35.5505195655012
795,"TKM","Turkmenistan",26.7121652696392,26.7121652696392,26.7121652696392,26.7121652696392,26.7121652696392,26.7121652696392,26.7121652696392,26.7121652696392,26.7121652696392,26.7121652696392,26.7121652696392,28.2612447718444,32.1450040662634,32.6833460659943,33.7589717896846,35.4372560555218,35.0999484308918,37.6750462926425,49.6752665747823,53.310814240252,56.9449187754425,69.4727600269701,98.0582489962827,98.0582489962827,98.0582489962827,98.0582489962827
796,"TCA","Turks and Caicos Islands",48.7514728725105,48.7514728725105,48.7514728725105,48.7514728725105,48.7514728725105,48.7514728725105,48.7514728725105,48.7514728725105,48.7514728725105,48.7514728725105,48.7514728725105,49.2196794235632,38.6780610459511,34.2605401115268,28.7712733382421,27.9904425753046,27.5526774668518,30.7687075523645,33.9001550548491,40.8190145611577,43.2479008690236,42.6664282346855,39.6472248539777,37.1194983613091,37.1194983613091,37.1194983613091
798,"TUV","Tuvalu",NA,NA,NA,NA,NA,NA,NA,NA,NA,NA,NA,NA,NA,NA,NA,NA,NA,NA,NA,NA,NA,NA,NA,NA,NA,NA
800,"UGA","Uganda",36.9935035935409,36.9935035935409,36.9935035935409,36.9935035935409,36.9935035935409,36.9935035935409,36.9935035935409,36.9935035935409,36.9935035935409,36.9935035935409,36.9935035935409,37.1415395028317,34.2053788329451,31.8956218504612,31.4600937107977,31.0589602377156,28.4499804592335,28.9413689435562,28.2373825551359,26.3779639483073,25.3359740744008,25.215585026623,21.4521900544237,20.0996875081531,20.0996875081531,20.0996875081531
804,"UKR","Ukraine",34.0308993240402,34.0308993240402,34.0308993240402,34.0308993240402,34.0308993240402,34.0308993240402,34.0308993240402,34.0308993240402,34.0308993240402,34.0308993240402,34.0308993240402,33.1327260310378,30.9167819358349,30.1692489827304,30.2290230433539,29.4315266524637,28.5745601690619,28.977272012049,29.7166722556632,29.7732948531249,29.9505083413075,27.7940255216621,26.5597728457328,25.2113239510763,25.2113239510763,25.2113239510763
784,"ARE","United Arab Emirates",NA,NA,NA,NA,NA,NA,NA,NA,NA,NA,NA,NA,NA,NA,NA,NA,NA,NA,NA,NA,NA,NA,NA,NA,NA,NA
826,"GBR","United Kingdom",30.5658098841898,30.5658098841898,30.5658098841898,30.5658098841898,30.5658098841898,30.5658098841898,30.5658098841898,30.5658098841898,30.5658098841898,30.5658098841898,30.5658098841898,30.9166540651362,29.2068068837063,27.7628054331753,26.2122159537553,24.1614840080994,24.0121542411963,23.5957508174248,22.1904836203183,22.8120722807226,23.2062068313451,22.6646482764158,23.7965205322083,24.0184485694242,24.0184485694242,24.0184485694242
840,"USA","United States of America",22.7500368279185,22.7500368279185,22.7500368279185,22.7500368279185,22.7500368279185,22.7500368279185,22.7500368279185,22.7500368279185,22.7500368279185,22.7500368279185,22.7500368279185,22.0148048167868,21.594072512363,21.018549135428,22.2057713246644,22.792449564205,23.9213866165614,24.5262826623088,25.1702218924188,24.9946981947715,24.8297750750938,24.0458563120212,23.6128317528992,23.1843107555147,23.1843107555147,23.1843107555147
858,"URY","Uruguay",25.0199439788268,25.0199439788268,25.0199439788268,25.0199439788268,25.0199439788268,25.0199439788268,25.0199439788268,25.0199439788268,25.0199439788268,25.0199439788268,25.0199439788268,22.3150583682107,19.8997203623796,18.0858326004075,17.5573242052637,17.3220686933058,16.4970464294929,15.414294591234,15.8792581529492,15.2022727222956,15.2319748480647,15.6878011471602,16.7574675952369,16.7266461665612,16.7266461665612,16.7266461665612
860,"UZB","Uzbekistan",46.329298507753,46.329298507753,46.329298507753,46.329298507753,46.329298507753,46.329298507753,46.329298507753,46.329298507753,46.329298507753,46.329298507753,46.329298507753,52.0589113798692,61.6622123578591,62.3987445830515,59.135255786436,58.5116407053394,59.7352279301646,59.0820976865608,59.7912083946781,60.5424334211234,62.2616010787856,64.4123031810707,69.1635387446748,72.2089730203927,72.2089730203927,72.2089730203927
548,"VUT","Vanuatu",67.1577572514362,67.1577572514362,67.1577572514362,67.1577572514362,67.1577572514362,67.1577572514362,67.1577572514362,67.1577572514362,67.1577572514362,67.1577572514362,67.1577572514362,66.3039195913499,66.2954972444677,69.4758475310868,63.3895186421565,63.0723230811435,60.7913647847504,60.3154209596621,56.2329906959695,58.114670631757,48.6929941075687,47.2458182953058,46.810639203883,46.9522167870996,46.9522167870996,46.9522167870996
862,"VEN","Venezuela",42.0288122861401,42.0288122861401,42.0288122861401,42.0288122861401,42.0288122861401,42.0288122861401,42.0288122861401,42.0288122861401,42.0288122861401,42.0288122861401,42.0288122861401,43.0661261145173,42.4078257463201,41.5454191251154,40.322437794743,40.180980487698,40.4311820378146,40.6245277475357,41.998259787737,43.1189787454235,44.2987381312307,40.7300896160863,39.3752577751752,38.4116024706463,38.4116024706463,38.4116024706463
704,"VNM","Viet Nam",31.9872332758306,31.9872332758306,31.9872332758306,31.9872332758306,31.9872332758306,31.9872332758306,31.9872332758306,31.9872332758306,31.9872332758306,31.9872332758306,31.9872332758306,30.792574182769,29.7234495047531,27.7080736962015,26.0068059731223,24.3267350275052,23.2385978772772,21.3608476910257,20.9508278424659,19.6850897967479,19.0407840962666,16.1853328518662,15.0260655241312,14.0899392517986,14.0899392517986,14.0899392517986
876,"WLF","Wallis and Futuna Islands",NA,NA,NA,NA,NA,NA,NA,NA,NA,NA,NA,NA,NA,NA,NA,NA,NA,NA,NA,NA,NA,NA,NA,NA,NA,NA
732,"ESH","Western Sahara",NA,NA,NA,NA,NA,NA,NA,NA,NA,NA,NA,NA,NA,NA,NA,NA,NA,NA,NA,NA,NA,NA,NA,NA,NA,NA
887,"YEM","Yemen",100,100,100,100,100,100,100,100,100,100,100,100,100,100,100,100,100,100,100,100,100,100,100,100,100,100
894,"ZMB","Zambia",42.2201721486353,42.2201721486353,42.2201721486353,42.2201721486353,42.2201721486353,42.2201721486353,42.2201721486353,42.2201721486353,42.2201721486353,42.2201721486353,42.2201721486353,41.5940466557983,41.165055379051,39.8562580981339,35.9431216513927,32.1747444892248,31.6386134453439,29.7513228760029,29.3274533043669,29.3857053432189,31.4911568897095,29.4954412282468,28.7670797833796,27.5630138922042,27.5630138922042,27.5630138922042
716,"ZWE","Zimbabwe",25.8926145068602,25.8926145068602,25.8926145068602,25.8926145068602,25.8926145068602,25.8926145068602,25.8926145068602,25.8926145068602,25.8926145068602,25.8926145068602,25.8926145068602,24.092597307838,23.7737183908414,24.2401270433031,21.7196754718227,22.8317383751248,24.2348012290121,23.1411829703665,22.2009420362502,24.5072444420734,23.1265401013202,22.6884445655526,20.2106434729583,20.7914121828419,20.7914121828419,20.7914121828419
