"code","iso","country","USD.ind.1995","USD.ind.1996","USD.ind.1997","USD.ind.1998","USD.ind.1999","USD.ind.2000","USD.ind.2001","USD.ind.2002","USD.ind.2003","USD.ind.2004","USD.ind.2005","USD.ind.2006","USD.ind.2007","USD.ind.2008","USD.ind.2009","USD.ind.2010","USD.ind.2011","USD.ind.2012","USD.ind.2013","USD.ind.2014","USD.ind.2015","USD.ind.2016","USD.ind.2017","USD.ind.2018","USD.ind.2019","USD.ind.2020"
4,"AFG","Afghanistan",11.9844399046395,11.9844399046395,11.9844399046395,11.9844399046395,11.9844399046395,11.9844399046395,12.8823480045101,13.7802561043806,14.6781642042511,15.5760723041217,16.4739804039923,17.3718885038627,18.2697966037333,19.1677047036039,20.0656128034744,20.9635209033449,21.8045724492066,22.6456239950682,23.4866755409297,24.3277270867913,25.168778632653,25.9899684871913,26.8111583417297,27.632348196268,28.4535380508063,28.4535380508063
8,"ALB","Albania",48.9545424147414,48.9545424147414,48.9545424147414,48.9545424147414,48.9545424147414,48.9545424147414,49.5896883592417,50.224834303742,50.8599802482423,51.4951261927426,52.130272137243,52.7654180817432,53.4005640262435,54.0357099707438,54.6708559152441,55.3060018597443,55.7229512776803,56.1399006956163,56.5568501135521,56.9737995314881,57.3907489494241,57.9569242392264,58.5230995290287,59.089274818831,59.6554501086334,59.6554501086334
12,"DZA","Algeria",43.536279180435,43.536279180435,43.536279180435,43.536279180435,43.536279180435,43.536279180435,44.6305814333999,45.7248836863648,46.8191859393298,47.9134881922947,49.0077904452596,50.1020926982247,51.1963949511896,52.2906972041545,53.3849994571194,54.4793017100843,55.0036520582183,55.5280024063523,56.0523527544864,56.5767031026204,57.1010534507544,57.7216790599055,58.3423046690566,58.9629302782077,59.5835558873589,59.5835558873589
20,"AND","Andorra",100,100,100,100,100,100,100,100,100,100,100,100,100,100,100,100,100,100,100,100,100,100,100,100,100,100
24,"AGO","Angola",0,0,0,0,0,0,0,0,0,0,0,0.610870874429111,1.60953715702099,2.60820343961291,3.60686972220482,4.6055360047967,5.5147017361203,6.42386746744388,7.33303319876759,8.24219893009118,9.15136466141475,10.3895197606174,11.6276748598201,12.8658299590228,14.1039850582254,14.1039850582254
660,"AIA","Anguilla",NA,NA,NA,NA,NA,NA,NA,NA,NA,NA,NA,NA,NA,NA,NA,NA,NA,NA,NA,NA,NA,NA,NA,NA,NA,NA
28,"ATG","Antigua and Barbuda",49.7363139985679,49.7363139985679,49.7363139985679,49.7363139985679,49.7363139985679,49.7363139985679,50.2476362981832,50.7589585977987,51.270280897414,51.7816031970293,52.2929254966448,52.8042477962601,53.3155700958754,53.8268923954907,54.3382146951062,54.8495369947215,55.1464396417978,55.4433422888742,55.7402449359504,56.0371475830268,56.3340502301031,56.6198432204671,56.905636210831,57.1914292011951,57.4772221915591,57.4772221915591
32,"ARG","Argentina",55.7859841671086,55.7859841671086,55.7859841671086,55.7859841671086,55.7859841671086,55.7859841671086,56.9596312682071,58.1332783693056,59.3069254704041,60.4805725715025,61.6542196726011,62.8278667736995,64.0015138747981,65.1751609758965,66.3488080769949,67.5224551780935,68.1967000982659,68.8709450184384,69.5451899386108,70.2194348587833,70.8936797789558,71.3396831490363,71.7856865191169,72.2316898891974,72.6776932592781,72.6776932592781
51,"ARM","Armenia",37.6576376288264,37.6576376288264,37.6576376288264,37.6576376288264,37.6576376288264,37.6576376288264,39.2974331110089,40.9372285931915,42.577024075374,44.2168195575566,45.8566150397391,47.4964105219217,49.1362060041042,50.7760014862868,52.4157969684693,54.0555924506519,53.5850690651005,53.1145456795493,52.6440222939979,52.1734989084467,51.7029755228953,51.4527537530461,51.202531983197,50.9523102133479,50.7020884434987,50.7020884434987
533,"ABW","Aruba",NA,NA,NA,NA,NA,NA,NA,NA,NA,NA,NA,NA,NA,NA,NA,NA,NA,NA,NA,NA,NA,NA,NA,NA,NA,NA
36,"AUS","Australia",90.1297119946849,90.1297119946849,90.1297119946849,90.1297119946849,90.1297119946849,90.1297119946849,90.4274464111899,90.725180827695,91.0229152442,91.320649660705,91.6183840772101,91.9161184937152,92.2138529102203,92.5115873267253,92.8093217432303,93.1070561597354,93.3882841983078,93.6695122368803,93.9507402754527,94.2319683140252,94.5131963525976,94.8816685846186,95.2501408166395,95.6186130486604,95.9870852806814,95.9870852806814
40,"AUT","Austria",82.5759385686235,82.5759385686235,82.5759385686235,82.5759385686235,82.5759385686235,82.5759385686235,82.7694067326976,82.9628748967716,83.1563430608457,83.3498112249197,83.5432793889938,83.7367475530678,83.9302157171419,84.1236838812159,84.31715204529,84.510620209364,84.74307279937,84.975525389376,85.207977979382,85.440430569388,85.672883159394,85.9347859818904,86.1966888043867,86.458591626883,86.7204944493794,86.7204944493794
31,"AZE","Azerbaijan",24.0276850160941,24.0276850160941,24.0276850160941,24.0276850160941,24.0276850160941,24.0276850160941,25.9007707179085,27.7738564197227,29.6469421215371,31.5200278233515,33.3931135251659,35.2661992269801,37.1392849287945,39.0123706306089,40.8854563324232,42.7585420342375,42.9738366736574,43.189131313077,43.4044259524969,43.6197205919165,43.8350152313364,43.9522780462914,44.0695408612466,44.1868036762016,44.3040664911568,44.3040664911568
44,"BHS","Bahamas",58.4532323924416,58.4532323924416,58.4532323924416,58.4532323924416,58.4532323924416,58.4532323924416,59.0396869511035,59.6261415097654,60.2125960684273,60.7990506270892,61.3855051857511,61.971959744413,62.5584143030749,63.1448688617368,63.7313234203987,64.3177779790606,64.5674267882514,64.8170755974422,65.066724406633,65.3163732158238,65.5660220250147,65.63195561898,65.6978892129456,65.7638228069109,65.8297564008763,65.8297564008763
48,"BHR","Bahrain",56.1769624726682,56.1769624726682,56.1769624726682,56.1769624726682,56.1769624726682,56.1769624726682,56.7659183349646,57.354874197261,57.9438300595574,58.5327859218538,59.1217417841502,59.7106976464466,60.299653508743,60.8886093710394,61.4775652333358,62.0665210956322,62.4897911681662,62.9130612407001,63.3363313132343,63.7596013857682,64.1828714583022,64.7817181092352,65.3805647601681,65.9794114111011,66.5782580620341,66.5782580620341
50,"BGD","Bangladesh",13.5744285313636,13.5744285313636,13.5744285313636,13.5744285313636,13.5744285313636,13.5744285313636,14.5150677390911,15.4557069468184,16.3963461545459,17.3369853622733,18.2776245700008,19.2182637777283,20.1589029854557,21.0995421931832,22.0401814009105,22.980820608638,23.6199054704992,24.2589903323604,24.8980751942216,25.5371600560828,26.176244917944,26.6403488580445,27.104452798145,27.5685567382456,28.0326606783462,28.0326606783462
52,"BRB","Barbados",52.9291805831575,52.9291805831575,52.9291805831575,52.9291805831575,52.9291805831575,52.9291805831575,53.3403211279768,53.7514616727963,54.1626022176157,54.5737427624352,54.9848833072545,55.3960238520739,55.8071643968934,56.2183049417127,56.6294454865322,57.0405860313516,57.3441521449873,57.647718258623,57.9512843722586,58.2548504858943,58.55841659953,58.505045159604,58.4516737196778,58.3983022797518,58.3449308398258,58.3449308398258
112,"BLR","Belarus",52.5330456243271,52.5330456243271,52.5330456243271,52.5330456243271,52.5330456243271,52.5330456243271,53.1211612670441,53.7092769097612,54.2973925524781,54.8855081951952,55.4736238379123,56.0617394806293,56.6498551233464,57.2379707660634,57.8260864087804,58.4142020514975,58.6585919346226,58.9029818177477,59.1473717008727,59.3917615839978,59.6361514671229,59.7903402339855,59.9445290008481,60.0987177677108,60.2529065345734,60.2529065345734
56,"BEL","Belgium",87.657624484682,87.657624484682,87.657624484682,87.657624484682,87.657624484682,87.657624484682,87.8669827878459,88.0763410910099,88.2856993941737,88.4950576973376,88.7044160005016,88.9137743036655,89.1231326068295,89.3324909099933,89.5418492131572,89.7512075163212,90.3056450675688,90.8600826188167,91.4145201700643,91.9689577213122,92.5233952725599,93.0417889929701,93.5601827133804,94.0785764337906,94.5969701542009,94.5969701542009
84,"BLZ","Belize",36.2915406963831,36.2915406963831,36.2915406963831,36.2915406963831,36.2915406963831,36.2915406963831,37.0538167604297,37.8160928244762,38.5783688885228,39.3406449525694,40.102921016616,40.8651970806627,41.6274731447093,42.3897492087559,43.1520252728025,43.9143013368491,44.4260046562171,44.9377079755852,45.4494112949532,45.9611146143214,46.4728179336893,46.6959384903434,46.9190590469972,47.1421796036512,47.3653001603052,47.3653001603052
204,"BEN","Benin",2.85986286383431,2.85986286383431,2.85986286383431,2.85986286383431,2.85986286383431,2.85986286383431,3.48112225076903,4.10238163770377,4.72364102463834,5.34490041157308,5.96615979850779,6.58741918544251,7.20867857237725,7.82993795931183,8.45119734624654,9.07245673318128,9.38324824670291,9.69403976022456,10.0048312737462,10.3156227872678,10.6264143007895,11.2880083449133,11.9496023890371,12.611196433161,13.2727904772849,13.2727904772849
60,"BMU","Bermuda",61.1669583794173,61.1669583794173,61.1669583794173,61.1669583794173,61.1669583794173,61.1669583794173,61.793407793481,62.4198572075449,63.0463066216086,63.6727560356725,64.2992054497364,64.9256548638001,65.5521042778639,66.1785536919277,66.8050031059915,67.4314525200553,67.9100263903125,68.3886002605697,68.8671741308267,69.3457480010838,69.824321871341,69.9333345292214,70.0423471871016,70.1513598449818,70.2603725028622,70.2603725028622
64,"BTN","Bhutan",15.242202002414,15.242202002414,15.242202002414,15.242202002414,15.242202002414,15.242202002414,16.2079852192187,17.1737684360234,18.1395516528279,19.1053348696326,20.0711180864373,21.036901303242,22.0026845200467,22.9684677368513,23.934250953656,24.9000341704607,25.653270105317,26.4065060401732,27.1597419750296,27.9129779098858,28.6662138447421,29.2045203379842,29.7428268312263,30.2811333244682,30.8194398177103,30.8194398177103
68,"BOL","Bolivia",25.2821005698985,25.2821005698985,25.2821005698985,25.2821005698985,25.2821005698985,25.2821005698985,26.3174860749898,27.3528715800812,28.3882570851726,29.4236425902639,30.4590280953552,31.4944136004465,32.5297991055379,33.5651846106293,34.6005701157206,35.635955620812,36.2513320035465,36.8667083862808,37.4820847690154,38.0974611517497,38.7128375344842,39.659644355714,40.6064511769436,41.5532579981733,42.500064819403,42.500064819403
70,"BIH","Bosnia and Herzegovina",54.0521063776758,54.0521063776758,54.0521063776758,54.0521063776758,54.0521063776758,54.0521063776758,54.9236224552182,55.7951385327605,56.6666546103028,57.5381706878451,58.4096867653875,59.2812028429298,60.1527189204721,61.0242349980144,61.8957510755567,62.7672671530991,63.3391345472087,63.9110019413183,64.4828693354278,65.0547367295374,65.6266041236471,66.1718268200858,66.7170495165248,67.2622722129635,67.8074949094023,67.8074949094023
72,"BWA","Botswana",8.50492790988308,8.50492790988308,8.50492790988308,8.50492790988308,8.50492790988308,8.50492790988308,9.22109947244523,9.93727103500741,10.6534425975697,11.3696141601319,12.0857857226941,12.8019572852562,13.5181288478184,14.2343004103807,14.9504719729429,15.6666435355051,16.4800103038678,17.2933770722307,18.1067438405934,18.9201106089562,19.733477377319,20.2767237273011,20.819970077283,21.363216427265,21.9064627772471,21.9064627772471
76,"BRA","Brazil",27.9836423570949,27.9836423570949,27.9836423570949,27.9836423570949,27.9836423570949,27.9836423570949,29.1487890260832,30.3139356950713,31.4790823640596,32.6442290330477,33.809375702036,34.9745223710242,36.1396690400123,37.3048157090006,38.4699623779887,39.635109046977,40.752325177617,41.8695413082571,42.986757438897,44.103973569537,45.2211897001771,45.8372529223084,46.4533161444397,47.0693793665712,47.6854425887025,47.6854425887025
92,"VGB","British Virgin Islands",NA,NA,NA,NA,NA,NA,NA,NA,NA,NA,NA,NA,NA,NA,NA,NA,NA,NA,NA,NA,NA,NA,NA,NA,NA,NA
96,"BRN","Brunei Darussalam",84.7869583908143,84.7869583908143,84.7869583908143,84.7869583908143,84.7869583908143,84.7869583908143,85.410178904354,86.0333994178936,86.6566199314333,87.2798404449729,87.9030609585126,88.5262814720522,89.1495019855919,89.7727224991315,90.3959430126712,91.0191635262108,91.1908186365818,91.3624737469527,91.5341288573238,91.7057839676947,91.8774390780657,92.4932007144335,93.1089623508014,93.7247239871693,94.3404856235371,94.3404856235371
100,"BGR","Bulgaria",77.139517835224,77.139517835224,77.139517835224,77.139517835224,77.139517835224,77.139517835224,77.4228574424346,77.7061970496452,77.9895366568559,78.2728762640665,78.5562158712771,78.8395554784879,79.1228950856985,79.4062346929092,79.6895743001198,79.9729139073304,80.3880710496192,80.8032281919079,81.2183853341967,81.6335424764853,82.0486996187741,82.548123021048,83.0475464233219,83.5469698255958,84.0463932278697,84.0463932278697
854,"BFA","Burkina Faso",0,0,0,0,0,0,0,0,0,0.534607228960809,1.23043522536535,1.9262632217699,2.62209121817443,3.31791921457901,4.01374721098355,4.7095752073881,5.11878604608836,5.52799688478873,5.93720772348898,6.34641856218937,6.75562940088963,6.98168819841037,7.20774699593112,7.43380579345187,7.65986459097262,7.65986459097262
108,"BDI","Burundi",0,0,0,0,0,0,0,0,0,0.0345004211448838,0.427878435360995,0.821256449576964,1.21463446379305,1.60801247800902,2.00139049222513,2.3947685064411,2.62769722656476,2.8606259466883,3.09355466681197,3.32648338693565,3.55941210705919,4.00936819764566,4.45932428823211,4.90928037881844,5.35923646940491,5.35923646940491
132,"CPV","Cabo Verde",19.9559424169036,19.9559424169036,19.9559424169036,19.9559424169036,19.9559424169036,19.9559424169036,21.205306377211,22.4546703375186,23.704034297826,24.9533982581334,26.2027622184409,27.4521261787483,28.7014901390557,29.9508540993632,31.2002180596707,32.4495820199781,33.0971149070621,33.7446477941461,34.3921806812303,35.0397135683143,35.6872464553983,36.0564491299045,36.425651804411,36.7948544789172,37.1640571534236,37.1640571534236
116,"KHM","Cambodia",13.383561982005,13.383561982005,13.383561982005,13.383561982005,13.383561982005,13.383561982005,14.7795049116786,16.1754478413522,17.5713907710257,18.9673337006993,20.3632766303729,21.7592195600465,23.1551624897201,24.5511054193936,25.9470483490672,27.3429912787408,28.3971012324112,29.4512111860813,30.5053211397517,31.5594310934218,32.6135410470922,33.4095571166332,34.2055731861743,35.0015892557153,35.7976053252564,35.7976053252564
120,"CMR","Cameroon",0,0,0,0,0,0,0,0,0,0,0,0.165426379085062,0.569008367902612,0.972590356720161,1.37617234553771,1.77975433435526,2.57106078440103,3.36236723444692,4.15367368449267,4.94498013453857,5.73628658458433,6.37590300289047,7.0155194211967,7.65513583950282,8.29475225780895,8.29475225780895
124,"CAN","Canada",80.6035763965148,80.6035763965148,80.6035763965148,80.6035763965148,80.6035763965148,80.6035763965148,80.6408090039238,80.6780416113326,80.7152742187416,80.7525068261504,80.7897394335593,80.8269720409683,80.8642046483771,80.9014372557861,80.9386698631949,80.9759024706039,81.3962712528013,81.8166400349986,82.237008817196,82.6573775993933,83.0777463815907,83.2850969795232,83.4924475774559,83.6997981753884,83.9071487733209,83.9071487733209
136,"CYM","Cayman Islands",NA,NA,NA,NA,NA,NA,NA,NA,NA,NA,NA,NA,NA,NA,NA,NA,NA,NA,NA,NA,NA,NA,NA,NA,NA,NA
140,"CAF","Central African Republic",0,0,0,0,0,0,0,0,0,0,0,0,0,0,0,0,0,0,0,0,0,0,0,0,0,0
148,"TCD","Chad",0,0,0,0,0,0,0,0,0,0,0,0,0,0,0,0,0,0,0,0,0,0,0,0,0,0
152,"CHL","Chile",58.5431616332021,58.5431616332021,58.5431616332021,58.5431616332021,58.5431616332021,58.5431616332021,59.2735539642558,60.0039462953094,60.7343386263631,61.4647309574167,62.1951232884704,62.925515619524,63.6559079505777,64.3863002816313,65.116692612685,65.8470849437387,66.4318882613071,67.0166915788757,67.6014948964442,68.1862982140128,68.7711015315813,69.1138064305208,69.4565113294605,69.7992162284002,70.1419211273398,70.1419211273398
156,"CHN","China",38.94468494174,38.94468494174,38.94468494174,38.94468494174,38.94468494174,38.94468494174,40.6015802042995,42.2584754668591,43.9153707294186,45.5722659919782,47.2291612545377,48.8860565170972,50.5429517796568,52.1998470422162,53.8567423047758,55.5136375673353,56.3572772489606,57.2009169305859,58.0445566122112,58.8881962938366,59.7318359754619,60.0674397075344,60.4030434396069,60.7386471716794,61.0742509037519,61.0742509037519
170,"COL","Colombia",42.5927917691435,42.5927917691435,42.5927917691435,42.5927917691435,42.5927917691435,42.5927917691435,44.0535733447015,45.5143549202594,46.9751364958173,48.4359180713753,49.8966996469333,51.3574812224913,52.8182627980492,54.2790443736071,55.7398259491651,57.200607524723,58.1987309410583,59.1968543573935,60.1949777737287,61.193101190064,62.1912246063992,62.803015634721,63.4148066630429,64.0265976913647,64.6383887196865,64.6383887196865
174,"COM","Comoros",0.555704180448714,0.555704180448714,0.555704180448714,0.555704180448714,0.555704180448714,0.555704180448714,1.61128358325591,2.66686298606315,3.72244238887038,4.77802179167759,5.83360119448481,6.88918059729191,7.94476000009912,9.00033940290635,10.0559188057136,11.1114982085208,11.305784335937,11.5000704633532,11.6943565907695,11.8886427181857,12.0829288456019,12.8045775954692,13.5262263453366,14.247875095204,14.9695238450713,14.9695238450713
184,"COK","Cook Islands",57.2379309940219,57.2379309940219,57.2379309940219,57.2379309940219,57.2379309940219,57.2379309940219,57.87259304588,58.507255097738,59.1419171495962,59.7765792014543,60.4112412533123,61.0459033051704,61.6805653570285,62.3152274088867,62.9498894607447,63.5845515126028,64.0238958134391,64.4632401142753,64.9025844151115,65.3419287159477,65.781273016784,66.0839294236438,66.3865858305036,66.6892422373634,66.9918986442232,66.9918986442232
188,"CRI","Costa Rica",59.5088210100208,59.5088210100208,59.5088210100208,59.5088210100208,59.5088210100208,59.5088210100208,61.2109507293862,62.9130804487518,64.6152101681173,66.3173398874827,68.0194696068483,69.7215993262138,71.4237290455793,73.1258587649447,74.8279884843103,76.5301182036757,77.2309057522349,77.9316933007941,78.6324808493532,79.3332683979124,80.0340559464716,80.6615269899771,81.2889980334824,81.9164690769877,82.5439401204932,82.5439401204932
384,"CIV","Cote d'Ivoire",5.46632417913636,5.46632417913636,5.46632417913636,5.46632417913636,5.46632417913636,5.46632417913636,6.13512609014953,6.80392800116269,7.47272991217586,8.14153182318903,8.81033373420219,9.47913564521535,10.1479375562285,10.8167394672417,11.4855413782548,12.154343289268,12.4796739134316,12.8050045375952,13.1303351617589,13.4556657859225,13.7809964100861,14.7681363963781,15.7552763826703,16.7424163689623,17.7295563552545,17.7295563552545
191,"HRV","Croatia",70.9267630088184,70.9267630088184,70.9267630088184,70.9267630088184,70.9267630088184,70.9267630088184,71.5858058074293,72.2448486060401,72.9038914046508,73.5629342032617,74.2219770018727,74.8810198004834,75.5400625990942,76.1991053977051,76.858148196316,77.5171909949268,77.8637715454737,78.2103520960207,78.5569326465676,78.9035131971145,79.2500937476615,79.6253741767926,80.0006546059238,80.3759350350549,80.7512154641861,80.7512154641861
192,"CUB","Cuba",47.6363006244979,47.6363006244979,47.6363006244979,47.6363006244979,47.6363006244979,47.6363006244979,48.0661577539967,48.4960148834953,48.9258720129941,49.3557291424928,49.7855862719916,50.2154434014904,50.645300530989,51.0751576604878,51.5050147899865,51.9348719194853,52.2809182868202,52.6269646541552,52.9730110214901,53.3190573888251,53.66510375616,54.0388010416868,54.4124983272136,54.7861956127404,55.1598928982672,55.1598928982672
531,"CUW","Curacao",NA,NA,NA,NA,NA,NA,NA,NA,NA,NA,NA,NA,NA,NA,NA,NA,NA,NA,NA,NA,NA,NA,NA,NA,NA,NA
196,"CYP","Cyprus",86.3882124382799,86.3882124382799,86.3882124382799,86.3882124382799,86.3882124382799,86.3882124382799,87.2706842249619,88.1531560116437,89.0356277983256,89.9180995850075,90.8005713716893,91.6830431583712,92.5655149450532,93.447986731735,94.3304585184169,95.2129303050988,95.415662452556,95.6183946000132,95.8211267474704,96.0238588949276,96.2265910423848,96.5419580299242,96.8573250174636,97.172692005003,97.4880589925424,97.4880589925424
203,"CZE","Czech Republic",90.6132811781528,90.6132811781528,90.6132811781528,90.6132811781528,90.6132811781528,90.6132811781528,90.7549021594773,90.8965231408019,91.0381441221264,91.1797651034511,91.3213860847756,91.4630070661,91.6046280474247,91.7462490287492,91.8878700100738,92.0294909913983,91.9131964391982,91.7969018869982,91.680607334798,91.564312782598,91.4480182303979,91.9694166804483,92.4908151304985,93.0122135805489,93.5336120305992,93.5336120305992
180,"COD","Dem. Rep. Congo",0,0,0,0,0,0,0.26986227026083,0.672073126869861,1.07428398347889,1.47649484008795,1.878705696697,2.280916553306,2.68312740991506,3.08533826652409,3.48754912313314,3.88975997974218,4.88166214125272,5.87356430276326,6.86546646427392,7.85736862578446,8.849270787295,10.103333968066,11.3573971488368,12.6114603296077,13.8655235103786,13.8655235103786
208,"DNK","Denmark",95.2262979922599,95.2262979922599,95.2262979922599,95.2262979922599,95.2262979922599,95.2262979922599,95.3635060282895,95.5007140643191,95.6379221003487,95.7751301363783,95.9123381724079,96.0495462084375,96.1867542444671,96.3239622804967,96.4611703165263,96.5983783525559,96.9719613175629,97.3455442825699,97.7191272475769,98.0927102125839,98.4662931775909,98.8497198831932,99.2331465887954,99.6165732943977,100,100
262,"DJI","Djibouti",4.55923470022512,4.55923470022512,4.55923470022512,4.55923470022512,4.55923470022512,4.55923470022512,5.42708139999988,6.29492809977478,7.16277479954954,8.03062149932443,8.89846819909918,9.76631489887407,10.6341615986488,11.5020082984237,12.3698549981985,13.2377016979734,13.9192668399716,14.6008319819698,15.2823971239679,15.9639622659661,16.6455274079644,17.1349703116274,17.6244132152906,18.1138561189537,18.603299022617,18.603299022617
212,"DMA","Dominica",46.1406120078137,46.1406120078137,46.1406120078137,46.1406120078137,46.1406120078137,46.1406120078137,46.6977339203658,47.254855832918,47.8119777454702,48.3690996580223,48.9262215705745,49.4833434831266,50.0404653956787,50.5975873082309,51.1547092207831,51.7118311333352,52.121934474666,52.5320378159968,52.9421411573275,53.3522444986584,53.7623478399891,53.747009285174,53.7316707303588,53.7163321755435,53.7009936207283,53.7009936207283
214,"DOM","Dominican Republic",24.4742659009865,24.4742659009865,24.4742659009865,24.4742659009865,24.4742659009865,24.4742659009865,26.0096280290914,27.5449901571962,29.0803522853011,30.6157144134058,32.1510765415107,33.6864386696156,35.2218007977204,36.7571629258253,38.29252505393,39.8278871820349,40.2387078622671,40.6495285424993,41.0603492227314,41.4711699029636,41.8819905831958,42.59081157498,43.2996325667641,44.0084535585483,44.7172745503325,44.7172745503325
218,"ECU","Ecuador",35.1561873724697,35.1561873724697,35.1561873724697,35.1561873724697,35.1561873724697,35.1561873724697,36.378514894548,37.6008424166265,38.8231699387048,40.0454974607832,41.2678249828615,42.49015250494,43.7124800270184,44.9348075490967,46.1571350711752,47.3794625932535,48.5991249870292,49.8187873808047,51.0384497745803,52.2581121683558,53.4777745621314,54.021294060972,54.5648135598127,55.1083330586533,55.6518525574939,55.6518525574939
818,"EGY","Egypt",19.3834551409652,19.3834551409652,19.3834551409652,19.3834551409652,19.3834551409652,19.3834551409652,19.9978256031458,20.6121960653263,21.226566527507,21.8409369896875,22.4553074518681,23.0696779140486,23.6840483762292,24.2984188384099,24.9127893005904,25.5271597627709,26.5076807146739,27.4882016665768,28.4687226184796,29.4492435703825,30.4297645222854,32.0018234388495,33.5738823554136,35.1459412719775,36.7180001885416,36.7180001885416
222,"SLV","El Salvador",25.7554898401225,25.7554898401225,25.7554898401225,25.7554898401225,25.7554898401225,25.7554898401225,27.0763457335531,28.3972016269835,29.7180575204141,31.0389134138447,32.3597693072753,33.6806252007058,35.0014810941364,36.322336987567,37.6431928809975,38.9640487744281,39.4622617708866,39.9604747673453,40.4586877638038,40.9569007602625,41.455113756721,41.8653525097373,42.2755912627535,42.6858300157699,43.0960687687862,43.0960687687862
226,"GNQ","Equatorial Guinea",4.68089401154607,4.68089401154607,4.68089401154607,4.68089401154607,4.68089401154607,4.68089401154607,6.88163869219925,9.08238337285242,11.2831280535056,13.4838727341588,15.6846174148119,17.885362095465,20.0861067761182,22.2868514567714,24.4875961374245,26.6883408180777,28.4103807991538,30.1324207802298,31.8544607613057,33.5765007423818,35.2985407234578,36.1203173812239,36.9420940389899,37.763870696756,38.585647354522,38.585647354522
232,"ERI","Eritrea",0,0,0,0,0,0,0,0,0,0,0.268467418143871,0.599231452015999,0.929995485888128,1.26075951976027,1.5915235536324,1.92228758750454,2.36104685819765,2.79980612889074,3.23856539958398,3.67732467027707,4.11608394097019,4.663417219656,5.21075049834194,5.75808377702788,6.3054170557137,6.3054170557137
233,"EST","Estonia",61.1932468163704,61.1932468163704,61.1932468163704,61.1932468163704,61.1932468163704,61.1932468163704,61.4627014516349,61.7321560868992,62.0016107221637,62.2710653574281,62.5405199926926,62.8099746279569,63.0794292632214,63.3488838984858,63.6183385337502,63.8877931690146,64.1948580408108,64.5019229126069,64.808987784403,65.1160526561992,65.4231175279953,65.6034612209289,65.7838049138627,65.9641486067963,66.14449229973,66.14449229973
748,"SWZ","Eswatini",5.57580114514957,5.57580114514957,5.57580114514957,5.57580114514957,5.57580114514957,5.57580114514957,5.7581393756782,5.9404776062067,6.12281583673533,6.30515406726383,6.48749229779246,6.66983052832109,6.8521687588496,7.03450698937822,7.21684521990672,7.39918345043534,8.16512476158427,8.93106607273306,9.697007383882,10.4629486950308,11.2288900061797,11.7272037498444,12.2255174935091,12.7238312371738,13.2221449808384,13.2221449808384
231,"ETH","Ethiopia",0,0,0,0,0,0,0,0,0,0.486085878467563,1.3715804393331,2.25707500019864,3.14256956106418,4.02806412192967,4.91355868279521,5.79905324366075,6.28725828195934,6.77546332025793,7.26366835855666,7.75187339685523,8.24007843515385,8.82238690423007,9.40469537330631,9.98700384238242,10.5693123114587,10.5693123114587
234,"FRO","Faeroe Islands",NA,NA,NA,NA,NA,NA,NA,NA,NA,NA,NA,NA,NA,NA,NA,NA,NA,NA,NA,NA,NA,NA,NA,NA,NA,NA
238,"FLK","Falkland Islands",NA,NA,NA,NA,NA,NA,NA,NA,NA,NA,NA,NA,NA,NA,NA,NA,NA,NA,NA,NA,NA,NA,NA,NA,NA,NA
242,"FJI","Fiji",32.0666456241565,32.0666456241565,32.0666456241565,32.0666456241565,32.0666456241565,32.0666456241565,32.2868619330787,32.5070782420009,32.7272945509232,32.9475108598454,33.1677271687676,33.3879434776898,33.608159786612,33.8283760955343,34.0485924044565,34.2688087133787,34.716929071224,35.1650494290693,35.6131697869148,36.0612901447601,36.5094105026054,37.0784409164307,37.6474713302562,38.2165017440816,38.785532157907,38.785532157907
246,"FIN","Finland",93.5250689473504,93.5250689473504,93.5250689473504,93.5250689473504,93.5250689473504,93.5250689473504,94.0987627472882,94.672456547226,95.2461503471638,95.8198441471016,96.3935379470394,96.9672317469772,97.540925546915,98.1146193468528,98.6883131467905,99.2620069467283,99.8439453147657,100,100,100,100,100,100,100,100,100
250,"FRA","France",88.8202620523634,88.8202620523634,88.8202620523634,88.8202620523634,88.8202620523634,88.8202620523634,89.4394081558592,90.058554259355,90.6777003628507,91.2968464663466,91.9159925698423,92.535138673338,93.1542847768339,93.7734308803297,94.3925769838254,95.0117230873212,95.7562695786755,96.5008160700298,97.2453625613841,97.9899090527384,98.7344555440928,99.0960306341314,99.45760572417,99.8191808142086,100,100
258,"PYF","French Polynesia",NA,NA,NA,NA,NA,NA,NA,NA,NA,NA,NA,NA,NA,NA,NA,NA,NA,NA,NA,NA,NA,NA,NA,NA,NA,NA
266,"GAB","Gabon",14.8835991899496,14.8835991899496,14.8835991899496,14.8835991899496,14.8835991899496,14.8835991899496,15.3149266562325,15.7462541225153,16.1775815887983,16.6089090550811,17.040236521364,17.4715639876468,17.9028914539297,18.3342189202126,18.7655463864955,19.1968738527783,20.3187415996205,21.4406093464629,22.5624770933051,23.6843448401474,24.8062125869896,25.701575687692,26.5969387883943,27.4923018890966,28.387664989799,28.387664989799
270,"GMB","Gambia",7.50530935094378,7.50530935094378,7.50530935094378,7.50530935094378,7.50530935094378,7.50530935094378,8.25322629241226,9.0011432338809,9.74906017534951,10.496977116818,11.2448940582865,11.9928109997551,12.7407279412236,13.4886448826922,14.2365618241608,14.9844787656293,15.7195279193669,16.4545770731044,17.1896262268419,17.9246753805794,18.659724534317,18.8889048034804,19.1180850726437,19.3472653418071,19.5764456109705,19.5764456109705
268,"GEO","Georgia",42.6961048686544,42.6961048686544,42.6961048686544,42.6961048686544,42.6961048686544,42.6961048686544,43.1948426019205,43.6935803351867,44.1923180684528,44.691055801719,45.1897935349851,45.6885312682513,46.1872690015174,46.6860067347836,47.1847444680497,47.6834822013159,48.1532637267505,48.6230452521851,49.0928267776196,49.5626083030542,50.0323898284888,50.2409110439574,50.449432259426,50.6579534748948,50.8664746903634,50.8664746903634
276,"DEU","Germany",98.7532452931471,98.7532452931471,98.7532452931471,98.7532452931471,98.7532452931471,98.7532452931471,98.8525993085551,98.9519533239631,99.051307339371,99.150661354779,99.250015370187,99.349369385595,99.448723401003,99.548077416411,99.647431431819,99.746785447227,100,100,100,100,100,100,100,100,100,100
288,"GHA","Ghana",8.17663839032754,8.17663839032754,8.17663839032754,8.17663839032754,8.17663839032754,8.17663839032754,9.09913718131379,10.0216359722999,10.9441347632862,11.8666335542724,12.7891323452587,13.7116311362448,14.6341299272311,15.5566287182173,16.4791275092035,17.4016263001897,17.5917514264505,17.7818765527113,17.9720016789722,18.1621268052331,18.3522519314939,19.1462773830801,19.9403028346665,20.7343282862528,21.528353737839,21.528353737839
300,"GRC","Greece",88.506890586803,88.506890586803,88.506890586803,88.506890586803,88.506890586803,88.506890586803,89.0609270613639,89.6149635359248,90.1690000104857,90.7230364850467,91.2770729596076,91.8311094341684,92.3851459087294,92.9391823832903,93.4932188578512,94.0472553324121,94.1715240346164,94.2957927368206,94.4200614390249,94.5443301412292,94.6685988434334,94.875923324931,95.0832478064286,95.2905722879262,95.4978967694238,95.4978967694238
304,"GRL","Greenland",63.3603122631156,63.3603122631156,63.3603122631156,63.3603122631156,63.3603122631156,63.3603122631156,63.869534826015,64.3787573889144,64.8879799518139,65.3972025147133,65.9064250776127,66.4156476405122,66.9248702034117,67.4340927663111,67.9433153292105,68.4525378921099,68.8901247911315,69.327711690153,69.7652985891745,70.202885488196,70.6404723872175,70.8454219766583,71.0503715660991,71.2553211555399,71.4602707449807,71.4602707449807
308,"GRD","Grenada",46.0385851514694,46.0385851514694,46.0385851514694,46.0385851514694,46.0385851514694,46.0385851514694,46.3375583646347,46.6365315778001,46.9355047909654,47.2344780041307,47.5334512172961,47.8324244304614,48.1313976436267,48.430370856792,48.7293440699574,49.0283172831227,49.3386609113376,49.6490045395525,49.9593481677674,50.2696917959823,50.5800354241971,50.7447693310649,50.9095032379327,51.0742371448004,51.2389710516682,51.2389710516682
320,"GTM","Guatemala",13.7117918120598,13.7117918120598,13.7117918120598,13.7117918120598,13.7117918120598,13.7117918120598,14.5776917718854,15.4435917317108,16.3094916915363,17.1753916513619,18.0412916111874,18.9071915710128,19.7730915308384,20.6389914906639,21.5048914504893,22.3707914103149,23.2699160153433,24.1690406203718,25.0681652254002,25.9672898304287,26.8664144354571,27.6362072229219,28.4060000103866,29.1757927978514,29.9455855853161,29.9455855853161
831,"GGY","Guernsey",NA,NA,NA,NA,NA,NA,NA,NA,NA,NA,NA,NA,NA,NA,NA,NA,NA,NA,NA,NA,NA,NA,NA,NA,NA,NA
324,"GIN","Guinea",0.862093046907802,0.862093046907802,0.862093046907802,0.862093046907802,0.862093046907802,0.862093046907802,1.46426845150242,2.06644385609708,2.6686192606917,3.27079466528632,3.87297006988095,4.47514547447557,5.0773208790702,5.67949628366482,6.28167168825945,6.88384709285408,7.314607751883,7.74536841091189,8.17612906994094,8.60688972896983,9.03765038799874,9.70273648633352,10.3678225846683,11.0329086830031,11.6979947813379,11.6979947813379
624,"GNB","Guinea-Bissau",0,0,0,0,0,0,0,0,0,0,0,0,0,0,0.221578083662848,0.528967158087553,1.16730151684943,1.80563587561129,2.4439702343733,3.08230459313515,3.720638951897,4.53490626557328,5.34917357924957,6.16344089292573,6.97770820660202,6.97770820660202
328,"GUY","Guyana",23.2899740466731,23.2899740466731,23.2899740466731,23.2899740466731,23.2899740466731,23.2899740466731,24.2549758532078,25.2199776597426,26.1849794662773,27.1499812728121,28.1149830793468,29.0799848858815,30.0449866924164,31.0099884989511,31.9749903054859,32.9399921120206,33.7693052272104,34.5986183424003,35.4279314575901,36.2572445727799,37.0865576879698,37.6751792213042,38.2638007546387,38.8524222879732,39.4410438213077,39.4410438213077
332,"HTI","Haiti",4.64205323761492,4.64205323761492,4.64205323761492,4.64205323761492,4.64205323761492,4.64205323761492,5.01397262672967,5.38589201584442,5.75781140495914,6.12973079407389,6.50165018318864,6.87356957230327,7.24548896141802,7.61740835053277,7.98932773964752,8.36124712876227,9.15907262164083,9.95689811451939,10.7547236073978,11.5525491002764,12.350374593155,12.8605723561001,13.3707701190454,13.8809678819907,14.3911656449359,14.3911656449359
336,"VAT","Holy See",NA,NA,NA,NA,NA,NA,NA,NA,NA,NA,NA,NA,NA,NA,NA,NA,NA,NA,NA,NA,NA,NA,NA,NA,NA,NA
340,"HND","Honduras",17.8195792577616,17.8195792577616,17.8195792577616,17.8195792577616,17.8195792577616,17.8195792577616,18.7099455926007,19.6003119274399,20.490678262279,21.3810445971181,22.2714109319573,23.1617772667964,24.0521436016355,24.9425099364746,25.8328762713138,26.7232426061529,27.4415779952768,28.159913384401,28.8782487735249,29.596584162649,30.314919551773,31.0289305097134,31.7429414676539,32.4569524255943,33.1709633835347,33.1709633835347
344,"HKG","Hong Kong",NA,NA,NA,NA,NA,NA,NA,NA,NA,NA,NA,NA,NA,NA,NA,NA,NA,NA,NA,NA,NA,NA,NA,NA,NA,NA
348,"HUN","Hungary",58.8409836700609,58.8409836700609,58.8409836700609,58.8409836700609,58.8409836700609,58.8409836700609,59.2410677150459,59.6411517600308,60.0412358050156,60.4413198500006,60.8414038949855,61.2414879399705,61.6415719849554,62.0416560299403,62.4417400749252,62.8418241199102,62.7682087887187,62.6945934575273,62.6209781263358,62.5473627951445,62.473747463953,63.03128602697,63.588824589987,64.1463631530041,64.7039017160211,64.7039017160211
352,"ISL","Iceland",92.9992296775778,92.9992296775778,92.9992296775778,92.9992296775778,92.9992296775778,92.9992296775778,93.5638153836587,94.1284010897397,94.6929867958207,95.2575725019017,95.8221582079826,96.3867439140636,96.9513296201446,97.5159153262256,98.0805010323066,98.6450867383875,99.072522059823,99.4999573812584,99.9273927026938,100,100,100,100,100,100,100
356,"IND","India",3.80981310773829,3.80981310773829,3.80981310773829,3.80981310773829,3.80981310773829,3.80981310773829,4.52114918758998,5.23248526744158,5.94382134729328,6.65515742714484,7.36649350699655,8.07782958684825,8.78916566669982,9.50050174655154,10.2118378264031,10.9231739062548,12.0177453246809,13.1123167431069,14.206888161533,15.3014595799589,16.396030998385,17.64594212651,18.8958532546351,20.1457643827601,21.395675510885,21.395675510885
360,"IDN","Indonesia",16.0670017798581,16.0670017798581,16.0670017798581,16.0670017798581,16.0670017798581,16.0670017798581,16.9293954661235,17.7917891523888,18.6541828386541,19.5165765249194,20.3789702111848,21.2413638974501,22.1037575837155,22.9661512699808,23.8285449562461,24.6909386425115,25.7765839190356,26.8622291955597,27.9478744720839,29.033519748608,30.1191650251321,31.0752988452843,32.0314326654365,32.9875664855885,33.9437003057407,33.9437003057407
364,"IRN","Iran",43.3483968943585,43.3483968943585,43.3483968943585,43.3483968943585,43.3483968943585,43.3483968943585,44.458372605799,45.5683483172396,46.6783240286802,47.7882997401208,48.8982754515613,50.0082511630019,51.1182268744425,52.2282025858831,53.3381782973237,54.4481540087643,55.2068696543225,55.9655852998805,56.7243009454387,57.4830165909968,58.2417322365549,58.9147733691519,59.5878145017487,60.2608556343457,60.9338967669426,60.9338967669426
368,"IRQ","Iraq",32.8050848667627,32.8050848667627,32.8050848667627,32.8050848667627,32.8050848667627,32.8050848667627,33.6354464153376,34.4658079639126,35.2961695124875,36.1265310610623,36.9568926096372,37.7872541582122,38.6176157067871,39.447977255362,40.278338803937,41.1087003525119,42.9901543136535,44.8716082747952,46.753062235937,48.6345161970786,50.5159701582202,51.7581933167289,53.0004164752376,54.2426396337464,55.484862792255,55.484862792255
372,"IRL","Ireland",85.1804507125276,85.1804507125276,85.1804507125276,85.1804507125276,85.1804507125276,85.1804507125276,85.5878382760242,85.995225839521,86.4026134030176,86.8100009665143,87.2173885300111,87.6247760935077,88.0321636570044,88.4395512205011,88.8469387839978,89.2543263474944,89.5896272916664,89.9249282358382,90.2602291800101,90.595530124182,90.9308310683539,91.5753707007153,92.2199103330768,92.8644499654382,93.5089895977996,93.5089895977996
833,"IMN","Isle of Man",NA,NA,NA,NA,NA,NA,NA,NA,NA,NA,NA,NA,NA,NA,NA,NA,NA,NA,NA,NA,NA,NA,NA,NA,NA,NA
376,"ISR","Israel",86.7618797205328,86.7618797205328,86.7618797205328,86.7618797205328,86.7618797205328,86.7618797205328,86.9250123513567,87.0881449821805,87.2512776130043,87.4144102438282,87.5775428746521,87.7406755054759,87.9038081362998,88.0669407671236,88.2300733979474,88.3932060287713,88.5890632550063,88.7849204812413,88.9807777074764,89.1766349337113,89.3724921599463,89.9115749987155,90.4506578374845,90.9897406762537,91.5288235150229,91.5288235150229
380,"ITA","Italy",94.776094926726,94.776094926726,94.776094926726,94.776094926726,94.776094926726,94.776094926726,94.9746981819747,95.1733014372234,95.3719046924721,95.5705079477208,95.7691112029695,95.9677144582182,96.1663177134669,96.3649209687156,96.5635242239643,96.762127479213,96.9296054659635,97.097083452714,97.2645614394645,97.432039426215,97.5995174129655,97.9923931634534,98.3852689139413,98.7781446644292,99.1710204149172,99.1710204149172
388,"JAM","Jamaica",47.6197118286382,47.6197118286382,47.6197118286382,47.6197118286382,47.6197118286382,47.6197118286382,48.0571232608009,48.4945346929637,48.9319461251264,49.3693575572891,49.806768989452,50.2441804216147,50.6815918537774,51.1190032859401,51.556414718103,51.9938261502657,51.9842252536702,51.9746243570749,51.9650234604794,51.9554225638841,51.9458216672887,52.0638356187034,52.1818495701183,52.299863521533,52.4178774729477,52.4178774729477
392,"JPN","Japan",100,100,100,100,100,100,100,100,100,100,100,100,100,100,100,100,100,100,100,100,100,100,100,100,100,100
832,"JEY","Jersey",NA,NA,NA,NA,NA,NA,NA,NA,NA,NA,NA,NA,NA,NA,NA,NA,NA,NA,NA,NA,NA,NA,NA,NA,NA,NA
400,"JOR","Jordan",53.3545487999559,53.3545487999559,53.3545487999559,53.3545487999559,53.3545487999559,53.3545487999559,54.0084393256583,54.6623298513606,55.3162203770629,55.9701109027652,56.6240014284674,57.2778919541697,57.931782479872,58.5856730055743,59.2395635312766,59.8934540569789,61.8474947939018,63.8015355308245,65.7555762677474,67.7096170046701,69.663657741593,71.055503779239,72.447349816885,73.839195854531,75.231041892177,75.231041892177
398,"KAZ","Kazakhstan",37.1208414638037,37.1208414638037,37.1208414638037,37.1208414638037,37.1208414638037,37.1208414638037,38.3400709477379,39.5593004316722,40.7785299156064,41.9977593995407,43.2169888834749,44.4362183674093,45.6554478513436,46.8746773352778,48.0939068192121,49.3131363031463,50.0615545616769,50.8099728202074,51.558391078738,52.3068093372685,53.0552275957991,53.3030570418345,53.5508864878697,53.7987159339051,54.0465453799405,54.0465453799405
404,"KEN","Kenya",4.90196017853829,4.90196017853829,4.90196017853829,4.90196017853829,4.90196017853829,4.90196017853829,5.12123530706295,5.3405104355875,5.55978556411218,5.77906069263685,5.99833582116139,6.21761094968605,6.43688607821072,6.6561612067354,6.87543633525993,7.09471146378461,7.81383599948576,8.53296053518692,9.25208507088796,9.97120960658911,10.6903341422903,11.4469189122757,12.2035036822612,12.9600884522465,13.7166732222319,13.7166732222319
296,"KIR","Kiribati",8.78911526247752,8.78911526247752,8.78911526247752,8.78911526247752,8.78911526247752,8.78911526247752,9.21906118985191,9.64900711722618,10.0789530446006,10.508898971975,10.9388448993492,11.3687908267236,11.798736754098,12.2286826814724,12.6586286088467,13.0885745362211,13.4158649507649,13.7431553653086,14.0704457798524,14.3977361943962,14.72502660894,15.4146018286468,16.1041770483537,16.7937522680605,17.4833274877673,17.4833274877673
689,"XKX","Kosovo",NA,NA,NA,NA,NA,NA,NA,NA,NA,NA,NA,NA,NA,NA,NA,NA,NA,NA,NA,NA,NA,NA,NA,NA,NA,NA
414,"KWT","Kuwait",72.2516570776747,72.2516570776747,72.2516570776747,72.2516570776747,72.2516570776747,72.2516570776747,72.8310735402519,73.4104900028289,73.989906465406,74.569322927983,75.1487393905601,75.7281558531371,76.3075723157143,76.8869887782913,77.4664052408683,78.0458217034454,78.754138307619,79.4624549117924,80.170771515966,80.8790881201395,81.587404724313,81.9266917310112,82.2659787377093,82.6052657444075,82.9445527511056,82.9445527511056
417,"KGZ","Kyrgyzstan",28.3175364326567,28.3175364326567,28.3175364326567,28.3175364326567,28.3175364326567,28.3175364326567,29.3513816737614,30.3852269148662,31.419072155971,32.4529173970757,33.4867626381805,34.5206078792853,35.5544531203901,36.5882983614949,37.6221436025996,38.6559888437044,39.1577057048871,39.6594225660697,40.1611394272525,40.6628562884351,41.1645731496178,41.609029505168,42.0534858607181,42.4979422162683,42.9423985718184,42.9423985718184
418,"LAO","Laos",7.82127336108316,7.82127336108316,7.82127336108316,7.82127336108316,7.82127336108316,7.82127336108316,8.8128873462889,9.80450133149451,10.7961153167002,11.7877293019059,12.7793432871116,13.7709572723173,14.7625712575229,15.7541852427287,16.7457992279343,17.73741321314,18.741847072245,19.7462809313501,20.750714790455,21.7551486495601,22.7595825086651,23.8827840572367,25.0059856058082,26.1291871543799,27.2523887029515,27.2523887029515
428,"LVA","Latvia",54.000492976474,54.000492976474,54.000492976474,54.000492976474,54.000492976474,54.000492976474,54.4988856677118,54.9972783589497,55.4956710501876,55.9940637414254,56.4924564326632,56.9908491239011,57.4892418151389,57.9876345063768,58.4860271976146,58.9844198888525,59.0887695441721,59.1931191994917,59.2974688548115,59.4018185101311,59.5061681654507,59.9165890368502,60.3270099082498,60.7374307796493,61.1478516510488,61.1478516510488
422,"LBN","Lebanon",52.9301031654729,52.9301031654729,52.9301031654729,52.9301031654729,52.9301031654729,52.9301031654729,54.5801758187328,56.2302484719928,57.8803211252527,59.5303937785127,61.1804664317726,62.8305390850326,64.4806117382925,66.1306843915525,67.7807570448124,69.4308296980724,70.7744335146688,72.1180373312653,73.4616411478616,74.8052449644581,76.1488487810545,76.9684315673503,77.788014353646,78.6075971399418,79.4271799262375,79.4271799262375
426,"LSO","Lesotho",1.17795912391331,1.17795912391331,1.17795912391331,1.17795912391331,1.17795912391331,1.17795912391331,1.42884387721067,1.67972863050804,1.93061338380527,2.18149813710264,2.43238289040001,2.68326764369738,2.93415239699473,3.18503715029198,3.43592190358935,3.68680665688672,4.0723723047244,4.45793795256193,4.8435036003996,5.22906924823715,5.6146348960748,6.04879953544138,6.48296417480779,6.91712881417436,7.3512934535409,7.3512934535409
430,"LBR","Liberia",0,0,0,0,0,0,0,0,0,0,0,0,0.532500071990711,1.51333960415502,2.49417913631918,3.47501866848346,4.18670883947092,4.89839901045838,5.61008918144572,6.32177935243317,7.03346952342064,7.89444688672327,8.75542425002588,9.61640161332851,10.4773789766311,10.4773789766311
434,"LBY","Libya",43.8173008769782,43.8173008769782,43.8173008769782,43.8173008769782,43.8173008769782,43.8173008769782,44.9885995988298,46.1598983206812,47.3311970425326,48.5024957643842,49.6737944862358,50.8450932080872,52.0163919299387,53.1876906517903,54.3589893736417,55.5302880954933,55.9143236636855,56.2983592318775,56.6823948000697,57.0664303682617,57.4504659364539,57.3165331640468,57.1826003916399,57.048667619233,56.914734846826,56.914734846826
438,"LIE","Liechtenstein",NA,NA,NA,NA,NA,NA,NA,NA,NA,NA,NA,NA,NA,NA,NA,NA,NA,NA,NA,NA,NA,NA,NA,NA,NA,NA
440,"LTU","Lithuania",54.2757844053354,54.2757844053354,54.2757844053354,54.2757844053354,54.2757844053354,54.2757844053354,54.6234183829608,54.9710523605864,55.3186863382118,55.6663203158372,56.0139542934627,56.3615882710881,56.7092222487135,57.0568562263389,57.4044902039644,57.7521241815898,58.013445029398,58.2747658772062,58.5360867250144,58.7974075728227,59.0587284206308,59.2680343781829,59.4773403357351,59.686646293287,59.8959522508392,59.8959522508392
442,"LUX","Luxembourg",95.7249903604451,95.7249903604451,95.7249903604451,95.7249903604451,95.7249903604451,95.7249903604451,95.9903303926744,96.2556704249037,96.5210104571329,96.7863504893622,97.0516905215915,97.3170305538207,97.58237058605,97.8477106182793,98.1130506505085,98.3783906827378,98.8237340779252,99.2690774731126,99.7144208683,100,100,100,100,100,100,100
446,"MAC","Macao",NA,NA,NA,NA,NA,NA,NA,NA,NA,NA,NA,NA,NA,NA,NA,NA,NA,NA,NA,NA,NA,NA,NA,NA,NA,NA
450,"MDG","Madagascar",0,0,0,0,0,0,0.0132786274690346,0.143770606203802,0.274262584938583,0.404754563673507,0.535246542408302,0.665738521143197,0.796230499878092,0.926722478612888,1.05721445734781,1.18770643608259,1.58762973457476,1.98755303306709,2.38747633155928,2.78739963005158,3.18732292854376,3.80418305791473,4.4210431872857,5.03790331665667,5.65476344602763,5.65476344602763
454,"MWI","Malawi",0,0,0,0,0,0,0,0.44095851042384,1.30694869720855,2.17293888399331,3.03892907077815,3.9049192575629,4.77090944434762,5.63689963113238,6.50288981791709,7.36888000470184,7.92915489102923,8.48942977735675,9.04970466368412,9.60997955001166,10.1702544363391,10.6398529245466,11.1094514127541,11.5790499009616,12.0486483891691,12.0486483891691
458,"MYS","Malaysia",60.8221324600176,60.8221324600176,60.8221324600176,60.8221324600176,60.8221324600176,60.8221324600176,61.3427479052147,61.8633633504118,62.3839787956089,62.9045942408059,63.4252096860029,63.9458251312001,64.4664405763971,64.9870560215942,65.5076714667913,66.0282869119884,66.7137787978793,67.3992706837703,68.0847625696612,68.7702544555522,69.4557463414431,70.03393954844,70.612132755437,71.1903259624338,71.7685191694308,71.7685191694308
462,"MDV","Maldives",34.2035573299783,34.2035573299783,34.2035573299783,34.2035573299783,34.2035573299783,34.2035573299783,35.60679392646,37.0100305229417,38.4132671194235,39.8165037159053,41.2197403123871,42.6229769088688,44.0262135053506,45.4294501018324,46.832686698314,48.2359232947958,48.8362756020353,49.4366279092748,50.0369802165142,50.6373325237537,51.2376848309932,51.7542028838979,52.2707209368025,52.7872389897071,53.3037570426117,53.3037570426117
466,"MLI","Mali",0,0,0,0,0,0,0,0,0,0,0,0.572373569332839,1.38925066491447,2.20612776049624,3.0230048560779,3.83988195165954,4.54538281248232,5.25088367330497,5.95638453412775,6.66188539495039,7.36738625577318,7.59668091626418,7.82597557675516,8.05527023724602,8.284564897737,8.284564897737
470,"MLT","Malta",90.1063155511167,90.1063155511167,90.1063155511167,90.1063155511167,90.1063155511167,90.1063155511167,90.6579604055302,91.2096052599437,91.7612501143571,92.3128949687706,92.8645398231841,93.4161846775976,93.967829532011,94.5194743864245,95.0711192408379,95.6227640952514,96.025610821411,96.4284575475705,96.8313042737301,97.2341509998896,97.6369977260491,98.106553545403,98.5761093647569,99.0456651841107,99.5152210034646,99.5152210034646
584,"MHL","Marshall Islands",16.0070583952667,16.0070583952667,16.0070583952667,16.0070583952667,16.0070583952667,16.0070583952667,17.3808196324434,18.7545808696203,20.128342106797,21.5021033439739,22.8758645811506,24.2496258183274,25.6233870555042,26.9971482926809,28.3709095298578,29.7446707670345,30.5090381531851,31.2734055393357,32.0377729254862,32.8021403116368,33.5665076977873,33.9919097550107,34.4173118122341,34.8427138694575,35.2681159266808,35.2681159266808
478,"MRT","Mauritania",0,0,0,0,0,0,0.643688469631698,1.28737693926338,1.93106540889518,2.57475387852686,3.21844234815855,3.86213081779024,4.50581928742191,5.14950775705374,5.79319622668542,6.43688469631711,7.16379842844535,7.89071216057349,8.61762589270174,9.34453962482986,10.0714533569581,10.9817147573529,11.8919761577478,12.8022375581425,13.7124989585373,13.7124989585373
480,"MUS","Mauritius",55.6357572605085,55.6357572605085,55.6357572605085,55.6357572605085,55.6357572605085,55.6357572605085,56.2907790197745,56.9458007790403,57.6008225383062,58.2558442975721,58.910866056838,59.565887816104,60.2209095753698,60.8759313346358,61.5309530939016,62.1859748531676,63.0073634592392,63.8287520653109,64.6501406713824,65.4715292774541,66.2929178835258,66.8532622354938,67.4136065874619,67.9739509394299,68.534295291398,68.534295291398
484,"MEX","Mexico",39.0759045796627,39.0759045796627,39.0759045796627,39.0759045796627,39.0759045796627,39.0759045796627,40.4159242512903,41.755943922918,43.0959635945458,44.4359832661734,45.776002937801,47.1160226094287,48.4560422810564,49.796061952684,51.1360816243118,52.4761012959394,52.9000586413776,53.3240159868158,53.7479733322539,54.1719306776922,54.5958880231304,55.2537145836491,55.9115411441679,56.5693677046866,57.2271942652054,57.2271942652054
583,"FSM","Micronesia",18.4078136974858,18.4078136974858,18.4078136974858,18.4078136974858,18.4078136974858,18.4078136974858,20.224846786502,22.0418798755181,23.8589129645342,25.6759460535503,27.4929791425665,29.3100122315826,31.1270453205987,32.9440784096147,34.7611114986309,36.578144587647,36.947081992947,37.316019398247,37.6849568035471,38.0538942088471,38.4228316141471,38.6707267320487,38.9186218499504,39.166516967852,39.4144120857537,39.4144120857537
498,"MDA","Moldova",42.4578825011434,42.4578825011434,42.4578825011434,42.4578825011434,42.4578825011434,42.4578825011434,42.929188808555,43.4004951159665,43.871801423378,44.3431077307895,44.814414038201,45.2857203456126,45.757026653024,46.2283329604356,46.6996392678471,47.1709455752586,47.4237757888445,47.6766060024304,47.9294362160162,48.1822664296022,48.435096643188,48.55660473492,48.6781128266519,48.7996209183838,48.9211290101158,48.9211290101158
492,"MCO","Monaco",100,100,100,100,100,100,100,100,100,100,100,100,100,100,100,100,100,100,100,100,100,100,100,100,100,100
496,"MNG","Mongolia",25.9333853918685,25.9333853918685,25.9333853918685,25.9333853918685,25.9333853918685,25.9333853918685,27.251098318387,28.5688112449055,29.886524171424,31.2042370979425,32.5219500244609,33.8396629509794,35.1573758774979,36.4750888040164,37.7928017305349,39.1105146570533,39.567608674149,40.0247026912446,40.4817967083402,40.9388907254358,41.3959847425315,41.6172658480003,41.8385469534693,42.0598280589381,42.281109164407,42.281109164407
499,"MNE","Montenegro",66.0364839102349,66.0364839102349,66.0364839102349,66.0364839102349,66.0364839102349,66.0364839102349,66.8436662104449,67.6508485106548,68.4580308108649,69.2652131110748,70.0723954112847,70.8795777114948,71.6867600117048,72.4939423119147,73.3011246121248,74.1083069123347,74.778181440325,75.4480559683153,76.1179304963056,76.7878050242959,77.4576795522862,77.8137595757558,78.1698395992253,78.525919622695,78.8819996461645,78.8819996461645
504,"MAR","Morocco",24.9501229294354,24.9501229294354,24.9501229294354,24.9501229294354,24.9501229294354,24.9501229294354,26.0466665665846,27.1432102037338,28.239753840883,29.3362974780323,30.4328411151814,31.5293847523307,32.6259283894799,33.7224720266292,34.8190156637783,35.9155593009276,37.1515641245973,38.3875689482669,39.6235737719366,40.8595785956062,42.0955834192759,43.3783501363248,44.6611168533735,45.9438835704224,47.2266502874711,47.2266502874711
508,"MOZ","Mozambique",2.64314569277487,2.64314569277487,2.64314569277487,2.64314569277487,2.64314569277487,2.64314569277487,3.48079270837356,4.31843972397223,5.15608673957092,5.99373375516963,6.83138077076832,7.66902778636688,8.50667480196557,9.34432181756426,10.1819688331629,11.0196158487616,11.6402539898482,12.2608921309347,12.8815302720212,13.5021684131077,14.1228065541942,14.6736593381826,15.224512122171,15.7753649061594,16.3262176901478,16.3262176901478
104,"MMR","Myanmar",7.30187680369737,7.30187680369737,7.30187680369737,7.30187680369737,7.30187680369737,7.30187680369737,8.80226952291174,10.3026622421261,11.8030549613404,13.3034476805547,14.8038403997691,16.3042331189835,17.8046258381979,19.3050185574121,20.8054112766265,22.3058039958409,23.5578989453354,24.80999389483,26.0620888443245,27.3141837938191,28.5662787433136,29.4948719491797,30.4234651550458,31.3520583609121,32.2806515667782,32.2806515667782
516,"NAM","Namibia",11.2883918532103,11.2883918532103,11.2883918532103,11.2883918532103,11.2883918532103,11.2883918532103,11.6438854738783,11.9993790945463,12.3548727152143,12.7103663358823,13.0658599565503,13.4213535772184,13.7768471978863,14.1323408185543,14.4878344392223,14.8433280598903,15.5106994958139,16.1780709317375,16.8454423676612,17.5128138035848,18.1801852395084,18.8368669877645,19.4935487360204,20.1502304842764,20.8069122325324,20.8069122325324
520,"NRU","Nauru",32.4608538594081,32.4608538594081,32.4608538594081,32.4608538594081,32.4608538594081,32.4608538594081,32.8456339462946,33.2304140331812,33.6151941200677,33.9999742069543,34.3847542938408,34.7695343807273,35.1543144676138,35.5390945545004,35.9238746413869,36.3086547282735,37.6312997317524,38.9539447352314,40.2765897387103,41.5992347421893,42.9218797456683,43.7475776625073,44.5732755793462,45.3989734961853,46.2246714130244,46.2246714130244
524,"NPL","Nepal",10.2827769652655,10.2827769652655,10.2827769652655,10.2827769652655,10.2827769652655,10.2827769652655,11.3048867313255,12.3269964973854,13.3491062634454,14.3712160295054,15.3933257955654,16.4154355616254,17.4375453276854,18.4596550937454,19.4817648598054,20.5038746258654,21.5718604151481,22.6398462044307,23.7078319937134,24.775817782996,25.8438035722786,26.6352629874685,27.4267224026586,28.2181818178485,29.0096412330384,29.0096412330384
528,"NLD","Netherlands",100,100,100,100,100,100,100,100,100,100,100,100,100,100,100,100,100,100,100,100,100,100,100,100,100,100
540,"NCL","New Caledonia",NA,NA,NA,NA,NA,NA,NA,NA,NA,NA,NA,NA,NA,NA,NA,NA,NA,NA,NA,NA,NA,NA,NA,NA,NA,NA
554,"NZL","New Zealand",85.9587903402028,85.9587903402028,85.9587903402028,85.9587903402028,85.9587903402028,85.9587903402028,85.972639668786,85.986488997369,86.0003383259522,86.0141876545354,86.0280369831184,86.0418863117016,86.0557356402848,86.0695849688679,86.083434297451,86.0972836260342,86.4884573866073,86.8796311471804,87.2708049077534,87.6619786683266,88.0531524288997,88.3781585380813,88.703164647263,89.0281707564446,89.3531768656261,89.3531768656261
558,"NIC","Nicaragua",23.1910981626873,23.1910981626873,23.1910981626873,23.1910981626873,23.1910981626873,23.1910981626873,24.5424091855627,25.8937202084379,27.2450312313133,28.5963422541886,29.9476532770639,31.2989642999393,32.6502753228146,34.00158634569,35.3528973685652,36.7042083914406,37.6493828190608,38.5945572466808,39.539731674301,40.4849061019211,41.4300805295413,42.0424539600786,42.6548273906158,43.267200821153,43.8795742516903,43.8795742516903
562,"NER","Niger",0,0,0,0,0,0,0,0,0,0,0,0,0,0,0,0,0,0,0,0,0,0,0.39955047742329,0.843254876627441,1.28695927583161,1.28695927583161
566,"NGA","Nigeria",0,0,0,0,0,0,0,0,0,0,0,0,0,0,0,0,0.137944888233648,0.911124072504407,1.68430325677528,2.45748244104603,3.23066162531678,3.91628009004781,4.6018985547787,5.28751701950974,5.97313548424061,5.97313548424061
570,"NIU","Niue",45.5882105818852,45.5882105818852,45.5882105818852,45.5882105818852,45.5882105818852,45.5882105818852,46.5172589874834,47.4463073930817,48.3753557986799,49.3044042042781,50.2334526098765,51.1625010154747,52.0915494210729,53.0205978266711,53.9496462322694,54.8786946378676,55.2789073118262,55.6791199857849,56.0793326597435,56.4795453337023,56.8797580076609,57.0159910766414,57.152224145622,57.2884572146025,57.424690283583,57.424690283583
408,"PRK","North Korea",41.59976090933,41.59976090933,41.59976090933,41.59976090933,41.59976090933,41.59976090933,41.9031132024904,42.206465495651,42.5098177888114,42.8131700819719,43.1165223751324,43.4198746682928,43.7232269614533,44.0265792546137,44.3299315477743,44.6332838409347,45.3157562465978,45.9982286522611,46.6807010579243,47.3631734635875,48.0456458692507,48.4518007789674,48.8579556886841,49.2641105984007,49.6702655081174,49.6702655081174
807,"MKD","North Macedonia",49.3682662789888,49.3682662789888,49.3682662789888,49.3682662789888,49.3682662789888,49.3682662789888,50.6104916206643,51.8527169623398,53.0949423040154,54.3371676456909,55.5793929873665,56.821618329042,58.0638436707175,59.3060690123931,60.5482943540686,61.7905196957441,62.1844471817655,62.5783746677869,62.9723021538085,63.3662296398299,63.7601571258513,64.1814021163804,64.6026471069096,65.0238920974387,65.445137087968,65.445137087968
578,"NOR","Norway",98.5209173548322,98.5209173548322,98.5209173548322,98.5209173548322,98.5209173548322,98.5209173548322,98.7181470558451,98.915376756858,99.112606457871,99.3098361588839,99.5070658598968,99.7042955609097,99.9015252619226,100,100,100,100,100,100,100,100,100,100,100,100,100
512,"OMN","Oman",61.1043813200963,61.1043813200963,61.1043813200963,61.1043813200963,61.1043813200963,61.1043813200963,61.9990434491292,62.8937055781622,63.7883677071952,64.6830298362281,65.5776919652612,66.4723540942942,67.3670162233271,68.2616783523601,69.156340481393,70.051002610426,70.7368764825591,71.4227503546922,72.1086242268252,72.7944980989583,73.4803719710915,74.1529947190249,74.8256174669585,75.498240214892,76.1708629628255,76.1708629628255
586,"PAK","Pakistan",8.77486971374222,8.77486971374222,8.77486971374222,8.77486971374222,8.77486971374222,8.77486971374222,9.34736778119334,9.91986584864445,10.4923639160956,11.0648619835467,11.6373600509978,12.2098581184489,12.7823561859,13.3548542533511,13.9273523208022,14.4998503882533,15.1174240818332,15.7349977754133,16.3525714689932,16.9701451625732,17.5877188561531,18.4167994444639,19.2458800327746,20.0749606210855,20.9040412093963,20.9040412093963
585,"PLW","Palau",46.3172922956534,46.3172922956534,46.3172922956534,46.3172922956534,46.3172922956534,46.3172922956534,46.8999239326683,47.4825555696834,48.0651872066984,48.6478188437135,49.2304504807285,49.8130821177434,50.3957137547586,50.9783453917735,51.5609770287886,52.1436086658036,52.4445801195046,52.7455515732057,53.0465230269068,53.3474944806079,53.6484659343089,53.9329335635081,54.2174011927071,54.5018688219062,54.7863364511054,54.7863364511054
591,"PAN","Panama",37.0152873244122,37.0152873244122,37.0152873244122,37.0152873244122,37.0152873244122,37.0152873244122,37.0786326739249,37.1419780234377,37.2053233729505,37.2686687224632,37.3320140719761,37.3953594214889,37.4587047710017,37.5220501205145,37.5853954700272,37.64874081954,38.586772010057,39.5248032005742,40.4628343910912,41.4008655816083,42.3388967721253,43.3709023374323,44.4029079027392,45.4349134680461,46.466919033353,46.466919033353
598,"PNG","Papua New Guinea",10.75715254898,10.75715254898,10.75715254898,10.75715254898,10.75715254898,10.75715254898,10.8469564754496,10.9367604019194,11.0265643283891,11.1163682548587,11.2061721813284,11.2959761077981,11.3857800342678,11.4755839607374,11.5653878872072,11.6551918136769,12.1268621795617,12.5985325454463,13.0702029113311,13.5418732772157,14.0135436431005,14.3600698473996,14.7065960516986,15.0531222559976,15.3996484602966,15.3996484602966
600,"PRY","Paraguay",33.0298191712561,33.0298191712561,33.0298191712561,33.0298191712561,33.0298191712561,33.0298191712561,34.2595127776149,35.4892063839737,36.7188999903324,37.9485935966912,39.1782872030499,40.4079808094087,41.6376744157675,42.8673680221263,44.097061628485,45.3267552348439,46.2122276420831,47.0977000493224,47.9831724565615,48.8686448638008,49.7541172710401,50.0824904819379,50.4108636928356,50.7392369037333,51.0676101146311,51.0676101146311
604,"PER","Peru",32.8844660116941,32.8844660116941,32.8844660116941,32.8844660116941,32.8844660116941,32.8844660116941,33.7413519833904,34.5982379550868,35.4551239267832,36.3120098984796,37.1688958701758,38.0257818418722,38.8826678135686,39.7395537852649,40.5964397569613,41.4533257286577,41.745779775481,42.0382338223042,42.3306878691275,42.6231419159508,42.915595962774,43.1109860360402,43.3063761093064,43.5017661825725,43.6971562558386,43.6971562558386
608,"PHL","Philippines",27.3065583241182,27.3065583241182,27.3065583241182,27.3065583241182,27.3065583241182,27.3065583241182,28.1377974443844,28.9690365646505,29.8002756849167,30.6315148051828,31.4627539254489,32.2939930457151,33.1252321659812,33.9564712862474,34.7877104065135,35.6189495267797,36.8596545788829,38.1003596309861,39.3410646830893,40.5817697351926,41.8224747872958,42.8447841390131,43.8670934907303,44.8894028424476,45.9117121941649,45.9117121941649
616,"POL","Poland",71.4571012378674,71.4571012378674,71.4571012378674,71.4571012378674,71.4571012378674,71.4571012378674,72.0260966557227,72.5950920735779,73.164087491433,73.7330829092882,74.3020783271434,74.8710737449987,75.4400691628539,76.009064580709,76.5780599985642,77.1470554164194,77.5419765514648,77.93689768651,78.3318188215554,78.7267399566006,79.121661091646,79.5601130967946,79.9985651019433,80.4370171070919,80.8754691122405,80.8754691122405
620,"PRT","Portugal",73.9607559062823,73.9607559062823,73.9607559062823,73.9607559062823,73.9607559062823,73.9607559062823,74.2853664390336,74.6099769717851,74.9345875045364,75.2591980372878,75.5838085700391,75.9084191027904,76.2330296355419,76.5576401682932,76.8822507010446,77.2068612337959,77.3874670846362,77.5680729354765,77.7486787863168,77.929284637157,78.1098904879973,78.6693887831568,79.2288870783163,79.7883853734758,80.3478836686353,80.3478836686353
634,"QAT","Qatar",66.9484495512742,66.9484495512742,66.9484495512742,66.9484495512742,66.9484495512742,66.9484495512742,67.7438087331917,68.539167915109,69.3345270970264,70.1298862789438,70.9252454608613,71.7206046427787,72.515963824696,73.3113230066135,74.1066821885308,74.9020413704483,75.6460271865609,76.3900130026734,77.1339988187861,77.8779846348987,78.6219704510112,79.223529984544,79.8250895180767,80.4266490516094,81.0282085851421,81.0282085851421
178,"COG","Republic of Congo",0.887976749346478,0.887976749346478,0.887976749346478,0.887976749346478,0.887976749346478,0.887976749346478,1.3805151386433,1.87305352794014,2.36559191723711,2.85813030653397,3.35066869583092,3.84320708512776,4.3357454744246,4.82828386372144,5.32082225301842,5.81336064231526,6.96645824963738,8.11955585695949,9.2726534642815,10.4257510716036,11.5788486789257,12.3996815343389,13.2205143897521,14.0413472451654,14.8621801005786,14.8621801005786
642,"ROU","Romania",43.548472637795,43.548472637795,43.548472637795,43.548472637795,43.548472637795,43.548472637795,44.4767629161997,45.4050531946046,46.3333434730093,47.2616337514141,48.1899240298189,49.1182143082236,50.0465045866285,50.9747948650332,51.903085143438,52.8313754218427,53.3997198187172,53.9680642155917,54.5364086124661,55.1047530093406,55.6730974062151,55.9522943612384,56.2314913162616,56.5106882712847,56.789885226308,56.789885226308
643,"RUS","Russia",47.4566624532938,47.4566624532938,47.4566624532938,47.4566624532938,47.4566624532938,47.4566624532938,48.0554392727553,48.6542160922167,49.2529929116782,49.8517697311396,50.4505465506011,51.0493233700626,51.648100189524,52.2468770089855,52.8456538284469,53.4444306479085,53.6627068395995,53.8809830312906,54.0992592229817,54.3175354146727,54.5358116063638,54.6679717653582,54.8001319243525,54.9322920833469,55.0644522423413,55.0644522423413
646,"RWA","Rwanda",0,0,0,0,0,0,0,0,0.347832975885751,1.91896679725227,3.49010061861878,5.06123443998543,6.63236826135194,8.20350208271846,9.7746359040851,11.3457697254516,11.9544449868333,12.5631202482149,13.1717955095966,13.7804707709782,14.3891460323599,15.0146251380274,15.6401042436949,16.2655833493624,16.8910624550299,16.8910624550299
652,"BLM","Saint Barthelemy",NA,NA,NA,NA,NA,NA,NA,NA,NA,NA,NA,NA,NA,NA,NA,NA,NA,NA,NA,NA,NA,NA,NA,NA,NA,NA
659,"KNA","Saint Kitts and Nevis",41.7076275987522,41.7076275987522,41.7076275987522,41.7076275987522,41.7076275987522,41.7076275987522,42.5502587081745,43.392889817597,44.2355209270193,45.0781520364418,45.9207831458641,46.7634142552866,47.6060453647089,48.4486764741313,49.2913075835538,50.1339386929761,50.5817624174586,51.029586141941,51.4774098664235,51.925233590906,52.3730573153884,52.9050153400413,53.4369733646942,53.968931389347,54.5008894139999,54.5008894139999
662,"LCA","Saint Lucia",43.2262396654457,43.2262396654457,43.2262396654457,43.2262396654457,43.2262396654457,43.2262396654457,43.7387124422679,44.2511852190901,44.7636579959122,45.2761307727344,45.7886035495566,46.3010763263788,46.813549103201,47.326021880023,47.8384946568453,48.3509674336675,48.6444606003971,48.9379537671269,49.2314469338566,49.5249401005864,49.8184332673161,49.9365685992766,50.0547039312372,50.1728392631977,50.2909745951582,50.2909745951582
670,"VCT","Saint Vincent and the Grenadines",38.9878226396023,38.9878226396023,38.9878226396023,38.9878226396023,38.9878226396023,38.9878226396023,39.550696441774,40.1135702439458,40.6764440461176,41.2393178482894,41.8021916504611,42.365065452633,42.9279392548048,43.4908130569766,44.0536868591483,44.6165606613201,44.9495423740039,45.2825240866877,45.6155057993715,45.9484875120554,46.2814692247392,46.5644320881651,46.8473949515912,47.1303578150172,47.4133206784433,47.4133206784433
882,"WSM","Samoa",49.8909227251415,49.8909227251415,49.8909227251415,49.8909227251415,49.8909227251415,49.8909227251415,50.7579792477375,51.6250357703334,52.4920922929293,53.3591488155253,54.2262053381211,55.0932618607171,55.9603183833131,56.827374905909,57.6944314285049,58.5614879511008,58.7676465969528,58.9738052428047,59.1799638886566,59.3861225345085,59.5922811803605,60.325023720818,61.0577662612757,61.7905088017333,62.523251342191,62.523251342191
674,"SMR","San Marino",100,100,100,100,100,100,100,100,100,100,100,100,100,100,100,100,100,100,100,100,100,100,100,100,100,100
678,"STP","Sao Tome and Principe",15.3505966319403,15.3505966319403,15.3505966319403,15.3505966319403,15.3505966319403,15.3505966319403,16.2814576154621,17.212318598984,18.1431795825058,19.0740405660276,20.0049015495496,20.9357625330714,21.8666235165933,22.7974845001151,23.7283454836369,24.6592064671588,26.6893869722616,28.7195674773646,30.7497479824675,32.7799284875705,34.8101089926734,35.3775169376793,35.9449248826852,36.5123328276909,37.0797407726968,37.0797407726968
682,"SAU","Saudi Arabia",45.9326189630365,45.9326189630365,45.9326189630365,45.9326189630365,45.9326189630365,45.9326189630365,47.5477809971392,49.1629430312419,50.7781050653446,52.3932670994472,54.0084291335499,55.6235911676526,57.2387532017552,58.8539152358579,60.4690772699606,62.0842393040633,63.3444374712024,64.6046356383416,65.8648338054808,67.12503197262,68.3852301397592,69.2578679922261,70.130505844693,71.0031436971598,71.8757815496268,71.8757815496268
686,"SEN","Senegal",3.65827638771508,3.65827638771508,3.65827638771508,3.65827638771508,3.65827638771508,3.65827638771508,4.41684625371978,5.17541611972436,5.93398598572908,6.69255585173366,7.45112571773836,8.20969558374307,8.96826544974765,9.72683531575235,10.4854051817569,11.2439750477617,11.1875525233949,11.1311299990282,11.0747074746613,11.0182849502946,10.9618624259279,11.567840186712,12.1738179474962,12.7797957082805,13.3857734690646,13.3857734690646
688,"SRB","Serbia",62.3993052379532,62.3993052379532,62.3993052379532,62.3993052379532,62.3993052379532,62.3993052379532,63.1167676586198,63.8342300792864,64.5516924999531,65.2691549206197,65.9866173412864,66.7040797619531,67.4215421826196,68.1390046032863,68.8564670239529,69.5739294446196,70.1771410204033,70.7803525961872,71.383564171971,71.9867757477549,72.5899873235387,72.7697928291194,72.9495983347001,73.1294038402808,73.3092093458615,73.3092093458615
690,"SYC","Seychelles",50.0174072723714,50.0174072723714,50.0174072723714,50.0174072723714,50.0174072723714,50.0174072723714,50.5151124544843,51.0128176365973,51.5105228187102,52.0082280008232,52.5059331829361,53.0036383650492,53.5013435471621,53.9990487292751,54.496753911388,54.994459093501,55.4401493547212,55.8858396159414,56.3315298771615,56.7772201383817,57.2229103996019,57.9351859141459,58.6474614286898,59.3597369432338,60.0720124577778,60.0720124577778
694,"SLE","Sierra Leone",0,0,0,0,0,0,0,0.701780784717812,1.55385679196813,2.40593279921859,3.25800880646889,4.11008481371937,4.96216082096981,5.81423682822012,6.66631283547046,7.5183888427209,8.018410739495,8.51843263626894,9.01845453304304,9.51847642981699,10.0184983265911,10.4408036360966,10.863108945602,11.2854142551075,11.7077195646131,11.7077195646131
702,"SGP","Singapore",92.5817368414826,92.5817368414826,92.5817368414826,92.5817368414826,92.5817368414826,92.5817368414826,93.4689675036424,94.3561981658022,95.243428827962,96.1306594901218,97.0178901522816,97.9051208144414,98.7923514766012,99.679582138761,100,100,100,100,100,100,100,100,100,100,100,100
534,"SXM","Sint Maarten",NA,NA,NA,NA,NA,NA,NA,NA,NA,NA,NA,NA,NA,NA,NA,NA,NA,NA,NA,NA,NA,NA,NA,NA,NA,NA
703,"SVK","Slovakia",73.7166528086317,73.7166528086317,73.7166528086317,73.7166528086317,73.7166528086317,73.7166528086317,74.3109817795119,74.9053107503922,75.4996397212723,76.0939686921525,76.6882976630328,77.282626633913,77.8769556047933,78.4712845756734,79.0656135465536,79.6599425174339,79.9602940530167,80.2606455885996,80.5609971241823,80.8613486597652,81.161700195348,81.5781605534608,81.9946209115735,82.4110812696862,82.827541627799,82.827541627799
705,"SVN","Slovenia",73.7695399727757,73.7695399727757,73.7695399727757,73.7695399727757,73.7695399727757,73.7695399727757,74.376311583072,74.9830831933683,75.5898548036647,76.196626413961,76.8033980242573,77.4101696345536,78.0169412448499,78.6237128551463,79.2304844654426,79.8372560757389,80.0329737952007,80.2286915146624,80.4244092341241,80.6201269535858,80.8158446730476,80.9690973734189,81.1223500737904,81.2756027741618,81.4288554745332,81.4288554745332
90,"SLB","Solomon Islands",6.21722761770341,6.21722761770341,6.21722761770341,6.21722761770341,6.21722761770341,6.21722761770341,6.51960802012067,6.82198842253788,7.12436882495503,7.42674922737227,7.72912962978951,8.03151003220677,8.33389043462401,8.63627083704112,8.93865123945837,9.24103164187562,9.70746690885973,10.1739021758438,10.6403374428278,11.1067727098119,11.5732079767961,12.0789764485943,12.5847449203925,13.0905133921905,13.5962818639887,13.5962818639887
706,"SOM","Somalia",0,0,0,0,0,0,0,0,0,0,0,0,0,0,0,0.507960793318972,1.12244529439251,1.73692979546615,2.35141429653966,2.96589879761332,3.58038329868684,3.70679202991904,3.83320076115115,3.95960949238335,4.08601822361558,4.08601822361558
710,"ZAF","South Africa",13.9103773379552,13.9103773379552,13.9103773379552,13.9103773379552,13.9103773379552,13.9103773379552,14.42037620753,14.9303750771048,15.4403739466796,15.9503728162544,16.4603716858293,16.9703705554041,17.480369424979,17.9903682945537,18.5003671641285,19.0103660337034,19.9633835523431,20.9164010709829,21.8694185896225,22.8224361082622,23.775453626902,24.4994129150872,25.2233722032724,25.9473314914578,26.671290779643,26.671290779643
410,"KOR","South Korea",88.854677348131,88.854677348131,88.854677348131,88.854677348131,88.854677348131,88.854677348131,89.6751377275526,90.4955981069741,91.3160584863957,92.1365188658171,92.9569792452387,93.7774396246602,94.5979000040818,95.4183603835033,96.2388207629248,97.0592811423464,97.4810335948928,97.9027860474392,98.3245384999856,98.7462909525321,99.1680434050785,99.7642792379802,100,100,100,100
728,"SSD","South Sudan",3.01114229701795,3.01114229701795,3.01114229701795,3.01114229701795,3.01114229701795,3.01114229701795,3.04825311125774,3.08536392549763,3.1224747397374,3.15958555397731,3.19669636821706,3.23380718245684,3.27091799669675,3.30802881093653,3.34513962517643,3.38225043941621,3.4314671208886,3.48068380236101,3.52990048383339,3.5791171653058,3.6283338467782,4.11224445876987,4.59615507076151,5.08006568275304,5.56397629474471,5.56397629474471
724,"ESP","Spain",89.9791349621557,89.9791349621557,89.9791349621557,89.9791349621557,89.9791349621557,89.9791349621557,91.0734886136195,92.1678422650832,93.2621959165469,94.3565495680106,95.4509032194743,96.545256870938,97.6396105224018,98.7339641738655,99.8283178253292,100,100,100,100,100,100,100,100,100,100,100
144,"LKA","Sri Lanka",36.448570679906,36.448570679906,36.448570679906,36.448570679906,36.448570679906,36.448570679906,37.3185177829019,38.1884648858979,39.0584119888938,39.9283590918897,40.7983061948858,41.6682532978818,42.5382004008777,43.4081475038737,44.2780946068696,45.1480417098656,45.9221580078447,46.6962743058239,47.470390603803,48.2445069017823,49.0186231997614,49.546957237107,50.0752912744527,50.6036253117983,51.1319593491439,51.1319593491439
275,"PSE","State of Palestine",51.9359497811824,51.9359497811824,51.9359497811824,51.9359497811824,51.9359497811824,51.9359497811824,52.5034459539334,53.0709421266846,53.6384382994356,54.2059344721867,54.7734306449378,55.3409268176888,55.9084229904399,56.4759191631909,57.0434153359421,57.6109115086931,58.8045903056427,59.9982691025924,61.191947899542,62.3856266964917,63.5793054934413,64.294360177637,65.0094148618327,65.7244695460283,66.439524230224,66.439524230224
729,"SDN","Sudan",6.11290297666089,6.11290297666089,6.11290297666089,6.11290297666089,6.11290297666089,6.11290297666089,6.70802860430447,7.30315423194806,7.89827985959165,8.49340548723522,9.08853111487882,9.68365674252254,10.2787823701661,10.8739079978097,11.4690336254533,12.0641592530969,13.1192391542038,14.1743190553105,15.2293989564174,16.2844788575242,17.3395587586311,18.5161120847443,19.6926654108575,20.8692187369707,22.0457720630839,22.0457720630839
740,"SUR","Suriname",31.2722822885924,31.2722822885924,31.2722822885924,31.2722822885924,31.2722822885924,31.2722822885924,32.2768199218908,33.2813575551892,34.2858951884876,35.290432821786,36.2949704550845,37.2995080883829,38.3040457216812,39.3085833549797,40.3131209882781,41.3176586215765,41.876067791012,42.4344769604474,42.9928861298831,43.5512952993185,44.109704468754,44.4323035042595,44.7549025397651,45.0775015752706,45.4001006107761,45.4001006107761
752,"SWE","Sweden",95.9204276146229,95.9204276146229,95.9204276146229,95.9204276146229,95.9204276146229,95.9204276146229,96.0145382966398,96.1086489786567,96.2027596606736,96.2968703426905,96.3909810247074,96.4850917067243,96.5792023887412,96.6733130707582,96.7674237527751,96.861534434792,97.1064835586751,97.3514326825583,97.5963818064414,97.8413309303246,98.0862800542077,98.4839874498161,98.8816948454245,99.2794022410329,99.6771096366413,99.6771096366413
756,"CHE","Switzerland",100,100,100,100,100,100,100,100,100,100,100,100,100,100,100,100,100,100,100,100,100,100,100,100,100,100
760,"SYR","Syria",49.2191961232462,49.2191961232462,49.2191961232462,49.2191961232462,49.2191961232462,49.2191961232462,50.0571296759706,50.895063228695,51.7329967814193,52.5709303341437,53.408863886868,54.2467974395923,55.0847309923168,55.9226645450411,56.7605980977655,57.5985316504898,57.9494889907279,58.3004463309657,58.6514036712038,59.0023610114416,59.3533183516797,59.5798980385816,59.8064777254835,60.0330574123855,60.2596370992874,60.2596370992874
158,"TWN","Taiwan",70.2755933042234,70.2755933042234,70.2755933042234,70.2755933042234,70.2755933042234,70.2755933042234,70.9052236159093,71.5348539275951,72.1644842392811,72.794114550967,73.4237448626528,74.0533751743387,74.6830054860246,75.3126357977105,75.9422661093964,76.5718964210822,76.9480416706426,77.3241869202029,77.7003321697632,78.0764774193235,78.4526226688839,78.9059433362959,79.3592640037081,79.8125846711201,80.2659053385322,80.2659053385322
762,"TJK","Tajikistan",11.4765249356851,11.4765249356851,11.4765249356851,11.4765249356851,11.4765249356851,11.4765249356851,12.7478106136271,14.0190962915691,15.290381969511,16.561667647453,17.832953325395,19.1042390033371,20.3755246812791,21.646810359221,22.918096037163,24.189381715105,24.9912161459677,25.7930505768305,26.5948850076933,27.3967194385561,28.1985538694188,28.5917042122512,28.9848545550836,29.378004897916,29.7711552407483,29.7711552407483
834,"TZA","Tanzania",6.89542051579723,6.89542051579723,6.89542051579723,6.89542051579723,6.89542051579723,6.89542051579723,7.55685736826926,8.2182942207414,8.87973107321342,9.54116792568546,10.2026047781575,10.8640416306296,11.5254784831016,12.1869153355737,12.8483521880458,13.5097890405178,13.9957413208221,14.4816936011264,14.9676458814308,15.4535981617351,15.9395504420394,16.6066175774425,17.2736847128458,17.940751848249,18.6078189836523,18.6078189836523
764,"THA","Thailand",54.3039158550095,54.3039158550095,54.3039158550095,54.3039158550095,54.3039158550095,54.3039158550095,55.6283393481709,56.9527628413323,58.2771863344937,59.6016098276552,60.9260333208165,62.250456813978,63.5748803071395,64.8993038003009,66.2237272934623,67.5481507866238,68.5854520506713,69.6227533147188,70.6600545787661,71.6973558428136,72.7346571068611,73.5054174616192,74.2761778163773,75.0469381711354,75.8176985258935,75.8176985258935
626,"TLS","Timor-Leste",11.2445095054387,11.2445095054387,11.2445095054387,11.2445095054387,11.2445095054387,11.2445095054387,12.2921843682142,13.3398592309896,14.387534093765,15.4352089565405,16.482883819316,17.5305586820915,18.5782335448669,19.6259084076423,20.6735832704178,21.7212581331933,22.2988224912964,22.8763868493995,23.4539512075024,24.0315155656055,24.6090799237086,24.8619388840556,25.1147978444027,25.3676568047497,25.6205157650967,25.6205157650967
768,"TGO","Togo",0,0,0,0,0,0,0,0,0,0,0,0,0,0,0,0.131904607064811,0.69635193966694,1.26079927226905,1.82524660487132,2.38969393747345,2.95414127007555,3.62427823921173,4.29441520834804,4.96455217748422,5.63468914662053,5.63468914662053
776,"TON","Tonga",45.0018081356435,45.0018081356435,45.0018081356435,45.0018081356435,45.0018081356435,45.0018081356435,45.4529226640327,45.9040371924219,46.3551517208111,46.8062662492003,47.2573807775896,47.7084953059788,48.1596098343681,48.6107243627573,49.0618388911465,49.5129534195357,49.9550379841918,50.397122548848,50.8392071135043,51.2812916781604,51.7233762428166,51.7833006014526,51.8432249600887,51.9031493187247,51.9630736773608,51.9630736773608
780,"TTO","Trinidad and Tobago",48.7485665155403,48.7485665155403,48.7485665155403,48.7485665155403,48.7485665155403,48.7485665155403,49.6702958775666,50.5920252395931,51.5137546016194,52.4354839636458,53.3572133256721,54.2789426876984,55.2006720497249,56.1224014117512,57.0441307737776,57.965860135804,58.4319925530109,58.8981249702179,59.3642573874248,59.8303898046318,60.2965222218387,60.4596852685482,60.6228483152577,60.7860113619671,60.9491744086766,60.9491744086766
788,"TUN","Tunisia",55.2074319863013,55.2074319863013,55.2074319863013,55.2074319863013,55.2074319863013,55.2074319863013,55.1259718384156,55.04451169053,54.9630515426443,54.8815913947588,54.8001312468732,54.7186710989875,54.6372109511018,54.5557508032162,54.4742906553305,54.392830507445,54.6471368497512,54.9014431920574,55.1557495343636,55.4100558766699,55.6643622189761,56.2473300036846,56.8302977883932,57.4132655731018,57.9962333578104,57.9962333578104
792,"TUR","Turkey",42.7997269555055,42.7997269555055,42.7997269555055,42.7997269555055,42.7997269555055,42.7997269555055,43.9099178195245,45.0201086835436,46.1302995475625,47.2404904115814,48.3506812756004,49.4608721396194,50.5710630036384,51.6812538676573,52.7914447316764,53.9016355956953,54.7784801517506,55.655324707806,56.5321692638611,57.4090138199165,58.2858583759718,59.0259042491206,59.7659501222695,60.5059959954182,61.2460418685671,61.2460418685671
795,"TKM","Turkmenistan",21.2818198381602,21.2818198381602,21.2818198381602,21.2818198381602,21.2818198381602,21.2818198381602,23.0873966445405,24.8929734509209,26.6985502573012,28.5041270636817,30.309703870062,32.1152806764423,33.9208574828227,35.7264342892031,37.5320110955835,39.3375879019638,40.687378092068,42.0371682821722,43.3869584722763,44.7367486623805,46.0865388524848,46.2892191815689,46.491899510653,46.6945798397371,46.8972601688212,46.8972601688212
796,"TCA","Turks and Caicos Islands",NA,NA,NA,NA,NA,NA,NA,NA,NA,NA,NA,NA,NA,NA,NA,NA,NA,NA,NA,NA,NA,NA,NA,NA,NA,NA
798,"TUV","Tuvalu",30.5802176843533,30.5802176843533,30.5802176843533,30.5802176843533,30.5802176843533,30.5802176843533,31.3333451359871,32.086472587621,32.8396000392548,33.5927274908888,34.3458549425226,35.0989823941564,35.8521098457904,36.6052372974242,37.3583647490581,38.1114922006919,38.5749398070846,39.0383874134772,39.50183501987,39.9652826262626,40.4287302326553,40.8038562996334,41.1789823666115,41.5541084335896,41.9292345005677,41.9292345005677
800,"UGA","Uganda",7.00099752968008,7.00099752968008,7.00099752968008,7.00099752968008,7.00099752968008,7.00099752968008,7.74081343491612,8.48062934015216,9.22044524538832,9.96026115062438,10.7000770558604,11.4398929610965,12.1797088663325,12.9195247715687,13.6593406768047,14.3991565820407,14.4157034634064,14.4322503447718,14.4487972261374,14.4653441075029,14.4818909888685,15.2352207578579,15.9885505268475,16.7418802958369,17.4952100648264,17.4952100648264
804,"UKR","Ukraine",53.8441108470002,53.8441108470002,53.8441108470002,53.8441108470002,53.8441108470002,53.8441108470002,53.9983232600621,54.1525356731241,54.306748086186,54.460960499248,54.6151729123098,54.7693853253717,54.9235977384337,55.0778101514956,55.2320225645576,55.3862349776195,55.4221471330241,55.4580592884288,55.4939714438334,55.5298835992381,55.5657957546427,55.4753996061708,55.3850034576987,55.2946073092268,55.2042111607549,55.2042111607549
784,"ARE","United Arab Emirates",77.0059747451745,77.0059747451745,77.0059747451745,77.0059747451745,77.0059747451745,77.0059747451745,78.0607728697416,79.1155709943087,80.1703691188758,81.2251672434429,82.27996536801,83.3347634925771,84.3895616171442,85.4443597417113,86.4991578662784,87.5539559908455,87.8711947593604,88.1884335278752,88.5056722963899,88.8229110649047,89.1401498334195,89.4866771282774,89.8332044231353,90.1797317179932,90.5262590128511,90.5262590128511
826,"GBR","United Kingdom",100,100,100,100,100,100,100,100,100,100,100,100,100,100,100,100,100,100,100,100,100,100,100,100,100,100
840,"USA","United States of America",79.1754730915453,79.1754730915453,79.1754730915453,79.1754730915453,79.1754730915453,79.1754730915453,79.2043679277153,79.2332627638855,79.2621576000555,79.2910524362257,79.3199472723957,79.3488421085657,79.3777369447359,79.4066317809059,79.4355266170761,79.4644214532461,79.7815221925927,80.0986229319392,80.4157236712857,80.7328244106323,81.0499251499789,81.1401041912513,81.2302832325236,81.3204622737961,81.4106413150684,81.4106413150684
858,"URY","Uruguay",65.6509063750058,65.6509063750058,65.6509063750058,65.6509063750058,65.6509063750058,65.6509063750058,66.6362209152913,67.6215354555768,68.6068499958622,69.5921645361478,70.5774790764332,71.5627936167188,72.5481081570042,73.5334226972898,74.5187372375753,75.5040517778607,76.6059246429569,77.7077975080532,78.8096703731494,79.9115432382456,81.0134161033418,81.8876628864081,82.7619096694744,83.6361564525407,84.510403235607,84.510403235607
860,"UZB","Uzbekistan",38.5336033814845,38.5336033814845,38.5336033814845,38.5336033814845,38.5336033814845,38.5336033814845,39.4187213345979,40.3038392877115,41.188957240825,42.0740751939386,42.959193147052,43.8443111001655,44.7294290532791,45.6145470063925,46.4996649595061,47.3847829126196,47.6686196325177,47.9524563524157,48.2362930723137,48.5201297922118,48.8039665121099,48.9036161018905,49.0032656916712,49.1029152814518,49.2025648712324,49.2025648712324
548,"VUT","Vanuatu",15.492622270327,15.492622270327,15.492622270327,15.492622270327,15.492622270327,15.492622270327,15.8088520699882,16.1250818696493,16.4413116693105,16.7575414689718,17.073771268633,17.3900010682941,17.7062308679553,18.0224606676165,18.3386904672776,18.6549202669388,19.0451682983583,19.4354163297778,19.8256643611973,20.2159123926168,20.6061604240363,20.8758775587596,21.145594693483,21.4153118282065,21.6850289629298,21.6850289629298
862,"VEN","Venezuela",40.9002993602573,40.9002993602573,40.9002993602573,40.9002993602573,40.9002993602573,40.9002993602573,41.7330647808145,42.5658302013715,43.3985956219287,44.2313610424858,45.064126463043,45.8968918836002,46.7296573041573,47.5624227247145,48.3951881452716,49.2279535658288,49.7621585323421,50.2963634988554,50.8305684653689,51.3647734318822,51.8989783983956,51.8415836367778,51.7841888751598,51.7267941135421,51.6693993519243,51.6693993519243
704,"VNM","Viet Nam",38.7281363868491,38.7281363868491,38.7281363868491,38.7281363868491,38.7281363868491,38.7281363868491,39.8709153053462,41.0136942238433,42.1564731423402,43.2992520608373,44.4420309793343,45.5848098978314,46.7275888163285,47.8703677348254,49.0131466533225,50.1559255718195,50.8972333143039,51.6385410567883,52.3798487992726,53.121156541757,53.8624642842413,54.3324426730274,54.8024210618134,55.2723994505995,55.7423778393855,55.7423778393855
876,"WLF","Wallis and Futuna Islands",NA,NA,NA,NA,NA,NA,NA,NA,NA,NA,NA,NA,NA,NA,NA,NA,NA,NA,NA,NA,NA,NA,NA,NA,NA,NA
732,"ESH","Western Sahara",NA,NA,NA,NA,NA,NA,NA,NA,NA,NA,NA,NA,NA,NA,NA,NA,NA,NA,NA,NA,NA,NA,NA,NA,NA,NA
887,"YEM","Yemen",5.35872446794795,5.35872446794795,5.35872446794795,5.35872446794795,5.35872446794795,5.35872446794795,6.40747076265525,7.45621705736259,8.50496335207002,9.55370964677734,10.6024559414847,11.651202236192,12.6999485308993,13.7486948256067,14.797441120314,15.8461874150214,17.2190685834336,18.591949751846,19.9648309202583,21.3377120886707,22.7105932570829,22.5037720560593,22.2969508550354,22.0901296540116,21.8833084529879,21.8833084529879
894,"ZMB","Zambia",0,0,0,0,0,0,0,0.613221911129997,1.39035720264438,2.16749249415864,2.94462778567303,3.72176307718742,4.49889836870169,5.27603366021607,6.05316895173034,6.83030424324471,7.59219203205964,8.3540798208746,9.11596760968942,9.87785539850435,10.6397431873193,11.4616352828707,12.2835273784221,13.1054194739735,13.927311569525,13.927311569525
716,"ZWE","Zimbabwe",16.648446698874,16.648446698874,16.648446698874,16.648446698874,16.648446698874,16.648446698874,16.2993056710027,15.9501646431314,15.6010236152601,15.2518825873887,14.9027415595175,14.5536005316462,14.2044595037748,13.8553184759035,13.5061774480323,13.1570364201609,13.6525515819305,14.1480667437002,14.6435819054698,15.1390970672395,15.6346122290091,16.1832512410408,16.7318902530727,17.2805292651045,17.8291682771362,17.8291682771362
