"code","iso","country","UWD.ind.1995","UWD.ind.1996","UWD.ind.1997","UWD.ind.1998","UWD.ind.1999","UWD.ind.2000","UWD.ind.2001","UWD.ind.2002","UWD.ind.2003","UWD.ind.2004","UWD.ind.2005","UWD.ind.2006","UWD.ind.2007","UWD.ind.2008","UWD.ind.2009","UWD.ind.2010","UWD.ind.2011","UWD.ind.2012","UWD.ind.2013","UWD.ind.2014","UWD.ind.2015","UWD.ind.2016","UWD.ind.2017","UWD.ind.2018","UWD.ind.2019","UWD.ind.2020"
4,"AFG","Afghanistan",12.0936558408489,12.0936558408489,12.0936558408489,12.0936558408489,12.0936558408489,12.0936558408489,12.9672704161584,13.8408849914678,14.7144995667771,15.5881141420865,16.461728717396,17.3353432927054,18.2089578680148,19.0825724433242,19.9561870186336,20.829801593943,21.5863732618073,22.3429449296717,23.099516597536,23.8560882654004,24.6126599332647,25.3845418240194,26.156423714774,26.9283056055286,27.7001874962833,27.7001874962833
8,"ALB","Albania",45.4295892169415,45.4295892169415,45.4295892169415,45.4295892169415,45.4295892169415,45.4295892169415,45.7887696665922,46.1479501162428,46.5071305658934,46.8663110155441,47.2254914651947,47.5846719148455,47.9438523644961,48.3030328141468,48.6622132637974,49.021393713448,49.101499996524,49.1816062796001,49.2617125626761,49.3418188457523,49.4219251288282,49.6145069253595,49.8070887218909,49.9996705184221,50.1922523149535,50.1922523149535
12,"DZA","Algeria",38.9407065863856,38.9407065863856,38.9407065863856,38.9407065863856,38.9407065863856,38.9407065863856,39.7447737868516,40.5488409873177,41.3529081877837,42.1569753882497,42.9610425887157,43.7651097891817,44.5691769896477,45.3732441901138,46.1773113905798,46.9813785910458,47.2279558439427,47.4745330968396,47.7211103497364,47.9676876026334,48.2142648555303,48.4060001906254,48.5977355257204,48.7894708608155,48.9812061959107,48.9812061959107
20,"AND","Andorra",100,100,100,100,100,100,100,100,100,100,100,100,100,100,100,100,100,100,100,100,100,100,100,100,100,100
24,"AGO","Angola",0,0,0,0,0,0,0,0,0,0,0,0,0.378377787799835,1.38043870319871,2.38249961859741,3.38456053399628,4.22379283474446,5.06302513549265,5.90225743624086,6.74148973698891,7.58072203773712,8.65000344487075,9.71928485200436,10.7885662591381,11.8578476662717,11.8578476662717
660,"AIA","Anguilla",NA,NA,NA,NA,NA,NA,NA,NA,NA,NA,NA,NA,NA,NA,NA,NA,NA,NA,NA,NA,NA,NA,NA,NA,NA,NA
28,"ATG","Antigua and Barbuda",43.9825020209981,43.9825020209981,43.9825020209981,43.9825020209981,43.9825020209981,43.9825020209981,44.0892100154014,44.1959180098047,44.3026260042079,44.4093339986111,44.5160419930144,44.6227499874177,44.7294579818209,44.8361659762242,44.9428739706274,45.0495819650307,45.0628767302153,45.0761714953999,45.0894662605846,45.1027610257692,45.1160557909539,45.0915788938775,45.0671019968011,45.0426250997247,45.0181482026483,45.0181482026483
32,"ARG","Argentina",50.200822005964,50.200822005964,50.200822005964,50.200822005964,50.200822005964,50.200822005964,50.8578485784334,51.5148751509028,52.1719017233721,52.8289282958415,53.4859548683108,54.1429814407802,54.8000080132496,55.4570345857189,56.1140611581883,56.7710877306577,57.1398174440889,57.50854715752,57.8772768709513,58.2460065843824,58.6147362978137,58.7960976959211,58.9774590940285,59.1588204921359,59.3401818902433,59.3401818902433
51,"ARM","Armenia",41.3892043824005,41.3892043824005,41.3892043824005,41.3892043824005,41.3892043824005,41.3892043824005,43.1352578378356,44.8813112932707,46.6273647487059,48.373418204141,50.1194716595761,51.8655251150111,53.6115785704462,55.3576320258814,57.1036854813165,58.8497389367516,59.2040761386465,59.5584133405414,59.9127505424365,60.2670877443314,60.6214249462263,60.8423542954951,61.0632836447638,61.2842129940326,61.5051423433013,61.5051423433013
533,"ABW","Aruba",NA,NA,NA,NA,NA,NA,NA,NA,NA,NA,NA,NA,NA,NA,NA,NA,NA,NA,NA,NA,NA,NA,NA,NA,NA,NA
36,"AUS","Australia",81.947875569497,81.947875569497,81.947875569497,81.947875569497,81.947875569497,81.947875569497,81.7991058610975,81.650336152698,81.5015664442985,81.352796735899,81.2040270274995,81.0552573191001,80.9064876107007,80.7577179023012,80.6089481939016,80.4601784855021,80.3907303548523,80.3212822242023,80.2518340935523,80.1823859629024,80.1129378322525,80.3368837204576,80.5608296086627,80.7847754968679,81.008721385073,81.008721385073
40,"AUT","Austria",100,100,100,100,100,100,100,100,100,100,100,100,100,100,100,100,100,100,100,100,100,100,100,100,100,100
31,"AZE","Azerbaijan",25.4093832150014,25.4093832150014,25.4093832150014,25.4093832150014,25.4093832150014,25.4093832150014,27.3482060668757,29.2870289187499,31.2258517706241,33.1646746224983,35.1034974743726,37.0423203262469,38.9811431781211,40.9199660299952,42.8587888818695,44.7976117337438,45.0387245140498,45.2798372943559,45.5209500746619,45.762062854968,46.003175635274,46.0963895942067,46.1896035531391,46.2828175120717,46.3760314710043,46.3760314710043
44,"BHS","Bahamas",46.8657475965704,46.8657475965704,46.8657475965704,46.8657475965704,46.8657475965704,46.8657475965704,46.9881911768743,47.1106347571781,47.233078337482,47.3555219177857,47.4779654980896,47.6004090783935,47.7228526586973,47.8452962390012,47.967739819305,48.0901833996089,48.0947477066087,48.0993120136085,48.1038763206083,48.1084406276082,48.113004934608,48.010079779152,47.9071546236961,47.8042294682401,47.7013043127841,47.7013043127841
48,"BHR","Bahrain",48.0750174049725,48.0750174049725,48.0750174049725,48.0750174049725,48.0750174049725,48.0750174049725,48.1738553140649,48.2726932231572,48.3715311322496,48.4703690413419,48.5692069504344,48.6680448595268,48.7668827686191,48.8657206777115,48.9645585868039,49.0633964958962,49.1610003718175,49.2586042477388,49.35620812366,49.4538119995813,49.5514158755025,49.6404822925887,49.7295487096749,49.8186151267611,49.9076815438473,49.9076815438473
50,"BGD","Bangladesh",13.2115111392663,13.2115111392663,13.2115111392663,13.2115111392663,13.2115111392663,13.2115111392663,14.1016223741969,14.9917336091275,15.881844844058,16.7719560789886,17.662067313919,18.5521785488496,19.4422897837802,20.3324010187107,21.2225122536413,22.1126234885719,22.7343684783468,23.3561134681217,23.9778584578966,24.5996034476715,25.2213484374464,25.6102197071336,25.9990909768207,26.3879622465079,26.776833516195,26.776833516195
52,"BRB","Barbados",48.2679481137244,48.2679481137244,48.2679481137244,48.2679481137244,48.2679481137244,48.2679481137244,48.2825245765367,48.2971010393489,48.3116775021612,48.3262539649734,48.3408304277857,48.3554068905979,48.3699833534102,48.3845598162224,48.3991362790346,48.4137127418469,48.443095508767,48.4724782756871,48.501861042607,48.5312438095271,48.5606265764472,48.3274507683641,48.0942749602808,47.8610991521976,47.6279233441143,47.6279233441143
112,"BLR","Belarus",51.7985952794873,51.7985952794873,51.7985952794873,51.7985952794873,51.7985952794873,51.7985952794873,52.5807818021593,53.3629683248313,54.1451548475034,54.9273413701754,55.7095278928474,56.4917144155194,57.2739009381914,58.0560874608635,58.8382739835355,59.6204605062075,59.7172182831852,59.8139760601629,59.9107338371407,60.0074916141184,60.1042493910961,60.2269491590331,60.3496489269699,60.4723486949068,60.5950484628437,60.5950484628437
56,"BEL","Belgium",91.2227002853068,91.2227002853068,91.2227002853068,91.2227002853068,91.2227002853068,91.2227002853068,91.1111709711945,90.9996416570822,90.88811234297,90.7765830288577,90.6650537147454,90.5535244006332,90.4419950865209,90.3304657724086,90.2189364582963,90.1074071441841,90.3672831077781,90.6271590713721,90.8870350349661,91.1469109985601,91.4067869621541,91.7726391336761,92.1384913051981,92.5043434767199,92.8701956482419,92.8701956482419
84,"BLZ","Belize",33.1109304004631,33.1109304004631,33.1109304004631,33.1109304004631,33.1109304004631,33.1109304004631,33.5785835592556,34.046236718048,34.5138898768404,34.9815430356328,35.4491961944253,35.9168493532177,36.3845025120102,36.8521556708025,37.3198088295949,37.7874619883874,38.0883012478874,38.3891405073873,38.6899797668874,38.9908190263873,39.2916582858874,39.3407525307078,39.3898467755284,39.4389410203489,39.4880352651694,39.4880352651694
204,"BEN","Benin",3.15522347407277,3.15522347407277,3.15522347407277,3.15522347407277,3.15522347407277,3.15522347407277,3.77742194817536,4.39962042227792,5.02181889638037,5.64401737048294,6.26621584458555,6.88841431868811,7.51061279279068,8.13281126689313,8.75500974099572,9.37720821509828,9.67827521915542,9.97934222321273,10.2804092272699,10.5814762313272,10.8825432353843,11.5357381481047,12.188933060825,12.8421279735454,13.4953228862657,13.4953228862657
60,"BMU","Bermuda",49.6947692988891,49.6947692988891,49.6947692988891,49.6947692988891,49.6947692988891,49.6947692988891,49.6698410750774,49.6449128512659,49.6199846274542,49.5950564036426,49.5701281798309,49.5451999560193,49.5202717322077,49.495343508396,49.4704152845844,49.4454870607728,49.4087725168666,49.3720579729605,49.3353434290543,49.2986288851482,49.261914341242,49.152836755393,49.0437591695438,48.9346815836949,48.8256039978458,48.8256039978458
64,"BTN","Bhutan",16.3463994914933,16.3463994914933,16.3463994914933,16.3463994914933,16.3463994914933,16.3463994914933,17.4411477144529,18.5358959374125,19.6306441603721,20.7253923833317,21.8201406062913,22.914888829251,24.0096370522106,25.1043852751702,26.1991334981298,27.2938817210894,27.8298891425568,28.3658965640241,28.9019039854916,29.4379114069589,29.9739188284263,30.331810325177,30.6897018219279,31.0475933186788,31.4054848154296,31.4054848154296
68,"BOL","Bolivia",23.5477073855671,23.5477073855671,23.5477073855671,23.5477073855671,23.5477073855671,23.5477073855671,24.5512043268738,25.5547012681806,26.5581982094872,27.5616951507939,28.5651920921007,29.5686890334074,30.5721859747141,31.5756829160207,32.5791798573275,33.5826767986342,34.1147561012873,34.6468354039404,35.1789147065935,35.7109940092466,36.2430733118997,36.7647893956543,37.286505479409,37.8082215631637,38.3299376469183,38.3299376469183
70,"BIH","Bosnia and Herzegovina",50.1383879730705,50.1383879730705,50.1383879730705,50.1383879730705,50.1383879730705,50.1383879730705,50.635613983857,51.1328399946435,51.63006600543,52.1272920162165,52.6245180270031,53.1217440377896,53.6189700485761,54.1161960593626,54.6134220701491,55.1106480809356,55.2696797108903,55.4287113408449,55.5877429707996,55.7467746007542,55.9058062307088,56.2091589855899,56.512511740471,56.815864495352,57.1192172502331,57.1192172502331
72,"BWA","Botswana",7.96122012701535,7.96122012701535,7.96122012701535,7.96122012701535,7.96122012701535,7.96122012701535,8.63799727530431,9.31477442359329,9.99155157188216,10.6683287201711,11.3451058684601,12.0218830167491,12.6986601650381,13.3754373133269,14.0522144616159,14.7289916099049,15.4469359585216,16.1648803071382,16.8828246557551,17.6007690043717,18.3187133529884,18.7699630844382,19.2212128158882,19.672462547338,20.1237122787879,20.1237122787879
76,"BRA","Brazil",27.0103008288969,27.0103008288969,27.0103008288969,27.0103008288969,27.0103008288969,27.0103008288969,28.1471718609447,29.2840428929925,30.4209139250403,31.5577849570881,32.6946559891359,33.8315270211839,34.9683980532317,36.1052690852795,37.2421401173273,38.3790111493751,39.3065590801678,40.2341070109604,41.1616549417532,42.0892028725459,43.0167508033385,43.5330213929178,44.0492919824969,44.5655625720761,45.0818331616554,45.0818331616554
92,"VGB","British Virgin Islands",NA,NA,NA,NA,NA,NA,NA,NA,NA,NA,NA,NA,NA,NA,NA,NA,NA,NA,NA,NA,NA,NA,NA,NA,NA,NA
96,"BRN","Brunei Darussalam",78.6527666509321,78.6527666509321,78.6527666509321,78.6527666509321,78.6527666509321,78.6527666509321,78.6993934137134,78.7460201764947,78.792646939276,78.8392737020573,78.8859004648384,78.9325272276197,78.979153990401,79.0257807531823,79.0724075159636,79.1190342787449,78.9121591417346,78.7052840047243,78.4984088677139,78.2915337307036,78.0846585936933,78.4967307475059,78.9088029013186,79.3208750551313,79.732947208944,79.732947208944
100,"BGR","Bulgaria",52.0535355887568,52.0535355887568,52.0535355887568,52.0535355887568,52.0535355887568,52.0535355887568,52.4610784630125,52.8686213372681,53.2761642115238,53.6837070857795,54.0912499600352,54.4987928342908,54.9063357085465,55.3138785828022,55.7214214570577,56.1289643313134,56.2693712347162,56.4097781381189,56.5501850415217,56.6905919449244,56.8309988483272,57.076427306824,57.3218557653209,57.5672842238178,57.8127126823147,57.8127126823147
854,"BFA","Burkina Faso",0,0,0,0,0,0,0,0,0,0.604591033416582,1.30481425747655,2.00503748153656,2.7052607055964,3.4054839296564,4.10570715371625,4.80593037777625,5.22592031329201,5.64591024880791,6.0659001843237,6.4858901198396,6.90588005535538,7.13149501695983,7.35710997856441,7.58272494016899,7.80833990177345,7.80833990177345
108,"BDI","Burundi",0,0,0,0,0,0,0,0,0,0,0.352847928227106,0.743775270970175,1.13470261371326,1.52562995645631,1.91655729919954,2.30748464194258,2.53333038002717,2.75917611811174,2.98502185619645,3.210867594281,3.43671333236557,3.88960512281641,4.34249691326707,4.7953887037179,5.2482804941686,5.2482804941686
132,"CPV","Cabo Verde",19.7365432984262,19.7365432984262,19.7365432984262,19.7365432984262,19.7365432984262,19.7365432984262,20.8397400350971,21.9429367717682,23.0461335084392,24.1493302451102,25.2525269817813,26.3557237184523,27.4589204551232,28.5621171917942,29.6653139284653,30.7685106651362,31.2924398655539,31.8163690659715,32.3402982663891,32.8642274668067,33.3881566672243,33.636283984324,33.8844113014236,34.1325386185231,34.3806659356227,34.3806659356227
116,"KHM","Cambodia",14.003321755054,14.003321755054,14.003321755054,14.003321755054,14.003321755054,14.003321755054,15.2811607592309,16.5589997634078,17.8368387675847,19.1146777717616,20.3925167759385,21.6703557801153,22.9481947842922,24.2260337884691,25.503872792646,26.7817117968229,27.5844634665796,28.3872151363364,29.1899668060931,29.9927184758499,30.7954701456065,31.3959467045127,31.9964232634188,32.5968998223248,33.1973763812309,33.1973763812309
120,"CMR","Cameroon",0,0,0,0,0,0,0,0,0,0,0,0,0,0.378099176533766,0.771406579229975,1.1647139819262,1.9356748677078,2.70663575348939,3.47759663927101,4.24855752505259,5.01951841083421,5.60911458694918,6.198710763064,6.78830693917882,7.37790311529376,7.37790311529376
124,"CAN","Canada",81.5776412618409,81.5776412618409,81.5776412618409,81.5776412618409,81.5776412618409,81.5776412618409,82.3215350624846,83.0654288631281,83.8093226637718,84.5532164644154,85.2971102650591,86.0410040657026,86.7848978663462,87.5287916669899,88.2726854676334,89.016579268277,89.2938123862151,89.5710455041533,89.8482786220913,90.1255117400295,90.4027448579675,90.4929815559219,90.5832182538765,90.673454951831,90.7636916497854,90.7636916497854
136,"CYM","Cayman Islands",NA,NA,NA,NA,NA,NA,NA,NA,NA,NA,NA,NA,NA,NA,NA,NA,NA,NA,NA,NA,NA,NA,NA,NA,NA,NA
140,"CAF","Central African Republic",0,0,0,0,0,0,0,0,0,0,0,0,0,0,0,0,0,0,0,0,0,0,0,0,0,0
148,"TCD","Chad",0,0,0,0,0,0,0,0,0,0,0,0,0,0,0,0,0,0,0,0,0,0,0,0,0,0
152,"CHL","Chile",58.8341320735232,58.8341320735232,58.8341320735232,58.8341320735232,58.8341320735232,58.8341320735232,59.380814022666,59.9274959718089,60.4741779209518,61.0208598700947,61.5675418192374,62.1142237683803,62.6609057175232,63.2075876666661,63.754269615809,64.3009515649518,64.6352414088226,64.9695312526933,65.303821096564,65.6381109404347,65.9724007843054,66.1466716322365,66.3209424801676,66.4952133280987,66.6694841760298,66.6694841760298
156,"CHN","China",39.2039887168949,39.2039887168949,39.2039887168949,39.2039887168949,39.2039887168949,39.2039887168949,40.7190817205123,42.2341747241297,43.7492677277469,45.2643607313643,46.7794537349817,48.2945467385991,49.8096397422165,51.3247327458338,52.8398257494512,54.3549187530686,55.0846024687012,55.8142861843339,56.5439698999666,57.2736536155993,58.0033373312319,58.0649166497327,58.1264959682334,58.1880752867342,58.249654605235,58.249654605235
170,"COL","Colombia",36.7894071858127,36.7894071858127,36.7894071858127,36.7894071858127,36.7894071858127,36.7894071858127,37.7013994711265,38.6133917564402,39.525384041754,40.4373763270678,41.3493686123815,42.2613608976954,43.1733531830092,44.085345468323,44.9973377536367,45.9093300389505,46.4738494116089,47.0383687842671,47.6028881569255,48.1674075295838,48.7319269022422,49.0305595816143,49.3291922609863,49.6278249403584,49.9264576197306,49.9264576197306
174,"COM","Comoros",0.615449889474661,0.615449889474661,0.615449889474661,0.615449889474661,0.615449889474661,0.615449889474661,1.70034112743255,2.78523236539058,3.87012360334846,4.95501484130635,6.03990607926438,7.12479731722226,8.20968855518015,9.29457979313806,10.3794710310961,11.464362269054,11.6681762218198,11.8719901745854,12.0758041273512,12.2796180801169,12.4834320328827,13.1865047609716,13.8895774890604,14.5926502171492,15.2957229452381,15.2957229452381
184,"COK","Cook Islands",44.9183631700302,44.9183631700302,44.9183631700302,44.9183631700302,44.9183631700302,44.9183631700302,45.0117248241032,45.1050864781761,45.1984481322491,45.2918097863221,45.3851714403951,45.478533094468,45.571894748541,45.665256402614,45.7586180566868,45.8519797107598,45.8544657247931,45.8569517388263,45.8594377528595,45.8619237668927,45.8644097809259,45.6611556723625,45.4579015637991,45.2546474552357,45.0513933466722,45.0513933466722
188,"CRI","Costa Rica",48.3738840460391,48.3738840460391,48.3738840460391,48.3738840460391,48.3738840460391,48.3738840460391,48.7660423368723,49.1582006277055,49.5503589185385,49.9425172093717,50.3346755002049,50.7268337910381,51.1189920818712,51.5111503727043,51.9033086635375,52.2954669543706,52.675257751018,53.0550485476652,53.4348393443126,53.8146301409598,54.1944209376071,54.4357687346275,54.6771165316477,54.918464328668,55.1598121256883,55.1598121256883
384,"CIV","Cote d'Ivoire",5.21345361450946,5.21345361450946,5.21345361450946,5.21345361450946,5.21345361450946,5.21345361450946,5.86399930486027,6.51454499521112,7.16509068556196,7.81563637591277,8.46618206626376,9.11672775661458,9.76727344696542,10.4178191373162,11.0683648276671,11.7189105180179,12.0020201273815,12.2851297367449,12.5682393461085,12.8513489554719,13.1344585648355,14.072432366557,15.0104061682785,15.94837997,16.8863537717215,16.8863537717215
191,"HRV","Croatia",57.7137933407783,57.7137933407783,57.7137933407783,57.7137933407783,57.7137933407783,57.7137933407783,58.1787654431529,58.6437375455275,59.1087096479021,59.5736817502766,60.0386538526513,60.5036259550258,60.9685980574003,61.433570159775,61.8985422621495,62.3635143645241,62.3703752496733,62.3772361348224,62.3840970199715,62.3909579051206,62.3978187902698,62.58227798724,62.7667371842102,62.9511963811803,63.1356555781505,63.1356555781505
192,"CUB","Cuba",43.0145228606288,43.0145228606288,43.0145228606288,43.0145228606288,43.0145228606288,43.0145228606288,43.2556079109445,43.4966929612603,43.737778011576,43.9788630618916,44.2199481122073,44.4610331625231,44.7021182128387,44.9432032631544,45.1842883134702,45.4253733637859,45.4859394555126,45.5465055472394,45.6070716389662,45.667637730693,45.7282038224197,45.7639578964976,45.7997119705756,45.8354660446535,45.8712201187315,45.8712201187315
531,"CUW","Curacao",NA,NA,NA,NA,NA,NA,NA,NA,NA,NA,NA,NA,NA,NA,NA,NA,NA,NA,NA,NA,NA,NA,NA,NA,NA,NA
196,"CYP","Cyprus",89.3227554745196,89.3227554745196,89.3227554745196,89.3227554745196,89.3227554745196,89.3227554745196,89.4596006136061,89.5964457526924,89.7332908917789,89.8701360308653,90.0069811699518,90.1438263090383,90.2806714481246,90.4175165872111,90.5543617262975,90.691206865384,90.6536372989921,90.6160677326004,90.5784981662085,90.5409285998168,90.5033590334249,90.7673275061059,91.0312959787869,91.2952644514679,91.5592329241489,91.5592329241489
203,"CZE","Czech Republic",64.2564522988779,64.2564522988779,64.2564522988779,64.2564522988779,64.2564522988779,64.2564522988779,64.3653709790891,64.4742896593001,64.5832083395111,64.6921270197223,64.8010456999334,64.9099643801445,65.0188830603556,65.1278017405666,65.2367204207778,65.3456391009888,65.0121495273801,64.6786599537714,64.3451703801626,64.0116808065539,63.6781912329452,64.0073760200359,64.3365608071264,64.665745594217,64.9949303813076,64.9949303813076
180,"COD","Dem. Rep. Congo",0,0,0,0,0,0,0.173935135233236,0.570987158811675,0.968039182390228,1.36509120596865,1.76214322954708,2.15919525312552,2.55624727670396,2.95329930028237,3.35035132386093,3.74740334743936,4.6786475227096,5.60989169797968,6.54113587324991,7.47238004852001,8.40362422379023,9.61329500641791,10.8229657890457,12.0326365716734,13.2423073543011,13.2423073543011
208,"DNK","Denmark",95.4235155556586,95.4235155556586,95.4235155556586,95.4235155556586,95.4235155556586,95.4235155556586,95.2595427115438,95.0955698674291,94.9315970233143,94.7676241791995,94.6036513350847,94.43967849097,94.2757056468553,94.1117328027405,93.9477599586257,93.7837871145109,93.9753042640548,94.1668214135987,94.3583385631427,94.5498557126866,94.7413728622304,94.9709222229837,95.2004715837368,95.43002094449,95.6595703052432,95.6595703052432
262,"DJI","Djibouti",4.50059954807348,4.50059954807348,4.50059954807348,4.50059954807348,4.50059954807348,4.50059954807348,5.35130134413539,6.20200314019718,7.0527049362591,7.90340673232089,8.75410852838282,9.60481032444473,10.4555121205065,11.3062139165684,12.1569157126302,13.0076175086921,13.664741303356,14.32186509802,14.9789888926837,15.6361126873476,16.2932364820116,16.7327894246946,17.1723423673778,17.6118953100609,18.051448252744,18.051448252744
212,"DMA","Dominica",42.3011301660419,42.3011301660419,42.3011301660419,42.3011301660419,42.3011301660419,42.3011301660419,42.4326295356844,42.5641289053269,42.6956282749696,42.8271276446121,42.9586270142546,43.0901263838971,43.2216257535396,43.3531251231823,43.4846244928248,43.6161238624673,43.6560102395897,43.6958966167123,43.7357829938347,43.7756693709573,43.8155557480797,43.6951763955692,43.5747970430588,43.4544176905484,43.3340383380379,43.3340383380379
214,"DOM","Dominican Republic",22.0822699755446,22.0822699755446,22.0822699755446,22.0822699755446,22.0822699755446,22.0822699755446,23.2046520318491,24.3270340881535,25.449416144458,26.5717982007625,27.6941802570669,28.8165623133714,29.9389443696759,31.0613264259804,32.1837084822848,33.3060905385893,33.4598490743279,33.6136076100666,33.7673661458051,33.9211246815437,34.0748832172824,34.3278924904763,34.5809017636703,34.8339110368641,35.086920310058,35.086920310058
218,"ECU","Ecuador",32.1801216414721,32.1801216414721,32.1801216414721,32.1801216414721,32.1801216414721,32.1801216414721,33.1439707667106,34.1078198919491,35.0716690171877,36.0355181424262,36.9993672676647,37.9632163929032,38.9270655181418,39.8909146433804,40.8547637686189,41.8186128938574,42.6004371654072,43.3822614369569,44.1640857085068,44.9459099800566,45.7277342516063,45.9325353148896,46.1373363781728,46.3421374414561,46.5469385047395,46.5469385047395
818,"EGY","Egypt",22.7955172500671,22.7955172500671,22.7955172500671,22.7955172500671,22.7955172500671,22.7955172500671,23.4949115408432,24.1943058316191,24.8937001223952,25.5930944131711,26.2924887039472,26.9918829947233,27.6912772854992,28.3906715762753,29.0900658670512,29.7894601578273,30.2795027783706,30.769545398914,31.2595880194572,31.7496306400006,32.2396732605439,33.3233719459592,34.4070706313744,35.4907693167895,36.5744680022048,36.5744680022048
222,"SLV","El Salvador",25.3883712418208,25.3883712418208,25.3883712418208,25.3883712418208,25.3883712418208,25.3883712418208,26.6245504255357,27.8607296092507,29.0969087929656,30.3330879766806,31.5692671603955,32.8054463441104,34.0416255278254,35.2778047115403,36.5139838952553,37.7501630789702,38.1253923867969,38.5006216946236,38.8758510024501,39.2510803102768,39.6263096181035,39.8814657538335,40.1366218895636,40.3917780252935,40.6469341610236,40.6469341610236
226,"GNQ","Equatorial Guinea",3.98478515653161,3.98478515653161,3.98478515653161,3.98478515653161,3.98478515653161,3.98478515653161,5.83034286746566,7.67590057839983,9.52145828933401,11.3670160002681,13.2125737112022,15.0581314221363,16.9036891330705,18.7492468440045,20.5948045549387,22.4403622658727,23.5488717112608,24.6573811566488,25.765890602037,26.874400047425,27.9829094928131,28.355231813287,28.727554133761,29.099876454235,29.472198774709,29.472198774709
232,"ERI","Eritrea",0,0,0,0,0,0,0,0,0,0,0.317774477391211,0.647685746604168,0.977597015817111,1.30750828503021,1.63741955424328,1.96733082345624,2.40270201969096,2.8380732159258,3.27344441216052,3.70881560839537,4.1441868046301,4.67860914611551,5.21303148760093,5.7474538290865,6.28187617057192,6.28187617057192
233,"EST","Estonia",56.9589852528992,56.9589852528992,56.9589852528992,56.9589852528992,56.9589852528992,56.9589852528992,57.1108010897232,57.262616926547,57.4144327633709,57.5662486001949,57.7180644370187,57.8698802738426,58.0216961106666,58.1735119474905,58.3253277843143,58.4771436211383,58.5254174997475,58.5736913783567,58.6219652569659,58.6702391355751,58.7185130141843,58.7889267632273,58.8593405122701,58.929754261313,59.0001680103559,59.0001680103559
748,"SWZ","Eswatini",5.04674975225564,5.04674975225564,5.04674975225564,5.04674975225564,5.04674975225564,5.04674975225564,5.21371792158423,5.38068609091297,5.5476542602416,5.71462242957033,5.88159059889894,6.04855876822752,6.21552693755628,6.38249510688489,6.54946327621361,6.71643144554221,7.44337556334564,8.17031968114908,8.89726379895266,9.62420791675611,10.3511520345595,10.7942799988609,11.2374079631622,11.6805359274637,12.123663891765,12.123663891765
231,"ETH","Ethiopia",0,0,0,0,0,0,0,0,0,0.859715966391477,1.75892782940204,2.65813969241277,3.55735155542338,4.45656341843397,5.35577528144471,6.25498714445527,6.75784493944346,7.26070273443149,7.76356052941966,8.26641832440772,8.76927611939587,9.36490181698206,9.96052751456824,10.5561532121544,11.1517789097406,11.1517789097406
234,"FRO","Faeroe Islands",NA,NA,NA,NA,NA,NA,NA,NA,NA,NA,NA,NA,NA,NA,NA,NA,NA,NA,NA,NA,NA,NA,NA,NA,NA,NA
238,"FLK","Falkland Islands",NA,NA,NA,NA,NA,NA,NA,NA,NA,NA,NA,NA,NA,NA,NA,NA,NA,NA,NA,NA,NA,NA,NA,NA,NA,NA
242,"FJI","Fiji",27.9727907483124,27.9727907483124,27.9727907483124,27.9727907483124,27.9727907483124,27.9727907483124,28.1063547563836,28.2399187644548,28.373482772526,28.5070467805973,28.6406107886685,28.7741747967397,28.907738804811,29.0413028128822,29.1748668209534,29.3084308290246,29.5869388542945,29.8654468795645,30.1439549048344,30.4224629301044,30.7009709553743,30.9882413753001,31.2755117952259,31.5627822151516,31.8500526350774,31.8500526350774
246,"FIN","Finland",98.3864223027922,98.3864223027922,98.3864223027922,98.3864223027922,98.3864223027922,98.3864223027922,98.635777659349,98.8851330159059,99.1344883724627,99.3838437290196,99.6331990855765,99.8825544421333,100,100,100,100,100,100,100,100,100,100,100,100,100,100
250,"FRA","France",86.4122468301717,86.4122468301717,86.4122468301717,86.4122468301717,86.4122468301717,86.4122468301717,86.7757394100934,87.1392319900151,87.5027245699368,87.8662171498585,88.2297097297803,88.593202309702,88.9566948896237,89.3201874695454,89.6836800494671,90.0471726293888,90.5776496583069,91.1081266872252,91.6386037161433,92.1690807450615,92.6995577739796,92.9281350701242,93.1567123662687,93.3852896624131,93.6138669585577,93.6138669585577
258,"PYF","French Polynesia",NA,NA,NA,NA,NA,NA,NA,NA,NA,NA,NA,NA,NA,NA,NA,NA,NA,NA,NA,NA,NA,NA,NA,NA,NA,NA
266,"GAB","Gabon",14.1814146042784,14.1814146042784,14.1814146042784,14.1814146042784,14.1814146042784,14.1814146042784,14.6473684660066,15.1133223277348,15.579276189463,16.0452300511912,16.5111839129193,16.9771377746476,17.4430916363758,17.9090454981039,18.3749993598322,18.8409532215603,19.903016315591,20.9650794096215,22.0271425036522,23.0892055976827,24.1512686917133,24.8833224557776,25.615376219842,26.3474299839063,27.0794837479706,27.0794837479706
270,"GMB","Gambia",7.17606131335327,7.17606131335327,7.17606131335327,7.17606131335327,7.17606131335327,7.17606131335327,7.89688367583484,8.61770603831657,9.33852840079815,10.0593507632798,10.7801731257614,11.500995488243,12.2218178507247,12.9426402132063,13.663462575688,14.3842849381696,15.1083825283343,15.832480118499,16.5565777086636,17.2806752988283,18.0047728889929,18.2165890840242,18.4284052790554,18.6402214740867,18.8520376691179,18.8520376691179
268,"GEO","Georgia",43.9215409115538,43.9215409115538,43.9215409115538,43.9215409115538,43.9215409115538,43.9215409115538,44.5779941675993,45.2344474236448,45.8909006796903,46.5473539357358,47.2038071917813,47.8602604478269,48.5167137038724,49.1731669599179,49.8296202159634,50.4860734720089,50.7118144927255,50.937555513442,51.1632965341586,51.3890375548751,51.6147785755917,51.7527666895275,51.8907548034632,52.0287429173989,52.1667310313346,52.1667310313346
276,"DEU","Germany",99.3449237784707,99.3449237784707,99.3449237784707,99.3449237784707,99.3449237784707,99.3449237784707,99.1123816405188,98.8798395025669,98.647297364615,98.414755226663,98.1822130887112,97.9496709507592,97.7171288128073,97.4845866748554,97.2520445369035,97.0195023989516,97.0875385089094,97.1555746188672,97.2236107288252,97.291646838783,97.3596829487408,97.6176796769012,97.8756764050616,98.133673133222,98.3916698613825,98.3916698613825
288,"GHA","Ghana",7.98913165964206,7.98913165964206,7.98913165964206,7.98913165964206,7.98913165964206,7.98913165964206,8.87538603818371,9.76164041672534,10.647894795267,11.5341491738086,12.4204035523503,13.3066579308918,14.1929123094334,15.0791666879751,15.9654210665167,16.8516754450584,16.9772660606369,17.1028566762152,17.2284472917937,17.3540379073721,17.4796285229505,18.1823629204456,18.8850973179409,19.5878317154361,20.2905661129312,20.2905661129312
300,"GRC","Greece",100,100,100,100,100,100,100,100,100,100,100,100,100,100,100,100,100,100,100,100,100,100,100,100,100,100
304,"GRL","Greenland",69.0746373233428,69.0746373233428,69.0746373233428,69.0746373233428,69.0746373233428,69.0746373233428,70.3678120045991,71.6609866858554,72.9541613671116,74.2473360483678,75.5405107296241,76.8336854108804,78.1268600921367,79.4200347733929,80.7132094546492,82.0063841359054,82.2431746574374,82.4799651789693,82.7167557005014,82.9535462220333,83.1903367435652,83.3232985794128,83.4562604152602,83.5892222511079,83.7221840869554,83.7221840869554
308,"GRD","Grenada",43.5030455379886,43.5030455379886,43.5030455379886,43.5030455379886,43.5030455379886,43.5030455379886,43.5783112154639,43.6535768929393,43.7288425704147,43.8041082478901,43.8793739253655,43.9546396028409,44.0299052803163,44.1051709577917,44.1804366352671,44.2557023127425,44.3471579829156,44.4386136530888,44.5300693232617,44.6215249934348,44.712980663608,44.5872681714365,44.4615556792651,44.3358431870938,44.2101306949224,44.2101306949224
320,"GTM","Guatemala",12.013704238009,12.013704238009,12.013704238009,12.013704238009,12.013704238009,12.013704238009,12.8525041003897,13.6913039627703,14.5301038251511,15.3689036875317,16.2077035499124,17.046503412293,17.8853032746737,18.7241031370544,19.5629029994351,20.4017028618157,21.2381102418619,22.074517621908,22.9109250019543,23.7473323820004,24.5837397620466,25.2060559016599,25.8283720412732,26.4506881808865,27.0730043204998,27.0730043204998
831,"GGY","Guernsey",NA,NA,NA,NA,NA,NA,NA,NA,NA,NA,NA,NA,NA,NA,NA,NA,NA,NA,NA,NA,NA,NA,NA,NA,NA,NA
324,"GIN","Guinea",0.69326997504696,0.69326997504696,0.69326997504696,0.69326997504696,0.69326997504696,0.69326997504696,1.25757671441195,1.82188345377676,2.38619019314173,2.95049693250655,3.51480367187153,4.07911041123648,4.64341715060132,5.20772388996627,5.77203062933113,6.33633736869608,6.73657053159369,7.13680369449132,7.53703685738907,7.93727002028668,8.33750318318431,8.98016334185488,9.6228235005256,10.2654836591962,10.9081438178668,10.9081438178668
624,"GNB","Guinea-Bissau",0,0,0,0,0,0,0,0,0,0,0,0,0,0,0,0.162892009921876,0.791916278667074,1.42094054741214,2.04996481615736,2.67898908490244,3.30801335364765,4.10151828811972,4.89502322259179,5.68852815706384,6.48203309153591,6.48203309153591
328,"GUY","Guyana",21.1940432672978,21.1940432672978,21.1940432672978,21.1940432672978,21.1940432672978,21.1940432672978,21.9513958671593,22.7087484670206,23.4661010668821,24.2234536667435,24.9808062666048,25.7381588664663,26.4955114663278,27.2528640661892,28.0102166660506,28.767569265912,29.2648956963352,29.7622221267584,30.2595485571817,30.7568749876049,31.2542014180281,31.55851072145,31.8628200248718,32.1671293282936,32.4714386317154,32.4714386317154
332,"HTI","Haiti",4.49290177985992,4.49290177985992,4.49290177985992,4.49290177985992,4.49290177985992,4.49290177985992,4.84063101236832,5.18836024487672,5.53608947738513,5.88381870989353,6.23154794240195,6.57927717491047,6.92700640741889,7.27473563992727,7.62246487243569,7.97019410494408,8.74315072637718,9.51610734781029,10.2890639692432,11.0620205906763,11.8349772121095,12.3221770897586,12.8093769674078,13.2965768450569,13.7837767227061,13.7837767227061
336,"VAT","Holy See",NA,NA,NA,NA,NA,NA,NA,NA,NA,NA,NA,NA,NA,NA,NA,NA,NA,NA,NA,NA,NA,NA,NA,NA,NA,NA
340,"HND","Honduras",18.021450679608,18.021450679608,18.021450679608,18.021450679608,18.021450679608,18.021450679608,18.7391024356593,19.4567541917105,20.1744059477618,20.8920577038131,21.6097094598644,22.3273612159156,23.0450129719669,23.7626647280181,24.4803164840693,25.1979682401207,25.8123408089365,26.4267133777523,27.0410859465681,27.6554585153838,28.2698310841997,28.9038346757613,29.5378382673228,30.1718418588843,30.8058454504459,30.8058454504459
344,"HKG","Hong Kong",NA,NA,NA,NA,NA,NA,NA,NA,NA,NA,NA,NA,NA,NA,NA,NA,NA,NA,NA,NA,NA,NA,NA,NA,NA,NA
348,"HUN","Hungary",58.1910129556676,58.1910129556676,58.1910129556676,58.1910129556676,58.1910129556676,58.1910129556676,58.4334684303442,58.675923905021,58.9183793796976,59.1608348543744,59.403290329051,59.6457458037276,59.8882012784044,60.130656753081,60.3731122277578,60.6155677024344,60.2711867211317,59.926805739829,59.5824247585262,59.2380437772236,58.8936627959208,59.286218755424,59.6787747149272,60.0713306744304,60.4638866339336,60.4638866339336
352,"ISL","Iceland",97.7898417877845,97.7898417877845,97.7898417877845,97.7898417877845,97.7898417877845,97.7898417877845,97.953472903598,98.1171040194114,98.2807351352249,98.4443662510383,98.6079973668518,98.7716284826652,98.9352595984787,99.0988907142921,99.2625218301056,99.426152945919,99.5489351648,99.6717173836809,99.7944996025619,99.9172818214429,100,100,100,100,100,100
356,"IND","India",3.61011303815427,3.61011303815427,3.61011303815427,3.61011303815427,3.61011303815427,3.61011303815427,4.27333893121803,4.93656482428185,5.59979071734561,6.26301661040941,6.92624250347329,7.58946839653707,8.25269428960087,8.91592018266465,9.57914607572842,10.2423719687922,11.2159632156392,12.1895544624861,13.1631457093332,14.1367369561801,15.1103282030271,15.8664176765438,16.6225071500604,17.3785966235771,18.1346860970938,18.1346860970938
360,"IDN","Indonesia",14.4968848011134,14.4968848011134,14.4968848011134,14.4968848011134,14.4968848011134,14.4968848011134,15.0224732103233,15.548061619533,16.073650028743,16.5992384379529,17.1248268471628,17.6504152563726,18.1760036655825,18.7015920747924,19.2271804840022,19.7527688932121,20.3528531592987,20.9529374253852,21.5530216914717,22.1531059575583,22.7531902236448,23.2563686278233,23.7595470320019,24.2627254361803,24.7659038403589,24.7659038403589
364,"IRN","Iran",41.2492227916755,41.2492227916755,41.2492227916755,41.2492227916755,41.2492227916755,41.2492227916755,41.8098610902074,42.3704993887392,42.9311376872711,43.4917759858029,44.0524142843348,44.6130525828667,45.1736908813986,45.7343291799304,46.2949674784623,46.8556057769941,47.1022846975073,47.3489636180206,47.5956425385337,47.842321459047,48.0890003795601,48.2419096703223,48.3948189610844,48.5477282518467,48.7006375426088,48.7006375426088
368,"IRQ","Iraq",29.2197452081351,29.2197452081351,29.2197452081351,29.2197452081351,29.2197452081351,29.2197452081351,29.9770702566259,30.7343953051166,31.4917203536072,32.249045402098,33.0063704505887,33.7636954990795,34.5210205475702,35.278345596061,36.0356706445516,36.7929956930424,38.1489213075354,39.5048469220285,40.8607725365215,42.2166981510146,43.5726237655076,44.1175989234295,44.6625740813513,45.2075492392732,45.7525243971951,45.7525243971951
372,"IRL","Ireland",100,100,100,100,100,100,100,100,100,100,100,100,100,100,100,100,100,100,100,100,100,100,100,100,100,100
833,"IMN","Isle of Man",NA,NA,NA,NA,NA,NA,NA,NA,NA,NA,NA,NA,NA,NA,NA,NA,NA,NA,NA,NA,NA,NA,NA,NA,NA,NA
376,"ISR","Israel",92.3785122702625,92.3785122702625,92.3785122702625,92.3785122702625,92.3785122702625,92.3785122702625,92.3343192120475,92.2901261538327,92.2459330956177,92.2017400374027,92.1575469791879,92.1133539209729,92.069160862758,92.024967804543,91.9807747463282,91.9365816881132,91.9728994438999,92.0092171996866,92.0455349554734,92.0818527112601,92.1181704670468,92.4935245653905,92.8688786637341,93.2442327620779,93.6195868604216,93.6195868604216
380,"ITA","Italy",97.6045025661303,97.6045025661303,97.6045025661303,97.6045025661303,97.6045025661303,97.6045025661303,97.5016013111627,97.3987000561951,97.2957988012275,97.1928975462599,97.0899962912924,96.9870950363248,96.8841937813572,96.7812925263896,96.678391271422,96.5754900164544,96.5453040904552,96.515118164456,96.4849322384567,96.4547463124576,96.4245603864584,96.7206595529353,97.0167587194121,97.3128578858891,97.6089570523659,97.6089570523659
388,"JAM","Jamaica",46.1378582765007,46.1378582765007,46.1378582765007,46.1378582765007,46.1378582765007,46.1378582765007,46.3603767267108,46.582895176921,46.8054136271312,47.0279320773414,47.2504505275515,47.4729689777617,47.6954874279719,47.9180058781821,48.1405243283923,48.3630427786024,48.1390372037036,47.915031628805,47.6910260539062,47.4670204790075,47.2430149041087,47.2307149988952,47.2184150936817,47.2061151884684,47.1938152832549,47.1938152832549
392,"JPN","Japan",90.041730231453,90.041730231453,90.041730231453,90.041730231453,90.041730231453,90.041730231453,90.0483639943379,90.0549977572228,90.0616315201078,90.0682652829927,90.0748990458775,90.0815328087624,90.0881665716473,90.0948003345323,90.1014340974171,90.108067860302,90.1639029991481,90.2197381379942,90.2755732768403,90.3314084156864,90.3872435545325,90.6961169071442,91.0049902597559,91.3138636123676,91.6227369649794,91.6227369649794
832,"JEY","Jersey",NA,NA,NA,NA,NA,NA,NA,NA,NA,NA,NA,NA,NA,NA,NA,NA,NA,NA,NA,NA,NA,NA,NA,NA,NA,NA
400,"JOR","Jordan",48.5586217888713,48.5586217888713,48.5586217888713,48.5586217888713,48.5586217888713,48.5586217888713,48.9350438881841,49.3114659874969,49.6878880868097,50.0643101861225,50.4407322854353,50.8171543847482,51.1935764840609,51.5699985833738,51.9464206826865,52.3228427819994,52.6174540248241,52.9120652676488,53.2066765104737,53.5012877532984,53.7958989961231,53.9082317840902,54.0205645720572,54.1328973600243,54.2452301479913,54.2452301479913
398,"KAZ","Kazakhstan",37.4020921269,37.4020921269,37.4020921269,37.4020921269,37.4020921269,37.4020921269,38.9966621611767,40.5912321954533,42.18580222973,43.7803722640066,45.3749422982833,46.9695123325598,48.5640823668365,50.1586524011131,51.7532224353898,53.3477924696664,53.8196828291916,54.2915731887169,54.7634635482421,55.2353539077673,55.7072442672925,55.7420645822018,55.7768848971112,55.8117052120205,55.8465255269298,55.8465255269298
404,"KEN","Kenya",4.88142299827931,4.88142299827931,4.88142299827931,4.88142299827931,4.88142299827931,4.88142299827931,5.10229751096345,5.3231720236476,5.54404653633175,5.76492104901587,5.98579556170003,6.20667007438402,6.42754458706818,6.64841909975232,6.86929361243648,7.09016812512061,7.79025998971166,8.49035185430269,9.19044371889358,9.89053558348462,10.5906274480757,11.3405906840051,12.0905539199345,12.840517155864,13.5904803917934,13.5904803917934
296,"KIR","Kiribati",7.39659456374646,7.39659456374646,7.39659456374646,7.39659456374646,7.39659456374646,7.39659456374646,7.82009738712399,8.24360021050151,8.6671030338789,9.09060585725643,9.51410868063395,9.93761150401146,10.361114327389,10.7846171507664,11.2081199741439,11.6316227975214,11.9557214474025,12.2798200972837,12.6039187471646,12.9280173970458,13.2521160469269,13.7977907113493,14.3434653757718,14.8891400401942,15.4348147046165,15.4348147046165
689,"XKX","Kosovo",NA,NA,NA,NA,NA,NA,NA,NA,NA,NA,NA,NA,NA,NA,NA,NA,NA,NA,NA,NA,NA,NA,NA,NA,NA,NA
414,"KWT","Kuwait",57.3398363451399,57.3398363451399,57.3398363451399,57.3398363451399,57.3398363451399,57.3398363451399,57.2760761824286,57.2123160197175,57.1485558570062,57.0847956942951,57.0210355315838,56.9572753688726,56.8935152061614,56.8297550434502,56.7659948807391,56.7022347180278,56.7810332835957,56.8598318491636,56.9386304147316,57.0174289802995,57.0962275458674,57.0824337611738,57.0686399764803,57.0548461917867,57.041052407093,57.041052407093
417,"KGZ","Kyrgyzstan",29.7550002472555,29.7550002472555,29.7550002472555,29.7550002472555,29.7550002472555,29.7550002472555,31.0381790923508,32.3213579374461,33.6045367825414,34.8877156276368,36.1708944727321,37.4540733178274,38.7372521629227,40.020431008018,41.3036098531133,42.5867886982086,43.1065227660097,43.6262568338107,44.1459909016118,44.6657249694128,45.1854590372139,45.6854449873735,46.1854309375332,46.6854168876929,47.1854028378526,47.1854028378526
418,"LAO","Laos",8.13700728727116,8.13700728727116,8.13700728727116,8.13700728727116,8.13700728727116,8.13700728727116,9.06899414273083,10.0009809981905,10.9329678536502,11.8649547091099,12.7969415645696,13.7289284200293,14.6609152754889,15.5929021309486,16.5248889864083,17.456875841868,18.3659431139366,19.2750103860052,20.184077658074,21.0931449301426,22.0022122022112,23.0062436885943,24.0102751749773,25.0143066613602,26.0183381477433,26.0183381477433
428,"LVA","Latvia",52.9703670799467,52.9703670799467,52.9703670799467,52.9703670799467,52.9703670799467,52.9703670799467,53.3527164171216,53.7350657542965,54.1174150914714,54.4997644286463,54.8821137658213,55.2644631029962,55.6468124401711,56.029161777346,56.4115111145209,56.7938604516958,56.736915375435,56.6799702991742,56.6230252229133,56.5660801466526,56.5091350703917,56.7624348414787,57.0157346125656,57.2690343836525,57.5223341547394,57.5223341547394
422,"LBN","Lebanon",43.6198292784712,43.6198292784712,43.6198292784712,43.6198292784712,43.6198292784712,43.6198292784712,43.7449232859651,43.870017293459,43.9951113009529,44.1202053084468,44.2452993159407,44.3703933234346,44.4954873309285,44.6205813384224,44.7456753459163,44.8707693534103,45.1021853252055,45.3336012970007,45.5650172687959,45.7964332405912,46.0278492123864,46.1785986955844,46.3293481787824,46.4800976619805,46.6308471451786,46.6308471451786
426,"LSO","Lesotho",1.14338635759934,1.14338635759934,1.14338635759934,1.14338635759934,1.14338635759934,1.14338635759934,1.38408648096357,1.6247866043278,1.86548672769204,2.10618685105626,2.3468869744205,2.58758709778461,2.82828722114883,3.06898734451306,3.3096874678773,3.55038759124153,3.91746600909183,4.28454442694199,4.65162284479219,5.01870126264249,5.38577968049267,5.81081492328795,6.23585016608334,6.6608854088786,7.08592065167399,7.08592065167399
430,"LBR","Liberia",0,0,0,0,0,0,0,0,0,0,0,0,0.0225397562405476,0.959337080334237,1.89613440442805,2.83293172852188,3.48114167747057,4.12935162641926,4.77756157536783,5.4257715243165,6.07398147326521,6.90975999891528,7.74553852456525,8.5813170502153,9.41709557586526,9.41709557586526
434,"LBY","Libya",44.5904293981592,44.5904293981592,44.5904293981592,44.5904293981592,44.5904293981592,44.5904293981592,45.0052138128166,45.4199982274741,45.8347826421316,46.249567056789,46.6643514714465,47.079135886104,47.4939203007614,47.9087047154188,48.3234891300764,48.7382735447338,48.7860925733384,48.8339116019431,48.8817306305477,48.9295496591523,48.977368687757,48.7654606797286,48.5535526717003,48.3416446636721,48.1297366556438,48.1297366556438
438,"LIE","Liechtenstein",NA,NA,NA,NA,NA,NA,NA,NA,NA,NA,NA,NA,NA,NA,NA,NA,NA,NA,NA,NA,NA,NA,NA,NA,NA,NA
440,"LTU","Lithuania",53.6912622993796,53.6912622993796,53.6912622993796,53.6912622993796,53.6912622993796,53.6912622993796,54.0184143882353,54.345566477091,54.6727185659469,54.9998706548026,55.3270227436583,55.6541748325141,55.9813269213698,56.3084790102256,56.6356310990814,56.9627831879371,56.9695988181668,56.9764144483963,56.983230078626,56.9900457088555,56.9968613390852,57.0558256895869,57.1147900400886,57.1737543905904,57.2327187410921,57.2327187410921
442,"LUX","Luxembourg",95.5090030193332,95.5090030193332,95.5090030193332,95.5090030193332,95.5090030193332,95.5090030193332,95.4929357918555,95.4768685643777,95.4608013369,95.4447341094222,95.4286668819445,95.4125996544667,95.3965324269889,95.3804651995112,95.3643979720334,95.3483307445557,95.5977697053115,95.8472086660672,96.096647626823,96.3460865875786,96.5955255483344,96.8617499858966,97.1279744234586,97.3941988610208,97.660423298583,97.660423298583
446,"MAC","Macao",NA,NA,NA,NA,NA,NA,NA,NA,NA,NA,NA,NA,NA,NA,NA,NA,NA,NA,NA,NA,NA,NA,NA,NA,NA,NA
450,"MDG","Madagascar",0.117668950265482,0.117668950265482,0.117668950265482,0.117668950265482,0.117668950265482,0.117668950265482,0.260210870252465,0.402752790239475,0.545294710226472,0.687836630213454,0.830378550200464,0.972920470187574,1.11546239017459,1.25800431016157,1.40054623014856,1.54308815013556,1.9476497378737,2.35221132561188,2.75677291335003,3.16133450108819,3.56589608882635,4.18595083165326,4.80600557448017,5.42606031730695,6.04611506013384,6.04611506013384
454,"MWI","Malawi",0,0,0,0,0,0,0,0.410493218414842,1.28028736428037,2.15008151014575,3.01987565601125,3.88966980187678,4.75946394774218,5.6292580936077,6.49905223947309,7.36884638533861,7.91500408067894,8.46116177601927,9.00731947135947,9.55347716669979,10.0996348620401,10.5688674151133,11.0380999681865,11.5073325212597,11.9765650743329,11.9765650743329
458,"MYS","Malaysia",46.9295742335244,46.9295742335244,46.9295742335244,46.9295742335244,46.9295742335244,46.9295742335244,46.9202071947261,46.9108401559278,46.9014731171295,46.8921060783312,46.8827390395329,46.8733720007348,46.8640049619365,46.8546379231382,46.8452708843399,46.8359038455416,47.0220908549546,47.2082778643675,47.3944648737806,47.5806518831936,47.7668388926066,47.8474958733173,47.9281528540278,48.0088098347385,48.089466815449,48.089466815449
462,"MDV","Maldives",32.0622598579158,32.0622598579158,32.0622598579158,32.0622598579158,32.0622598579158,32.0622598579158,33.0747118433051,34.0871638286943,35.0996158140835,36.1120677994728,37.124519784862,38.1369717702512,39.1494237556404,40.1618757410296,41.1743277264189,42.1867797118081,42.4272033058849,42.6676268999616,42.9080504940383,43.148474088115,43.3888976821917,43.5625678884043,43.736238094617,43.9099083008296,44.0835785070422,44.0835785070422
466,"MLI","Mali",0,0,0,0,0,0,0,0,0,0,0,0.344869725836361,1.17821072351653,2.01155172119668,2.84489271887684,3.67823371655699,4.39726605745454,5.11629839835196,5.83533073924951,6.55436308014691,7.27339542104448,7.50221227724828,7.7310291334522,7.95984598965612,8.18866284585992,8.18866284585992
470,"MLT","Malta",98.1313541890023,98.1313541890023,98.1313541890023,98.1313541890023,98.1313541890023,98.1313541890023,98.385717812706,98.6400814364097,98.8944450601133,99.148808683817,99.4031723075207,99.6575359312244,99.9118995549281,100,100,100,100,100,100,100,100,100,100,100,100,100
584,"MHL","Marshall Islands",14.4992323363802,14.4992323363802,14.4992323363802,14.4992323363802,14.4992323363802,14.4992323363802,15.7051861938436,16.9111400513072,18.1170939087706,19.3230477662341,20.5290016236975,21.7349554811611,22.9409093386246,24.146863196088,25.3528170535516,26.558770911015,27.1108472239037,27.6629235367926,28.2149998496813,28.7670761625701,29.3191524754588,29.5395681076048,29.7599837397507,29.9803993718967,30.2008150040426,30.2008150040426
478,"MRT","Mauritania",0.0991669121139012,0.0991669121139012,0.0991669121139012,0.0991669121139012,0.0991669121139012,0.0991669121139012,0.725275591059059,1.35138427000422,1.97749294894935,2.60360162789449,3.22971030683962,3.85581898578477,4.48192766472989,5.10803634367507,5.73414502262021,6.36025370156536,7.06466839331823,7.76908308507114,8.47349777682389,9.17791246857679,9.88232716032969,10.7733328797192,11.6643385991089,12.5553443184986,13.4463500378882,13.4463500378882
480,"MUS","Mauritius",60.2837664618906,60.2837664618906,60.2837664618906,60.2837664618906,60.2837664618906,60.2837664618906,60.4413546980463,60.598942934202,60.7565311703577,60.9141194065134,61.071707642669,61.2292958788247,61.3868841149804,61.5444723511361,61.7020605872918,61.8596488234475,62.0474274038538,62.2352059842601,62.4229845646665,62.6107631450727,62.798541725479,62.9564885114882,63.1144352974976,63.2723820835069,63.4303288695161,63.4303288695161
484,"MEX","Mexico",36.5151342780705,36.5151342780705,36.5151342780705,36.5151342780705,36.5151342780705,36.5151342780705,37.4455756942986,38.3760171105268,39.3064585267549,40.236899942983,41.167341359211,42.0977827754391,43.0282241916673,43.9586656078954,44.8891070241235,45.8195484403517,46.3177548226513,46.8159612049509,47.3141675872505,47.8123739695501,48.3105803518497,48.6910360182749,49.0714916847001,49.4519473511255,49.8324030175507,49.8324030175507
583,"FSM","Micronesia",15.6832928646343,15.6832928646343,15.6832928646343,15.6832928646343,15.6832928646343,15.6832928646343,17.2687471521361,18.854201439638,20.4396557271398,22.0251100146417,23.6105643021435,25.1960185896452,26.7814728771472,28.3669271646489,29.9523814521509,31.5378357396526,31.7382688571784,31.9387019747042,32.1391350922299,32.3395682097557,32.5400013272815,32.6177495934409,32.6954978596003,32.7732461257597,32.8509943919191,32.8509943919191
498,"MDA","Moldova",43.6343493261039,43.6343493261039,43.6343493261039,43.6343493261039,43.6343493261039,43.6343493261039,44.205136767717,44.7759242093301,45.3467116509432,45.9174990925563,46.4882865341694,47.0590739757825,47.6298614173956,48.2006488590087,48.7714363006218,49.3422237422349,49.5452145602598,49.7482053782847,49.9511961963095,50.1541870143344,50.3571778323593,50.4297067367422,50.5022356411251,50.574764545508,50.647293449891,50.647293449891
492,"MCO","Monaco",100,100,100,100,100,100,100,100,100,100,100,100,100,100,100,100,100,100,100,100,100,100,100,100,100,100
496,"MNG","Mongolia",27.3589768112517,27.3589768112517,27.3589768112517,27.3589768112517,27.3589768112517,27.3589768112517,28.6929070745842,30.0268373379168,31.3607676012492,32.6946978645817,34.0286281279143,35.3625583912468,36.6964886545793,38.0304189179117,39.3643491812443,40.6982794445768,41.1254502494815,41.5526210543862,41.9797918592908,42.4069626641955,42.8341334691002,43.043881211429,43.2536289537578,43.4633766960865,43.6731244384154,43.6731244384154
499,"MNE","Montenegro",52.1816826597826,52.1816826597826,52.1816826597826,52.1816826597826,52.1816826597826,52.1816826597826,52.4710267970284,52.7603709342741,53.04971507152,53.3390592087658,53.6284033460116,53.9177474832573,54.2070916205031,54.496435757749,54.7857798949947,55.0751240322405,55.3305428139791,55.5859615957176,55.8413803774561,56.0967991591946,56.3522179409332,56.4313882889098,56.5105586368863,56.5897289848629,56.6688993328395,56.6688993328395
504,"MAR","Morocco",21.3118595251205,21.3118595251205,21.3118595251205,21.3118595251205,21.3118595251205,21.3118595251205,22.1040650049101,22.8962704846997,23.6884759644892,24.4806814442788,25.2728869240684,26.0650924038578,26.8572978836474,27.649503363437,28.4417088432265,29.2339143230161,30.0720153459424,30.9101163688689,31.7482173917952,32.5863184147216,33.4244194376479,34.214471616645,35.0045237956421,35.794575974639,36.5846281536361,36.5846281536361
508,"MOZ","Mozambique",2.74790368319401,2.74790368319401,2.74790368319401,2.74790368319401,2.74790368319401,2.74790368319401,3.58104067550532,4.4141776678166,5.2473146601279,6.08045165243918,6.91358864475049,7.74672563706166,8.57986262937297,9.41299962168425,10.2461366139955,11.0792736063068,11.70339324373,12.3275128811531,12.9516325185761,13.5757521559993,14.1998717934224,14.7460415414737,15.2922112895249,15.8383810375762,16.3845507856275,16.3845507856275
104,"MMR","Myanmar",7.41229377989781,7.41229377989781,7.41229377989781,7.41229377989781,7.41229377989781,7.41229377989781,8.81311126360904,10.2139287473202,11.6147462310314,13.0155637147425,14.4163811984538,15.817198682165,17.2180161658761,18.6188336495874,20.0196511332985,21.4204686170098,22.5042745186955,23.5880804203811,24.6718863220668,25.7556922237525,26.8394981254382,27.5972635538675,28.3550289822967,29.1127944107259,29.8705598391552,29.8705598391552
516,"NAM","Namibia",10.576933838792,10.576933838792,10.576933838792,10.576933838792,10.576933838792,10.576933838792,10.9044356483924,11.231937457993,11.5594392675934,11.8869410771939,12.2144428867943,12.5419446963948,12.8694465059953,13.1969483155957,13.5244501251963,13.8519519347967,14.4130367364153,14.9741215380337,15.5352063396522,16.0962911412707,16.6573759428893,17.1927068181638,17.7280376934383,18.2633685687126,18.7986994439871,18.7986994439871
520,"NRU","Nauru",28.763840844131,28.763840844131,28.763840844131,28.763840844131,28.763840844131,28.763840844131,29.0030036943394,29.2421665445477,29.4813293947561,29.7204922449645,29.9596550951728,30.1988179453811,30.4379807955894,30.6771436457978,30.9163064960062,31.1554693462145,31.8988630987348,32.642256851255,33.3856506037752,34.1290443562955,34.8724381088157,35.1442070163799,35.4159759239441,35.6877448315084,35.9595137390726,35.9595137390726
524,"NPL","Nepal",10.0344124445396,10.0344124445396,10.0344124445396,10.0344124445396,10.0344124445396,10.0344124445396,10.9427409716701,11.8510694988007,12.759398025931,13.6677265530616,14.5760550801921,15.4843836073227,16.3927121344532,17.3010406615836,18.2093691887142,19.1176977158447,19.9501834489806,20.7826691821167,21.6151549152526,22.4476406483887,23.2801263815247,23.8916297078837,24.5031330342427,25.1146363606016,25.7261396869607,25.7261396869607
528,"NLD","Netherlands",100,100,100,100,100,100,100,100,100,100,100,100,100,100,100,100,100,100,100,100,100,100,100,100,100,100
540,"NCL","New Caledonia",NA,NA,NA,NA,NA,NA,NA,NA,NA,NA,NA,NA,NA,NA,NA,NA,NA,NA,NA,NA,NA,NA,NA,NA,NA,NA
554,"NZL","New Zealand",77.0633147274602,77.0633147274602,77.0633147274602,77.0633147274602,77.0633147274602,77.0633147274602,76.6832132503605,76.3031117732608,75.923010296161,75.5429088190612,75.1628073419616,74.7827058648619,74.4026043877622,74.0225029106623,73.6424014335626,73.2622999564629,73.3015264575994,73.3407529587358,73.3799794598724,73.4192059610089,73.4584324621453,73.700459293952,73.9424861257587,74.1845129575653,74.4265397893721,74.4265397893721
558,"NIC","Nicaragua",23.2165015747791,23.2165015747791,23.2165015747791,23.2165015747791,23.2165015747791,23.2165015747791,24.4974368069986,25.7783720392183,27.0593072714379,28.3402425036576,29.6211777358772,30.9021129680968,32.1830482003164,33.463983432536,34.7449186647557,36.0258538969753,36.8339587575242,37.642063618073,38.4501684786217,39.2582733391706,40.0663781997195,40.5600183659774,41.0536585322353,41.5472986984932,42.0409388647511,42.0409388647511
562,"NER","Niger",0,0,0,0,0,0,0,0,0,0,0,0,0,0,0,0,0,0,0,0,0,0.223608353675402,0.668540978276113,1.11347360287678,1.55840622747749,1.55840622747749
566,"NGA","Nigeria",0,0,0,0,0,0,0,0,0,0,0,0,0,0,0,0,0,0.0584063921508999,0.6867685373537,1.31513068255651,1.9434928277593,2.50779004729706,3.07208726683493,3.63638448637266,4.20068170591041,4.20068170591041
570,"NIU","Niue",36.6550980409271,36.6550980409271,36.6550980409271,36.6550980409271,36.6550980409271,36.6550980409271,36.9645431502394,37.2739882595517,37.5834333688639,37.8928784781762,38.2023235874885,38.5117686968007,38.821213806113,39.1306589154253,39.4401040247376,39.7495491340499,39.8169454789146,39.8843418237795,39.9517381686442,40.0191345135091,40.0865308583739,39.9891182315003,39.8917056046268,39.7942929777532,39.6968803508796,39.6968803508796
408,"PRK","North Korea",43.9768317692756,43.9768317692756,43.9768317692756,43.9768317692756,43.9768317692756,43.9768317692756,44.3218593041894,44.6668868391031,45.0119143740168,45.3569419089306,45.7019694438444,46.0469969787582,46.392024513672,46.7370520485857,47.0820795834995,47.4271071184133,48.0612424922695,48.6953778661257,49.3295132399818,49.963648613838,50.5977839876942,50.9377412070188,51.2776984263435,51.6176556456681,51.9576128649927,51.9576128649927
807,"MKD","North Macedonia",44.8275714560261,44.8275714560261,44.8275714560261,44.8275714560261,44.8275714560261,44.8275714560261,46.0054137138233,47.1832559716206,48.3610982294179,49.5389404872152,50.7167827450125,51.8946250028096,53.0724672606069,54.2503095184041,55.4281517762014,56.6059940339987,56.7102723691803,56.814550704362,56.9188290395437,57.0231073747254,57.127385709907,57.3771251294156,57.6268645489241,57.8766039684328,58.1263433879414,58.1263433879414
578,"NOR","Norway",100,100,100,100,100,100,100,99.8578060180652,99.6776505367871,99.4974950555091,99.3173395742311,99.137184092953,98.957028611675,98.7768731303969,98.5967176491189,98.4165621678409,98.5971160749217,98.7776699820026,98.9582238890834,99.1387777961643,99.3193317032452,99.5227211597129,99.7261106161806,99.9295000726483,100,100
512,"OMN","Oman",42.5508610431685,42.5508610431685,42.5508610431685,42.5508610431685,42.5508610431685,42.5508610431685,42.8030131181916,43.0551651932146,43.3073172682377,43.5594693432607,43.8116214182839,44.063773493307,44.31592556833,44.5680776433531,44.8202297183761,45.0723817933993,45.2343757897528,45.3963697861064,45.5583637824599,45.7203577788135,45.882351775167,45.9891095407107,46.0958673062544,46.2026250717979,46.3093828373416,46.3093828373416
586,"PAK","Pakistan",6.78845758159362,6.78845758159362,6.78845758159362,6.78845758159362,6.78845758159362,6.78845758159362,7.17387042766215,7.55928327373057,7.94469611979909,8.33010896586762,8.71552181193601,9.10093465800455,9.48634750407308,9.87176035014161,10.25717319621,10.6425860422785,11.0431470521139,11.4437080619494,11.8442690717847,12.2448300816202,12.6453910914555,13.2699042370002,13.894417382545,14.5189305280897,15.1434436736345,15.1434436736345
585,"PLW","Palau",35.5757785748716,35.5757785748716,35.5757785748716,35.5757785748716,35.5757785748716,35.5757785748716,35.7637036489845,35.9516287230976,36.1395537972105,36.3274788713236,36.5154039454365,36.7033290195495,36.8912540936625,37.0791791677754,37.2671042418885,37.4550293160014,37.4711006104475,37.4871719048937,37.5032431993398,37.519314493786,37.5353857882321,37.4913728782435,37.4473599682549,37.4033470582663,37.3593341482777,37.3593341482777
591,"PAN","Panama",36.4724128435485,36.4724128435485,36.4724128435485,36.4724128435485,36.4724128435485,36.4724128435485,36.451865294453,36.4313177453574,36.4107701962619,36.3902226471663,36.3696750980708,36.3491275489754,36.3285799998798,36.3080324507843,36.2874849016887,36.2669373525932,36.8926854496635,37.5184335467337,38.144181643804,38.7699297408742,39.3956778379445,39.9439133699781,40.4921489020117,41.0403844340454,41.588619966079,41.588619966079
598,"PNG","Papua New Guinea",11.1189333708165,11.1189333708165,11.1189333708165,11.1189333708165,11.1189333708165,11.1189333708165,11.2087967263064,11.2986600817962,11.3885234372858,11.4783867927757,11.5682501482655,11.6581135037553,11.7479768592451,11.8378402147348,11.9277035702246,12.0175669257144,12.4791851088789,12.9408032920434,13.4024214752077,13.8640396583722,14.3256578415366,14.655382191091,14.9851065406454,15.3148308901997,15.6445552397541,15.6445552397541
600,"PRY","Paraguay",30.743705455327,30.743705455327,30.743705455327,30.743705455327,30.743705455327,30.743705455327,31.8192822840413,32.8948591127555,33.9704359414698,35.046012770184,36.1215895988982,37.1971664276125,38.2727432563267,39.348320085041,40.4238969137553,41.4994737424695,42.1770479812397,42.85462222001,43.5321964587802,44.2097706975506,44.8873449363208,44.9396513114391,44.9919576865573,45.0442640616756,45.0965704367939,45.0965704367939
604,"PER","Peru",32.2217992250314,32.2217992250314,32.2217992250314,32.2217992250314,32.2217992250314,32.2217992250314,33.1184064298535,34.0150136346756,34.9116208394977,35.8082280443199,36.704835249142,37.601442453964,38.4980496587861,39.3946568636082,40.2912640684303,41.1878712732524,41.4449349496129,41.7019986259734,41.9590623023341,42.2161259786945,42.4731896550551,42.507842530107,42.542495405159,42.577148280211,42.6118011552629,42.6118011552629
608,"PHL","Philippines",22.8441046981582,22.8441046981582,22.8441046981582,22.8441046981582,22.8441046981582,22.8441046981582,23.5090879063786,24.174071114599,24.8390543228194,25.5040375310398,26.1690207392602,26.8340039474807,27.4989871557011,28.1639703639215,28.8289535721419,29.4939367803623,29.9720351311468,30.4501334819315,30.9282318327161,31.4063301835007,31.8844285342853,32.4905886121493,33.0967486900133,33.7029087678772,34.3090688457412,34.3090688457412
616,"POL","Poland",61.5118000437531,61.5118000437531,61.5118000437531,61.5118000437531,61.5118000437531,61.5118000437531,61.8206539780903,62.1295079124275,62.4383618467647,62.7472157811019,63.0560697154391,63.3649236497764,63.6737775841136,63.9826315184508,64.291485452788,64.6003393871252,64.579335591719,64.5583317963128,64.5373280009068,64.5163242055006,64.4953204100944,64.7635086574058,65.0316969047171,65.2998851520284,65.5680733993398,65.5680733993398
620,"PRT","Portugal",79.9215471250846,79.9215471250846,79.9215471250846,79.9215471250846,79.9215471250846,79.9215471250846,80.2477592812099,80.5739714373352,80.9001835934605,81.2263957495858,81.5526079057111,81.8788200618365,82.2050322179618,82.531244374087,82.8574565302124,83.1836686863377,83.2836031941974,83.3835377020569,83.4834722099166,83.5834067177761,83.6833412256357,84.1418462857664,84.6003513458969,85.0588564060273,85.517361466158,85.517361466158
634,"QAT","Qatar",54.3038881443684,54.3038881443684,54.3038881443684,54.3038881443684,54.3038881443684,54.3038881443684,54.4870639641554,54.6702397839426,54.8534156037298,55.0365914235168,55.2197672433039,55.402943063091,55.5861188828781,55.7692947026653,55.9524705224525,56.1356463422395,56.1815878770961,56.2275294119527,56.2734709468093,56.3194124816659,56.3653540165225,56.4779929765685,56.5906319366146,56.7032708966605,56.8159098567065,56.8159098567065
178,"COG","Republic of Congo",0.514720579692224,0.514720579692224,0.514720579692224,0.514720579692224,0.514720579692224,0.514720579692224,1.01593119746354,1.51714181523474,2.01835243300604,2.51956305077724,3.02077366854853,3.52198428631986,4.02319490409104,4.52440552186236,5.02561613963367,5.52682675740486,6.66487901960421,7.80293128180358,8.94098354400293,10.0790358062023,11.2170880684017,12.0076270948417,12.7981661212818,13.5887051477219,14.3792441741619,14.3792441741619
642,"ROU","Romania",44.2777111481803,44.2777111481803,44.2777111481803,44.2777111481803,44.2777111481803,44.2777111481803,45.2168593107924,46.1560074734046,47.0951556360168,48.034303798629,48.9734519612412,49.9126001238534,50.8517482864656,51.7908964490777,52.7300446116899,53.6691927743021,53.9195232655627,54.1698537568234,54.420184248084,54.6705147393446,54.9208452306052,55.0146240039819,55.1084027773588,55.2021815507355,55.2959603241122,55.2959603241122
643,"RUS","Russia",49.6083201857674,49.6083201857674,49.6083201857674,49.6083201857674,49.6083201857674,49.6083201857674,50.1511163789558,50.6939125721441,51.2367087653325,51.7795049585208,52.3223011517092,52.8650973448976,53.4078935380859,53.9506897312743,54.4934859244626,55.036282117651,55.1150530622357,55.1938240068203,55.2725949514051,55.3513658959898,55.4301368405744,55.4922031577063,55.5542694748381,55.6163357919699,55.6784021091017,55.6784021091017
646,"RWA","Rwanda",0,0,0,0,0,0,0,0,0,1.50039859737531,3.10029280538366,4.70018701339201,6.30008122140025,7.8999754294086,9.49986963741684,11.0997638454252,11.7367809192787,12.3737979931323,13.010815066986,13.6478321408395,14.2848492146931,14.9262710581511,15.5676929016092,16.2091147450672,16.8505365885253,16.8505365885253
652,"BLM","Saint Barthelemy",NA,NA,NA,NA,NA,NA,NA,NA,NA,NA,NA,NA,NA,NA,NA,NA,NA,NA,NA,NA,NA,NA,NA,NA,NA,NA
659,"KNA","Saint Kitts and Nevis",34.6156372754737,34.6156372754737,34.6156372754737,34.6156372754737,34.6156372754737,34.6156372754737,34.9854833406694,35.3553294058653,35.7251754710611,36.0950215362569,36.4648676014527,36.8347136666484,37.2045597318443,37.57440579704,37.9442518622359,38.3140979274316,38.3511975487022,38.3882971699728,38.4253967912434,38.462496412514,38.4995960337846,38.7030432707837,38.9064905077828,39.1099377447819,39.3133849817811,39.3133849817811
662,"LCA","Saint Lucia",40.5775364676929,40.5775364676929,40.5775364676929,40.5775364676929,40.5775364676929,40.5775364676929,40.768928785581,40.9603211034691,41.1517134213571,41.3431057392451,41.5344980571332,41.7258903750213,41.9172826929094,42.1086750107974,42.3000673286855,42.4914596465736,42.4848849757311,42.4783103048886,42.471735634046,42.4651609632035,42.458586292361,42.3673824242551,42.2761785561492,42.1849746880431,42.0937708199372,42.0937708199372
670,"VCT","Saint Vincent and the Grenadines",36.7828139759067,36.7828139759067,36.7828139759067,36.7828139759067,36.7828139759067,36.7828139759067,37.1211744630511,37.4595349501954,37.7978954373398,38.1362559244841,38.4746164116284,38.8129768987727,39.1513373859171,39.4896978730614,39.8280583602058,40.1664188473502,40.2675673801861,40.3687159130221,40.4698644458582,40.5710129786941,40.6721615115301,40.7425927535816,40.813023995633,40.8834552376845,40.9538864797359,40.9538864797359
882,"WSM","Samoa",37.5109267976925,37.5109267976925,37.5109267976925,37.5109267976925,37.5109267976925,37.5109267976925,37.7478980857763,37.9848693738601,38.2218406619438,38.4588119500276,38.6957832381114,38.9327545261952,39.169725814279,39.4066971023628,39.6436683904465,39.8806396785303,39.9079700810573,39.9353004835842,39.9626308861113,39.9899612886382,40.0172916911651,40.0885749292797,40.1598581673944,40.231141405509,40.3024246436237,40.3024246436237
674,"SMR","San Marino",100,100,100,100,100,100,100,100,100,100,100,100,100,100,100,100,100,100,100,100,100,100,100,100,100,100
678,"STP","Sao Tome and Principe",15.0795537994251,15.0795537994251,15.0795537994251,15.0795537994251,15.0795537994251,15.0795537994251,15.9634091077304,16.8472644160358,17.7311197243411,18.6149750326465,19.4988303409518,20.3826856492571,21.2665409575625,22.1503962658678,23.0342515741732,23.9181068824785,25.6634060800652,27.408705277652,29.1540044752387,30.8993036728255,32.6446028704122,32.9795687479077,33.3145346254031,33.6495005028985,33.984466380394,33.984466380394
682,"SAU","Saudi Arabia",39.8116850374776,39.8116850374776,39.8116850374776,39.8116850374776,39.8116850374776,39.8116850374776,40.5853709322882,41.3590568270986,42.1327427219092,42.9064286167196,43.6801145115302,44.4538004063407,45.2274863011512,46.0011721959618,46.7748580907722,47.5485439855828,47.985462120577,48.4223802555714,48.8592983905657,49.2962165255601,49.7331346605543,50.0132568963989,50.2933791322435,50.5735013680881,50.8536236039327,50.8536236039327
686,"SEN","Senegal",3.28308204960645,3.28308204960645,3.28308204960645,3.28308204960645,3.28308204960645,3.28308204960645,3.9754726900719,4.66786333053744,5.36025397100289,6.05264461146848,6.7450352519339,7.43742589239933,8.12981653286492,8.82220717333036,9.5145978137959,10.2069884542613,10.2246699111963,10.2423513681312,10.2600328250659,10.2777142820008,10.2953957389358,10.9371325045126,11.5788692700895,12.2206060356664,12.8623428012433,12.8623428012433
688,"SRB","Serbia",54.6281696684715,54.6281696684715,54.6281696684715,54.6281696684715,54.6281696684715,54.6281696684715,54.9984952634818,55.3688208584922,55.7391464535026,56.109472048513,56.4797976435233,56.8501232385336,57.2204488335439,57.5907744285543,57.9611000235647,58.3314256185751,58.6850552699021,59.038684921229,59.3923145725562,59.7459442238831,60.0995738752101,60.1588557289267,60.2181375826433,60.2774194363598,60.3367012900763,60.3367012900763
690,"SYC","Seychelles",43.3047422678758,43.3047422678758,43.3047422678758,43.3047422678758,43.3047422678758,43.3047422678758,43.4162796653624,43.527817062849,43.6393544603357,43.7508918578223,43.8624292553089,43.9739666527955,44.0855040502821,44.1970414477688,44.3085788452555,44.4201162427421,44.4678271352126,44.5155380276833,44.5632489201539,44.6109598126246,44.6586707050952,44.9122675474251,45.1658643897551,45.4194612320849,45.6730580744148,45.6730580744148
694,"SLE","Sierra Leone",0,0,0,0,0,0,0,0.556846269855072,1.40956930096077,2.26229233206649,3.1150153631722,3.96773839427779,4.82046142538348,5.67318445648921,6.52590748759478,7.3786305187005,7.86345660796616,8.34828269723175,8.83310878649742,9.31793487576299,9.80276096502868,10.2111200461716,10.6194791273144,11.0278382084572,11.4361972896001,11.4361972896001
702,"SGP","Singapore",84.7130809868835,84.7130809868835,84.7130809868835,84.7130809868835,84.7130809868835,84.7130809868835,85.0010378759951,85.2889947651067,85.5769516542184,85.86490854333,86.1528654324416,86.4408223215533,86.7287792106649,87.0167360997765,87.3046929888882,87.5926498779998,87.5085487971924,87.424447716385,87.3403466355777,87.2562455547703,87.1721444739629,87.5558860595555,87.939627645148,88.3233692307407,88.7071108163332,88.7071108163332
534,"SXM","Sint Maarten",NA,NA,NA,NA,NA,NA,NA,NA,NA,NA,NA,NA,NA,NA,NA,NA,NA,NA,NA,NA,NA,NA,NA,NA,NA,NA
703,"SVK","Slovakia",59.6795840744168,59.6795840744168,59.6795840744168,59.6795840744168,59.6795840744168,59.6795840744168,60.0761548071531,60.4727255398895,60.8692962726258,61.2658670053622,61.6624377380984,62.0590084708347,62.4555792035711,62.8521499363074,63.2487206690437,63.64529140178,63.6219971693903,63.5987029370008,63.5754087046111,63.5521144722216,63.5288202398319,63.7662864469146,64.0037526539975,64.2412188610803,64.478685068163,64.478685068163
705,"SVN","Slovenia",66.5580722932134,66.5580722932134,66.5580722932134,66.5580722932134,66.5580722932134,66.5580722932134,66.965751375511,67.3734304578087,67.7811095401062,68.1887886224039,68.5964677047016,69.0041467869992,69.4118258692969,69.8195049515944,70.2271840338921,70.6348631161897,70.5119933248813,70.3891235335728,70.2662537422644,70.143383950956,70.0205141596475,70.0482981504134,70.0760821411794,70.1038661319453,70.1316501227112,70.1316501227112
90,"SLB","Solomon Islands",6.86416390965307,6.86416390965307,6.86416390965307,6.86416390965307,6.86416390965307,6.86416390965307,7.17903428370273,7.49390465775251,7.80877503180217,8.12364540585183,8.43851577990151,8.75338615395128,9.06825652800096,9.38312690205063,9.69799727610041,10.0128676501501,10.4759226290545,10.9389776079589,11.4020325868633,11.8650875657677,12.3281425446721,12.8275793075496,13.327016070427,13.8264528333045,14.3258895961819,14.3258895961819
706,"SOM","Somalia",0,0,0,0,0,0,0,0,0,0,0,0,0,0,0,0.357668880593735,0.989095137916095,1.62052139523841,2.25194765256064,2.88337390988298,3.51480016720534,3.65134542367618,3.78789068014714,3.924435936618,4.06098119308882,4.06098119308882
710,"ZAF","South Africa",11.7580238853644,11.7580238853644,11.7580238853644,11.7580238853644,11.7580238853644,11.7580238853644,12.2510677051137,12.7441115248629,13.2371553446124,13.7301991643617,14.223242984111,14.7162868038603,15.2093306236095,15.702374443359,16.1954182631083,16.6884620828576,17.5476375364163,18.4068129899751,19.2659884435338,20.1251638970925,20.9843393506513,21.5504721611335,22.1166049716158,22.682737782098,23.2488705925803,23.2488705925803
410,"KOR","South Korea",80.5372347438482,80.5372347438482,80.5372347438482,80.5372347438482,80.5372347438482,80.5372347438482,80.761862141365,80.986489538882,81.2111169363989,81.4357443339157,81.6603717314327,81.8849991289496,82.1096265264664,82.3342539239833,82.5588813215003,82.7835087190171,82.7931548362919,82.8028009535667,82.8124470708414,82.8220931881162,82.831739305391,83.2333329910607,83.6349266767304,84.0365203624,84.4381140480698,84.4381140480698
728,"SSD","South Sudan",3.05759632267964,3.05759632267964,3.05759632267964,3.05759632267964,3.05759632267964,3.05759632267964,3.10608155533377,3.15456678798792,3.20305202064205,3.25153725329616,3.30002248595031,3.34850771860444,3.39699295125858,3.4454781839127,3.49396341656683,3.54244864922096,3.58982691041366,3.63720517160635,3.68458343279895,3.73196169399164,3.77933995518434,4.26558588868521,4.7518318221862,5.23807775568721,5.72432368918811,5.72432368918811
724,"ESP","Spain",91.9167580270726,91.9167580270726,91.9167580270726,91.9167580270726,91.9167580270726,91.9167580270726,92.0264256433704,92.1360932596684,92.2457608759663,92.3554284922642,92.4650961085621,92.57476372486,92.6844313411579,92.7940989574557,92.9037665737537,93.0134341900516,93.1439136719476,93.2743931538435,93.4048726357396,93.5353521176355,93.6658315995316,93.8974518837163,94.129072167901,94.3606924520855,94.5923127362703,94.5923127362703
144,"LKA","Sri Lanka",36.5194159366407,36.5194159366407,36.5194159366407,36.5194159366407,36.5194159366407,36.5194159366407,37.1873499856573,37.8552840346739,38.5232180836905,39.1911521327071,39.8590861817236,40.5270202307401,41.1949542797567,41.8628883287733,42.5308223777899,43.1987564268065,43.6527659344506,44.1067754420947,44.5607849497388,45.0147944573829,45.468803965027,45.7432000802072,46.0175961953873,46.2919923105674,46.5663884257475,46.5663884257475
275,"PSE","State of Palestine",46.4858193758081,46.4858193758081,46.4858193758081,46.4858193758081,46.4858193758081,46.4858193758081,46.4637733185753,46.4417272613425,46.4196812041095,46.3976351468767,46.3755890896439,46.3535430324111,46.3314969751783,46.3094509179453,46.2874048607125,46.2653588034797,46.6279652192951,46.9905716351106,47.3531780509262,47.7157844667416,48.0783908825571,48.1593961552294,48.2404014279018,48.321406700574,48.4024119732464,48.4024119732464
729,"SDN","Sudan",6.70100730544704,6.70100730544704,6.70100730544704,6.70100730544704,6.70100730544704,6.70100730544704,7.2831779412149,7.86534857698288,8.44751921275073,9.0296898485187,9.61186048428657,10.1940311200544,10.7762017558224,11.3583723915903,11.9405430273582,12.5227136631261,13.5658963537904,14.6090790444548,15.6522617351191,16.6954444257834,17.7386271164478,18.9209494250598,20.1032717336719,21.2855940422838,22.4679163508958,22.4679163508958
740,"SUR","Suriname",26.5806636337889,26.5806636337889,26.5806636337889,26.5806636337889,26.5806636337889,26.5806636337889,27.2351566643035,27.889649694818,28.5441427253326,29.1986357558472,29.8531287863618,30.5076218168764,31.162114847391,31.8166078779055,32.4711009084201,33.1255939389347,33.4553491803008,33.785104421667,34.114859663033,34.4446149043992,34.7743701457653,34.8986205992308,35.0228710526965,35.1471215061621,35.2713719596276,35.2713719596276
752,"SWE","Sweden",98.4443433170073,98.4443433170073,98.4443433170073,98.4443433170073,98.4443433170073,98.4443433170073,98.2376702950985,98.0309972731897,97.8243242512809,97.6176512293723,97.4109782074634,97.2043051855546,96.9976321636458,96.7909591417371,96.5842861198283,96.3776130979195,96.4317068003179,96.4858005027163,96.5398942051148,96.5939879075132,96.6480816099115,96.9126179033987,97.1771541968858,97.4416904903729,97.7062267838601,97.7062267838601
756,"CHE","Switzerland",100,100,100,100,100,100,100,100,100,100,100,100,100,100,100,100,100,100,100,100,100,100,100,100,100,100
760,"SYR","Syria",45.2689562732448,45.2689562732448,45.2689562732448,45.2689562732448,45.2689562732448,45.2689562732448,45.6910089267085,46.1130615801722,46.5351142336361,46.9571668870998,47.3792195405634,47.8012721940271,48.2233248474908,48.6453775009547,49.0674301544184,49.4894828078821,49.5702074678863,49.6509321278905,49.7316567878948,49.812381447899,49.8931061079032,49.8709403076915,49.8487745074798,49.8266087072682,49.8044429070565,49.8044429070565
158,"TWN","Taiwan",64.2529454673347,64.2529454673347,64.2529454673347,64.2529454673347,64.2529454673347,64.2529454673347,64.4233418974015,64.5937383274683,64.7641347575351,64.9345311876019,65.1049276176687,65.2753240477355,65.4457204778022,65.616116907869,65.7865133379358,65.9569097680026,66.0197212744609,66.0825327809192,66.1453442873776,66.2081557938359,66.2709673002942,66.4745143171027,66.6780613339112,66.8816083507197,67.0851553675281,67.0851553675281
762,"TJK","Tajikistan",11.7707897851887,11.7707897851887,11.7707897851887,11.7707897851887,11.7707897851887,11.7707897851887,13.1346047928527,14.4984198005167,15.8622348081807,17.2260498158448,18.5898648235088,19.9536798311728,21.3174948388369,22.681309846501,24.0451248541649,25.408939861829,26.3068399329212,27.2047400040135,28.1026400751057,29.000540146198,29.8984402172901,30.3233888567121,30.7483374961342,31.1732861355561,31.5982347749781,31.5982347749781
834,"TZA","Tanzania",6.7601920185592,6.7601920185592,6.7601920185592,6.7601920185592,6.7601920185592,6.7601920185592,7.42146900094244,8.08274598332586,8.74402296570912,9.40529994809241,10.0665769304758,10.7278539128591,11.3891308952423,12.0504078776256,12.711684860009,13.3729618423923,13.8300866402402,14.2872114380881,14.7443362359358,15.2014610337837,15.6585858316316,16.3024155528618,16.9462452740921,17.5900749953222,18.2339047165524,18.2339047165524
764,"THA","Thailand",36.0484744494962,36.0484744494962,36.0484744494962,36.0484744494962,36.0484744494962,36.0484744494962,36.4858136224044,36.9231527953125,37.3604919682207,37.7978311411289,38.2351703140369,38.6725094869451,39.1098486598532,39.5471878327614,39.9845270056696,40.4218661785778,40.7194457081838,41.0170252377899,41.314604767396,41.6121842970021,41.9097638266082,42.0660316975545,42.2222995685008,42.3785674394471,42.5348353103934,42.5348353103934
626,"TLS","Timor-Leste",12.227106923879,12.227106923879,12.227106923879,12.227106923879,12.227106923879,12.227106923879,13.2524873456314,14.2778677673838,15.3032481891363,16.3286286108887,17.3540090326411,18.3793894543935,19.4047698761458,20.4301502978984,21.4555307196507,22.4809111414031,23.006156711422,23.5314022814409,24.0566478514599,24.5818934214787,25.1071389914976,25.3530136321314,25.5988882727652,25.8447629133991,26.0906375540329,26.0906375540329
768,"TGO","Togo",0,0,0,0,0,0,0,0,0,0,0,0,0,0,0,0,0.114810431554417,0.65113203440842,1.18745363726245,1.72377524011645,2.26009684297047,2.90044962898675,3.54080241500314,4.18115520101956,4.82150798703586,4.82150798703586
776,"TON","Tonga",40.6973620863847,40.6973620863847,40.6973620863847,40.6973620863847,40.6973620863847,40.6973620863847,40.9395115337699,41.1816609811549,41.4238104285401,41.6659598759251,41.9081093233102,42.1502587706954,42.3924082180804,42.6345576654656,42.8767071128506,43.1188565602358,43.2328055737211,43.3467545872064,43.4607036006916,43.5746526141769,43.6886016276623,43.4360094169541,43.1834172062458,42.9308249955376,42.6782327848294,42.6782327848294
780,"TTO","Trinidad and Tobago",43.8969352356155,43.8969352356155,43.8969352356155,43.8969352356155,43.8969352356155,43.8969352356155,44.2773032753347,44.6576713150537,45.0380393547727,45.4184073944919,45.7987754342109,46.1791434739301,46.5595115136492,46.9398795533682,47.3202475930874,47.7006156328064,47.8622940922173,48.0239725516281,48.185651011039,48.3473294704498,48.5090079298607,48.4596199748464,48.4102320198321,48.360844064818,48.3114561098037,48.3114561098037
788,"TUN","Tunisia",47.815187141674,47.815187141674,47.815187141674,47.815187141674,47.815187141674,47.815187141674,47.8528009171529,47.8904146926317,47.9280284681106,47.9656422435894,48.0032560190683,48.0408697945473,48.0784835700261,48.116097345505,48.1537111209838,48.1913248964627,48.2572356056204,48.3231463147782,48.3890570239361,48.4549677330938,48.5208784422516,48.6263595431629,48.7318406440744,48.8373217449857,48.9428028458971,48.9428028458971
792,"TUR","Turkey",38.9033868625374,38.9033868625374,38.9033868625374,38.9033868625374,38.9033868625374,38.9033868625374,39.5422610952716,40.1811353280057,40.8200095607399,41.4588837934741,42.0977580262083,42.7366322589424,43.3755064916766,44.0143807244108,44.653254957145,45.2921291898791,45.5158108481536,45.739492506428,45.9631741647026,46.1868558229769,46.4105374812515,46.523795093947,46.6370527066425,46.7503103193381,46.8635679320337,46.8635679320337
795,"TKM","Turkmenistan",22.0489606871004,22.0489606871004,22.0489606871004,22.0489606871004,22.0489606871004,22.0489606871004,23.8624785128425,25.6759963385847,27.4895141643267,29.3030319900687,31.1165498158109,32.930067641553,34.743585467295,36.557103293037,38.3706211187792,40.1841389445212,41.514452791984,42.8447666394468,44.1750804869097,45.5053943343725,46.8357081818352,47.0270459765563,47.2183837712772,47.4097215659981,47.6010593607191,47.6010593607191
796,"TCA","Turks and Caicos Islands",NA,NA,NA,NA,NA,NA,NA,NA,NA,NA,NA,NA,NA,NA,NA,NA,NA,NA,NA,NA,NA,NA,NA,NA,NA,NA
798,"TUV","Tuvalu",27.8155669504532,27.8155669504532,27.8155669504532,27.8155669504532,27.8155669504532,27.8155669504532,28.3321900301371,28.8488131098211,29.365436189505,29.8820592691889,30.3986823488729,30.9153054285567,31.4319285082407,31.9485515879246,32.4651746676086,32.9817977472924,33.2290074574977,33.476217167703,33.7234268779082,33.9706365881135,34.2178462983187,34.2988505607583,34.3798548231979,34.4608590856374,34.541863348077,34.541863348077
800,"UGA","Uganda",6.89148916431715,6.89148916431715,6.89148916431715,6.89148916431715,6.89148916431715,6.89148916431715,7.64489818082662,8.39830719733598,9.15171621384546,9.90512523035481,10.6585342468643,11.4119432633738,12.1653522798831,12.9187612963926,13.672170312902,14.4255793294115,14.4529284004233,14.4802774714353,14.5076265424472,14.5349756134593,14.5623246844711,15.3253962577437,16.0884678310162,16.8515394042888,17.6146109775614,17.6146109775614
804,"UKR","Ukraine",53.8630900543437,53.8630900543437,53.8630900543437,53.8630900543437,53.8630900543437,53.8630900543437,54.0618173708192,54.2605446872947,54.45927200377,54.6579993202455,54.856726636721,55.0554539531964,55.2541812696719,55.4529085861473,55.6516359026227,55.8503632190982,55.8018044846212,55.7532457501442,55.7046870156671,55.6561282811901,55.6075695467131,55.4551340846542,55.3026986225954,55.1502631605366,54.9978276984777,54.9978276984777
784,"ARE","United Arab Emirates",48.333190587703,48.333190587703,48.333190587703,48.333190587703,48.333190587703,48.333190587703,48.5846084764366,48.8360263651702,49.0874442539037,49.3388621426373,49.5902800313709,49.8416979201043,50.0931158088379,50.3445336975715,50.595951586305,50.8473694750386,51.0049321005451,51.1624947260515,51.3200573515581,51.4776199770646,51.635182602571,51.6233716690491,51.6115607355271,51.5997498020052,51.5879388684833,51.5879388684833
826,"GBR","United Kingdom",98.3080545326404,98.3080545326404,98.3080545326404,98.3080545326404,98.3080545326404,98.3080545326404,98.3479688023078,98.3878830719752,98.4277973416426,98.46771161131,98.5076258809774,98.5475401506447,98.5874544203121,98.6273686899795,98.6672829596469,98.7071972293143,99.1588188321065,99.6104404348987,100,100,100,100,100,100,100,100
840,"USA","United States of America",80.0611243401363,80.0611243401363,80.0611243401363,80.0611243401363,80.0611243401363,80.0611243401363,80.8320276507089,81.6029309612813,82.373834271854,83.1447375824264,83.9156408929991,84.6865442035717,85.4574475141441,86.2283508247168,86.9992541352892,87.7701574458619,87.9627873349264,88.155417223991,88.3480471130557,88.5406770021202,88.7333068911848,88.8426045862195,88.9519022812542,89.0611999762889,89.1704976713236,89.1704976713236
858,"URY","Uruguay",55.6726844216365,55.6726844216365,55.6726844216365,55.6726844216365,55.6726844216365,55.6726844216365,55.8985466412769,56.1244088609174,56.3502710805578,56.5761333001983,56.8019955198386,57.027857739479,57.2537199591195,57.4795821787599,57.7054443984004,57.9313066180407,58.3457579967245,58.7602093754082,59.174660754092,59.5891121327757,60.0035635114595,60.4019171511702,60.8002707908809,61.1986244305916,61.5969780703023,61.5969780703023
860,"UZB","Uzbekistan",42.0222363698575,42.0222363698575,42.0222363698575,42.0222363698575,42.0222363698575,42.0222363698575,43.0066993812139,43.9911623925703,44.9756254039266,45.960088415283,46.9445514266394,47.9290144379957,48.9134774493521,49.8979404607085,50.8824034720649,51.8668664834212,52.1736805678895,52.4804946523577,52.7873087368258,53.094122821294,53.4009369057622,53.507349233117,53.6137615604717,53.7201738878265,53.8265862151812,53.8265862151812
548,"VUT","Vanuatu",15.5808103108591,15.5808103108591,15.5808103108591,15.5808103108591,15.5808103108591,15.5808103108591,15.8843705415911,16.1879307723233,16.4914910030553,16.7950512337875,17.0986114645195,17.4021716952516,17.7057319259838,18.0092921567158,18.312852387448,18.61641261818,18.9716063651476,19.3268001121151,19.6819938590828,20.0371876060503,20.3923813530179,20.6227594771137,20.8531376012097,21.0835157253055,21.3138938494014,21.3138938494014
862,"VEN","Venezuela",32.540290598454,32.540290598454,32.540290598454,32.540290598454,32.540290598454,32.540290598454,33.4687993273233,34.3973080561926,35.325816785062,36.2543255139313,37.1828342428006,38.1113429716699,39.0398517005392,39.9683604294086,40.8968691582779,41.8253778871472,42.2193784904885,42.6133790938299,43.0073796971712,43.4013803005125,43.7953809038539,43.7147287247214,43.6340765455889,43.5534243664563,43.4727721873238,43.4727721873238
704,"VNM","Viet Nam",39.1596768390789,39.1596768390789,39.1596768390789,39.1596768390789,39.1596768390789,39.1596768390789,40.0700332799453,40.9803897208116,41.890746161678,42.8011026025444,43.7114590434107,44.6218154842771,45.5321719251435,46.4425283660099,47.3528848068762,48.2632412477426,48.6310340235979,48.998826799453,49.3666195753084,49.7344123511636,50.1022051270188,50.2590863481359,50.4159675692531,50.5728487903704,50.7297300114875,50.7297300114875
876,"WLF","Wallis and Futuna Islands",NA,NA,NA,NA,NA,NA,NA,NA,NA,NA,NA,NA,NA,NA,NA,NA,NA,NA,NA,NA,NA,NA,NA,NA,NA,NA
732,"ESH","Western Sahara",NA,NA,NA,NA,NA,NA,NA,NA,NA,NA,NA,NA,NA,NA,NA,NA,NA,NA,NA,NA,NA,NA,NA,NA,NA,NA
887,"YEM","Yemen",5.61697729676297,5.61697729676297,5.61697729676297,5.61697729676297,5.61697729676297,5.61697729676297,6.5408341497813,7.46469100279961,8.38854785581792,9.31240470883624,10.2362615618544,11.1601184148728,12.0839752678911,13.0078321209094,13.9316889739277,14.855545826946,16.0135903332555,17.1716348395651,18.3296793458745,19.4877238521841,20.6457683584936,20.4691184163173,20.292468474141,20.1158185319649,19.9391685897886,19.9391685897886
894,"ZMB","Zambia",0,0,0,0,0,0,0,0.454571206803081,1.23126602278563,2.00796083876804,2.78465565475044,3.56135047073298,4.3380452867155,5.11474010269792,5.89143491868046,6.66812973466287,7.36759043217047,8.06705112967794,8.76651182718554,9.46597252469303,10.1654332222006,10.9059805421247,11.6465278620489,12.3870751819731,13.1276225018972,13.1276225018972
716,"ZWE","Zimbabwe",15.355053149093,15.355053149093,15.355053149093,15.355053149093,15.355053149093,15.355053149093,15.0261925403642,14.6973319316355,14.3684713229067,14.039610714178,13.7107501054492,13.3818894967204,13.0530288879917,12.7241682792629,12.3953076705342,12.0664470618054,12.4940125992661,12.9215781367267,13.3491436741872,13.7767092116479,14.2042747491085,14.6760036238471,15.1477324985857,15.6194613733243,16.0911902480628,16.0911902480628
