"code","iso","country","WWT.ind.1995","WWT.ind.1996","WWT.ind.1997","WWT.ind.1998","WWT.ind.1999","WWT.ind.2000","WWT.ind.2001","WWT.ind.2002","WWT.ind.2003","WWT.ind.2004","WWT.ind.2005","WWT.ind.2006","WWT.ind.2007","WWT.ind.2008","WWT.ind.2009","WWT.ind.2010","WWT.ind.2011","WWT.ind.2012","WWT.ind.2013","WWT.ind.2014","WWT.ind.2015","WWT.ind.2016","WWT.ind.2017","WWT.ind.2018","WWT.ind.2019","WWT.ind.2020"
4,"AFG","Afghanistan",0,0,0,0,0,0,0,0,0,0,0,0,0,0,0,0,0,0,0,0,0,0,0,0,0,0
8,"ALB","Albania",2.672,2.672,2.672,2.672,2.672,2.672,2.672,2.672,2.672,2.672,2.672,2.672,2.672,2.672,2.672,2.672,2.672,2.672,2.672,2.672,2.672,2.672,2.672,2.672,2.672,2.672
12,"DZA","Algeria",33.12,33.12,33.12,33.12,33.12,33.12,33.12,33.12,33.12,33.12,33.12,33.12,33.12,33.12,33.12,33.12,33.12,33.12,33.12,33.12,33.12,33.12,33.12,33.12,33.12,33.12
20,"AND","Andorra",100,100,100,100,100,100,100,100,100,100,100,100,100,100,100,100,100,100,100,100,100,100,100,100,100,100
24,"AGO","Angola",0,0,0,0,0,0,0,0,0,0,0,0,0,0,0,0,0,0,0,0,0,0,0,0,0,0
660,"AIA","Anguilla",NA,NA,NA,NA,NA,NA,NA,NA,NA,NA,NA,NA,NA,NA,NA,NA,NA,NA,NA,NA,NA,NA,NA,NA,NA,NA
28,"ATG","Antigua and Barbuda",1.33378642181885,1.33378642181885,1.33378642181885,1.33378642181885,1.33378642181885,1.33378642181885,1.33378642181885,1.33378642181885,1.33378642181885,1.33378642181885,1.33378642181885,1.33378642181885,1.33378642181885,1.33378642181885,1.33378642181885,1.33378642181885,1.33378642181885,1.33378642181885,1.33378642181885,1.33378642181885,1.33378642181885,1.33378642181885,1.33378642181885,1.33378642181885,1.33378642181885,1.33378642181885
32,"ARG","Argentina",5.9236,5.9236,5.9236,5.9236,5.9236,5.9236,5.9236,5.9236,5.9236,5.9236,5.9236,5.9236,5.9236,5.9236,5.9236,5.9236,5.9236,5.9236,5.9236,5.9236,5.9236,5.9236,5.9236,5.9236,5.9236,5.9236
51,"ARM","Armenia",8.8476,8.8476,8.8476,8.8476,8.8476,8.8476,8.8476,8.8476,8.8476,8.8476,8.8476,8.8476,8.8476,8.8476,8.8476,8.8476,8.8476,8.8476,8.8476,8.8476,8.8476,8.8476,8.8476,8.8476,8.8476,8.8476
533,"ABW","Aruba",1.88508410153322,1.88508410153322,1.88508410153322,1.88508410153322,1.88508410153322,1.88508410153322,1.88508410153322,1.88508410153322,1.88508410153322,1.88508410153322,1.88508410153322,1.88508410153322,1.88508410153322,1.88508410153322,1.88508410153322,1.88508410153322,1.88508410153322,1.88508410153322,1.88508410153322,1.88508410153322,1.88508410153322,1.88508410153322,1.88508410153322,1.88508410153322,1.88508410153322,1.88508410153322
36,"AUS","Australia",92.7,92.7,92.7,92.7,92.7,92.7,92.7,92.7,92.7,92.7,92.7,92.7,92.7,92.7,92.7,92.7,92.7,92.7,92.7,92.7,92.7,92.7,92.7,92.7,92.7,92.7
40,"AUT","Austria",94,94,94,94,94,94,94,94,94,94,94,94,94,94,94,94,94,94,94,94,94,94,94,94,94,94
31,"AZE","Azerbaijan",3.78,3.78,3.78,3.78,3.78,3.78,3.78,3.78,3.78,3.78,3.78,3.78,3.78,3.78,3.78,3.78,3.78,3.78,3.78,3.78,3.78,3.78,3.78,3.78,3.78,3.78
44,"BHS","Bahamas",1.39309308089645,1.39309308089645,1.39309308089645,1.39309308089645,1.39309308089645,1.39309308089645,1.39309308089645,1.39309308089645,1.39309308089645,1.39309308089645,1.39309308089645,1.39309308089645,1.39309308089645,1.39309308089645,1.39309308089645,1.39309308089645,1.39309308089645,1.39309308089645,1.39309308089645,1.39309308089645,1.39309308089645,1.39309308089645,1.39309308089645,1.39309308089645,1.39309308089645,1.39309308089645
48,"BHR","Bahrain",86.856,86.856,86.856,86.856,86.856,86.856,86.856,86.856,86.856,86.856,86.856,86.856,86.856,86.856,86.856,86.856,86.856,86.856,86.856,86.856,86.856,86.856,86.856,86.856,86.856,86.856
50,"BGD","Bangladesh",0,0,0,0,0,0,0,0,0,0,0,0,0,0,0,0,0,0,0,0,0,0,0,0,0,0
52,"BRB","Barbados",1.14540354497997,1.14540354497997,1.14540354497997,1.14540354497997,1.14540354497997,1.14540354497997,1.14540354497997,1.14540354497997,1.14540354497997,1.14540354497997,1.14540354497997,1.14540354497997,1.14540354497997,1.14540354497997,1.14540354497997,1.14540354497997,1.14540354497997,1.14540354497997,1.14540354497997,1.14540354497997,1.14540354497997,1.14540354497997,1.14540354497997,1.14540354497997,1.14540354497997,1.14540354497997
112,"BLR","Belarus",7.18,7.18,7.18,7.18,7.18,7.18,7.18,7.18,7.18,7.18,7.18,7.18,7.18,7.18,7.18,7.18,7.18,7.18,7.18,7.18,7.18,7.18,7.18,7.18,7.18,7.18
56,"BEL","Belgium",67.876,67.876,67.876,67.876,67.876,67.876,67.876,67.876,67.876,67.876,67.876,67.876,67.876,67.876,67.876,67.876,67.876,67.876,67.876,67.876,67.876,67.876,67.876,67.876,67.876,67.876
84,"BLZ","Belize",0.582968589319691,0.582968589319691,0.582968589319691,0.582968589319691,0.582968589319691,0.582968589319691,0.582968589319691,0.582968589319691,0.582968589319691,0.582968589319691,0.582968589319691,0.582968589319691,0.582968589319691,0.582968589319691,0.582968589319691,0.582968589319691,0.582968589319691,0.582968589319691,0.582968589319691,0.582968589319691,0.582968589319691,0.582968589319691,0.582968589319691,0.582968589319691,0.582968589319691,0.582968589319691
204,"BEN","Benin",0.0168,0.0168,0.0168,0.0168,0.0168,0.0168,0.0168,0.0168,0.0168,0.0168,0.0168,0.0168,0.0168,0.0168,0.0168,0.0168,0.0168,0.0168,0.0168,0.0168,0.0168,0.0168,0.0168,0.0168,0.0168,0.0168
60,"BMU","Bermuda",0,0,0,0,0,0,0,0,0,0,0,0,0,0,0,0,0,0,0,0,0,0,0,0,0,0
64,"BTN","Bhutan",0,0,0,0,0,0,0,0,0,0,0,0,0,0,0,0,0,0,0,0,0,0,0,0,0,0
68,"BOL","Bolivia",3.509,3.509,3.509,3.509,3.509,3.509,3.509,3.509,3.509,3.509,3.509,3.509,3.509,3.509,3.509,3.509,3.509,3.509,3.509,3.509,3.509,3.509,3.509,3.509,3.509,3.509
70,"BIH","Bosnia and Herzegovina",1.1268,1.1268,1.1268,1.1268,1.1268,1.1268,1.1268,1.1268,1.1268,1.1268,1.1268,1.1268,1.1268,1.1268,1.1268,1.1268,1.1268,1.1268,1.1268,1.1268,1.1268,1.1268,1.1268,1.1268,1.1268,1.1268
72,"BWA","Botswana",0.95,0.95,0.95,0.95,0.95,0.95,0.95,0.95,0.95,0.95,0.95,0.95,0.95,0.95,0.95,0.95,0.95,0.95,0.95,0.95,0.95,0.95,0.95,0.95,0.95,0.95
76,"BRA","Brazil",49.301895,49.301895,49.301895,49.301895,49.301895,49.301895,49.301895,49.301895,49.301895,49.301895,49.301895,49.301895,49.301895,49.301895,49.301895,49.301895,49.301895,49.301895,49.301895,49.301895,49.301895,49.301895,49.301895,49.301895,49.301895,49.301895
92,"VGB","British Virgin Islands",NA,NA,NA,NA,NA,NA,NA,NA,NA,NA,NA,NA,NA,NA,NA,NA,NA,NA,NA,NA,NA,NA,NA,NA,NA,NA
96,"BRN","Brunei Darussalam",6.01769418857304,6.01769418857304,6.01769418857304,6.01769418857304,6.01769418857304,6.01769418857304,6.01769418857304,6.01769418857304,6.01769418857304,6.01769418857304,6.01769418857304,6.01769418857304,6.01769418857304,6.01769418857304,6.01769418857304,6.01769418857304,6.01769418857304,6.01769418857304,6.01769418857304,6.01769418857304,6.01769418857304,6.01769418857304,6.01769418857304,6.01769418857304,6.01769418857304,6.01769418857304
100,"BGR","Bulgaria",13.888,13.888,13.888,13.888,13.888,13.888,13.888,13.888,13.888,13.888,13.888,13.888,13.888,13.888,13.888,13.888,13.888,13.888,13.888,13.888,13.888,13.888,13.888,13.888,13.888,13.888
854,"BFA","Burkina Faso",0,0,0,0,0,0,0,0,0,0,0,0,0,0,0,0,0,0,0,0,0,0,0,0,0,0
108,"BDI","Burundi",0,0,0,0,0,0,0,0,0,0,0,0,0,0,0,0,0,0,0,0,0,0,0,0,0,0
132,"CPV","Cabo Verde",20.9,20.9,20.9,20.9,20.9,20.9,20.9,20.9,20.9,20.9,20.9,20.9,20.9,20.9,20.9,20.9,20.9,20.9,20.9,20.9,20.9,20.9,20.9,20.9,20.9,20.9
116,"KHM","Cambodia",0,0,0,0,0,0,0,0,0,0,0,0,0,0,0,0,0,0,0,0,0,0,0,0,0,0
120,"CMR","Cameroon",0,0,0,0,0,0,0,0,0,0,0,0,0,0,0,0,0,0,0,0,0,0,0,0,0,0
124,"CAN","Canada",67.44,67.44,67.44,67.44,67.44,67.44,67.44,67.44,67.44,67.44,67.44,67.44,67.44,67.44,67.44,67.44,67.44,67.44,67.44,67.44,67.44,67.44,67.44,67.44,67.44,67.44
136,"CYM","Cayman Islands",2.51335796259198,2.51335796259198,2.51335796259198,2.51335796259198,2.51335796259198,2.51335796259198,2.51335796259198,2.51335796259198,2.51335796259198,2.51335796259198,2.51335796259198,2.51335796259198,2.51335796259198,2.51335796259198,2.51335796259198,2.51335796259198,2.51335796259198,2.51335796259198,2.51335796259198,2.51335796259198,2.51335796259198,2.51335796259198,2.51335796259198,2.51335796259198,2.51335796259198,2.51335796259198
140,"CAF","Central African Republic",0,0,0,0,0,0,0,0,0,0,0,0,0,0,0,0,0,0,0,0,0,0,0,0,0,0
148,"TCD","Chad",0,0,0,0,0,0,0,0,0,0,0,0,0,0,0,0,0,0,0,0,0,0,0,0,0,0
152,"CHL","Chile",71.856,71.856,71.856,71.856,71.856,71.856,71.856,71.856,71.856,71.856,71.856,71.856,71.856,71.856,71.856,71.856,71.856,71.856,71.856,71.856,71.856,71.856,71.856,71.856,71.856,71.856
156,"CHN","China",9.36,9.36,9.36,9.36,9.36,9.36,9.36,9.36,9.36,9.36,9.36,9.36,9.36,9.36,9.36,9.36,9.36,9.36,9.36,9.36,9.36,9.36,9.36,9.36,9.36,9.36
170,"COL","Colombia",25.564,25.564,25.564,25.564,25.564,25.564,25.564,25.564,25.564,25.564,25.564,25.564,25.564,25.564,25.564,25.564,25.564,25.564,25.564,25.564,25.564,25.564,25.564,25.564,25.564,25.564
174,"COM","Comoros",0.123454822479057,0.123454822479057,0.123454822479057,0.123454822479057,0.123454822479057,0.123454822479057,0.123454822479057,0.123454822479057,0.123454822479057,0.123454822479057,0.123454822479057,0.123454822479057,0.123454822479057,0.123454822479057,0.123454822479057,0.123454822479057,0.123454822479057,0.123454822479057,0.123454822479057,0.123454822479057,0.123454822479057,0.123454822479057,0.123454822479057,0.123454822479057,0.123454822479057,0.123454822479057
184,"COK","Cook Islands",NA,NA,NA,NA,NA,NA,NA,NA,NA,NA,NA,NA,NA,NA,NA,NA,NA,NA,NA,NA,NA,NA,NA,NA,NA,NA
188,"CRI","Costa Rica",9.7461,9.7461,9.7461,9.7461,9.7461,9.7461,9.7461,9.7461,9.7461,9.7461,9.7461,9.7461,9.7461,9.7461,9.7461,9.7461,9.7461,9.7461,9.7461,9.7461,9.7461,9.7461,9.7461,9.7461,9.7461,9.7461
384,"CIV","Cote d'Ivoire",0.6,0.6,0.6,0.6,0.6,0.6,0.6,0.6,0.6,0.6,0.6,0.6,0.6,0.6,0.6,0.6,0.6,0.6,0.6,0.6,0.6,0.6,0.6,0.6,0.6,0.6
191,"HRV","Croatia",51.7058,51.7058,51.7058,51.7058,51.7058,51.7058,51.7058,51.7058,51.7058,51.7058,51.7058,51.7058,51.7058,51.7058,51.7058,51.7058,51.7058,51.7058,51.7058,51.7058,51.7058,51.7058,51.7058,51.7058,51.7058,51.7058
192,"CUB","Cuba",3.6,3.6,3.6,3.6,3.6,3.6,3.6,3.6,3.6,3.6,3.6,3.6,3.6,3.6,3.6,3.6,3.6,3.6,3.6,3.6,3.6,3.6,3.6,3.6,3.6,3.6
531,"CUW","Curacao",1.48059662269316,1.48059662269316,1.48059662269316,1.48059662269316,1.48059662269316,1.48059662269316,1.48059662269316,1.48059662269316,1.48059662269316,1.48059662269316,1.48059662269316,1.48059662269316,1.48059662269316,1.48059662269316,1.48059662269316,1.48059662269316,1.48059662269316,1.48059662269316,1.48059662269316,1.48059662269316,1.48059662269316,1.48059662269316,1.48059662269316,1.48059662269316,1.48059662269316,1.48059662269316
196,"CYP","Cyprus",50,50,50,50,50,50,50,50,50,50,50,50,50,50,50,50,50,50,50,50,50,50,50,50,50,50
203,"CZE","Czech Republic",60.75,60.75,60.75,60.75,60.75,60.75,60.75,60.75,60.75,60.75,60.75,60.75,60.75,60.75,60.75,60.75,60.75,60.75,60.75,60.75,60.75,60.75,60.75,60.75,60.75,60.75
180,"COD","Dem. Rep. Congo",0,0,0,0,0,0,0,0,0,0,0,0,0,0,0,0,0,0,0,0,0,0,0,0,0,0
208,"DNK","Denmark",100,100,100,100,100,100,100,100,100,100,100,100,100,100,100,100,100,100,100,100,100,100,100,100,100,100
262,"DJI","Djibouti",0,0,0,0,0,0,0,0,0,0,0,0,0,0,0,0,0,0,0,0,0,0,0,0,0,0
212,"DMA","Dominica",0.987943555342064,0.987943555342064,0.987943555342064,0.987943555342064,0.987943555342064,0.987943555342064,0.987943555342064,0.987943555342064,0.987943555342064,0.987943555342064,0.987943555342064,0.987943555342064,0.987943555342064,0.987943555342064,0.987943555342064,0.987943555342064,0.987943555342064,0.987943555342064,0.987943555342064,0.987943555342064,0.987943555342064,0.987943555342064,0.987943555342064,0.987943555342064,0.987943555342064,0.987943555342064
214,"DOM","Dominican Republic",5.844,5.844,5.844,5.844,5.844,5.844,5.844,5.844,5.844,5.844,5.844,5.844,5.844,5.844,5.844,5.844,5.844,5.844,5.844,5.844,5.844,5.844,5.844,5.844,5.844,5.844
218,"ECU","Ecuador",0,0,0,0,0,0,0,0,0,0,0,0,0,0,0,0,0,0,0,0,0,0,0,0,0,0
818,"EGY","Egypt",41.958,41.958,41.958,41.958,41.958,41.958,41.958,41.958,41.958,41.958,41.958,41.958,41.958,41.958,41.958,41.958,41.958,41.958,41.958,41.958,41.958,41.958,41.958,41.958,41.958,41.958
222,"SLV","El Salvador",0.07,0.07,0.07,0.07,0.07,0.07,0.07,0.07,0.07,0.07,0.07,0.07,0.07,0.07,0.07,0.07,0.07,0.07,0.07,0.07,0.07,0.07,0.07,0.07,0.07,0.07
226,"GNQ","Equatorial Guinea",1.25,1.25,1.25,1.25,1.25,1.25,1.25,1.25,1.25,1.25,1.25,1.25,1.25,1.25,1.25,1.25,1.25,1.25,1.25,1.25,1.25,1.25,1.25,1.25,1.25,1.25
232,"ERI","Eritrea",0,0,0,0,0,0,0,0,0,0,0,0,0,0,0,0,0,0,0,0,0,0,0,0,0,0
233,"EST","Estonia",69.6,69.6,69.6,69.6,69.6,69.6,69.6,69.6,69.6,69.6,69.6,69.6,69.6,69.6,69.6,69.6,69.6,69.6,69.6,69.6,69.6,69.6,69.6,69.6,69.6,69.6
748,"SWZ","Eswatini",5.68885028251372,5.68885028251372,5.68885028251372,5.68885028251372,5.68885028251372,5.68885028251372,5.68885028251372,5.68885028251372,5.68885028251372,5.68885028251372,5.68885028251372,5.68885028251372,5.68885028251372,5.68885028251372,5.68885028251372,5.68885028251372,5.68885028251372,5.68885028251372,5.68885028251372,5.68885028251372,5.68885028251372,5.68885028251372,5.68885028251372,5.68885028251372,5.68885028251372,5.68885028251372
231,"ETH","Ethiopia",0,0,0,0,0,0,0,0,0,0,0,0,0,0,0,0,0,0,0,0,0,0,0,0,0,0
234,"FRO","Faeroe Islands",NA,NA,NA,NA,NA,NA,NA,NA,NA,NA,NA,NA,NA,NA,NA,NA,NA,NA,NA,NA,NA,NA,NA,NA,NA,NA
238,"FLK","Falkland Islands",NA,NA,NA,NA,NA,NA,NA,NA,NA,NA,NA,NA,NA,NA,NA,NA,NA,NA,NA,NA,NA,NA,NA,NA,NA,NA
242,"FJI","Fiji",3.9,3.9,3.9,3.9,3.9,3.9,3.9,3.9,3.9,3.9,3.9,3.9,3.9,3.9,3.9,3.9,3.9,3.9,3.9,3.9,3.9,3.9,3.9,3.9,3.9,3.9
246,"FIN","Finland",100,100,100,100,100,100,100,100,100,100,100,100,100,100,100,100,100,100,100,100,100,100,100,100,100,100
250,"FRA","France",88,88,88,88,88,88,88,88,88,88,88,88,88,88,88,88,88,88,88,88,88,88,88,88,88,88
258,"PYF","French Polynesia",NA,NA,NA,NA,NA,NA,NA,NA,NA,NA,NA,NA,NA,NA,NA,NA,NA,NA,NA,NA,NA,NA,NA,NA,NA,NA
266,"GAB","Gabon",0,0,0,0,0,0,0,0,0,0,0,0,0,0,0,0,0,0,0,0,0,0,0,0,0,0
270,"GMB","Gambia",0.0764380797031169,0.0764380797031169,0.0764380797031169,0.0764380797031169,0.0764380797031169,0.0764380797031169,0.0764380797031169,0.0764380797031169,0.0764380797031169,0.0764380797031169,0.0764380797031169,0.0764380797031169,0.0764380797031169,0.0764380797031169,0.0764380797031169,0.0764380797031169,0.0764380797031169,0.0764380797031169,0.0764380797031169,0.0764380797031169,0.0764380797031169,0.0764380797031169,0.0764380797031169,0.0764380797031169,0.0764380797031169,0.0764380797031169
268,"GEO","Georgia",46.64,46.64,46.64,46.64,46.64,46.64,46.64,46.64,46.64,46.64,46.64,46.64,46.64,46.64,46.64,46.64,46.64,46.64,46.64,46.64,46.64,46.64,46.64,46.64,46.64,46.64
276,"DEU","Germany",97,97,97,97,97,97,97,97,97,97,97,97,97,97,97,97,97,97,97,97,97,97,97,97,97,97
288,"GHA","Ghana",0,0,0,0,0,0,0,0,0,0,0,0,0,0,0,0,0,0,0,0,0,0,0,0,0,0
300,"GRC","Greece",81.664,81.664,81.664,81.664,81.664,81.664,81.664,81.664,81.664,81.664,81.664,81.664,81.664,81.664,81.664,81.664,81.664,81.664,81.664,81.664,81.664,81.664,81.664,81.664,81.664,81.664
304,"GRL","Greenland",NA,NA,NA,NA,NA,NA,NA,NA,NA,NA,NA,NA,NA,NA,NA,NA,NA,NA,NA,NA,NA,NA,NA,NA,NA,NA
308,"GRD","Grenada",0.92038456316167,0.92038456316167,0.92038456316167,0.92038456316167,0.92038456316167,0.92038456316167,0.92038456316167,0.92038456316167,0.92038456316167,0.92038456316167,0.92038456316167,0.92038456316167,0.92038456316167,0.92038456316167,0.92038456316167,0.92038456316167,0.92038456316167,0.92038456316167,0.92038456316167,0.92038456316167,0.92038456316167,0.92038456316167,0.92038456316167,0.92038456316167,0.92038456316167,0.92038456316167
320,"GTM","Guatemala",6.8,6.8,6.8,6.8,6.8,6.8,6.8,6.8,6.8,6.8,6.8,6.8,6.8,6.8,6.8,6.8,6.8,6.8,6.8,6.8,6.8,6.8,6.8,6.8,6.8,6.8
831,"GGY","Guernsey",NA,NA,NA,NA,NA,NA,NA,NA,NA,NA,NA,NA,NA,NA,NA,NA,NA,NA,NA,NA,NA,NA,NA,NA,NA,NA
324,"GIN","Guinea",0,0,0,0,0,0,0,0,0,0,0,0,0,0,0,0,0,0,0,0,0,0,0,0,0,0
624,"GNB","Guinea-Bissau",0,0,0,0,0,0,0,0,0,0,0,0,0,0,0,0,0,0,0,0,0,0,0,0,0,0
328,"GUY","Guyana",0,0,0,0,0,0,0,0,0,0,0,0,0,0,0,0,0,0,0,0,0,0,0,0,0,0
332,"HTI","Haiti",0,0,0,0,0,0,0,0,0,0,0,0,0,0,0,0,0,0,0,0,0,0,0,0,0,0
336,"VAT","Holy See",NA,NA,NA,NA,NA,NA,NA,NA,NA,NA,NA,NA,NA,NA,NA,NA,NA,NA,NA,NA,NA,NA,NA,NA,NA,NA
340,"HND","Honduras",3.15,3.15,3.15,3.15,3.15,3.15,3.15,3.15,3.15,3.15,3.15,3.15,3.15,3.15,3.15,3.15,3.15,3.15,3.15,3.15,3.15,3.15,3.15,3.15,3.15,3.15
344,"HKG","Hong Kong",88.35,88.35,88.35,88.35,88.35,88.35,88.35,88.35,88.35,88.35,88.35,88.35,88.35,88.35,88.35,88.35,88.35,88.35,88.35,88.35,88.35,88.35,88.35,88.35,88.35,88.35
348,"HUN","Hungary",53.76,53.76,53.76,53.76,53.76,53.76,53.76,53.76,53.76,53.76,53.76,53.76,53.76,53.76,53.76,53.76,53.76,53.76,53.76,53.76,53.76,53.76,53.76,53.76,53.76,53.76
352,"ISL","Iceland",15.55243425338,15.55243425338,15.55243425338,15.55243425338,15.55243425338,15.55243425338,15.55243425338,15.55243425338,15.55243425338,15.55243425338,15.55243425338,15.55243425338,15.55243425338,15.55243425338,15.55243425338,15.55243425338,15.55243425338,15.55243425338,15.55243425338,15.55243425338,15.55243425338,15.55243425338,15.55243425338,15.55243425338,15.55243425338,15.55243425338
356,"IND","India",2.2464,2.2464,2.2464,2.2464,2.2464,2.2464,2.2464,2.2464,2.2464,2.2464,2.2464,2.2464,2.2464,2.2464,2.2464,2.2464,2.2464,2.2464,2.2464,2.2464,2.2464,2.2464,2.2464,2.2464,2.2464,2.2464
360,"IDN","Indonesia",0.02,0.02,0.02,0.02,0.02,0.02,0.02,0.02,0.02,0.02,0.02,0.02,0.02,0.02,0.02,0.02,0.02,0.02,0.02,0.02,0.02,0.02,0.02,0.02,0.02,0.02
364,"IRN","Iran",3.73,3.73,3.73,3.73,3.73,3.73,3.73,3.73,3.73,3.73,3.73,3.73,3.73,3.73,3.73,3.73,3.73,3.73,3.73,3.73,3.73,3.73,3.73,3.73,3.73,3.73
368,"IRQ","Iraq",19.4578,19.4578,19.4578,19.4578,19.4578,19.4578,19.4578,19.4578,19.4578,19.4578,19.4578,19.4578,19.4578,19.4578,19.4578,19.4578,19.4578,19.4578,19.4578,19.4578,19.4578,19.4578,19.4578,19.4578,19.4578,19.4578
372,"IRL","Ireland",89.725,89.725,89.725,89.725,89.725,89.725,89.725,89.725,89.725,89.725,89.725,89.725,89.725,89.725,89.725,89.725,89.725,89.725,89.725,89.725,89.725,89.725,89.725,89.725,89.725,89.725
833,"IMN","Isle of Man",NA,NA,NA,NA,NA,NA,NA,NA,NA,NA,NA,NA,NA,NA,NA,NA,NA,NA,NA,NA,NA,NA,NA,NA,NA,NA
376,"ISR","Israel",81.6992,81.6992,81.6992,81.6992,81.6992,81.6992,81.6992,81.6992,81.6992,81.6992,81.6992,81.6992,81.6992,81.6992,81.6992,81.6992,81.6992,81.6992,81.6992,81.6992,81.6992,81.6992,81.6992,81.6992,81.6992,81.6992
380,"ITA","Italy",58.75,58.75,58.75,58.75,58.75,58.75,58.75,58.75,58.75,58.75,58.75,58.75,58.75,58.75,58.75,58.75,58.75,58.75,58.75,58.75,58.75,58.75,58.75,58.75,58.75,58.75
388,"JAM","Jamaica",3,3,3,3,3,3,3,3,3,3,3,3,3,3,3,3,3,3,3,3,3,3,3,3,3,3
392,"JPN","Japan",75.3246,75.3246,75.3246,75.3246,75.3246,75.3246,75.3246,75.3246,75.3246,75.3246,75.3246,75.3246,75.3246,75.3246,75.3246,75.3246,75.3246,75.3246,75.3246,75.3246,75.3246,75.3246,75.3246,75.3246,75.3246,75.3246
832,"JEY","Jersey",NA,NA,NA,NA,NA,NA,NA,NA,NA,NA,NA,NA,NA,NA,NA,NA,NA,NA,NA,NA,NA,NA,NA,NA,NA,NA
400,"JOR","Jordan",18.63,18.63,18.63,18.63,18.63,18.63,18.63,18.63,18.63,18.63,18.63,18.63,18.63,18.63,18.63,18.63,18.63,18.63,18.63,18.63,18.63,18.63,18.63,18.63,18.63,18.63
398,"KAZ","Kazakhstan",28.55,28.55,28.55,28.55,28.55,28.55,28.55,28.55,28.55,28.55,28.55,28.55,28.55,28.55,28.55,28.55,28.55,28.55,28.55,28.55,28.55,28.55,28.55,28.55,28.55,28.55
404,"KEN","Kenya",0.49,0.49,0.49,0.49,0.49,0.49,0.49,0.49,0.49,0.49,0.49,0.49,0.49,0.49,0.49,0.49,0.49,0.49,0.49,0.49,0.49,0.49,0.49,0.49,0.49,0.49
296,"KIR","Kiribati",0.0140043695686298,0.0140043695686298,0.0140043695686298,0.0140043695686298,0.0140043695686298,0.0140043695686298,0.0140043695686298,0.0140043695686298,0.0140043695686298,0.0140043695686298,0.0140043695686298,0.0140043695686298,0.0140043695686298,0.0140043695686298,0.0140043695686298,0.0140043695686298,0.0140043695686298,0.0140043695686298,0.0140043695686298,0.0140043695686298,0.0140043695686298,0.0140043695686298,0.0140043695686298,0.0140043695686298,0.0140043695686298,0.0140043695686298
689,"XKX","Kosovo",1.65483177181714,1.65483177181714,1.65483177181714,1.65483177181714,1.65483177181714,1.65483177181714,1.65483177181714,1.65483177181714,1.65483177181714,1.65483177181714,1.65483177181714,1.65483177181714,1.65483177181714,1.65483177181714,1.65483177181714,1.65483177181714,1.65483177181714,1.65483177181714,1.65483177181714,1.65483177181714,1.65483177181714,1.65483177181714,1.65483177181714,1.65483177181714,1.65483177181714,1.65483177181714
414,"KWT","Kuwait",43.1,43.1,43.1,43.1,43.1,43.1,43.1,43.1,43.1,43.1,43.1,43.1,43.1,43.1,43.1,43.1,43.1,43.1,43.1,43.1,43.1,43.1,43.1,43.1,43.1,43.1
417,"KGZ","Kyrgyzstan",0.223429352031925,0.223429352031925,0.223429352031925,0.223429352031925,0.223429352031925,0.223429352031925,0.223429352031925,0.223429352031925,0.223429352031925,0.223429352031925,0.223429352031925,0.223429352031925,0.223429352031925,0.223429352031925,0.223429352031925,0.223429352031925,0.223429352031925,0.223429352031925,0.223429352031925,0.223429352031925,0.223429352031925,0.223429352031925,0.223429352031925,0.223429352031925,0.223429352031925,0.223429352031925
418,"LAO","Laos",0,0,0,0,0,0,0,0,0,0,0,0,0,0,0,0,0,0,0,0,0,0,0,0,0,0
428,"LVA","Latvia",90.7,90.7,90.7,90.7,90.7,90.7,90.7,90.7,90.7,90.7,90.7,90.7,90.7,90.7,90.7,90.7,90.7,90.7,90.7,90.7,90.7,90.7,90.7,90.7,90.7,90.7
422,"LBN","Lebanon",38.164,38.164,38.164,38.164,38.164,38.164,38.164,38.164,38.164,38.164,38.164,38.164,38.164,38.164,38.164,38.164,38.164,38.164,38.164,38.164,38.164,38.164,38.164,38.164,38.164,38.164
426,"LSO","Lesotho",0.3,0.3,0.3,0.3,0.3,0.3,0.3,0.3,0.3,0.3,0.3,0.3,0.3,0.3,0.3,0.3,0.3,0.3,0.3,0.3,0.3,0.3,0.3,0.3,0.3,0.3
430,"LBR","Liberia",0,0,0,0,0,0,0,0,0,0,0,0,0,0,0,0,0,0,0,0,0,0,0,0,0,0
434,"LBY","Libya",9.6,9.6,9.6,9.6,9.6,9.6,9.6,9.6,9.6,9.6,9.6,9.6,9.6,9.6,9.6,9.6,9.6,9.6,9.6,9.6,9.6,9.6,9.6,9.6,9.6,9.6
438,"LIE","Liechtenstein",NA,NA,NA,NA,NA,NA,NA,NA,NA,NA,NA,NA,NA,NA,NA,NA,NA,NA,NA,NA,NA,NA,NA,NA,NA,NA
440,"LTU","Lithuania",51.389,51.389,51.389,51.389,51.389,51.389,51.389,51.389,51.389,51.389,51.389,51.389,51.389,51.389,51.389,51.389,51.389,51.389,51.389,51.389,51.389,51.389,51.389,51.389,51.389,51.389
442,"LUX","Luxembourg",98.5,98.5,98.5,98.5,98.5,98.5,98.5,98.5,98.5,98.5,98.5,98.5,98.5,98.5,98.5,98.5,98.5,98.5,98.5,98.5,98.5,98.5,98.5,98.5,98.5,98.5
446,"MAC","Macao",3.49111390725449,3.49111390725449,3.49111390725449,3.49111390725449,3.49111390725449,3.49111390725449,3.49111390725449,3.49111390725449,3.49111390725449,3.49111390725449,3.49111390725449,3.49111390725449,3.49111390725449,3.49111390725449,3.49111390725449,3.49111390725449,3.49111390725449,3.49111390725449,3.49111390725449,3.49111390725449,3.49111390725449,3.49111390725449,3.49111390725449,3.49111390725449,3.49111390725449,3.49111390725449
450,"MDG","Madagascar",0,0,0,0,0,0,0,0,0,0,0,0,0,0,0,0,0,0,0,0,0,0,0,0,0,0
454,"MWI","Malawi",0,0,0,0,0,0,0,0,0,0,0,0,0,0,0,0,0,0,0,0,0,0,0,0,0,0
458,"MYS","Malaysia",12.432,12.432,12.432,12.432,12.432,12.432,12.432,12.432,12.432,12.432,12.432,12.432,12.432,12.432,12.432,12.432,12.432,12.432,12.432,12.432,12.432,12.432,12.432,12.432,12.432,12.432
462,"MDV","Maldives",4.32119295129999,4.32119295129999,4.32119295129999,4.32119295129999,4.32119295129999,4.32119295129999,4.32119295129999,4.32119295129999,4.32119295129999,4.32119295129999,4.32119295129999,4.32119295129999,4.32119295129999,4.32119295129999,4.32119295129999,4.32119295129999,4.32119295129999,4.32119295129999,4.32119295129999,4.32119295129999,4.32119295129999,4.32119295129999,4.32119295129999,4.32119295129999,4.32119295129999,4.32119295129999
466,"MLI","Mali",0,0,0,0,0,0,0,0,0,0,0,0,0,0,0,0,0,0,0,0,0,0,0,0,0,0
470,"MLT","Malta",0,0,0,0,0,0,0,0,0,0,0,0,0,0,0,0,0,0,0,0,0,0,0,0,0,0
584,"MHL","Marshall Islands",0,0,0,0,0,0,0,0,0,0,0,0,0,0,0,0,0,0,0,0,0,0,0,0,0,0
478,"MRT","Mauritania",0,0,0,0,0,0,0,0,0,0,0,0,0,0,0,0,0,0,0,0,0,0,0,0,0,0
480,"MUS","Mauritius",2.5,2.5,2.5,2.5,2.5,2.5,2.5,2.5,2.5,2.5,2.5,2.5,2.5,2.5,2.5,2.5,2.5,2.5,2.5,2.5,2.5,2.5,2.5,2.5,2.5,2.5
484,"MEX","Mexico",31.626,31.626,31.626,31.626,31.626,31.626,31.626,31.626,31.626,31.626,31.626,31.626,31.626,31.626,31.626,31.626,31.626,31.626,31.626,31.626,31.626,31.626,31.626,31.626,31.626,31.626
583,"FSM","Micronesia",0.0989702905276735,0.0989702905276735,0.0989702905276735,0.0989702905276735,0.0989702905276735,0.0989702905276735,0.0989702905276735,0.0989702905276735,0.0989702905276735,0.0989702905276735,0.0989702905276735,0.0989702905276735,0.0989702905276735,0.0989702905276735,0.0989702905276735,0.0989702905276735,0.0989702905276735,0.0989702905276735,0.0989702905276735,0.0989702905276735,0.0989702905276735,0.0989702905276735,0.0989702905276735,0.0989702905276735,0.0989702905276735,0.0989702905276735
498,"MDA","Moldova",8.964,8.964,8.964,8.964,8.964,8.964,8.964,8.964,8.964,8.964,8.964,8.964,8.964,8.964,8.964,8.964,8.964,8.964,8.964,8.964,8.964,8.964,8.964,8.964,8.964,8.964
492,"MCO","Monaco",100,100,100,100,100,100,100,100,100,100,100,100,100,100,100,100,100,100,100,100,100,100,100,100,100,100
496,"MNG","Mongolia",3.3,3.3,3.3,3.3,3.3,3.3,3.3,3.3,3.3,3.3,3.3,3.3,3.3,3.3,3.3,3.3,3.3,3.3,3.3,3.3,3.3,3.3,3.3,3.3,3.3,3.3
499,"MNE","Montenegro",8.37,8.37,8.37,8.37,8.37,8.37,8.37,8.37,8.37,8.37,8.37,8.37,8.37,8.37,8.37,8.37,8.37,8.37,8.37,8.37,8.37,8.37,8.37,8.37,8.37,8.37
504,"MAR","Morocco",5.4,5.4,5.4,5.4,5.4,5.4,5.4,5.4,5.4,5.4,5.4,5.4,5.4,5.4,5.4,5.4,5.4,5.4,5.4,5.4,5.4,5.4,5.4,5.4,5.4,5.4
508,"MOZ","Mozambique",0.22,0.22,0.22,0.22,0.22,0.22,0.22,0.22,0.22,0.22,0.22,0.22,0.22,0.22,0.22,0.22,0.22,0.22,0.22,0.22,0.22,0.22,0.22,0.22,0.22,0.22
104,"MMR","Myanmar",0,0,0,0,0,0,0,0,0,0,0,0,0,0,0,0,0,0,0,0,0,0,0,0,0,0
516,"NAM","Namibia",6.25,6.25,6.25,6.25,6.25,6.25,6.25,6.25,6.25,6.25,6.25,6.25,6.25,6.25,6.25,6.25,6.25,6.25,6.25,6.25,6.25,6.25,6.25,6.25,6.25,6.25
520,"NRU","Nauru",0.887892378021318,0.887892378021318,0.887892378021318,0.887892378021318,0.887892378021318,0.887892378021318,0.887892378021318,0.887892378021318,0.887892378021318,0.887892378021318,0.887892378021318,0.887892378021318,0.887892378021318,0.887892378021318,0.887892378021318,0.887892378021318,0.887892378021318,0.887892378021318,0.887892378021318,0.887892378021318,0.887892378021318,0.887892378021318,0.887892378021318,0.887892378021318,0.887892378021318,0.887892378021318
524,"NPL","Nepal",0,0,0,0,0,0,0,0,0,0,0,0,0,0,0,0,0,0,0,0,0,0,0,0,0,0
528,"NLD","Netherlands",100,100,100,100,100,100,100,100,100,100,100,100,100,100,100,100,100,100,100,100,100,100,100,100,100,100
540,"NCL","New Caledonia",NA,NA,NA,NA,NA,NA,NA,NA,NA,NA,NA,NA,NA,NA,NA,NA,NA,NA,NA,NA,NA,NA,NA,NA,NA,NA
554,"NZL","New Zealand",79.895,79.895,79.895,79.895,79.895,79.895,79.895,79.895,79.895,79.895,79.895,79.895,79.895,79.895,79.895,79.895,79.895,79.895,79.895,79.895,79.895,79.895,79.895,79.895,79.895,79.895
558,"NIC","Nicaragua",0,0,0,0,0,0,0,0,0,0,0,0,0,0,0,0,0,0,0,0,0,0,0,0,0,0
562,"NER","Niger",0,0,0,0,0,0,0,0,0,0,0,0,0,0,0,0,0,0,0,0,0,0,0,0,0,0
566,"NGA","Nigeria",0.154,0.154,0.154,0.154,0.154,0.154,0.154,0.154,0.154,0.154,0.154,0.154,0.154,0.154,0.154,0.154,0.154,0.154,0.154,0.154,0.154,0.154,0.154,0.154,0.154,0.154
570,"NIU","Niue",NA,NA,NA,NA,NA,NA,NA,NA,NA,NA,NA,NA,NA,NA,NA,NA,NA,NA,NA,NA,NA,NA,NA,NA,NA,NA
408,"PRK","North Korea",0,0,0,0,0,0,0,0,0,0,0,0,0,0,0,0,0,0,0,0,0,0,0,0,0,0
807,"MKD","North Macedonia",0.94304015035055,0.94304015035055,0.94304015035055,0.94304015035055,0.94304015035055,0.94304015035055,0.94304015035055,0.94304015035055,0.94304015035055,0.94304015035055,0.94304015035055,0.94304015035055,0.94304015035055,0.94304015035055,0.94304015035055,0.94304015035055,0.94304015035055,0.94304015035055,0.94304015035055,0.94304015035055,0.94304015035055,0.94304015035055,0.94304015035055,0.94304015035055,0.94304015035055,0.94304015035055
578,"NOR","Norway",64.285,64.285,64.285,64.285,64.285,64.285,64.285,64.285,64.285,64.285,64.285,64.285,64.285,64.285,64.285,64.285,64.285,64.285,64.285,64.285,64.285,64.285,64.285,64.285,64.285,64.285
512,"OMN","Oman",13.4,13.4,13.4,13.4,13.4,13.4,13.4,13.4,13.4,13.4,13.4,13.4,13.4,13.4,13.4,13.4,13.4,13.4,13.4,13.4,13.4,13.4,13.4,13.4,13.4,13.4
586,"PAK","Pakistan",0.1,0.1,0.1,0.1,0.1,0.1,0.1,0.1,0.1,0.1,0.1,0.1,0.1,0.1,0.1,0.1,0.1,0.1,0.1,0.1,0.1,0.1,0.1,0.1,0.1,0.1
585,"PLW","Palau",40,40,40,40,40,40,40,40,40,40,40,40,40,40,40,40,40,40,40,40,40,40,40,40,40,40
591,"PAN","Panama",23.1,23.1,23.1,23.1,23.1,23.1,23.1,23.1,23.1,23.1,23.1,23.1,23.1,23.1,23.1,23.1,23.1,23.1,23.1,23.1,23.1,23.1,23.1,23.1,23.1,23.1
598,"PNG","Papua New Guinea",0,0,0,0,0,0,0,0,0,0,0,0,0,0,0,0,0,0,0,0,0,0,0,0,0,0
600,"PRY","Paraguay",0.735,0.735,0.735,0.735,0.735,0.735,0.735,0.735,0.735,0.735,0.735,0.735,0.735,0.735,0.735,0.735,0.735,0.735,0.735,0.735,0.735,0.735,0.735,0.735,0.735,0.735
604,"PER","Peru",46.421,46.421,46.421,46.421,46.421,46.421,46.421,46.421,46.421,46.421,46.421,46.421,46.421,46.421,46.421,46.421,46.421,46.421,46.421,46.421,46.421,46.421,46.421,46.421,46.421,46.421
608,"PHL","Philippines",0.697,0.697,0.697,0.697,0.697,0.697,0.697,0.697,0.697,0.697,0.697,0.697,0.697,0.697,0.697,0.697,0.697,0.697,0.697,0.697,0.697,0.697,0.697,0.697,0.697,0.697
616,"POL","Poland",60.9474,60.9474,60.9474,60.9474,60.9474,60.9474,60.9474,60.9474,60.9474,60.9474,60.9474,60.9474,60.9474,60.9474,60.9474,60.9474,60.9474,60.9474,60.9474,60.9474,60.9474,60.9474,60.9474,60.9474,60.9474,60.9474
620,"PRT","Portugal",54.984,54.984,54.984,54.984,54.984,54.984,54.984,54.984,54.984,54.984,54.984,54.984,54.984,54.984,54.984,54.984,54.984,54.984,54.984,54.984,54.984,54.984,54.984,54.984,54.984,54.984
634,"QAT","Qatar",70,70,70,70,70,70,70,70,70,70,70,70,70,70,70,70,70,70,70,70,70,70,70,70,70,70
178,"COG","Republic of Congo",0.281505598377817,0.281505598377817,0.281505598377817,0.281505598377817,0.281505598377817,0.281505598377817,0.281505598377817,0.281505598377817,0.281505598377817,0.281505598377817,0.281505598377817,0.281505598377817,0.281505598377817,0.281505598377817,0.281505598377817,0.281505598377817,0.281505598377817,0.281505598377817,0.281505598377817,0.281505598377817,0.281505598377817,0.281505598377817,0.281505598377817,0.281505598377817,0.281505598377817,0.281505598377817
642,"ROU","Romania",30.353,30.353,30.353,30.353,30.353,30.353,30.353,30.353,30.353,30.353,30.353,30.353,30.353,30.353,30.353,30.353,30.353,30.353,30.353,30.353,30.353,30.353,30.353,30.353,30.353,30.353
643,"RUS","Russia",18.5,18.5,18.5,18.5,18.5,18.5,18.5,18.5,18.5,18.5,18.5,18.5,18.5,18.5,18.5,18.5,18.5,18.5,18.5,18.5,18.5,18.5,18.5,18.5,18.5,18.5
646,"RWA","Rwanda",0,0,0,0,0,0,0,0,0,0,0,0,0,0,0,0,0,0,0,0,0,0,0,0,0,0
652,"BLM","Saint Barthelemy",NA,NA,NA,NA,NA,NA,NA,NA,NA,NA,NA,NA,NA,NA,NA,NA,NA,NA,NA,NA,NA,NA,NA,NA,NA,NA
659,"KNA","Saint Kitts and Nevis",0.60633165124555,0.60633165124555,0.60633165124555,0.60633165124555,0.60633165124555,0.60633165124555,0.60633165124555,0.60633165124555,0.60633165124555,0.60633165124555,0.60633165124555,0.60633165124555,0.60633165124555,0.60633165124555,0.60633165124555,0.60633165124555,0.60633165124555,0.60633165124555,0.60633165124555,0.60633165124555,0.60633165124555,0.60633165124555,0.60633165124555,0.60633165124555,0.60633165124555,0.60633165124555
662,"LCA","Saint Lucia",0.856416753440234,0.856416753440234,0.856416753440234,0.856416753440234,0.856416753440234,0.856416753440234,0.856416753440234,0.856416753440234,0.856416753440234,0.856416753440234,0.856416753440234,0.856416753440234,0.856416753440234,0.856416753440234,0.856416753440234,0.856416753440234,0.856416753440234,0.856416753440234,0.856416753440234,0.856416753440234,0.856416753440234,0.856416753440234,0.856416753440234,0.856416753440234,0.856416753440234,0.856416753440234
670,"VCT","Saint Vincent and the Grenadines",0.75531953119915,0.75531953119915,0.75531953119915,0.75531953119915,0.75531953119915,0.75531953119915,0.75531953119915,0.75531953119915,0.75531953119915,0.75531953119915,0.75531953119915,0.75531953119915,0.75531953119915,0.75531953119915,0.75531953119915,0.75531953119915,0.75531953119915,0.75531953119915,0.75531953119915,0.75531953119915,0.75531953119915,0.75531953119915,0.75531953119915,0.75531953119915,0.75531953119915,0.75531953119915
882,"WSM","Samoa",0.287250936897108,0.287250936897108,0.287250936897108,0.287250936897108,0.287250936897108,0.287250936897108,0.287250936897108,0.287250936897108,0.287250936897108,0.287250936897108,0.287250936897108,0.287250936897108,0.287250936897108,0.287250936897108,0.287250936897108,0.287250936897108,0.287250936897108,0.287250936897108,0.287250936897108,0.287250936897108,0.287250936897108,0.287250936897108,0.287250936897108,0.287250936897108,0.287250936897108,0.287250936897108
674,"SMR","San Marino",6.14924428644895,6.14924428644895,6.14924428644895,6.14924428644895,6.14924428644895,6.14924428644895,6.14924428644895,6.14924428644895,6.14924428644895,6.14924428644895,6.14924428644895,6.14924428644895,6.14924428644895,6.14924428644895,6.14924428644895,6.14924428644895,6.14924428644895,6.14924428644895,6.14924428644895,6.14924428644895,6.14924428644895,6.14924428644895,6.14924428644895,6.14924428644895,6.14924428644895,6.14924428644895
678,"STP","Sao Tome and Principe",0.302381049499063,0.302381049499063,0.302381049499063,0.302381049499063,0.302381049499063,0.302381049499063,0.302381049499063,0.302381049499063,0.302381049499063,0.302381049499063,0.302381049499063,0.302381049499063,0.302381049499063,0.302381049499063,0.302381049499063,0.302381049499063,0.302381049499063,0.302381049499063,0.302381049499063,0.302381049499063,0.302381049499063,0.302381049499063,0.302381049499063,0.302381049499063,0.302381049499063,0.302381049499063
682,"SAU","Saudi Arabia",11.75,11.75,11.75,11.75,11.75,11.75,11.75,11.75,11.75,11.75,11.75,11.75,11.75,11.75,11.75,11.75,11.75,11.75,11.75,11.75,11.75,11.75,11.75,11.75,11.75,11.75
686,"SEN","Senegal",0.5,0.5,0.5,0.5,0.5,0.5,0.5,0.5,0.5,0.5,0.5,0.5,0.5,0.5,0.5,0.5,0.5,0.5,0.5,0.5,0.5,0.5,0.5,0.5,0.5,0.5
688,"SRB","Serbia",1.7464,1.7464,1.7464,1.7464,1.7464,1.7464,1.7464,1.7464,1.7464,1.7464,1.7464,1.7464,1.7464,1.7464,1.7464,1.7464,1.7464,1.7464,1.7464,1.7464,1.7464,1.7464,1.7464,1.7464,1.7464,1.7464
690,"SYC","Seychelles",1.59501963308155,1.59501963308155,1.59501963308155,1.59501963308155,1.59501963308155,1.59501963308155,1.59501963308155,1.59501963308155,1.59501963308155,1.59501963308155,1.59501963308155,1.59501963308155,1.59501963308155,1.59501963308155,1.59501963308155,1.59501963308155,1.59501963308155,1.59501963308155,1.59501963308155,1.59501963308155,1.59501963308155,1.59501963308155,1.59501963308155,1.59501963308155,1.59501963308155,1.59501963308155
694,"SLE","Sierra Leone",0,0,0,0,0,0,0,0,0,0,0,0,0,0,0,0,0,0,0,0,0,0,0,0,0,0
702,"SGP","Singapore",100,100,100,100,100,100,100,100,100,100,100,100,100,100,100,100,100,100,100,100,100,100,100,100,100,100
534,"SXM","Sint Maarten",1.70609334286074,1.70609334286074,1.70609334286074,1.70609334286074,1.70609334286074,1.70609334286074,1.70609334286074,1.70609334286074,1.70609334286074,1.70609334286074,1.70609334286074,1.70609334286074,1.70609334286074,1.70609334286074,1.70609334286074,1.70609334286074,1.70609334286074,1.70609334286074,1.70609334286074,1.70609334286074,1.70609334286074,1.70609334286074,1.70609334286074,1.70609334286074,1.70609334286074,1.70609334286074
703,"SVK","Slovakia",43.68,43.68,43.68,43.68,43.68,43.68,43.68,43.68,43.68,43.68,43.68,43.68,43.68,43.68,43.68,43.68,43.68,43.68,43.68,43.68,43.68,43.68,43.68,43.68,43.68,43.68
705,"SVN","Slovenia",89.088,89.088,89.088,89.088,89.088,89.088,89.088,89.088,89.088,89.088,89.088,89.088,89.088,89.088,89.088,89.088,89.088,89.088,89.088,89.088,89.088,89.088,89.088,89.088,89.088,89.088
90,"SLB","Solomon Islands",0,0,0,0,0,0,0,0,0,0,0,0,0,0,0,0,0,0,0,0,0,0,0,0,0,0
706,"SOM","Somalia",NA,NA,NA,NA,NA,NA,NA,NA,NA,NA,NA,NA,NA,NA,NA,NA,NA,NA,NA,NA,NA,NA,NA,NA,NA,NA
710,"ZAF","South Africa",21.66,21.66,21.66,21.66,21.66,21.66,21.66,21.66,21.66,21.66,21.66,21.66,21.66,21.66,21.66,21.66,21.66,21.66,21.66,21.66,21.66,21.66,21.66,21.66,21.66,21.66
410,"KOR","South Korea",76.8366,76.8366,76.8366,76.8366,76.8366,76.8366,76.8366,76.8366,76.8366,76.8366,76.8366,76.8366,76.8366,76.8366,76.8366,76.8366,76.8366,76.8366,76.8366,76.8366,76.8366,76.8366,76.8366,76.8366,76.8366,76.8366
728,"SSD","South Sudan",NA,NA,NA,NA,NA,NA,NA,NA,NA,NA,NA,NA,NA,NA,NA,NA,NA,NA,NA,NA,NA,NA,NA,NA,NA,NA
724,"ESP","Spain",91.512,91.512,91.512,91.512,91.512,91.512,91.512,91.512,91.512,91.512,91.512,91.512,91.512,91.512,91.512,91.512,91.512,91.512,91.512,91.512,91.512,91.512,91.512,91.512,91.512,91.512
144,"LKA","Sri Lanka",0,0,0,0,0,0,0,0,0,0,0,0,0,0,0,0,0,0,0,0,0,0,0,0,0,0
275,"PSE","State of Palestine",0.782334943336718,0.782334943336718,0.782334943336718,0.782334943336718,0.782334943336718,0.782334943336718,0.782334943336718,0.782334943336718,0.782334943336718,0.782334943336718,0.782334943336718,0.782334943336718,0.782334943336718,0.782334943336718,0.782334943336718,0.782334943336718,0.782334943336718,0.782334943336718,0.782334943336718,0.782334943336718,0.782334943336718,0.782334943336718,0.782334943336718,0.782334943336718,0.782334943336718,0.782334943336718
729,"SDN","Sudan",0,0,0,0,0,0,0,0,0,0,0,0,0,0,0,0,0,0,0,0,0,0,0,0,0,0
740,"SUR","Suriname",0.01,0.01,0.01,0.01,0.01,0.01,0.01,0.01,0.01,0.01,0.01,0.01,0.01,0.01,0.01,0.01,0.01,0.01,0.01,0.01,0.01,0.01,0.01,0.01,0.01,0.01
752,"SWE","Sweden",100,100,100,100,100,100,100,100,100,100,100,100,100,100,100,100,100,100,100,100,100,100,100,100,100,100
756,"CHE","Switzerland",96.709,96.709,96.709,96.709,96.709,96.709,96.709,96.709,96.709,96.709,96.709,96.709,96.709,96.709,96.709,96.709,96.709,96.709,96.709,96.709,96.709,96.709,96.709,96.709,96.709,96.709
760,"SYR","Syria",48,48,48,48,48,48,48,48,48,48,48,48,48,48,48,48,48,48,48,48,48,48,48,48,48,48
158,"TWN","Taiwan",7.0794,7.0794,7.0794,7.0794,7.0794,7.0794,7.0794,7.0794,7.0794,7.0794,7.0794,7.0794,7.0794,7.0794,7.0794,7.0794,7.0794,7.0794,7.0794,7.0794,7.0794,7.0794,7.0794,7.0794,7.0794,7.0794
762,"TJK","Tajikistan",2.25,2.25,2.25,2.25,2.25,2.25,2.25,2.25,2.25,2.25,2.25,2.25,2.25,2.25,2.25,2.25,2.25,2.25,2.25,2.25,2.25,2.25,2.25,2.25,2.25,2.25
834,"TZA","Tanzania",1.44,1.44,1.44,1.44,1.44,1.44,1.44,1.44,1.44,1.44,1.44,1.44,1.44,1.44,1.44,1.44,1.44,1.44,1.44,1.44,1.44,1.44,1.44,1.44,1.44,1.44
764,"THA","Thailand",1.989,1.989,1.989,1.989,1.989,1.989,1.989,1.989,1.989,1.989,1.989,1.989,1.989,1.989,1.989,1.989,1.989,1.989,1.989,1.989,1.989,1.989,1.989,1.989,1.989,1.989
626,"TLS","Timor-Leste",0.3,0.3,0.3,0.3,0.3,0.3,0.3,0.3,0.3,0.3,0.3,0.3,0.3,0.3,0.3,0.3,0.3,0.3,0.3,0.3,0.3,0.3,0.3,0.3,0.3,0.3
768,"TGO","Togo",0,0,0,0,0,0,0,0,0,0,0,0,0,0,0,0,0,0,0,0,0,0,0,0,0,0
776,"TON","Tonga",0.301305620137032,0.301305620137032,0.301305620137032,0.301305620137032,0.301305620137032,0.301305620137032,0.301305620137032,0.301305620137032,0.301305620137032,0.301305620137032,0.301305620137032,0.301305620137032,0.301305620137032,0.301305620137032,0.301305620137032,0.301305620137032,0.301305620137032,0.301305620137032,0.301305620137032,0.301305620137032,0.301305620137032,0.301305620137032,0.301305620137032,0.301305620137032,0.301305620137032,0.301305620137032
780,"TTO","Trinidad and Tobago",3.19626537525472,3.19626537525472,3.19626537525472,3.19626537525472,3.19626537525472,3.19626537525472,3.19626537525472,3.19626537525472,3.19626537525472,3.19626537525472,3.19626537525472,3.19626537525472,3.19626537525472,3.19626537525472,3.19626537525472,3.19626537525472,3.19626537525472,3.19626537525472,3.19626537525472,3.19626537525472,3.19626537525472,3.19626537525472,3.19626537525472,3.19626537525472,3.19626537525472,3.19626537525472
788,"TUN","Tunisia",43.04,43.04,43.04,43.04,43.04,43.04,43.04,43.04,43.04,43.04,43.04,43.04,43.04,43.04,43.04,43.04,43.04,43.04,43.04,43.04,43.04,43.04,43.04,43.04,43.04,43.04
792,"TUR","Turkey",30.401,30.401,30.401,30.401,30.401,30.401,30.401,30.401,30.401,30.401,30.401,30.401,30.401,30.401,30.401,30.401,30.401,30.401,30.401,30.401,30.401,30.401,30.401,30.401,30.401,30.401
795,"TKM","Turkmenistan",9.8,9.8,9.8,9.8,9.8,9.8,9.8,9.8,9.8,9.8,9.8,9.8,9.8,9.8,9.8,9.8,9.8,9.8,9.8,9.8,9.8,9.8,9.8,9.8,9.8,9.8
796,"TCA","Turks and Caicos Islands",1.17396376831061,1.17396376831061,1.17396376831061,1.17396376831061,1.17396376831061,1.17396376831061,1.17396376831061,1.17396376831061,1.17396376831061,1.17396376831061,1.17396376831061,1.17396376831061,1.17396376831061,1.17396376831061,1.17396376831061,1.17396376831061,1.17396376831061,1.17396376831061,1.17396376831061,1.17396376831061,1.17396376831061,1.17396376831061,1.17396376831061,1.17396376831061,1.17396376831061,1.17396376831061
798,"TUV","Tuvalu",0.145331721788457,0.145331721788457,0.145331721788457,0.145331721788457,0.145331721788457,0.145331721788457,0.145331721788457,0.145331721788457,0.145331721788457,0.145331721788457,0.145331721788457,0.145331721788457,0.145331721788457,0.145331721788457,0.145331721788457,0.145331721788457,0.145331721788457,0.145331721788457,0.145331721788457,0.145331721788457,0.145331721788457,0.145331721788457,0.145331721788457,0.145331721788457,0.145331721788457,0.145331721788457
800,"UGA","Uganda",0.42,0.42,0.42,0.42,0.42,0.42,0.42,0.42,0.42,0.42,0.42,0.42,0.42,0.42,0.42,0.42,0.42,0.42,0.42,0.42,0.42,0.42,0.42,0.42,0.42,0.42
804,"UKR","Ukraine",14.1267,14.1267,14.1267,14.1267,14.1267,14.1267,14.1267,14.1267,14.1267,14.1267,14.1267,14.1267,14.1267,14.1267,14.1267,14.1267,14.1267,14.1267,14.1267,14.1267,14.1267,14.1267,14.1267,14.1267,14.1267,14.1267
784,"ARE","United Arab Emirates",76.8123,76.8123,76.8123,76.8123,76.8123,76.8123,76.8123,76.8123,76.8123,76.8123,76.8123,76.8123,76.8123,76.8123,76.8123,76.8123,76.8123,76.8123,76.8123,76.8123,76.8123,76.8123,76.8123,76.8123,76.8123,76.8123
826,"GBR","United Kingdom",98.505,98.505,98.505,98.505,98.505,98.505,98.505,98.505,98.505,98.505,98.505,98.505,98.505,98.505,98.505,98.505,98.505,98.505,98.505,98.505,98.505,98.505,98.505,98.505,98.505,98.505
840,"USA","United States of America",58.89,58.89,58.89,58.89,58.89,58.89,58.89,58.89,58.89,58.89,58.89,58.89,58.89,58.89,58.89,58.89,58.89,58.89,58.89,58.89,58.89,58.89,58.89,58.89,58.89,58.89
858,"URY","Uruguay",2.15,2.15,2.15,2.15,2.15,2.15,2.15,2.15,2.15,2.15,2.15,2.15,2.15,2.15,2.15,2.15,2.15,2.15,2.15,2.15,2.15,2.15,2.15,2.15,2.15,2.15
860,"UZB","Uzbekistan",0,0,0,0,0,0,0,0,0,0,0,0,0,0,0,0,0,0,0,0,0,0,0,0,0,0
548,"VUT","Vanuatu",0.0348794482493042,0.0348794482493042,0.0348794482493042,0.0348794482493042,0.0348794482493042,0.0348794482493042,0.0348794482493042,0.0348794482493042,0.0348794482493042,0.0348794482493042,0.0348794482493042,0.0348794482493042,0.0348794482493042,0.0348794482493042,0.0348794482493042,0.0348794482493042,0.0348794482493042,0.0348794482493042,0.0348794482493042,0.0348794482493042,0.0348794482493042,0.0348794482493042,0.0348794482493042,0.0348794482493042,0.0348794482493042,0.0348794482493042
862,"VEN","Venezuela",6.426,6.426,6.426,6.426,6.426,6.426,6.426,6.426,6.426,6.426,6.426,6.426,6.426,6.426,6.426,6.426,6.426,6.426,6.426,6.426,6.426,6.426,6.426,6.426,6.426,6.426
704,"VNM","Viet Nam",0.3,0.3,0.3,0.3,0.3,0.3,0.3,0.3,0.3,0.3,0.3,0.3,0.3,0.3,0.3,0.3,0.3,0.3,0.3,0.3,0.3,0.3,0.3,0.3,0.3,0.3
876,"WLF","Wallis and Futuna Islands",NA,NA,NA,NA,NA,NA,NA,NA,NA,NA,NA,NA,NA,NA,NA,NA,NA,NA,NA,NA,NA,NA,NA,NA,NA,NA
732,"ESH","Western Sahara",NA,NA,NA,NA,NA,NA,NA,NA,NA,NA,NA,NA,NA,NA,NA,NA,NA,NA,NA,NA,NA,NA,NA,NA,NA,NA
887,"YEM","Yemen",0,0,0,0,0,0,0,0,0,0,0,0,0,0,0,0,0,0,0,0,0,0,0,0,0,0
894,"ZMB","Zambia",4.2,4.2,4.2,4.2,4.2,4.2,4.2,4.2,4.2,4.2,4.2,4.2,4.2,4.2,4.2,4.2,4.2,4.2,4.2,4.2,4.2,4.2,4.2,4.2,4.2,4.2
716,"ZWE","Zimbabwe",0,0,0,0,0,0,0,0,0,0,0,0,0,0,0,0,0,0,0,0,0,0,0,0,0,0
